7227.FBpp0071259	7227.FBpp0071497	1.0
7227.FBpp0078516	7227.FBpp0305226	1.0
7227.FBpp0082062	7227.FBpp0087319	1.0
7227.FBpp0070150	7227.FBpp0087609	1.0
7227.FBpp0074226	7227.FBpp0112496	1.0
7227.FBpp0079295	7227.FBpp0076445	1.0
7227.FBpp0074516	7227.FBpp0084726	1.0
7227.FBpp0086405	7227.FBpp0087355	1.0
7227.FBpp0076167	7227.FBpp0088491	1.0
7227.FBpp0074554	7227.FBpp0110438	1.0
7227.FBpp0072476	7227.FBpp0073502	1.0
7227.FBpp0076647	7227.FBpp0081849	1.0
7227.FBpp0079541	7227.FBpp0305165	1.0
7227.FBpp0070150	7227.FBpp0099686	1.0
7227.FBpp0077974	7227.FBpp0083975	1.0
7227.FBpp0071088	7227.FBpp0081528	1.0
7227.FBpp0075759	7227.FBpp0080121	1.0
7227.FBpp0075612	7227.FBpp0099686	1.0
7227.FBpp0082657	7227.FBpp0288463	1.0
7227.FBpp0085165	7227.FBpp0078656	1.0
7227.FBpp0077206	7227.FBpp0082246	1.0
7227.FBpp0073937	7227.FBpp0271517	1.0
7227.FBpp0070894	7227.FBpp0081445	1.0
7227.FBpp0081380	7227.FBpp0086701	1.0
7227.FBpp0081189	7227.FBpp0304242	1.0
7227.FBpp0305722	7227.FBpp0083962	1.0
7227.FBpp0074180	7227.FBpp0086103	1.0
7227.FBpp0077381	7227.FBpp0082314	1.0
7227.FBpp0296949	7227.FBpp0110421	1.0
7227.FBpp0305898	7227.FBpp0074687	1.0
7227.FBpp0082790	7227.FBpp0083502	1.0
7227.FBpp0075612	7227.FBpp0088242	1.0
7227.FBpp0081234	7227.FBpp0088946	1.0
7227.FBpp0305589	7227.FBpp0077909	1.0
7227.FBpp0077859	7227.FBpp0100182	1.0
7227.FBpp0073524	7227.FBpp0077885	1.0
7227.FBpp0077885	7227.FBpp0083168	1.0
7227.FBpp0071194	7227.FBpp0078997	1.0
7227.FBpp0078997	7227.FBpp0088242	1.0
7227.FBpp0074554	7227.FBpp0075941	1.0
7227.FBpp0081384	7227.FBpp0082412	1.0
7227.FBpp0296949	7227.FBpp0075612	1.0
7227.FBpp0297243	7227.FBpp0070117	1.0
7227.FBpp0082994	7227.FBpp0086701	1.0
7227.FBpp0071970	7227.FBpp0081329	1.0
7227.FBpp0072257	7227.FBpp0078448	1.0
7227.FBpp0087637	7227.FBpp0099686	1.0
7227.FBpp0074058	7227.FBpp0077974	1.0
7227.FBpp0075274	7227.FBpp0305722	1.0
7227.FBpp0070537	7227.FBpp0073177	1.0
7227.FBpp0075068	7227.FBpp0078278	1.0
7227.FBpp0111830	7227.FBpp0082392	1.0
7227.FBpp0086872	7227.FBpp0291479	1.0
7227.FBpp0071587	7227.FBpp0078807	1.0
7227.FBpp0074906	7227.FBpp0297719	1.0
7227.FBpp0301225	7227.FBpp0079471	1.0
7227.FBpp0089382	7227.FBpp0297239	1.0
7227.FBpp0080391	7227.FBpp0084831	1.0
7227.FBpp0082329	7227.FBpp0297417	1.0
7227.FBpp0070878	7227.FBpp0293236	1.0
7227.FBpp0084382	7227.FBpp0099920	1.0
7227.FBpp0082104	7227.FBpp0087332	1.0
7227.FBpp0081324	7227.FBpp0078134	1.0
7227.FBpp0071970	7227.FBpp0297223	1.0
7227.FBpp0297239	7227.FBpp0293216	1.0
7227.FBpp0075932	7227.FBpp0290948	1.0
7227.FBpp0070878	7227.FBpp0078656	1.0
7227.FBpp0296949	7227.FBpp0086701	1.0
7227.FBpp0081185	7227.FBpp0293581	1.0
7227.FBpp0303531	7227.FBpp0077716	1.0
7227.FBpp0084831	7227.FBpp0082911	1.0
7227.FBpp0302052	7227.FBpp0074887	1.0
7227.FBpp0071553	7227.FBpp0076215	1.0
7227.FBpp0072094	7227.FBpp0303780	1.0
7227.FBpp0073098	7227.FBpp0080052	1.0
7227.FBpp0078008	7227.FBpp0300836	1.0
7227.FBpp0303456	7227.FBpp0078864	1.0
7227.FBpp0075684	7227.FBpp0077073	1.0
7227.FBpp0076003	7227.FBpp0080488	1.0
7227.FBpp0075612	7227.FBpp0099990	1.0
7227.FBpp0070885	7227.FBpp0082370	1.0
7227.FBpp0070650	7227.FBpp0083569	1.0
7227.FBpp0079892	7227.FBpp0303146	1.0
7227.FBpp0078083	7227.FBpp0082130	1.0
7227.FBpp0078689	7227.FBpp0099990	1.0
7227.FBpp0071771	7227.FBpp0081380	1.0
7227.FBpp0083354	7227.FBpp0112148	1.0
7227.FBpp0072425	7227.FBpp0078756	1.0
7227.FBpp0074906	7227.FBpp0290012	1.0
7227.FBpp0074086	7227.FBpp0292339	1.0
7227.FBpp0111448	7227.FBpp0293269	1.0
7227.FBpp0079251	7227.FBpp0087961	1.0
7227.FBpp0071288	7227.FBpp0073651	1.0
7227.FBpp0081484	7227.FBpp0088040	1.0
7227.FBpp0081524	7227.FBpp0087095	1.0
7227.FBpp0084067	7227.FBpp0075838	1.0
7227.FBpp0071553	7227.FBpp0087118	1.0
7227.FBpp0070650	7227.FBpp0071993	1.0
7227.FBpp0078664	7227.FBpp0081488	1.0
7227.FBpp0076918	7227.FBpp0078997	1.0
7227.FBpp0073762	7227.FBpp0074554	1.0
7227.FBpp0075612	7227.FBpp0082973	1.0
7227.FBpp0081845	7227.FBpp0078807	1.0
7227.FBpp0084616	7227.FBpp0079597	1.0
7227.FBpp0079088	7227.FBpp0083502	1.0
7227.FBpp0297223	7227.FBpp0289099	1.0
7227.FBpp0080872	7227.FBpp0289298	1.0
7227.FBpp0074608	7227.FBpp0083503	1.0
7227.FBpp0300513	7227.FBpp0301274	1.0
7227.FBpp0292339	7227.FBpp0081845	1.0
7227.FBpp0078694	7227.FBpp0083569	1.0
7227.FBpp0073459	7227.FBpp0087366	1.0
7227.FBpp0070766	7227.FBpp0072094	1.0
7227.FBpp0070651	7227.FBpp0081234	1.0
7227.FBpp0071450	7227.FBpp0077590	1.0
7227.FBpp0083611	7227.FBpp0078807	1.0
7227.FBpp0076003	7227.FBpp0079471	1.0
7227.FBpp0079471	7227.FBpp0111448	1.0
7227.FBpp0074936	7227.FBpp0079305	1.0
7227.FBpp0083168	7227.FBpp0083962	1.0
7227.FBpp0100177	7227.FBpp0078707	1.0
7227.FBpp0075382	7227.FBpp0082314	1.0
7227.FBpp0080401	7227.FBpp0083962	1.0
7227.FBpp0290875	7227.FBpp0300391	1.0
7227.FBpp0079565	7227.FBpp0083611	1.0
7227.FBpp0072975	7227.FBpp0078662	1.0
7227.FBpp0080111	7227.FBpp0081600	1.0
7227.FBpp0075676	7227.FBpp0080488	1.0
7227.FBpp0075759	7227.FBpp0084113	1.0
7227.FBpp0081234	7227.FBpp0087648	1.0
7227.FBpp0293061	7227.FBpp0071285	1.0
7227.FBpp0070150	7227.FBpp0075612	1.0
7227.FBpp0075250	7227.FBpp0076380	1.0
7227.FBpp0099739	7227.FBpp0293061	1.0
7227.FBpp0080564	7227.FBpp0111294	1.0
7227.FBpp0305387	7227.FBpp0077259	1.0
7227.FBpp0296949	7227.FBpp0305562	1.0
7227.FBpp0072144	7227.FBpp0081001	1.0
7227.FBpp0070894	7227.FBpp0078086	1.0
7227.FBpp0304439	7227.FBpp0077590	1.0
7227.FBpp0071427	7227.FBpp0074822	1.0
7227.FBpp0074822	7227.FBpp0086711	1.0
7227.FBpp0076918	7227.FBpp0082867	1.0
7227.FBpp0081324	7227.FBpp0082973	1.0
7227.FBpp0077210	7227.FBpp0081683	1.0
7227.FBpp0077950	7227.FBpp0294001	1.0
7227.FBpp0072094	7227.FBpp0086701	1.0
7227.FBpp0078400	7227.FBpp0081234	1.0
7227.FBpp0070915	7227.FBpp0079640	1.0
7227.FBpp0293269	7227.FBpp0071285	1.0
7227.FBpp0078689	7227.FBpp0074056	1.0
7227.FBpp0073098	7227.FBpp0083659	1.0
7227.FBpp0072720	7227.FBpp0087663	1.0
7227.FBpp0073471	7227.FBpp0078664	1.0
7227.FBpp0297243	7227.FBpp0080391	1.0
7227.FBpp0081305	7227.FBpp0083105	1.0
7227.FBpp0078756	7227.FBpp0083075	1.0
7227.FBpp0072094	7227.FBpp0074180	1.0
7227.FBpp0088040	7227.FBpp0070042	1.0
7227.FBpp0081234	7227.FBpp0293061	1.0
7227.FBpp0077271	7227.FBpp0084721	1.0
7227.FBpp0303213	7227.FBpp0304659	1.0
7227.FBpp0078448	7227.FBpp0089041	1.0
7227.FBpp0073950	7227.FBpp0303475	1.0
7227.FBpp0080675	7227.FBpp0083007	1.0
7227.FBpp0087094	7227.FBpp0088946	1.0
7227.FBpp0073459	7227.FBpp0111448	1.0
7227.FBpp0073761	7227.FBpp0079859	1.0
7227.FBpp0083801	7227.FBpp0084909	1.0
7227.FBpp0074180	7227.FBpp0081845	1.0
7227.FBpp0086701	7227.FBpp0303780	1.0
7227.FBpp0075941	7227.FBpp0305722	1.0
7227.FBpp0077705	7227.FBpp0083779	1.0
7227.FBpp0075088	7227.FBpp0084340	1.0
7227.FBpp0082667	7227.FBpp0087127	1.0
7227.FBpp0083105	7227.FBpp0293269	1.0
7227.FBpp0078433	7227.FBpp0305226	1.0
7227.FBpp0070784	7227.FBpp0071954	1.0
7227.FBpp0078448	7227.FBpp0079538	1.0
7227.FBpp0078756	7227.FBpp0081539	1.0
7227.FBpp0070894	7227.FBpp0084766	1.0
7227.FBpp0079471	7227.FBpp0081234	1.0
7227.FBpp0293226	7227.FBpp0087118	1.0
7227.FBpp0079641	7227.FBpp0294012	1.0
7227.FBpp0077106	7227.FBpp0082737	1.0
7227.FBpp0296949	7227.FBpp0088242	1.0
7227.FBpp0079305	7227.FBpp0305723	1.0
7227.FBpp0077572	7227.FBpp0083611	1.0
7227.FBpp0080872	7227.FBpp0082011	1.0
7227.FBpp0081860	7227.FBpp0291479	1.0
7227.FBpp0083975	7227.FBpp0303634	1.0
7227.FBpp0074758	7227.FBpp0082346	1.0
7227.FBpp0087088	7227.FBpp0111843	1.0
7227.FBpp0074180	7227.FBpp0079305	1.0
7227.FBpp0070802	7227.FBpp0302953	1.0
7227.FBpp0080024	7227.FBpp0082540	1.0
7227.FBpp0082232	7227.FBpp0110438	1.0
7227.FBpp0305562	7227.FBpp0085165	1.0
7227.FBpp0074269	7227.FBpp0080990	1.0
7227.FBpp0078760	7227.FBpp0079943	1.0
7227.FBpp0074414	7227.FBpp0075684	1.0
7227.FBpp0073604	7227.FBpp0074419	1.0
7227.FBpp0080052	7227.FBpp0082984	1.0
7227.FBpp0072503	7227.FBpp0081673	1.0
7227.FBpp0073762	7227.FBpp0084616	1.0
7227.FBpp0071808	7227.FBpp0076872	1.0
7227.FBpp0078984	7227.FBpp0082065	1.0
7227.FBpp0072446	7227.FBpp0078593	1.0
7227.FBpp0071587	7227.FBpp0078532	1.0
7227.FBpp0293226	7227.FBpp0088946	1.0
7227.FBpp0083377	7227.FBpp0087340	1.0
7227.FBpp0305303	7227.FBpp0078134	1.0
7227.FBpp0305514	7227.FBpp0082326	1.0
7227.FBpp0081451	7227.FBpp0071424	1.0
7227.FBpp0074874	7227.FBpp0079769	1.0
7227.FBpp0075941	7227.FBpp0082767	1.0
7227.FBpp0071259	7227.FBpp0088040	1.0
7227.FBpp0073173	7227.FBpp0078984	1.0
7227.FBpp0071892	7227.FBpp0072281	1.0
7227.FBpp0073173	7227.FBpp0085177	1.0
7227.FBpp0078400	7227.FBpp0087094	1.0
7227.FBpp0071808	7227.FBpp0076359	1.0
7227.FBpp0079251	7227.FBpp0082329	1.0
7227.FBpp0071771	7227.FBpp0083962	1.0
7227.FBpp0072957	7227.FBpp0076872	1.0
7227.FBpp0083502	7227.FBpp0086060	1.0
7227.FBpp0293226	7227.FBpp0305402	1.0
7227.FBpp0082973	7227.FBpp0087648	1.0
7227.FBpp0099990	7227.FBpp0086314	1.0
7227.FBpp0073173	7227.FBpp0091114	1.0
7227.FBpp0110438	7227.FBpp0291479	1.0
7227.FBpp0301225	7227.FBpp0083893	1.0
7227.FBpp0077783	7227.FBpp0070389	1.0
7227.FBpp0070150	7227.FBpp0071050	1.0
7227.FBpp0072674	7227.FBpp0088040	1.0
7227.FBpp0296949	7227.FBpp0077159	1.0
7227.FBpp0074180	7227.FBpp0088242	1.0
7227.FBpp0077022	7227.FBpp0081641	1.0
7227.FBpp0073558	7227.FBpp0081488	1.0
7227.FBpp0077218	7227.FBpp0290580	1.0
7227.FBpp0081524	7227.FBpp0081882	1.0
7227.FBpp0074058	7227.FBpp0074565	1.0
7227.FBpp0082019	7227.FBpp0085334	1.0
7227.FBpp0070355	7227.FBpp0076849	1.0
7227.FBpp0078997	7227.FBpp0099686	1.0
7227.FBpp0071088	7227.FBpp0081324	1.0
7227.FBpp0071503	7227.FBpp0087332	1.0
7227.FBpp0079909	7227.FBpp0086405	1.0
7227.FBpp0074788	7227.FBpp0110147	1.0
7227.FBpp0077900	7227.FBpp0297301	1.0
7227.FBpp0073866	7227.FBpp0078353	1.0
7227.FBpp0071771	7227.FBpp0303531	1.0
7227.FBpp0087609	7227.FBpp0110421	1.0
7227.FBpp0079055	7227.FBpp0079628	1.0
7227.FBpp0076124	7227.FBpp0304061	1.0
7227.FBpp0078054	7227.FBpp0081234	1.0
7227.FBpp0305562	7227.FBpp0306150	1.0
7227.FBpp0082232	7227.FBpp0082767	1.0
7227.FBpp0071259	7227.FBpp0087094	1.0
7227.FBpp0070885	7227.FBpp0100181	1.0
7227.FBpp0087114	7227.FBpp0099686	1.0
7227.FBpp0086383	7227.FBpp0088268	1.0
7227.FBpp0081528	7227.FBpp0085165	1.0
7227.FBpp0110147	7227.FBpp0291375	1.0
7227.FBpp0071449	7227.FBpp0111448	1.0
7227.FBpp0073995	7227.FBpp0082459	1.0
7227.FBpp0082979	7227.FBpp0085423	1.0
7227.FBpp0078400	7227.FBpp0111448	1.0
7227.FBpp0075684	7227.FBpp0079565	1.0
7227.FBpp0070894	7227.FBpp0085325	1.0
7227.FBpp0305562	7227.FBpp0293236	1.0
7227.FBpp0070279	7227.FBpp0305303	1.0
7227.FBpp0075684	7227.FBpp0071285	1.0
7227.FBpp0304474	7227.FBpp0110324	1.0
7227.FBpp0076003	7227.FBpp0083134	1.0
7227.FBpp0079304	7227.FBpp0291479	1.0
7227.FBpp0301225	7227.FBpp0088040	1.0
7227.FBpp0071462	7227.FBpp0305722	1.0
7227.FBpp0083659	7227.FBpp0084082	1.0
7227.FBpp0110412	7227.FBpp0304260	1.0
7227.FBpp0070942	7227.FBpp0303728	1.0
7227.FBpp0070655	7227.FBpp0073018	1.0
7227.FBpp0078375	7227.FBpp0293124	1.0
7227.FBpp0070766	7227.FBpp0087609	1.0
7227.FBpp0078433	7227.FBpp0086953	1.0
7227.FBpp0081845	7227.FBpp0083293	1.0
7227.FBpp0070279	7227.FBpp0087340	1.0
7227.FBpp0072975	7227.FBpp0303490	1.0
7227.FBpp0071049	7227.FBpp0078008	1.0
7227.FBpp0291573	7227.FBpp0297142	1.0
7227.FBpp0082667	7227.FBpp0294012	1.0
7227.FBpp0074516	7227.FBpp0084842	1.0
7227.FBpp0073740	7227.FBpp0087189	1.0
7227.FBpp0070885	7227.FBpp0074906	1.0
7227.FBpp0070885	7227.FBpp0072975	1.0
7227.FBpp0078756	7227.FBpp0083105	1.0
7227.FBpp0082232	7227.FBpp0085893	1.0
7227.FBpp0072692	7227.FBpp0085902	1.0
7227.FBpp0293345	7227.FBpp0087648	1.0
7227.FBpp0084113	7227.FBpp0290578	1.0
7227.FBpp0080564	7227.FBpp0290353	1.0
7227.FBpp0073173	7227.FBpp0086787	1.0
7227.FBpp0304873	7227.FBpp0088268	1.0
7227.FBpp0078756	7227.FBpp0293269	1.0
7227.FBpp0076003	7227.FBpp0292902	1.0
7227.FBpp0070279	7227.FBpp0303531	1.0
7227.FBpp0078970	7227.FBpp0087189	1.0
7227.FBpp0110452	7227.FBpp0302953	1.0
7227.FBpp0070950	7227.FBpp0112496	1.0
7227.FBpp0079471	7227.FBpp0081902	1.0
7227.FBpp0081848	7227.FBpp0083857	1.0
7227.FBpp0078086	7227.FBpp0079000	1.0
7227.FBpp0075612	7227.FBpp0110421	1.0
7227.FBpp0077927	7227.FBpp0083658	1.0
7227.FBpp0085165	7227.FBpp0087321	1.0
7227.FBpp0071049	7227.FBpp0088818	1.0
7227.FBpp0073316	7227.FBpp0088946	1.0
7227.FBpp0083078	7227.FBpp0086795	1.0
7227.FBpp0071892	7227.FBpp0088242	1.0
7227.FBpp0075068	7227.FBpp0083658	1.0
7227.FBpp0086569	7227.FBpp0110324	1.0
7227.FBpp0293226	7227.FBpp0087094	1.0
7227.FBpp0071050	7227.FBpp0085165	1.0
7227.FBpp0088242	7227.FBpp0302538	1.0
7227.FBpp0079641	7227.FBpp0083330	1.0
7227.FBpp0083912	7227.FBpp0290353	1.0
7227.FBpp0074516	7227.FBpp0083105	1.0
7227.FBpp0073291	7227.FBpp0087764	1.0
7227.FBpp0071088	7227.FBpp0072957	1.0
7227.FBpp0070279	7227.FBpp0290603	1.0
7227.FBpp0071993	7227.FBpp0291479	1.0
7227.FBpp0077716	7227.FBpp0078134	1.0
7227.FBpp0087276	7227.FBpp0070117	1.0
7227.FBpp0073292	7227.FBpp0075772	1.0
7227.FBpp0082994	7227.FBpp0302538	1.0
7227.FBpp0078761	7227.FBpp0083164	1.0
7227.FBpp0078532	7227.FBpp0099686	1.0
7227.FBpp0078448	7227.FBpp0305141	1.0
7227.FBpp0070349	7227.FBpp0082540	1.0
7227.FBpp0070950	7227.FBpp0083126	1.0
7227.FBpp0303531	7227.FBpp0087340	1.0
7227.FBpp0070150	7227.FBpp0079306	1.0
7227.FBpp0073316	7227.FBpp0084113	1.0
7227.FBpp0073316	7227.FBpp0081493	1.0
7227.FBpp0081001	7227.FBpp0083659	1.0
7227.FBpp0082383	7227.FBpp0289150	1.0
7227.FBpp0293124	7227.FBpp0297239	1.0
7227.FBpp0075684	7227.FBpp0084113	1.0
7227.FBpp0070650	7227.FBpp0075274	1.0
7227.FBpp0071462	7227.FBpp0075941	1.0
7227.FBpp0071052	7227.FBpp0085893	1.0
7227.FBpp0070871	7227.FBpp0088990	1.0
7227.FBpp0070396	7227.FBpp0087189	1.0
7227.FBpp0074419	7227.FBpp0083857	1.0
7227.FBpp0086841	7227.FBpp0087647	1.0
7227.FBpp0081234	7227.FBpp0081305	1.0
7227.FBpp0081324	7227.FBpp0088242	1.0
7227.FBpp0073292	7227.FBpp0086066	1.0
7227.FBpp0087475	7227.FBpp0088565	1.0
7227.FBpp0078990	7227.FBpp0080629	1.0
7227.FBpp0084796	7227.FBpp0070117	1.0
7227.FBpp0073950	7227.FBpp0077859	1.0
7227.FBpp0305589	7227.FBpp0086405	1.0
7227.FBpp0072281	7227.FBpp0078857	1.0
7227.FBpp0081234	7227.FBpp0075153	1.0
7227.FBpp0077099	7227.FBpp0079597	1.0
7227.FBpp0082973	7227.FBpp0087118	1.0
7227.FBpp0070650	7227.FBpp0082412	1.0
7227.FBpp0071794	7227.FBpp0290875	1.0
7227.FBpp0078353	7227.FBpp0111294	1.0
7227.FBpp0070396	7227.FBpp0080391	1.0
7227.FBpp0077210	7227.FBpp0077425	1.0
7227.FBpp0070766	7227.FBpp0078134	1.0
7227.FBpp0303531	7227.FBpp0081380	1.0
7227.FBpp0081683	7227.FBpp0087333	1.0
7227.FBpp0078032	7227.FBpp0070389	1.0
7227.FBpp0301225	7227.FBpp0087342	1.0
7227.FBpp0083573	7227.FBpp0087637	1.0
7227.FBpp0070279	7227.FBpp0086226	1.0
7227.FBpp0083502	7227.FBpp0088691	1.0
7227.FBpp0077645	7227.FBpp0289272	1.0
7227.FBpp0078054	7227.FBpp0293061	1.0
7227.FBpp0070878	7227.FBpp0075612	1.0
7227.FBpp0082867	7227.FBpp0083573	1.0
7227.FBpp0089138	7227.FBpp0078532	1.0
7227.FBpp0112496	7227.FBpp0303490	1.0
7227.FBpp0082412	7227.FBpp0086872	1.0
7227.FBpp0089141	7227.FBpp0074086	1.0
7227.FBpp0071062	7227.FBpp0082996	1.0
7227.FBpp0072975	7227.FBpp0100182	1.0
7227.FBpp0074758	7227.FBpp0076849	1.0
7227.FBpp0303797	7227.FBpp0083330	1.0
7227.FBpp0073291	7227.FBpp0075609	1.0
7227.FBpp0077159	7227.FBpp0079752	1.0
7227.FBpp0085893	7227.FBpp0291479	1.0
7227.FBpp0099990	7227.FBpp0087609	1.0
7227.FBpp0088040	7227.FBpp0293061	1.0
7227.FBpp0079538	7227.FBpp0086736	1.0
7227.FBpp0070878	7227.FBpp0306150	1.0
7227.FBpp0083134	7227.FBpp0087118	1.0
7227.FBpp0072130	7227.FBpp0072745	1.0
7227.FBpp0070279	7227.FBpp0081845	1.0
7227.FBpp0305898	7227.FBpp0086348	1.0
7227.FBpp0077159	7227.FBpp0306150	1.0
7227.FBpp0071449	7227.FBpp0071497	1.0
7227.FBpp0072130	7227.FBpp0072142	1.0
7227.FBpp0073950	7227.FBpp0080051	1.0
7227.FBpp0073686	7227.FBpp0074565	1.0
7227.FBpp0071088	7227.FBpp0087609	1.0
7227.FBpp0071288	7227.FBpp0099686	1.0
7227.FBpp0081356	7227.FBpp0111294	1.0
7227.FBpp0082467	7227.FBpp0077742	1.0
7227.FBpp0081329	7227.FBpp0084775	1.0
7227.FBpp0110438	7227.FBpp0070389	1.0
7227.FBpp0078756	7227.FBpp0081350	1.0
7227.FBpp0075618	7227.FBpp0082019	1.0
7227.FBpp0073448	7227.FBpp0084623	1.0
7227.FBpp0099686	7227.FBpp0110412	1.0
7227.FBpp0079641	7227.FBpp0085619	1.0
7227.FBpp0072957	7227.FBpp0303429	1.0
7227.FBpp0078984	7227.FBpp0293345	1.0
7227.FBpp0076001	7227.FBpp0305722	1.0
7227.FBpp0070279	7227.FBpp0297239	1.0
7227.FBpp0078278	7227.FBpp0291495	1.0
7227.FBpp0084549	7227.FBpp0291414	1.0
7227.FBpp0079471	7227.FBpp0305079	1.0
7227.FBpp0081216	7227.FBpp0087350	1.0
7227.FBpp0305010	7227.FBpp0087127	1.0
7227.FBpp0082790	7227.FBpp0083646	1.0
7227.FBpp0074955	7227.FBpp0087376	1.0
7227.FBpp0070950	7227.FBpp0081683	1.0
7227.FBpp0082657	7227.FBpp0086795	1.0
7227.FBpp0080143	7227.FBpp0086872	1.0
7227.FBpp0303531	7227.FBpp0078134	1.0
7227.FBpp0099739	7227.FBpp0290578	1.0
7227.FBpp0078400	7227.FBpp0081324	1.0
7227.FBpp0070894	7227.FBpp0074856	1.0
7227.FBpp0083105	7227.FBpp0290578	1.0
7227.FBpp0076003	7227.FBpp0080121	1.0
7227.FBpp0083569	7227.FBpp0291479	1.0
7227.FBpp0072094	7227.FBpp0087609	1.0
7227.FBpp0293796	7227.FBpp0088527	1.0
7227.FBpp0075941	7227.FBpp0084616	1.0
7227.FBpp0074608	7227.FBpp0079641	1.0
7227.FBpp0072072	7227.FBpp0085223	1.0
7227.FBpp0077705	7227.FBpp0099776	1.0
7227.FBpp0083774	7227.FBpp0088689	1.0
7227.FBpp0305562	7227.FBpp0099990	1.0
7227.FBpp0082973	7227.FBpp0099686	1.0
7227.FBpp0074752	7227.FBpp0083148	1.0
7227.FBpp0087609	7227.FBpp0088242	1.0
7227.FBpp0077099	7227.FBpp0079304	1.0
7227.FBpp0071462	7227.FBpp0073762	1.0
7227.FBpp0087938	7227.FBpp0077742	1.0
7227.FBpp0071198	7227.FBpp0081001	1.0
7227.FBpp0099794	7227.FBpp0291061	1.0
7227.FBpp0076359	7227.FBpp0081324	1.0
7227.FBpp0076906	7227.FBpp0302797	1.0
7227.FBpp0087118	7227.FBpp0087569	1.0
7227.FBpp0072184	7227.FBpp0083168	1.0
7227.FBpp0071625	7227.FBpp0080121	1.0
7227.FBpp0081234	7227.FBpp0088040	1.0
7227.FBpp0070651	7227.FBpp0083134	1.0
7227.FBpp0099990	7227.FBpp0305303	1.0
7227.FBpp0089141	7227.FBpp0074180	1.0
7227.FBpp0087475	7227.FBpp0078807	1.0
7227.FBpp0074180	7227.FBpp0089133	1.0
7227.FBpp0082591	7227.FBpp0091155	1.0
7227.FBpp0112496	7227.FBpp0072570	1.0
7227.FBpp0073950	7227.FBpp0081683	1.0
7227.FBpp0112148	7227.FBpp0070117	1.0
7227.FBpp0073866	7227.FBpp0085295	1.0
7227.FBpp0078689	7227.FBpp0082019	1.0
7227.FBpp0076990	7227.FBpp0079306	1.0
7227.FBpp0306219	7227.FBpp0100184	1.0
7227.FBpp0089138	7227.FBpp0074180	1.0
7227.FBpp0071497	7227.FBpp0087094	1.0
7227.FBpp0071993	7227.FBpp0075631	1.0
7227.FBpp0076225	7227.FBpp0088569	1.0
7227.FBpp0083893	7227.FBpp0084113	1.0
7227.FBpp0088172	7227.FBpp0303260	1.0
7227.FBpp0080496	7227.FBpp0086468	1.0
7227.FBpp0075382	7227.FBpp0081488	1.0
7227.FBpp0070119	7227.FBpp0079293	1.0
7227.FBpp0073524	7227.FBpp0110438	1.0
7227.FBpp0083434	7227.FBpp0290265	1.0
7227.FBpp0081882	7227.FBpp0084630	1.0
7227.FBpp0082600	7227.FBpp0085888	1.0
7227.FBpp0089130	7227.FBpp0111505	1.0
7227.FBpp0074086	7227.FBpp0303780	1.0
7227.FBpp0078353	7227.FBpp0083766	1.0
7227.FBpp0075759	7227.FBpp0085902	1.0
7227.FBpp0074887	7227.FBpp0110438	1.0
7227.FBpp0079833	7227.FBpp0087204	1.0
7227.FBpp0074180	7227.FBpp0087340	1.0
7227.FBpp0079306	7227.FBpp0303780	1.0
7227.FBpp0084434	7227.FBpp0271846	1.0
7227.FBpp0078694	7227.FBpp0082412	1.0
7227.FBpp0292339	7227.FBpp0089133	1.0
7227.FBpp0110178	7227.FBpp0290948	1.0
7227.FBpp0082998	7227.FBpp0087938	1.0
7227.FBpp0081356	7227.FBpp0085619	1.0
7227.FBpp0081599	7227.FBpp0291479	1.0
7227.FBpp0304096	7227.FBpp0111448	1.0
7227.FBpp0073177	7227.FBpp0303634	1.0
7227.FBpp0075104	7227.FBpp0089133	1.0
7227.FBpp0070894	7227.FBpp0087277	1.0
7227.FBpp0077147	7227.FBpp0303279	1.0
7227.FBpp0075259	7227.FBpp0070042	1.0
7227.FBpp0075068	7227.FBpp0075382	1.0
7227.FBpp0071497	7227.FBpp0085165	1.0
7227.FBpp0070119	7227.FBpp0087509	1.0
7227.FBpp0082867	7227.FBpp0083659	1.0
7227.FBpp0074285	7227.FBpp0079472	1.0
7227.FBpp0081600	7227.FBpp0290641	1.0
7227.FBpp0073781	7227.FBpp0074906	1.0
7227.FBpp0074414	7227.FBpp0293061	1.0
7227.FBpp0076872	7227.FBpp0084240	1.0
7227.FBpp0071771	7227.FBpp0082232	1.0
7227.FBpp0071587	7227.FBpp0083377	1.0
7227.FBpp0083415	7227.FBpp0085359	1.0
7227.FBpp0073906	7227.FBpp0075941	1.0
7227.FBpp0074288	7227.FBpp0083912	1.0
7227.FBpp0075096	7227.FBpp0083434	1.0
7227.FBpp0071681	7227.FBpp0072446	1.0
7227.FBpp0071587	7227.FBpp0088242	1.0
7227.FBpp0080051	7227.FBpp0100181	1.0
7227.FBpp0074414	7227.FBpp0088040	1.0
7227.FBpp0301225	7227.FBpp0084067	1.0
7227.FBpp0086010	7227.FBpp0087094	1.0
7227.FBpp0078664	7227.FBpp0082062	1.0
7227.FBpp0075941	7227.FBpp0085893	1.0
7227.FBpp0071954	7227.FBpp0079538	1.0
7227.FBpp0099990	7227.FBpp0078656	1.0
7227.FBpp0070396	7227.FBpp0073674	1.0
7227.FBpp0078008	7227.FBpp0081673	1.0
7227.FBpp0076990	7227.FBpp0083573	1.0
7227.FBpp0297249	7227.FBpp0088337	1.0
7227.FBpp0077099	7227.FBpp0081599	1.0
7227.FBpp0083893	7227.FBpp0087663	1.0
7227.FBpp0297301	7227.FBpp0091051	1.0
7227.FBpp0078684	7227.FBpp0085223	1.0
7227.FBpp0074554	7227.FBpp0082540	1.0
7227.FBpp0081787	7227.FBpp0289888	1.0
7227.FBpp0070150	7227.FBpp0303728	1.0
7227.FBpp0078433	7227.FBpp0082104	1.0
7227.FBpp0078996	7227.FBpp0081902	1.0
7227.FBpp0075684	7227.FBpp0289146	1.0
7227.FBpp0070894	7227.FBpp0083687	1.0
7227.FBpp0074288	7227.FBpp0289298	1.0
7227.FBpp0079000	7227.FBpp0080704	1.0
7227.FBpp0070942	7227.FBpp0079752	1.0
7227.FBpp0300391	7227.FBpp0083142	1.0
7227.FBpp0080121	7227.FBpp0081324	1.0
7227.FBpp0075801	7227.FBpp0081848	1.0
7227.FBpp0081324	7227.FBpp0293269	1.0
7227.FBpp0073674	7227.FBpp0076124	1.0
7227.FBpp0082153	7227.FBpp0305723	1.0
7227.FBpp0303456	7227.FBpp0297142	1.0
7227.FBpp0078857	7227.FBpp0078997	1.0
7227.FBpp0072232	7227.FBpp0112496	1.0
7227.FBpp0078593	7227.FBpp0070117	1.0
7227.FBpp0078756	7227.FBpp0079471	1.0
7227.FBpp0075684	7227.FBpp0081324	1.0
7227.FBpp0293796	7227.FBpp0079233	1.0
7227.FBpp0085893	7227.FBpp0070389	1.0
7227.FBpp0075104	7227.FBpp0293236	1.0
7227.FBpp0072232	7227.FBpp0080051	1.0
7227.FBpp0111830	7227.FBpp0082433	1.0
7227.FBpp0083502	7227.FBpp0087181	1.0
7227.FBpp0082232	7227.FBpp0070389	1.0
7227.FBpp0076359	7227.FBpp0306150	1.0
7227.FBpp0073298	7227.FBpp0080683	1.0
7227.FBpp0086953	7227.FBpp0087332	1.0
7227.FBpp0088242	7227.FBpp0079187	1.0
7227.FBpp0304236	7227.FBpp0082979	1.0
7227.FBpp0289298	7227.FBpp0290208	1.0
7227.FBpp0110421	7227.FBpp0306150	1.0
7227.FBpp0081329	7227.FBpp0078707	1.0
7227.FBpp0071970	7227.FBpp0082459	1.0
7227.FBpp0073971	7227.FBpp0082996	1.0
7227.FBpp0072446	7227.FBpp0085872	1.0
7227.FBpp0070878	7227.FBpp0083293	1.0
7227.FBpp0087659	7227.FBpp0077742	1.0
7227.FBpp0074519	7227.FBpp0078448	1.0
7227.FBpp0083195	7227.FBpp0084187	1.0
7227.FBpp0083413	7227.FBpp0085888	1.0
7227.FBpp0070279	7227.FBpp0071808	1.0
7227.FBpp0075348	7227.FBpp0290353	1.0
7227.FBpp0080391	7227.FBpp0086251	1.0
7227.FBpp0080120	7227.FBpp0086881	1.0
7227.FBpp0070284	7227.FBpp0305562	1.0
7227.FBpp0078891	7227.FBpp0305007	1.0
7227.FBpp0071993	7227.FBpp0078694	1.0
7227.FBpp0085902	7227.FBpp0293269	1.0
7227.FBpp0074529	7227.FBpp0080255	1.0
7227.FBpp0071052	7227.FBpp0071587	1.0
7227.FBpp0077268	7227.FBpp0083646	1.0
7227.FBpp0085902	7227.FBpp0087094	1.0
7227.FBpp0081528	7227.FBpp0111448	1.0
7227.FBpp0079304	7227.FBpp0080143	1.0
7227.FBpp0079609	7227.FBpp0113035	1.0
7227.FBpp0081324	7227.FBpp0078656	1.0
7227.FBpp0073018	7227.FBpp0083769	1.0
7227.FBpp0076872	7227.FBpp0110421	1.0
7227.FBpp0076339	7227.FBpp0083413	1.0
7227.FBpp0075382	7227.FBpp0077381	1.0
7227.FBpp0076348	7227.FBpp0099646	1.0
7227.FBpp0087108	7227.FBpp0075821	1.0
7227.FBpp0070950	7227.FBpp0100181	1.0
7227.FBpp0073777	7227.FBpp0303490	1.0
7227.FBpp0076872	7227.FBpp0087609	1.0
7227.FBpp0078668	7227.FBpp0076445	1.0
7227.FBpp0073950	7227.FBpp0100182	1.0
7227.FBpp0070885	7227.FBpp0072232	1.0
7227.FBpp0073762	7227.FBpp0077885	1.0
7227.FBpp0071088	7227.FBpp0303531	1.0
7227.FBpp0083969	7227.FBpp0080705	1.0
7227.FBpp0304523	7227.FBpp0302752	1.0
7227.FBpp0305185	7227.FBpp0081076	1.0
7227.FBpp0084382	7227.FBpp0301950	1.0
7227.FBpp0302052	7227.FBpp0085893	1.0
7227.FBpp0087094	7227.FBpp0293269	1.0
7227.FBpp0076124	7227.FBpp0072361	1.0
7227.FBpp0070894	7227.FBpp0082667	1.0
7227.FBpp0072674	7227.FBpp0293061	1.0
7227.FBpp0075168	7227.FBpp0075318	1.0
7227.FBpp0075140	7227.FBpp0081189	1.0
7227.FBpp0071062	7227.FBpp0297566	1.0
7227.FBpp0083126	7227.FBpp0086012	1.0
7227.FBpp0074299	7227.FBpp0084277	1.0
7227.FBpp0078664	7227.FBpp0305141	1.0
7227.FBpp0070650	7227.FBpp0086872	1.0
7227.FBpp0081600	7227.FBpp0086597	1.0
7227.FBpp0070279	7227.FBpp0082994	1.0
7227.FBpp0076359	7227.FBpp0088242	1.0
7227.FBpp0073906	7227.FBpp0081384	1.0
7227.FBpp0071808	7227.FBpp0079306	1.0
7227.FBpp0074299	7227.FBpp0297282	1.0
7227.FBpp0073316	7227.FBpp0085902	1.0
7227.FBpp0070894	7227.FBpp0087862	1.0
7227.FBpp0070651	7227.FBpp0081350	1.0
7227.FBpp0073740	7227.FBpp0077147	1.0
7227.FBpp0082494	7227.FBpp0086845	1.0
7227.FBpp0087317	7227.FBpp0290511	1.0
7227.FBpp0076849	7227.FBpp0087204	1.0
7227.FBpp0071050	7227.FBpp0078532	1.0
7227.FBpp0070349	7227.FBpp0080143	1.0
7227.FBpp0075631	7227.FBpp0079597	1.0
7227.FBpp0073558	7227.FBpp0078448	1.0
7227.FBpp0076400	7227.FBpp0082223	1.0
7227.FBpp0306190	7227.FBpp0305141	1.0
7227.FBpp0303531	7227.FBpp0082483	1.0
7227.FBpp0071088	7227.FBpp0080401	1.0
7227.FBpp0074269	7227.FBpp0073177	1.0
7227.FBpp0078996	7227.FBpp0293226	1.0
7227.FBpp0078400	7227.FBpp0088946	1.0
7227.FBpp0086474	7227.FBpp0288461	1.0
7227.FBpp0072446	7227.FBpp0083434	1.0
7227.FBpp0077705	7227.FBpp0112092	1.0
7227.FBpp0082329	7227.FBpp0294012	1.0
7227.FBpp0087609	7227.FBpp0078656	1.0
7227.FBpp0075247	7227.FBpp0304847	1.0
7227.FBpp0087663	7227.FBpp0088040	1.0
7227.FBpp0073058	7227.FBpp0084893	1.0
7227.FBpp0080259	7227.FBpp0083157	1.0
7227.FBpp0305470	7227.FBpp0083912	1.0
7227.FBpp0075382	7227.FBpp0083860	1.0
7227.FBpp0100182	7227.FBpp0100184	1.0
7227.FBpp0087114	7227.FBpp0303780	1.0
7227.FBpp0071503	7227.FBpp0081216	1.0
7227.FBpp0082412	7227.FBpp0083168	1.0
7227.FBpp0079304	7227.FBpp0081380	1.0
7227.FBpp0071449	7227.FBpp0085902	1.0
7227.FBpp0087970	7227.FBpp0089041	1.0
7227.FBpp0076359	7227.FBpp0078656	1.0
7227.FBpp0072037	7227.FBpp0077210	1.0
7227.FBpp0070650	7227.FBpp0081860	1.0
7227.FBpp0074284	7227.FBpp0289109	1.0
7227.FBpp0077206	7227.FBpp0079247	1.0
7227.FBpp0080401	7227.FBpp0082540	1.0
7227.FBpp0080143	7227.FBpp0082412	1.0
7227.FBpp0083965	7227.FBpp0088657	1.0
7227.FBpp0087094	7227.FBpp0289146	1.0
7227.FBpp0070279	7227.FBpp0301604	1.0
7227.FBpp0075203	7227.FBpp0081658	1.0
7227.FBpp0070885	7227.FBpp0073777	1.0
7227.FBpp0077802	7227.FBpp0099986	1.0
7227.FBpp0071462	7227.FBpp0078032	1.0
7227.FBpp0078656	7227.FBpp0303780	1.0
7227.FBpp0071450	7227.FBpp0082996	1.0
7227.FBpp0086196	7227.FBpp0086942	1.0
7227.FBpp0077159	7227.FBpp0082483	1.0
7227.FBpp0082591	7227.FBpp0111294	1.0
7227.FBpp0306219	7227.FBpp0303475	1.0
7227.FBpp0081380	7227.FBpp0082232	1.0
7227.FBpp0073686	7227.FBpp0075857	1.0
7227.FBpp0075104	7227.FBpp0083293	1.0
7227.FBpp0073906	7227.FBpp0070389	1.0
7227.FBpp0080121	7227.FBpp0083075	1.0
7227.FBpp0079472	7227.FBpp0304781	1.0
7227.FBpp0072503	7227.FBpp0081641	1.0
7227.FBpp0070279	7227.FBpp0078134	1.0
7227.FBpp0076124	7227.FBpp0087127	1.0
7227.FBpp0082062	7227.FBpp0083687	1.0
7227.FBpp0070942	7227.FBpp0305303	1.0
7227.FBpp0075941	7227.FBpp0086872	1.0
7227.FBpp0080121	7227.FBpp0084067	1.0
7227.FBpp0071587	7227.FBpp0083658	1.0
7227.FBpp0078278	7227.FBpp0086066	1.0
7227.FBpp0070894	7227.FBpp0083533	1.0
7227.FBpp0070169	7227.FBpp0297249	1.0
7227.FBpp0100051	7227.FBpp0087660	1.0
7227.FBpp0073740	7227.FBpp0070117	1.0
7227.FBpp0080121	7227.FBpp0091155	1.0
7227.FBpp0303531	7227.FBpp0085165	1.0
7227.FBpp0078448	7227.FBpp0078473	1.0
7227.FBpp0081528	7227.FBpp0077716	1.0
7227.FBpp0081488	7227.FBpp0082314	1.0
7227.FBpp0073906	7227.FBpp0081860	1.0
7227.FBpp0080024	7227.FBpp0082412	1.0
7227.FBpp0073292	7227.FBpp0081488	1.0
7227.FBpp0070650	7227.FBpp0075631	1.0
7227.FBpp0072692	7227.FBpp0081234	1.0
7227.FBpp0071892	7227.FBpp0075618	1.0
7227.FBpp0083164	7227.FBpp0086795	1.0
7227.FBpp0071279	7227.FBpp0079233	1.0
7227.FBpp0081380	7227.FBpp0084616	1.0
7227.FBpp0077381	7227.FBpp0081488	1.0
7227.FBpp0083075	7227.FBpp0099739	1.0
7227.FBpp0074086	7227.FBpp0077159	1.0
7227.FBpp0080920	7227.FBpp0303112	1.0
7227.FBpp0071808	7227.FBpp0074086	1.0
7227.FBpp0070894	7227.FBpp0294024	1.0
7227.FBpp0305313	7227.FBpp0088416	1.0
7227.FBpp0086701	7227.FBpp0078134	1.0
7227.FBpp0110438	7227.FBpp0078656	1.0
7227.FBpp0078760	7227.FBpp0080747	1.0
7227.FBpp0078448	7227.FBpp0081488	1.0
7227.FBpp0076312	7227.FBpp0087566	1.0
7227.FBpp0079641	7227.FBpp0086881	1.0
7227.FBpp0070894	7227.FBpp0297243	1.0
7227.FBpp0072056	7227.FBpp0081350	1.0
7227.FBpp0075631	7227.FBpp0080401	1.0
7227.FBpp0110412	7227.FBpp0078656	1.0
7227.FBpp0070766	7227.FBpp0301604	1.0
7227.FBpp0070119	7227.FBpp0070655	1.0
7227.FBpp0079769	7227.FBpp0084831	1.0
7227.FBpp0070199	7227.FBpp0303848	1.0
7227.FBpp0083330	7227.FBpp0303468	1.0
7227.FBpp0074906	7227.FBpp0291603	1.0
7227.FBpp0081216	7227.FBpp0290353	1.0
7227.FBpp0087485	7227.FBpp0302902	1.0
7227.FBpp0075348	7227.FBpp0080281	1.0
7227.FBpp0077945	7227.FBpp0303850	1.0
7227.FBpp0072975	7227.FBpp0087333	1.0
7227.FBpp0071449	7227.FBpp0081493	1.0
7227.FBpp0079641	7227.FBpp0082329	1.0
7227.FBpp0070894	7227.FBpp0077974	1.0
7227.FBpp0074554	7227.FBpp0077783	1.0
7227.FBpp0073971	7227.FBpp0074105	1.0
7227.FBpp0071049	7227.FBpp0083801	1.0
7227.FBpp0301225	7227.FBpp0080121	1.0
7227.FBpp0076872	7227.FBpp0077159	1.0
7227.FBpp0082790	7227.FBpp0305313	1.0
7227.FBpp0073558	7227.FBpp0086736	1.0
7227.FBpp0111448	7227.FBpp0110421	1.0
7227.FBpp0071365	7227.FBpp0075618	1.0
7227.FBpp0292339	7227.FBpp0088242	1.0
7227.FBpp0080143	7227.FBpp0081380	1.0
7227.FBpp0071381	7227.FBpp0292096	1.0
7227.FBpp0070878	7227.FBpp0305562	1.0
7227.FBpp0070894	7227.FBpp0078024	1.0
7227.FBpp0071954	7227.FBpp0073471	1.0
7227.FBpp0078694	7227.FBpp0081384	1.0
7227.FBpp0099739	7227.FBpp0305079	1.0
7227.FBpp0071993	7227.FBpp0079597	1.0
7227.FBpp0075941	7227.FBpp0083168	1.0
7227.FBpp0071427	7227.FBpp0077877	1.0
7227.FBpp0112496	7227.FBpp0271773	1.0
7227.FBpp0080121	7227.FBpp0111294	1.0
7227.FBpp0079538	7227.FBpp0083860	1.0
7227.FBpp0071585	7227.FBpp0290701	1.0
7227.FBpp0078093	7227.FBpp0081216	1.0
7227.FBpp0070119	7227.FBpp0083330	1.0
7227.FBpp0080051	7227.FBpp0082370	1.0
7227.FBpp0082289	7227.FBpp0288788	1.0
7227.FBpp0081153	7227.FBpp0081882	1.0
7227.FBpp0081845	7227.FBpp0088242	1.0
7227.FBpp0083955	7227.FBpp0075790	1.0
7227.FBpp0089141	7227.FBpp0072957	1.0
7227.FBpp0085415	7227.FBpp0301745	1.0
7227.FBpp0070894	7227.FBpp0083502	1.0
7227.FBpp0073866	7227.FBpp0087332	1.0
7227.FBpp0078532	7227.FBpp0083377	1.0
7227.FBpp0070434	7227.FBpp0080496	1.0
7227.FBpp0071688	7227.FBpp0297243	1.0
7227.FBpp0073058	7227.FBpp0073471	1.0
7227.FBpp0073416	7227.FBpp0303475	1.0
7227.FBpp0078996	7227.FBpp0293269	1.0
7227.FBpp0083769	7227.FBpp0087189	1.0
7227.FBpp0075274	7227.FBpp0075631	1.0
7227.FBpp0074226	7227.FBpp0271773	1.0
7227.FBpp0081234	7227.FBpp0083075	1.0
7227.FBpp0077716	7227.FBpp0305303	1.0
7227.FBpp0304260	7227.FBpp0077716	1.0
7227.FBpp0087609	7227.FBpp0303780	1.0
7227.FBpp0290875	7227.FBpp0086474	1.0
7227.FBpp0070894	7227.FBpp0073740	1.0
7227.FBpp0076380	7227.FBpp0084726	1.0
7227.FBpp0072446	7227.FBpp0305010	1.0
7227.FBpp0079306	7227.FBpp0303728	1.0
7227.FBpp0077099	7227.FBpp0070389	1.0
7227.FBpp0081356	7227.FBpp0297417	1.0
7227.FBpp0072257	7227.FBpp0075382	1.0
7227.FBpp0071585	7227.FBpp0074663	1.0
7227.FBpp0079833	7227.FBpp0296965	1.0
7227.FBpp0301605	7227.FBpp0079251	1.0
7227.FBpp0075612	7227.FBpp0077802	1.0
7227.FBpp0074419	7227.FBpp0075801	1.0
7227.FBpp0070885	7227.FBpp0074481	1.0
7227.FBpp0081324	7227.FBpp0084067	1.0
7227.FBpp0076359	7227.FBpp0303728	1.0
7227.FBpp0079752	7227.FBpp0302538	1.0
7227.FBpp0073752	7227.FBpp0076124	1.0
7227.FBpp0073651	7227.FBpp0099990	1.0
7227.FBpp0082065	7227.FBpp0076445	1.0
7227.FBpp0089141	7227.FBpp0076872	1.0
7227.FBpp0082973	7227.FBpp0111448	1.0
7227.FBpp0074887	7227.FBpp0070389	1.0
7227.FBpp0073177	7227.FBpp0080583	1.0
7227.FBpp0297243	7227.FBpp0083769	1.0
7227.FBpp0070396	7227.FBpp0070655	1.0
7227.FBpp0081305	7227.FBpp0088040	1.0
7227.FBpp0087114	7227.FBpp0079187	1.0
7227.FBpp0073762	7227.FBpp0075274	1.0
7227.FBpp0075104	7227.FBpp0087114	1.0
7227.FBpp0099776	7227.FBpp0289298	1.0
7227.FBpp0076330	7227.FBpp0113035	1.0
7227.FBpp0071892	7227.FBpp0305723	1.0
7227.FBpp0083502	7227.FBpp0305007	1.0
7227.FBpp0078984	7227.FBpp0082467	1.0
7227.FBpp0071288	7227.FBpp0083573	1.0
7227.FBpp0073950	7227.FBpp0082370	1.0
7227.FBpp0071198	7227.FBpp0072144	1.0
7227.FBpp0110328	7227.FBpp0293269	1.0
7227.FBpp0099990	7227.FBpp0085165	1.0
7227.FBpp0078807	7227.FBpp0081674	1.0
7227.FBpp0070651	7227.FBpp0088946	1.0
7227.FBpp0301225	7227.FBpp0305840	1.0
7227.FBpp0073058	7227.FBpp0304236	1.0
7227.FBpp0075274	7227.FBpp0082767	1.0
7227.FBpp0072037	7227.FBpp0271773	1.0
7227.FBpp0099990	7227.FBpp0302538	1.0
7227.FBpp0099990	7227.FBpp0081845	1.0
7227.FBpp0073740	7227.FBpp0076445	1.0
7227.FBpp0075382	7227.FBpp0076200	1.0
7227.FBpp0075941	7227.FBpp0290603	1.0
7227.FBpp0073018	7227.FBpp0305185	1.0
7227.FBpp0075684	7227.FBpp0082591	1.0
7227.FBpp0080803	7227.FBpp0085619	1.0
7227.FBpp0078662	7227.FBpp0072570	1.0
7227.FBpp0075631	7227.FBpp0080024	1.0
7227.FBpp0305226	7227.FBpp0113035	1.0
7227.FBpp0305217	7227.FBpp0302902	1.0
7227.FBpp0071136	7227.FBpp0079658	1.0
7227.FBpp0304323	7227.FBpp0301745	1.0
7227.FBpp0078864	7227.FBpp0301154	1.0
7227.FBpp0073524	7227.FBpp0075274	1.0
7227.FBpp0086701	7227.FBpp0088242	1.0
7227.FBpp0075382	7227.FBpp0305141	1.0
7227.FBpp0078008	7227.FBpp0081641	1.0
7227.FBpp0076312	7227.FBpp0297417	1.0
7227.FBpp0292339	7227.FBpp0293236	1.0
7227.FBpp0305185	7227.FBpp0083769	1.0
7227.FBpp0073459	7227.FBpp0071285	1.0
7227.FBpp0075612	7227.FBpp0078857	1.0
7227.FBpp0080297	7227.FBpp0081504	1.0
7227.FBpp0080401	7227.FBpp0079597	1.0
7227.FBpp0298337	7227.FBpp0085249	1.0
7227.FBpp0083400	7227.FBpp0111838	1.0
7227.FBpp0080121	7227.FBpp0080564	1.0
7227.FBpp0086701	7227.FBpp0078807	1.0
7227.FBpp0100184	7227.FBpp0077425	1.0
7227.FBpp0080488	7227.FBpp0111448	1.0
7227.FBpp0070651	7227.FBpp0078400	1.0
7227.FBpp0070878	7227.FBpp0089141	1.0
7227.FBpp0071381	7227.FBpp0073681	1.0
7227.FBpp0292339	7227.FBpp0083377	1.0
7227.FBpp0071047	7227.FBpp0075115	1.0
7227.FBpp0290703	7227.FBpp0085177	1.0
7227.FBpp0303518	7227.FBpp0291331	1.0
7227.FBpp0074586	7227.FBpp0100177	1.0
7227.FBpp0111294	7227.FBpp0080281	1.0
7227.FBpp0071503	7227.FBpp0290353	1.0
7227.FBpp0086107	7227.FBpp0070117	1.0
7227.FBpp0085902	7227.FBpp0293061	1.0
7227.FBpp0074758	7227.FBpp0292260	1.0
7227.FBpp0296949	7227.FBpp0074086	1.0
7227.FBpp0073777	7227.FBpp0074226	1.0
7227.FBpp0075631	7227.FBpp0075941	1.0
7227.FBpp0070894	7227.FBpp0078984	1.0
7227.FBpp0077210	7227.FBpp0303475	1.0
7227.FBpp0082591	7227.FBpp0080704	1.0
7227.FBpp0073316	7227.FBpp0087342	1.0
7227.FBpp0071808	7227.FBpp0072957	1.0
7227.FBpp0297066	7227.FBpp0080052	1.0
7227.FBpp0080143	7227.FBpp0085893	1.0
7227.FBpp0071050	7227.FBpp0081528	1.0
7227.FBpp0305722	7227.FBpp0083569	1.0
7227.FBpp0071448	7227.FBpp0074215	1.0
7227.FBpp0073686	7227.FBpp0083546	1.0
7227.FBpp0073686	7227.FBpp0087961	1.0
7227.FBpp0076184	7227.FBpp0111448	1.0
7227.FBpp0099686	7227.FBpp0303728	1.0
7227.FBpp0305562	7227.FBpp0086103	1.0
7227.FBpp0076003	7227.FBpp0078996	1.0
7227.FBpp0070894	7227.FBpp0075348	1.0
7227.FBpp0076003	7227.FBpp0083105	1.0
7227.FBpp0073686	7227.FBpp0305611	1.0
7227.FBpp0078532	7227.FBpp0081845	1.0
7227.FBpp0083658	7227.FBpp0083860	1.0
7227.FBpp0072674	7227.FBpp0081234	1.0
7227.FBpp0070894	7227.FBpp0074058	1.0
7227.FBpp0076990	7227.FBpp0087114	1.0
7227.FBpp0293192	7227.FBpp0085164	1.0
7227.FBpp0289146	7227.FBpp0293061	1.0
7227.FBpp0082657	7227.FBpp0088641	1.0
7227.FBpp0302766	7227.FBpp0089041	1.0
7227.FBpp0305348	7227.FBpp0089382	1.0
7227.FBpp0081860	7227.FBpp0083569	1.0
7227.FBpp0084378	7227.FBpp0304089	1.0
7227.FBpp0073316	7227.FBpp0111448	1.0
7227.FBpp0079162	7227.FBpp0087097	1.0
7227.FBpp0075759	7227.FBpp0083075	1.0
7227.FBpp0071088	7227.FBpp0081845	1.0
7227.FBpp0072184	7227.FBpp0082767	1.0
7227.FBpp0100181	7227.FBpp0072570	1.0
7227.FBpp0071808	7227.FBpp0078656	1.0
7227.FBpp0078656	7227.FBpp0078134	1.0
7227.FBpp0079060	7227.FBpp0297239	1.0
7227.FBpp0070766	7227.FBpp0293236	1.0
7227.FBpp0080395	7227.FBpp0087164	1.0
7227.FBpp0071954	7227.FBpp0305141	1.0
7227.FBpp0305562	7227.FBpp0079306	1.0
7227.FBpp0079943	7227.FBpp0303477	1.0
7227.FBpp0071589	7227.FBpp0081152	1.0
7227.FBpp0071562	7227.FBpp0071892	1.0
7227.FBpp0075618	7227.FBpp0305562	1.0
7227.FBpp0070650	7227.FBpp0302052	1.0
7227.FBpp0082973	7227.FBpp0088040	1.0
7227.FBpp0305470	7227.FBpp0084067	1.0
7227.FBpp0081902	7227.FBpp0088946	1.0
7227.FBpp0080803	7227.FBpp0087277	1.0
7227.FBpp0084796	7227.FBpp0087127	1.0
7227.FBpp0073681	7227.FBpp0077673	1.0
7227.FBpp0099565	7227.FBpp0290565	1.0
7227.FBpp0099990	7227.FBpp0087321	1.0
7227.FBpp0070119	7227.FBpp0073041	1.0
7227.FBpp0073471	7227.FBpp0083860	1.0
7227.FBpp0100177	7227.FBpp0081344	1.0
7227.FBpp0080564	7227.FBpp0091114	1.0
7227.FBpp0301061	7227.FBpp0086226	1.0
7227.FBpp0073173	7227.FBpp0084434	1.0
7227.FBpp0072446	7227.FBpp0073740	1.0
7227.FBpp0087118	7227.FBpp0074941	1.0
7227.FBpp0071288	7227.FBpp0078997	1.0
7227.FBpp0081384	7227.FBpp0081860	1.0
7227.FBpp0078093	7227.FBpp0083273	1.0
7227.FBpp0304873	7227.FBpp0082979	1.0
7227.FBpp0090943	7227.FBpp0088242	1.0
7227.FBpp0079000	7227.FBpp0083015	1.0
7227.FBpp0084067	7227.FBpp0086953	1.0
7227.FBpp0082459	7227.FBpp0084775	1.0
7227.FBpp0303128	7227.FBpp0085873	1.0
7227.FBpp0080990	7227.FBpp0086968	1.0
7227.FBpp0075612	7227.FBpp0077159	1.0
7227.FBpp0290898	7227.FBpp0077742	1.0
7227.FBpp0071497	7227.FBpp0111448	1.0
7227.FBpp0305562	7227.FBpp0082483	1.0
7227.FBpp0076003	7227.FBpp0087648	1.0
7227.FBpp0089138	7227.FBpp0075618	1.0
7227.FBpp0070950	7227.FBpp0073777	1.0
7227.FBpp0099990	7227.FBpp0080401	1.0
7227.FBpp0070160	7227.FBpp0289888	1.0
7227.FBpp0081528	7227.FBpp0088242	1.0
7227.FBpp0078375	7227.FBpp0290265	1.0
7227.FBpp0080143	7227.FBpp0083569	1.0
7227.FBpp0070650	7227.FBpp0305722	1.0
7227.FBpp0070150	7227.FBpp0111448	1.0
7227.FBpp0071088	7227.FBpp0077159	1.0
7227.FBpp0081674	7227.FBpp0303902	1.0
7227.FBpp0081356	7227.FBpp0080281	1.0
7227.FBpp0070655	7227.FBpp0070894	1.0
7227.FBpp0081324	7227.FBpp0083195	1.0
7227.FBpp0088268	7227.FBpp0091155	1.0
7227.FBpp0302766	7227.FBpp0078024	1.0
7227.FBpp0082459	7227.FBpp0081344	1.0
7227.FBpp0082973	7227.FBpp0292902	1.0
7227.FBpp0071771	7227.FBpp0082767	1.0
7227.FBpp0071259	7227.FBpp0073459	1.0
7227.FBpp0074288	7227.FBpp0080872	1.0
7227.FBpp0073906	7227.FBpp0078694	1.0
7227.FBpp0071088	7227.FBpp0111448	1.0
7227.FBpp0074687	7227.FBpp0305303	1.0
7227.FBpp0073950	7227.FBpp0083126	1.0
7227.FBpp0076124	7227.FBpp0070117	1.0
7227.FBpp0087342	7227.FBpp0071285	1.0
7227.FBpp0074519	7227.FBpp0084267	1.0
7227.FBpp0074086	7227.FBpp0110421	1.0
7227.FBpp0071808	7227.FBpp0110412	1.0
7227.FBpp0077326	7227.FBpp0079641	1.0
7227.FBpp0072658	7227.FBpp0113035	1.0
7227.FBpp0072232	7227.FBpp0081683	1.0
7227.FBpp0072957	7227.FBpp0086103	1.0
7227.FBpp0075941	7227.FBpp0081384	1.0
7227.FBpp0081234	7227.FBpp0305079	1.0
7227.FBpp0075612	7227.FBpp0086103	1.0
7227.FBpp0099739	7227.FBpp0087094	1.0
7227.FBpp0080143	7227.FBpp0081384	1.0
7227.FBpp0081305	7227.FBpp0099739	1.0
7227.FBpp0072162	7227.FBpp0081674	1.0
7227.FBpp0079471	7227.FBpp0071285	1.0
7227.FBpp0076124	7227.FBpp0087862	1.0
7227.FBpp0081845	7227.FBpp0078134	1.0
7227.FBpp0077157	7227.FBpp0082964	1.0
7227.FBpp0111476	7227.FBpp0288693	1.0
7227.FBpp0083413	7227.FBpp0083932	1.0
7227.FBpp0089293	7227.FBpp0091154	1.0
7227.FBpp0078424	7227.FBpp0081310	1.0
7227.FBpp0082867	7227.FBpp0083415	1.0
7227.FBpp0271773	7227.FBpp0087333	1.0
7227.FBpp0075612	7227.FBpp0086701	1.0
7227.FBpp0083646	7227.FBpp0112370	1.0
7227.FBpp0073018	7227.FBpp0305611	1.0
7227.FBpp0079640	7227.FBpp0085878	1.0
7227.FBpp0077271	7227.FBpp0083502	1.0
7227.FBpp0078400	7227.FBpp0087118	1.0
7227.FBpp0296949	7227.FBpp0083377	1.0
7227.FBpp0071449	7227.FBpp0293226	1.0
7227.FBpp0073686	7227.FBpp0070117	1.0
7227.FBpp0085902	7227.FBpp0087342	1.0
7227.FBpp0070150	7227.FBpp0303780	1.0
7227.FBpp0070279	7227.FBpp0079752	1.0
7227.FBpp0078984	7227.FBpp0080775	1.0
7227.FBpp0072257	7227.FBpp0083860	1.0
7227.FBpp0079305	7227.FBpp0099686	1.0
7227.FBpp0073752	7227.FBpp0081076	1.0
7227.FBpp0075838	7227.FBpp0087332	1.0
7227.FBpp0073866	7227.FBpp0078433	1.0
7227.FBpp0070894	7227.FBpp0074180	1.0
7227.FBpp0071497	7227.FBpp0071285	1.0
7227.FBpp0071625	7227.FBpp0087332	1.0
7227.FBpp0073651	7227.FBpp0076990	1.0
7227.FBpp0070876	7227.FBpp0070894	1.0
7227.FBpp0070942	7227.FBpp0083319	1.0
7227.FBpp0074431	7227.FBpp0087648	1.0
7227.FBpp0078400	7227.FBpp0083134	1.0
7227.FBpp0076825	7227.FBpp0086251	1.0
7227.FBpp0070279	7227.FBpp0088242	1.0
7227.FBpp0073913	7227.FBpp0293124	1.0
7227.FBpp0082370	7227.FBpp0084806	1.0
7227.FBpp0071534	7227.FBpp0075618	1.0
7227.FBpp0072145	7227.FBpp0075620	1.0
7227.FBpp0082202	7227.FBpp0303146	1.0
7227.FBpp0082599	7227.FBpp0292198	1.0
7227.FBpp0078086	7227.FBpp0082591	1.0
7227.FBpp0076003	7227.FBpp0087332	1.0
7227.FBpp0078684	7227.FBpp0088438	1.0
7227.FBpp0071587	7227.FBpp0099686	1.0
7227.FBpp0070805	7227.FBpp0082667	1.0
7227.FBpp0071279	7227.FBpp0087250	1.0
7227.FBpp0083075	7227.FBpp0088040	1.0
7227.FBpp0074285	7227.FBpp0304781	1.0
7227.FBpp0075631	7227.FBpp0076001	1.0
7227.FBpp0082994	7227.FBpp0078807	1.0
7227.FBpp0075941	7227.FBpp0079597	1.0
7227.FBpp0080401	7227.FBpp0087114	1.0
7227.FBpp0078662	7227.FBpp0083126	1.0
7227.FBpp0081806	7227.FBpp0085077	1.0
7227.FBpp0083126	7227.FBpp0303490	1.0
7227.FBpp0076990	7227.FBpp0086701	1.0
7227.FBpp0083354	7227.FBpp0087862	1.0
7227.FBpp0073906	7227.FBpp0080024	1.0
7227.FBpp0077859	7227.FBpp0303475	1.0
7227.FBpp0078656	7227.FBpp0077716	1.0
7227.FBpp0073750	7227.FBpp0078433	1.0
7227.FBpp0071449	7227.FBpp0099739	1.0
7227.FBpp0072957	7227.FBpp0078694	1.0
7227.FBpp0075759	7227.FBpp0071285	1.0
7227.FBpp0082767	7227.FBpp0079597	1.0
7227.FBpp0081001	7227.FBpp0083415	1.0
7227.FBpp0074284	7227.FBpp0080629	1.0
7227.FBpp0072072	7227.FBpp0084349	1.0
7227.FBpp0070655	7227.FBpp0087189	1.0
7227.FBpp0074239	7227.FBpp0074284	1.0
7227.FBpp0072094	7227.FBpp0077716	1.0
7227.FBpp0081216	7227.FBpp0084067	1.0
7227.FBpp0082996	7227.FBpp0088422	1.0
7227.FBpp0073686	7227.FBpp0074856	1.0
7227.FBpp0081599	7227.FBpp0084616	1.0
7227.FBpp0075902	7227.FBpp0078807	1.0
7227.FBpp0099990	7227.FBpp0081380	1.0
7227.FBpp0078086	7227.FBpp0082893	1.0
7227.FBpp0073005	7227.FBpp0088691	1.0
7227.FBpp0303780	7227.FBpp0305303	1.0
7227.FBpp0297243	7227.FBpp0083434	1.0
7227.FBpp0070160	7227.FBpp0074821	1.0
7227.FBpp0086845	7227.FBpp0304261	1.0
7227.FBpp0297223	7227.FBpp0302902	1.0
7227.FBpp0305148	7227.FBpp0087590	1.0
7227.FBpp0075274	7227.FBpp0082232	1.0
7227.FBpp0072056	7227.FBpp0078756	1.0
7227.FBpp0071462	7227.FBpp0084616	1.0
7227.FBpp0081491	7227.FBpp0087883	1.0
7227.FBpp0290012	7227.FBpp0300338	1.0
7227.FBpp0081484	7227.FBpp0087366	1.0
7227.FBpp0084525	7227.FBpp0290353	1.0
7227.FBpp0074856	7227.FBpp0297243	1.0
7227.FBpp0072425	7227.FBpp0074431	1.0
7227.FBpp0081380	7227.FBpp0083168	1.0
7227.FBpp0070355	7227.FBpp0078891	1.0
7227.FBpp0290102	7227.FBpp0073686	1.0
7227.FBpp0070766	7227.FBpp0086701	1.0
7227.FBpp0075068	7227.FBpp0089041	1.0
7227.FBpp0071497	7227.FBpp0079958	1.0
7227.FBpp0072094	7227.FBpp0078134	1.0
7227.FBpp0087609	7227.FBpp0099686	1.0
7227.FBpp0301225	7227.FBpp0085181	1.0
7227.FBpp0297223	7227.FBpp0087485	1.0
7227.FBpp0074284	7227.FBpp0082011	1.0
7227.FBpp0071259	7227.FBpp0087342	1.0
7227.FBpp0071049	7227.FBpp0074529	1.0
7227.FBpp0070279	7227.FBpp0075612	1.0
7227.FBpp0074086	7227.FBpp0086103	1.0
7227.FBpp0071969	7227.FBpp0075318	1.0
7227.FBpp0075250	7227.FBpp0084842	1.0
7227.FBpp0083687	7227.FBpp0083330	1.0
7227.FBpp0074554	7227.FBpp0082232	1.0
7227.FBpp0072998	7227.FBpp0073971	1.0
7227.FBpp0081845	7227.FBpp0086701	1.0
7227.FBpp0071088	7227.FBpp0074180	1.0
7227.FBpp0074215	7227.FBpp0078607	1.0
7227.FBpp0081435	7227.FBpp0078976	1.0
7227.FBpp0086701	7227.FBpp0087475	1.0
7227.FBpp0074554	7227.FBpp0082767	1.0
7227.FBpp0081484	7227.FBpp0292902	1.0
7227.FBpp0072050	7227.FBpp0075247	1.0
7227.FBpp0081324	7227.FBpp0077716	1.0
7227.FBpp0083502	7227.FBpp0083430	1.0
7227.FBpp0076861	7227.FBpp0077590	1.0
7227.FBpp0070942	7227.FBpp0071497	1.0
7227.FBpp0081451	7227.FBpp0086082	1.0
7227.FBpp0071587	7227.FBpp0099990	1.0
7227.FBpp0099990	7227.FBpp0085334	1.0
7227.FBpp0072164	7227.FBpp0304236	1.0
7227.FBpp0080255	7227.FBpp0088422	1.0
7227.FBpp0081674	7227.FBpp0110421	1.0
7227.FBpp0297243	7227.FBpp0081650	1.0
7227.FBpp0293226	7227.FBpp0290578	1.0
7227.FBpp0073762	7227.FBpp0081860	1.0
7227.FBpp0071381	7227.FBpp0076099	1.0
7227.FBpp0089130	7227.FBpp0078864	1.0
7227.FBpp0293192	7227.FBpp0083769	1.0
7227.FBpp0073459	7227.FBpp0081484	1.0
7227.FBpp0293236	7227.FBpp0085165	1.0
7227.FBpp0073762	7227.FBpp0079597	1.0
7227.FBpp0073471	7227.FBpp0089041	1.0
7227.FBpp0300912	7227.FBpp0085223	1.0
7227.FBpp0074758	7227.FBpp0078891	1.0
7227.FBpp0071050	7227.FBpp0078134	1.0
7227.FBpp0081324	7227.FBpp0088946	1.0
7227.FBpp0072446	7227.FBpp0087862	1.0
7227.FBpp0074180	7227.FBpp0080401	1.0
7227.FBpp0304236	7227.FBpp0084434	1.0
7227.FBpp0079628	7227.FBpp0079943	1.0
7227.FBpp0070150	7227.FBpp0070279	1.0
7227.FBpp0099990	7227.FBpp0111448	1.0
7227.FBpp0083860	7227.FBpp0087319	1.0
7227.FBpp0082383	7227.FBpp0290580	1.0
7227.FBpp0305387	7227.FBpp0079641	1.0
7227.FBpp0078278	7227.FBpp0078448	1.0
7227.FBpp0079752	7227.FBpp0077716	1.0
7227.FBpp0112250	7227.FBpp0292260	1.0
7227.FBpp0071771	7227.FBpp0082412	1.0
7227.FBpp0080445	7227.FBpp0100176	1.0
7227.FBpp0086066	7227.FBpp0086736	1.0
7227.FBpp0075203	7227.FBpp0297347	1.0
7227.FBpp0079306	7227.FBpp0080510	1.0
7227.FBpp0073674	7227.FBpp0297243	1.0
7227.FBpp0083134	7227.FBpp0111448	1.0
7227.FBpp0083434	7227.FBpp0087127	1.0
7227.FBpp0080488	7227.FBpp0084113	1.0
7227.FBpp0303988	7227.FBpp0292260	1.0
7227.FBpp0073524	7227.FBpp0080401	1.0
7227.FBpp0073173	7227.FBpp0271846	1.0
7227.FBpp0071462	7227.FBpp0071771	1.0
7227.FBpp0073316	7227.FBpp0076003	1.0
7227.FBpp0077210	7227.FBpp0112496	1.0
7227.FBpp0086736	7227.FBpp0305141	1.0
7227.FBpp0073385	7227.FBpp0077705	1.0
7227.FBpp0070878	7227.FBpp0072094	1.0
7227.FBpp0070885	7227.FBpp0072037	1.0
7227.FBpp0099990	7227.FBpp0083377	1.0
7227.FBpp0082984	7227.FBpp0084082	1.0
7227.FBpp0071288	7227.FBpp0075612	1.0
7227.FBpp0081378	7227.FBpp0078864	1.0
7227.FBpp0077159	7227.FBpp0086383	1.0
7227.FBpp0078857	7227.FBpp0079305	1.0
7227.FBpp0076872	7227.FBpp0086103	1.0
7227.FBpp0072692	7227.FBpp0075676	1.0
7227.FBpp0077783	7227.FBpp0080143	1.0
7227.FBpp0072184	7227.FBpp0082232	1.0
7227.FBpp0077159	7227.FBpp0083319	1.0
7227.FBpp0072117	7227.FBpp0079582	1.0
7227.FBpp0073906	7227.FBpp0110438	1.0
7227.FBpp0074414	7227.FBpp0081234	1.0
7227.FBpp0086314	7227.FBpp0088242	1.0
7227.FBpp0077022	7227.FBpp0078315	1.0
7227.FBpp0074554	7227.FBpp0081384	1.0
7227.FBpp0111448	7227.FBpp0303728	1.0
7227.FBpp0072446	7227.FBpp0112148	1.0
7227.FBpp0075168	7227.FBpp0087757	1.0
7227.FBpp0073292	7227.FBpp0083860	1.0
7227.FBpp0070894	7227.FBpp0081448	1.0
7227.FBpp0291566	7227.FBpp0087764	1.0
7227.FBpp0082412	7227.FBpp0083663	1.0
7227.FBpp0070355	7227.FBpp0079833	1.0
7227.FBpp0078532	7227.FBpp0087475	1.0
7227.FBpp0083075	7227.FBpp0083134	1.0
7227.FBpp0086953	7227.FBpp0111294	1.0
7227.FBpp0071503	7227.FBpp0078433	1.0
7227.FBpp0076827	7227.FBpp0083659	1.0
7227.FBpp0086103	7227.FBpp0078134	1.0
7227.FBpp0073686	7227.FBpp0078337	1.0
7227.FBpp0083413	7227.FBpp0303477	1.0
7227.FBpp0084721	7227.FBpp0305007	1.0
7227.FBpp0076186	7227.FBpp0302953	1.0
7227.FBpp0078227	7227.FBpp0086399	1.0
7227.FBpp0073459	7227.FBpp0087648	1.0
7227.FBpp0070950	7227.FBpp0077859	1.0
7227.FBpp0302766	7227.FBpp0087970	1.0
7227.FBpp0077885	7227.FBpp0086872	1.0
7227.FBpp0081234	7227.FBpp0087094	1.0
7227.FBpp0071503	7227.FBpp0305348	1.0
7227.FBpp0074431	7227.FBpp0111448	1.0
7227.FBpp0083134	7227.FBpp0088946	1.0
7227.FBpp0076359	7227.FBpp0099686	1.0
7227.FBpp0082467	7227.FBpp0083195	1.0
7227.FBpp0304236	7227.FBpp0085423	1.0
7227.FBpp0076330	7227.FBpp0305226	1.0
7227.FBpp0082591	7227.FBpp0083912	1.0
7227.FBpp0078694	7227.FBpp0081860	1.0
7227.FBpp0100130	7227.FBpp0305833	1.0
7227.FBpp0071381	7227.FBpp0079769	1.0
7227.FBpp0071303	7227.FBpp0078343	1.0
7227.FBpp0305185	7227.FBpp0086107	1.0
7227.FBpp0071808	7227.FBpp0099686	1.0
7227.FBpp0078694	7227.FBpp0082540	1.0
7227.FBpp0074554	7227.FBpp0074887	1.0
7227.FBpp0072446	7227.FBpp0087821	1.0
7227.FBpp0074180	7227.FBpp0078857	1.0
7227.FBpp0082153	7227.FBpp0087347	1.0
7227.FBpp0078984	7227.FBpp0087659	1.0
7227.FBpp0305562	7227.FBpp0302538	1.0
7227.FBpp0078353	7227.FBpp0082591	1.0
7227.FBpp0305562	7227.FBpp0081845	1.0
7227.FBpp0077147	7227.FBpp0078593	1.0
7227.FBpp0072184	7227.FBpp0086872	1.0
7227.FBpp0071198	7227.FBpp0087637	1.0
7227.FBpp0304236	7227.FBpp0078673	1.0
7227.FBpp0080564	7227.FBpp0084067	1.0
7227.FBpp0305348	7227.FBpp0076200	1.0
7227.FBpp0070651	7227.FBpp0301225	1.0
7227.FBpp0076124	7227.FBpp0083546	1.0
7227.FBpp0071450	7227.FBpp0080683	1.0
7227.FBpp0078086	7227.FBpp0087350	1.0
7227.FBpp0070651	7227.FBpp0081324	1.0
7227.FBpp0070279	7227.FBpp0071587	1.0
7227.FBpp0089141	7227.FBpp0303728	1.0
7227.FBpp0076003	7227.FBpp0111294	1.0
7227.FBpp0076918	7227.FBpp0085359	1.0
7227.FBpp0305387	7227.FBpp0073686	1.0
7227.FBpp0301225	7227.FBpp0083105	1.0
7227.FBpp0073524	7227.FBpp0073762	1.0
7227.FBpp0304236	7227.FBpp0289109	1.0
7227.FBpp0072257	7227.FBpp0073558	1.0
7227.FBpp0071449	7227.FBpp0082153	1.0
7227.FBpp0293236	7227.FBpp0085334	1.0
7227.FBpp0074215	7227.FBpp0075561	1.0
7227.FBpp0071449	7227.FBpp0072692	1.0
7227.FBpp0111294	7227.FBpp0290578	1.0
7227.FBpp0073906	7227.FBpp0079597	1.0
7227.FBpp0079538	7227.FBpp0083336	1.0
7227.FBpp0072247	7227.FBpp0082391	1.0
7227.FBpp0072184	7227.FBpp0302052	1.0
7227.FBpp0075759	7227.FBpp0290578	1.0
7227.FBpp0303728	7227.FBpp0110421	1.0
7227.FBpp0083569	7227.FBpp0070389	1.0
7227.FBpp0075941	7227.FBpp0080143	1.0
7227.FBpp0070150	7227.FBpp0305562	1.0
7227.FBpp0071954	7227.FBpp0089041	1.0
7227.FBpp0297301	7227.FBpp0087961	1.0
7227.FBpp0083857	7227.FBpp0085737	1.0
7227.FBpp0303531	7227.FBpp0087321	1.0
7227.FBpp0083769	7227.FBpp0084831	1.0
7227.FBpp0078086	7227.FBpp0080704	1.0
7227.FBpp0110412	7227.FBpp0079597	1.0
7227.FBpp0071503	7227.FBpp0078086	1.0
7227.FBpp0084113	7227.FBpp0088040	1.0
7227.FBpp0081845	7227.FBpp0087321	1.0
7227.FBpp0086701	7227.FBpp0305303	1.0
7227.FBpp0075676	7227.FBpp0078400	1.0
7227.FBpp0075684	7227.FBpp0087569	1.0
7227.FBpp0073386	7227.FBpp0082158	1.0
7227.FBpp0081848	7227.FBpp0085489	1.0
7227.FBpp0075759	7227.FBpp0099739	1.0
7227.FBpp0304847	7227.FBpp0083774	1.0
7227.FBpp0070878	7227.FBpp0087609	1.0
7227.FBpp0078664	7227.FBpp0089041	1.0
7227.FBpp0073471	7227.FBpp0082979	1.0
7227.FBpp0083441	7227.FBpp0080583	1.0
7227.FBpp0075752	7227.FBpp0100130	1.0
7227.FBpp0072957	7227.FBpp0303780	1.0
7227.FBpp0076359	7227.FBpp0083263	1.0
7227.FBpp0074608	7227.FBpp0086251	1.0
7227.FBpp0071088	7227.FBpp0076872	1.0
7227.FBpp0073682	7227.FBpp0074299	1.0
7227.FBpp0074887	7227.FBpp0075631	1.0
7227.FBpp0086872	7227.FBpp0070389	1.0
7227.FBpp0072674	7227.FBpp0087094	1.0
7227.FBpp0088121	7227.FBpp0073664	1.0
7227.FBpp0070878	7227.FBpp0305303	1.0
7227.FBpp0071681	7227.FBpp0087189	1.0
7227.FBpp0099739	7227.FBpp0087366	1.0
7227.FBpp0293226	7227.FBpp0084113	1.0
7227.FBpp0081234	7227.FBpp0304096	1.0
7227.FBpp0073971	7227.FBpp0088242	1.0
7227.FBpp0074058	7227.FBpp0070117	1.0
7227.FBpp0071892	7227.FBpp0078857	1.0
7227.FBpp0075620	7227.FBpp0081641	1.0
7227.FBpp0078532	7227.FBpp0078689	1.0
7227.FBpp0070766	7227.FBpp0075618	1.0
7227.FBpp0303518	7227.FBpp0082790	1.0
7227.FBpp0073558	7227.FBpp0078278	1.0
7227.FBpp0305562	7227.FBpp0076872	1.0
7227.FBpp0075676	7227.FBpp0301225	1.0
7227.FBpp0074226	7227.FBpp0087333	1.0
7227.FBpp0072257	7227.FBpp0305141	1.0
7227.FBpp0271773	7227.FBpp0303490	1.0
7227.FBpp0072446	7227.FBpp0077147	1.0
7227.FBpp0081599	7227.FBpp0083569	1.0
7227.FBpp0075631	7227.FBpp0084616	1.0
7227.FBpp0081600	7227.FBpp0070042	1.0
7227.FBpp0087094	7227.FBpp0071285	1.0
7227.FBpp0073524	7227.FBpp0073906	1.0
7227.FBpp0305402	7227.FBpp0087118	1.0
7227.FBpp0078433	7227.FBpp0084525	1.0
7227.FBpp0077406	7227.FBpp0080121	1.0
7227.FBpp0078857	7227.FBpp0088242	1.0
7227.FBpp0078024	7227.FBpp0086066	1.0
7227.FBpp0075612	7227.FBpp0087340	1.0
7227.FBpp0303456	7227.FBpp0088657	1.0
7227.FBpp0074822	7227.FBpp0079295	1.0
7227.FBpp0073651	7227.FBpp0090943	1.0
7227.FBpp0071892	7227.FBpp0075612	1.0
7227.FBpp0290012	7227.FBpp0081002	1.0
7227.FBpp0071771	7227.FBpp0081860	1.0
7227.FBpp0071170	7227.FBpp0305861	1.0
7227.FBpp0086769	7227.FBpp0302984	1.0
7227.FBpp0074887	7227.FBpp0081860	1.0
7227.FBpp0077381	7227.FBpp0079538	1.0
7227.FBpp0077783	7227.FBpp0084616	1.0
7227.FBpp0081448	7227.FBpp0087332	1.0
7227.FBpp0077099	7227.FBpp0081380	1.0
7227.FBpp0072503	7227.FBpp0079833	1.0
7227.FBpp0073762	7227.FBpp0083168	1.0
7227.FBpp0080803	7227.FBpp0081356	1.0
7227.FBpp0075631	7227.FBpp0077885	1.0
7227.FBpp0081599	7227.FBpp0070389	1.0
7227.FBpp0075274	7227.FBpp0110438	1.0
7227.FBpp0290875	7227.FBpp0087108	1.0
7227.FBpp0083091	7227.FBpp0084778	0.0
7227.FBpp0291085	7227.FBpp0087635	0.0
7227.FBpp0083949	7227.FBpp0291779	0.0
7227.FBpp0072875	7227.FBpp0297654	0.0
7227.FBpp0076430	7227.FBpp0074813	0.0
7227.FBpp0086280	7227.FBpp0304120	0.0
7227.FBpp0305354	7227.FBpp0301834	0.0
7227.FBpp0304200	7227.FBpp0291263	0.0
7227.FBpp0071589	7227.FBpp0111440	0.0
7227.FBpp0288973	7227.FBpp0111590	0.0
7227.FBpp0084258	7227.FBpp0077753	0.0
7227.FBpp0078553	7227.FBpp0080989	0.0
7227.FBpp0305025	7227.FBpp0304752	0.0
7227.FBpp0305067	7227.FBpp0291766	0.0
7227.FBpp0293072	7227.FBpp0304733	0.0
7227.FBpp0085818	7227.FBpp0111645	0.0
7227.FBpp0071016	7227.FBpp0292102	0.0
7227.FBpp0084999	7227.FBpp0305025	0.0
7227.FBpp0071970	7227.FBpp0303355	0.0
7227.FBpp0086775	7227.FBpp0071874	0.0
7227.FBpp0082705	7227.FBpp0304685	0.0
7227.FBpp0304545	7227.FBpp0074776	0.0
7227.FBpp0291355	7227.FBpp0089138	0.0
7227.FBpp0304187	7227.FBpp0298339	0.0
7227.FBpp0077022	7227.FBpp0289314	0.0
7227.FBpp0290279	7227.FBpp0085192	0.0
7227.FBpp0086344	7227.FBpp0304132	0.0
7227.FBpp0075095	7227.FBpp0072325	0.0
7227.FBpp0082068	7227.FBpp0082369	0.0
7227.FBpp0083187	7227.FBpp0079559	0.0
7227.FBpp0073750	7227.FBpp0302701	0.0
7227.FBpp0071001	7227.FBpp0085953	0.0
7227.FBpp0070158	7227.FBpp0084964	0.0
7227.FBpp0303879	7227.FBpp0087869	0.0
7227.FBpp0078087	7227.FBpp0085798	0.0
7227.FBpp0081199	7227.FBpp0084766	0.0
7227.FBpp0081399	7227.FBpp0290208	0.0
7227.FBpp0300669	7227.FBpp0073839	0.0
7227.FBpp0301621	7227.FBpp0111583	0.0
7227.FBpp0291912	7227.FBpp0083139	0.0
7227.FBpp0070112	7227.FBpp0291561	0.0
7227.FBpp0082038	7227.FBpp0291048	0.0
7227.FBpp0071101	7227.FBpp0076622	0.0
7227.FBpp0073526	7227.FBpp0078543	0.0
7227.FBpp0085415	7227.FBpp0075114	0.0
7227.FBpp0290548	7227.FBpp0304436	0.0
7227.FBpp0304138	7227.FBpp0089286	0.0
7227.FBpp0085812	7227.FBpp0290482	0.0
7227.FBpp0074369	7227.FBpp0086650	0.0
7227.FBpp0111820	7227.FBpp0084309	0.0
7227.FBpp0100169	7227.FBpp0081978	0.0
7227.FBpp0111337	7227.FBpp0086174	0.0
7227.FBpp0084491	7227.FBpp0301958	0.0
7227.FBpp0075683	7227.FBpp0077682	0.0
7227.FBpp0071587	7227.FBpp0071281	0.0
7227.FBpp0082906	7227.FBpp0293187	0.0
7227.FBpp0070313	7227.FBpp0110197	0.0
7227.FBpp0077188	7227.FBpp0083489	0.0
7227.FBpp0072379	7227.FBpp0087912	0.0
7227.FBpp0086720	7227.FBpp0089108	0.0
7227.FBpp0300980	7227.FBpp0289079	0.0
7227.FBpp0070069	7227.FBpp0071816	0.0
7227.FBpp0086798	7227.FBpp0076221	0.0
7227.FBpp0301061	7227.FBpp0074429	0.0
7227.FBpp0304685	7227.FBpp0080467	0.0
7227.FBpp0072335	7227.FBpp0075182	0.0
7227.FBpp0288818	7227.FBpp0073950	0.0
7227.FBpp0086348	7227.FBpp0304587	0.0
7227.FBpp0083951	7227.FBpp0084929	0.0
7227.FBpp0297286	7227.FBpp0305123	0.0
7227.FBpp0075396	7227.FBpp0076544	0.0
7227.FBpp0291911	7227.FBpp0111482	0.0
7227.FBpp0081241	7227.FBpp0083536	0.0
7227.FBpp0080736	7227.FBpp0077946	0.0
7227.FBpp0071076	7227.FBpp0304251	0.0
7227.FBpp0289216	7227.FBpp0304184	0.0
7227.FBpp0077683	7227.FBpp0082173	0.0
7227.FBpp0288878	7227.FBpp0084842	0.0
7227.FBpp0071018	7227.FBpp0083582	0.0
7227.FBpp0289442	7227.FBpp0081905	0.0
7227.FBpp0070282	7227.FBpp0082648	0.0
7227.FBpp0297235	7227.FBpp0075946	0.0
7227.FBpp0074832	7227.FBpp0085543	0.0
7227.FBpp0087741	7227.FBpp0070691	0.0
7227.FBpp0073564	7227.FBpp0076274	0.0
7227.FBpp0080039	7227.FBpp0085865	0.0
7227.FBpp0076915	7227.FBpp0075676	0.0
7227.FBpp0290177	7227.FBpp0077079	0.0
7227.FBpp0305791	7227.FBpp0071177	0.0
7227.FBpp0302639	7227.FBpp0292519	0.0
7227.FBpp0075215	7227.FBpp0271855	0.0
7227.FBpp0079427	7227.FBpp0292035	0.0
7227.FBpp0075467	7227.FBpp0081319	0.0
7227.FBpp0089218	7227.FBpp0077853	0.0
7227.FBpp0293386	7227.FBpp0088863	0.0
7227.FBpp0079127	7227.FBpp0070159	0.0
7227.FBpp0089300	7227.FBpp0073039	0.0
7227.FBpp0290937	7227.FBpp0077101	0.0
7227.FBpp0085034	7227.FBpp0289809	0.0
7227.FBpp0305146	7227.FBpp0075307	0.0
7227.FBpp0083434	7227.FBpp0081270	0.0
7227.FBpp0302703	7227.FBpp0271746	0.0
7227.FBpp0078169	7227.FBpp0075983	0.0
7227.FBpp0081159	7227.FBpp0099409	0.0
7227.FBpp0079595	7227.FBpp0084355	0.0
7227.FBpp0290618	7227.FBpp0080790	0.0
7227.FBpp0072110	7227.FBpp0074431	0.0
7227.FBpp0074314	7227.FBpp0079631	0.0
7227.FBpp0073536	7227.FBpp0087910	0.0
7227.FBpp0075911	7227.FBpp0071277	0.0
7227.FBpp0304384	7227.FBpp0110582	0.0
7227.FBpp0303304	7227.FBpp0301286	0.0
7227.FBpp0087862	7227.FBpp0077337	0.0
7227.FBpp0292932	7227.FBpp0084470	0.0
7227.FBpp0073844	7227.FBpp0304375	0.0
7227.FBpp0079069	7227.FBpp0084522	0.0
7227.FBpp0074377	7227.FBpp0289678	0.0
7227.FBpp0086020	7227.FBpp0075917	0.0
7227.FBpp0110156	7227.FBpp0091137	0.0
7227.FBpp0081584	7227.FBpp0088078	0.0
7227.FBpp0075180	7227.FBpp0084199	0.0
7227.FBpp0087690	7227.FBpp0303303	0.0
7227.FBpp0086244	7227.FBpp0085725	0.0
7227.FBpp0080215	7227.FBpp0305868	0.0
7227.FBpp0084553	7227.FBpp0075827	0.0
7227.FBpp0076010	7227.FBpp0079199	0.0
7227.FBpp0072161	7227.FBpp0070573	0.0
7227.FBpp0112122	7227.FBpp0086085	0.0
7227.FBpp0082221	7227.FBpp0078799	0.0
7227.FBpp0300639	7227.FBpp0291113	0.0
7227.FBpp0305474	7227.FBpp0074135	0.0
7227.FBpp0086982	7227.FBpp0074343	0.0
7227.FBpp0085513	7227.FBpp0298020	0.0
7227.FBpp0079243	7227.FBpp0077159	0.0
7227.FBpp0082214	7227.FBpp0289646	0.0
7227.FBpp0083562	7227.FBpp0071278	0.0
7227.FBpp0290716	7227.FBpp0088678	0.0
7227.FBpp0082895	7227.FBpp0087160	0.0
7227.FBpp0086729	7227.FBpp0291561	0.0
7227.FBpp0290993	7227.FBpp0112550	0.0
7227.FBpp0079264	7227.FBpp0087278	0.0
7227.FBpp0080488	7227.FBpp0084521	0.0
7227.FBpp0076003	7227.FBpp0087821	0.0
7227.FBpp0086344	7227.FBpp0085796	0.0
7227.FBpp0291544	7227.FBpp0073944	0.0
7227.FBpp0086399	7227.FBpp0073756	0.0
7227.FBpp0070625	7227.FBpp0074401	0.0
7227.FBpp0070079	7227.FBpp0072643	0.0
7227.FBpp0086967	7227.FBpp0302001	0.0
7227.FBpp0084503	7227.FBpp0081880	0.0
7227.FBpp0289196	7227.FBpp0075327	0.0
7227.FBpp0290736	7227.FBpp0289880	0.0
7227.FBpp0099990	7227.FBpp0291023	0.0
7227.FBpp0082484	7227.FBpp0086044	0.0
7227.FBpp0111378	7227.FBpp0112010	0.0
7227.FBpp0293581	7227.FBpp0071534	0.0
7227.FBpp0072595	7227.FBpp0290875	0.0
7227.FBpp0088985	7227.FBpp0110318	0.0
7227.FBpp0111295	7227.FBpp0087014	0.0
7227.FBpp0071580	7227.FBpp0289220	0.0
7227.FBpp0075571	7227.FBpp0087613	0.0
7227.FBpp0072560	7227.FBpp0074919	0.0
7227.FBpp0289472	7227.FBpp0082904	0.0
7227.FBpp0076407	7227.FBpp0083654	0.0
7227.FBpp0087367	7227.FBpp0075112	0.0
7227.FBpp0072003	7227.FBpp0292043	0.0
7227.FBpp0292022	7227.FBpp0087878	0.0
7227.FBpp0087164	7227.FBpp0086731	0.0
7227.FBpp0083954	7227.FBpp0297945	0.0
7227.FBpp0083538	7227.FBpp0076762	0.0
7227.FBpp0072627	7227.FBpp0084731	0.0
7227.FBpp0077470	7227.FBpp0088873	0.0
7227.FBpp0289883	7227.FBpp0301109	0.0
7227.FBpp0080790	7227.FBpp0290470	0.0
7227.FBpp0100176	7227.FBpp0111504	0.0
7227.FBpp0081932	7227.FBpp0086276	0.0
7227.FBpp0303430	7227.FBpp0304124	0.0
7227.FBpp0302782	7227.FBpp0290093	0.0
7227.FBpp0087809	7227.FBpp0077939	0.0
7227.FBpp0070803	7227.FBpp0110266	0.0
7227.FBpp0087183	7227.FBpp0291063	0.0
7227.FBpp0072438	7227.FBpp0077311	0.0
7227.FBpp0077735	7227.FBpp0082189	0.0
7227.FBpp0085107	7227.FBpp0071420	0.0
7227.FBpp0072993	7227.FBpp0089303	0.0
7227.FBpp0304144	7227.FBpp0292350	0.0
7227.FBpp0082386	7227.FBpp0290137	0.0
7227.FBpp0084505	7227.FBpp0084814	0.0
7227.FBpp0083855	7227.FBpp0070307	0.0
7227.FBpp0291864	7227.FBpp0293116	0.0
7227.FBpp0110506	7227.FBpp0085334	0.0
7227.FBpp0075357	7227.FBpp0088559	0.0
7227.FBpp0271691	7227.FBpp0086841	0.0
7227.FBpp0290278	7227.FBpp0074086	0.0
7227.FBpp0080090	7227.FBpp0070166	0.0
7227.FBpp0078067	7227.FBpp0078008	0.0
7227.FBpp0072979	7227.FBpp0070531	0.0
7227.FBpp0074483	7227.FBpp0080039	0.0
7227.FBpp0072767	7227.FBpp0080129	0.0
7227.FBpp0271751	7227.FBpp0080448	0.0
7227.FBpp0306142	7227.FBpp0073975	0.0
7227.FBpp0081424	7227.FBpp0081589	0.0
7227.FBpp0099712	7227.FBpp0078662	0.0
7227.FBpp0079224	7227.FBpp0073312	0.0
7227.FBpp0078861	7227.FBpp0076625	0.0
7227.FBpp0306050	7227.FBpp0082985	0.0
7227.FBpp0300673	7227.FBpp0080742	0.0
7227.FBpp0303221	7227.FBpp0289312	0.0
7227.FBpp0080059	7227.FBpp0301621	0.0
7227.FBpp0099426	7227.FBpp0073790	0.0
7227.FBpp0303098	7227.FBpp0302914	0.0
7227.FBpp0080496	7227.FBpp0083043	0.0
7227.FBpp0297104	7227.FBpp0290228	0.0
7227.FBpp0079924	7227.FBpp0074614	0.0
7227.FBpp0305878	7227.FBpp0084868	0.0
7227.FBpp0084404	7227.FBpp0081254	0.0
7227.FBpp0290197	7227.FBpp0290033	0.0
7227.FBpp0081563	7227.FBpp0087961	0.0
7227.FBpp0292455	7227.FBpp0288723	0.0
7227.FBpp0080583	7227.FBpp0076473	0.0
7227.FBpp0076450	7227.FBpp0073503	0.0
7227.FBpp0111485	7227.FBpp0074403	0.0
7227.FBpp0289202	7227.FBpp0074300	0.0
7227.FBpp0305676	7227.FBpp0086893	0.0
7227.FBpp0076784	7227.FBpp0081872	0.0
7227.FBpp0110319	7227.FBpp0085975	0.0
7227.FBpp0292458	7227.FBpp0294026	0.0
7227.FBpp0072435	7227.FBpp0072937	0.0
7227.FBpp0078009	7227.FBpp0304755	0.0
7227.FBpp0100132	7227.FBpp0071015	0.0
7227.FBpp0073426	7227.FBpp0099574	0.0
7227.FBpp0071681	7227.FBpp0305392	0.0
7227.FBpp0302984	7227.FBpp0301020	0.0
7227.FBpp0081106	7227.FBpp0081286	0.0
7227.FBpp0077854	7227.FBpp0079505	0.0
7227.FBpp0084785	7227.FBpp0291440	0.0
7227.FBpp0303926	7227.FBpp0304397	0.0
7227.FBpp0075618	7227.FBpp0080656	0.0
7227.FBpp0086871	7227.FBpp0083798	0.0
7227.FBpp0070650	7227.FBpp0076481	0.0
7227.FBpp0304574	7227.FBpp0099596	0.0
7227.FBpp0082812	7227.FBpp0077995	0.0
7227.FBpp0086690	7227.FBpp0084549	0.0
7227.FBpp0293782	7227.FBpp0082088	0.0
7227.FBpp0301799	7227.FBpp0291263	0.0
7227.FBpp0300453	7227.FBpp0087103	0.0
7227.FBpp0084562	7227.FBpp0073039	0.0
7227.FBpp0306040	7227.FBpp0085021	0.0
7227.FBpp0083826	7227.FBpp0075505	0.0
7227.FBpp0303078	7227.FBpp0289535	0.0
7227.FBpp0082483	7227.FBpp0077074	0.0
7227.FBpp0271886	7227.FBpp0084024	0.0
7227.FBpp0112312	7227.FBpp0078252	0.0
7227.FBpp0099563	7227.FBpp0305588	0.0
7227.FBpp0304226	7227.FBpp0083336	0.0
7227.FBpp0291255	7227.FBpp0071450	0.0
7227.FBpp0297988	7227.FBpp0111717	0.0
7227.FBpp0083057	7227.FBpp0075570	0.0
7227.FBpp0111273	7227.FBpp0087089	0.0
7227.FBpp0290921	7227.FBpp0305088	0.0
7227.FBpp0087037	7227.FBpp0304315	0.0
7227.FBpp0071886	7227.FBpp0077397	0.0
7227.FBpp0288403	7227.FBpp0292868	0.0
7227.FBpp0086251	7227.FBpp0087952	0.0
7227.FBpp0083634	7227.FBpp0081763	0.0
7227.FBpp0305846	7227.FBpp0076538	0.0
7227.FBpp0303820	7227.FBpp0072524	0.0
7227.FBpp0086406	7227.FBpp0080554	0.0
7227.FBpp0071745	7227.FBpp0074930	0.0
7227.FBpp0303844	7227.FBpp0076705	0.0
7227.FBpp0085611	7227.FBpp0087879	0.0
7227.FBpp0100045	7227.FBpp0078948	0.0
7227.FBpp0113031	7227.FBpp0289895	0.0
7227.FBpp0086204	7227.FBpp0085957	0.0
7227.FBpp0085348	7227.FBpp0288908	0.0
7227.FBpp0084840	7227.FBpp0087321	0.0
7227.FBpp0073217	7227.FBpp0305548	0.0
7227.FBpp0072166	7227.FBpp0083191	0.0
7227.FBpp0291076	7227.FBpp0288424	0.0
7227.FBpp0291643	7227.FBpp0304916	0.0
7227.FBpp0075078	7227.FBpp0289938	0.0
7227.FBpp0298271	7227.FBpp0082851	0.0
7227.FBpp0290727	7227.FBpp0087799	0.0
7227.FBpp0072834	7227.FBpp0079716	0.0
7227.FBpp0292778	7227.FBpp0084354	0.0
7227.FBpp0074139	7227.FBpp0087752	0.0
7227.FBpp0302981	7227.FBpp0289592	0.0
7227.FBpp0077503	7227.FBpp0110582	0.0
7227.FBpp0070280	7227.FBpp0080663	0.0
7227.FBpp0292017	7227.FBpp0078163	0.0
7227.FBpp0303025	7227.FBpp0078699	0.0
7227.FBpp0289435	7227.FBpp0083607	0.0
7227.FBpp0297923	7227.FBpp0303779	0.0
7227.FBpp0070614	7227.FBpp0084684	0.0
7227.FBpp0074222	7227.FBpp0078996	0.0
7227.FBpp0289713	7227.FBpp0075186	0.0
7227.FBpp0086569	7227.FBpp0088423	0.0
7227.FBpp0077900	7227.FBpp0293255	0.0
7227.FBpp0075855	7227.FBpp0292068	0.0
7227.FBpp0077522	7227.FBpp0304755	0.0
7227.FBpp0078807	7227.FBpp0086720	0.0
7227.FBpp0084934	7227.FBpp0091063	0.0
7227.FBpp0289324	7227.FBpp0305735	0.0
7227.FBpp0088422	7227.FBpp0087274	0.0
7227.FBpp0301551	7227.FBpp0081772	0.0
7227.FBpp0293255	7227.FBpp0290883	0.0
7227.FBpp0086907	7227.FBpp0084860	0.0
7227.FBpp0078678	7227.FBpp0099713	0.0
7227.FBpp0111347	7227.FBpp0291907	0.0
7227.FBpp0080865	7227.FBpp0086516	0.0
7227.FBpp0305601	7227.FBpp0289672	0.0
7227.FBpp0089346	7227.FBpp0072920	0.0
7227.FBpp0304843	7227.FBpp0291709	0.0
7227.FBpp0099483	7227.FBpp0079915	0.0
7227.FBpp0084914	7227.FBpp0300165	0.0
7227.FBpp0306051	7227.FBpp0100056	0.0
7227.FBpp0081204	7227.FBpp0087824	0.0
7227.FBpp0303711	7227.FBpp0291086	0.0
7227.FBpp0083460	7227.FBpp0075461	0.0
7227.FBpp0083302	7227.FBpp0291320	0.0
7227.FBpp0075807	7227.FBpp0081465	0.0
7227.FBpp0079185	7227.FBpp0070539	0.0
7227.FBpp0080062	7227.FBpp0300325	0.0
7227.FBpp0305123	7227.FBpp0077037	0.0
7227.FBpp0080260	7227.FBpp0078915	0.0
7227.FBpp0078684	7227.FBpp0073862	0.0
7227.FBpp0084261	7227.FBpp0111662	0.0
7227.FBpp0081069	7227.FBpp0078815	0.0
7227.FBpp0085416	7227.FBpp0074805	0.0
7227.FBpp0300793	7227.FBpp0075703	0.0
7227.FBpp0070683	7227.FBpp0074746	0.0
7227.FBpp0300949	7227.FBpp0075797	0.0
7227.FBpp0079546	7227.FBpp0084525	0.0
7227.FBpp0083400	7227.FBpp0084521	0.0
7227.FBpp0077173	7227.FBpp0074663	0.0
7227.FBpp0305583	7227.FBpp0289932	0.0
7227.FBpp0070160	7227.FBpp0301753	0.0
7227.FBpp0301106	7227.FBpp0080845	0.0
7227.FBpp0075309	7227.FBpp0289314	0.0
7227.FBpp0088777	7227.FBpp0079471	0.0
7227.FBpp0082627	7227.FBpp0073602	0.0
7227.FBpp0305955	7227.FBpp0084637	0.0
7227.FBpp0291109	7227.FBpp0086962	0.0
7227.FBpp0111333	7227.FBpp0076634	0.0
7227.FBpp0087797	7227.FBpp0304046	0.0
7227.FBpp0087921	7227.FBpp0083986	0.0
7227.FBpp0084821	7227.FBpp0088682	0.0
7227.FBpp0073437	7227.FBpp0072576	0.0
7227.FBpp0302624	7227.FBpp0290418	0.0
7227.FBpp0292477	7227.FBpp0085087	0.0
7227.FBpp0291167	7227.FBpp0071940	0.0
7227.FBpp0289938	7227.FBpp0079001	0.0
7227.FBpp0079791	7227.FBpp0083983	0.0
7227.FBpp0288959	7227.FBpp0289473	0.0
7227.FBpp0070317	7227.FBpp0288562	0.0
7227.FBpp0072269	7227.FBpp0074158	0.0
7227.FBpp0305563	7227.FBpp0303490	0.0
7227.FBpp0086157	7227.FBpp0078756	0.0
7227.FBpp0100125	7227.FBpp0292150	0.0
7227.FBpp0073108	7227.FBpp0300427	0.0
7227.FBpp0080053	7227.FBpp0298354	0.0
7227.FBpp0289895	7227.FBpp0297098	0.0
7227.FBpp0303334	7227.FBpp0079289	0.0
7227.FBpp0077855	7227.FBpp0079214	0.0
7227.FBpp0075988	7227.FBpp0291640	0.0
7227.FBpp0300550	7227.FBpp0087675	0.0
7227.FBpp0091125	7227.FBpp0085802	0.0
7227.FBpp0290476	7227.FBpp0297250	0.0
7227.FBpp0288697	7227.FBpp0289954	0.0
7227.FBpp0081899	7227.FBpp0291870	0.0
7227.FBpp0073606	7227.FBpp0304670	0.0
7227.FBpp0084205	7227.FBpp0294040	0.0
7227.FBpp0298342	7227.FBpp0099918	0.0
7227.FBpp0304129	7227.FBpp0305563	0.0
7227.FBpp0293079	7227.FBpp0292143	0.0
7227.FBpp0290242	7227.FBpp0091089	0.0
7227.FBpp0305930	7227.FBpp0111333	0.0
7227.FBpp0084949	7227.FBpp0099614	0.0
7227.FBpp0292971	7227.FBpp0303388	0.0
7227.FBpp0303554	7227.FBpp0305233	0.0
7227.FBpp0083745	7227.FBpp0076476	0.0
7227.FBpp0293154	7227.FBpp0100169	0.0
7227.FBpp0289535	7227.FBpp0290519	0.0
7227.FBpp0076959	7227.FBpp0083177	0.0
7227.FBpp0085579	7227.FBpp0086961	0.0
7227.FBpp0083434	7227.FBpp0081165	0.0
7227.FBpp0085134	7227.FBpp0077132	0.0
7227.FBpp0073681	7227.FBpp0079538	0.0
7227.FBpp0290904	7227.FBpp0085034	0.0
7227.FBpp0302829	7227.FBpp0304975	0.0
7227.FBpp0087332	7227.FBpp0073970	0.0
7227.FBpp0298011	7227.FBpp0303531	0.0
7227.FBpp0291656	7227.FBpp0082458	0.0
7227.FBpp0111860	7227.FBpp0086316	0.0
7227.FBpp0079402	7227.FBpp0289608	0.0
7227.FBpp0084028	7227.FBpp0290343	0.0
7227.FBpp0085855	7227.FBpp0292479	0.0
7227.FBpp0077503	7227.FBpp0288577	0.0
7227.FBpp0293426	7227.FBpp0085065	0.0
7227.FBpp0083934	7227.FBpp0305432	0.0
7227.FBpp0087280	7227.FBpp0076520	0.0
7227.FBpp0078795	7227.FBpp0293275	0.0
7227.FBpp0289553	7227.FBpp0289649	0.0
7227.FBpp0303206	7227.FBpp0078726	0.0
7227.FBpp0072836	7227.FBpp0078324	0.0
7227.FBpp0289415	7227.FBpp0073192	0.0
7227.FBpp0288577	7227.FBpp0271717	0.0
7227.FBpp0301283	7227.FBpp0075078	0.0
7227.FBpp0304593	7227.FBpp0110209	0.0
7227.FBpp0078180	7227.FBpp0304023	0.0
7227.FBpp0302766	7227.FBpp0304132	0.0
7227.FBpp0305731	7227.FBpp0099898	0.0
7227.FBpp0082514	7227.FBpp0083611	0.0
7227.FBpp0075751	7227.FBpp0081391	0.0
7227.FBpp0086572	7227.FBpp0099638	0.0
7227.FBpp0111936	7227.FBpp0072956	0.0
7227.FBpp0080437	7227.FBpp0079667	0.0
7227.FBpp0086443	7227.FBpp0289472	0.0
7227.FBpp0078712	7227.FBpp0305091	0.0
7227.FBpp0289300	7227.FBpp0084954	0.0
7227.FBpp0076617	7227.FBpp0088000	0.0
7227.FBpp0084579	7227.FBpp0301714	0.0
7227.FBpp0080393	7227.FBpp0293830	0.0
7227.FBpp0076680	7227.FBpp0084001	0.0
7227.FBpp0291120	7227.FBpp0071842	0.0
7227.FBpp0291533	7227.FBpp0290780	0.0
7227.FBpp0297408	7227.FBpp0070086	0.0
7227.FBpp0303750	7227.FBpp0111703	0.0
7227.FBpp0297209	7227.FBpp0075835	0.0
7227.FBpp0083848	7227.FBpp0081715	0.0
7227.FBpp0290898	7227.FBpp0072849	0.0
7227.FBpp0082814	7227.FBpp0076830	0.0
7227.FBpp0080445	7227.FBpp0089175	0.0
7227.FBpp0300900	7227.FBpp0071442	0.0
7227.FBpp0072491	7227.FBpp0303496	0.0
7227.FBpp0290205	7227.FBpp0083086	0.0
7227.FBpp0290087	7227.FBpp0111929	0.0
7227.FBpp0079226	7227.FBpp0088783	0.0
7227.FBpp0083466	7227.FBpp0080167	0.0
7227.FBpp0293186	7227.FBpp0074371	0.0
7227.FBpp0111423	7227.FBpp0288735	0.0
7227.FBpp0084446	7227.FBpp0075352	0.0
7227.FBpp0077061	7227.FBpp0300415	0.0
7227.FBpp0082539	7227.FBpp0082282	0.0
7227.FBpp0084329	7227.FBpp0072157	0.0
7227.FBpp0083183	7227.FBpp0300513	0.0
7227.FBpp0081343	7227.FBpp0081670	0.0
7227.FBpp0078707	7227.FBpp0085526	0.0
7227.FBpp0076837	7227.FBpp0304607	0.0
7227.FBpp0078648	7227.FBpp0302657	0.0
7227.FBpp0071468	7227.FBpp0290211	0.0
7227.FBpp0290879	7227.FBpp0297920	0.0
7227.FBpp0110141	7227.FBpp0302953	0.0
7227.FBpp0089363	7227.FBpp0290412	0.0
7227.FBpp0077265	7227.FBpp0076210	0.0
7227.FBpp0073803	7227.FBpp0289415	0.0
7227.FBpp0081957	7227.FBpp0071924	0.0
7227.FBpp0086937	7227.FBpp0300563	0.0
7227.FBpp0099811	7227.FBpp0291168	0.0
7227.FBpp0087538	7227.FBpp0111408	0.0
7227.FBpp0085812	7227.FBpp0087023	0.0
7227.FBpp0070176	7227.FBpp0297289	0.0
7227.FBpp0291604	7227.FBpp0297988	0.0
7227.FBpp0080683	7227.FBpp0297444	0.0
7227.FBpp0081871	7227.FBpp0079983	0.0
7227.FBpp0076533	7227.FBpp0112446	0.0
7227.FBpp0297767	7227.FBpp0085006	0.0
7227.FBpp0111418	7227.FBpp0073522	0.0
7227.FBpp0079187	7227.FBpp0303629	0.0
7227.FBpp0304973	7227.FBpp0073157	0.0
7227.FBpp0073944	7227.FBpp0111653	0.0
7227.FBpp0112043	7227.FBpp0302984	0.0
7227.FBpp0078676	7227.FBpp0304478	0.0
7227.FBpp0087505	7227.FBpp0301950	0.0
7227.FBpp0293279	7227.FBpp0293275	0.0
7227.FBpp0080039	7227.FBpp0071194	0.0
7227.FBpp0083101	7227.FBpp0085296	0.0
7227.FBpp0073243	7227.FBpp0083626	0.0
7227.FBpp0076833	7227.FBpp0077471	0.0
7227.FBpp0087761	7227.FBpp0298380	0.0
7227.FBpp0087484	7227.FBpp0305897	0.0
7227.FBpp0303310	7227.FBpp0301019	0.0
7227.FBpp0077717	7227.FBpp0088551	0.0
7227.FBpp0303258	7227.FBpp0100113	0.0
7227.FBpp0304960	7227.FBpp0072879	0.0
7227.FBpp0075580	7227.FBpp0288782	0.0
7227.FBpp0071092	7227.FBpp0079582	0.0
7227.FBpp0077775	7227.FBpp0305803	0.0
7227.FBpp0074269	7227.FBpp0085160	0.0
7227.FBpp0087287	7227.FBpp0077816	0.0
7227.FBpp0078329	7227.FBpp0112995	0.0
7227.FBpp0305425	7227.FBpp0303836	0.0
7227.FBpp0292332	7227.FBpp0099426	0.0
7227.FBpp0089191	7227.FBpp0111383	0.0
7227.FBpp0075979	7227.FBpp0080120	0.0
7227.FBpp0297709	7227.FBpp0099486	0.0
7227.FBpp0300612	7227.FBpp0082576	0.0
7227.FBpp0071650	7227.FBpp0080712	0.0
7227.FBpp0079374	7227.FBpp0300428	0.0
7227.FBpp0084676	7227.FBpp0288723	0.0
7227.FBpp0271776	7227.FBpp0304361	0.0
7227.FBpp0081349	7227.FBpp0288502	0.0
7227.FBpp0087890	7227.FBpp0080150	0.0
7227.FBpp0110109	7227.FBpp0305354	0.0
7227.FBpp0303025	7227.FBpp0288947	0.0
7227.FBpp0079829	7227.FBpp0083307	0.0
7227.FBpp0077843	7227.FBpp0305068	0.0
7227.FBpp0302564	7227.FBpp0075969	0.0
7227.FBpp0292509	7227.FBpp0305637	0.0
7227.FBpp0290431	7227.FBpp0290265	0.0
7227.FBpp0291232	7227.FBpp0300205	0.0
7227.FBpp0082415	7227.FBpp0071763	0.0
7227.FBpp0087498	7227.FBpp0086625	0.0
7227.FBpp0303711	7227.FBpp0301283	0.0
7227.FBpp0072333	7227.FBpp0079207	0.0
7227.FBpp0083908	7227.FBpp0293164	0.0
7227.FBpp0084595	7227.FBpp0073192	0.0
7227.FBpp0079539	7227.FBpp0085084	0.0
7227.FBpp0083995	7227.FBpp0304651	0.0
7227.FBpp0305136	7227.FBpp0082420	0.0
7227.FBpp0292035	7227.FBpp0302824	0.0
7227.FBpp0306091	7227.FBpp0305937	0.0
7227.FBpp0074342	7227.FBpp0071769	0.0
7227.FBpp0076622	7227.FBpp0081504	0.0
7227.FBpp0075117	7227.FBpp0084403	0.0
7227.FBpp0302814	7227.FBpp0084964	0.0
7227.FBpp0292858	7227.FBpp0083454	0.0
7227.FBpp0291608	7227.FBpp0070532	0.0
7227.FBpp0087900	7227.FBpp0304847	0.0
7227.FBpp0305079	7227.FBpp0289398	0.0
7227.FBpp0302703	7227.FBpp0073203	0.0
7227.FBpp0087286	7227.FBpp0304200	0.0
7227.FBpp0079924	7227.FBpp0083881	0.0
7227.FBpp0078990	7227.FBpp0078607	0.0
7227.FBpp0075837	7227.FBpp0086758	0.0
7227.FBpp0074905	7227.FBpp0091122	0.0
7227.FBpp0305939	7227.FBpp0291232	0.0
7227.FBpp0076830	7227.FBpp0304439	0.0
7227.FBpp0086851	7227.FBpp0292547	0.0
7227.FBpp0088555	7227.FBpp0087769	0.0
7227.FBpp0291911	7227.FBpp0300954	0.0
7227.FBpp0078337	7227.FBpp0291421	0.0
7227.FBpp0072654	7227.FBpp0304754	0.0
7227.FBpp0291943	7227.FBpp0078265	0.0
7227.FBpp0075084	7227.FBpp0077473	0.0
7227.FBpp0080989	7227.FBpp0081380	0.0
7227.FBpp0302591	7227.FBpp0300896	0.0
7227.FBpp0292869	7227.FBpp0298339	0.0
7227.FBpp0085164	7227.FBpp0087465	0.0
7227.FBpp0086907	7227.FBpp0077974	0.0
7227.FBpp0074067	7227.FBpp0303878	0.0
7227.FBpp0081464	7227.FBpp0087885	0.0
7227.FBpp0303218	7227.FBpp0078008	0.0
7227.FBpp0072212	7227.FBpp0073690	0.0
7227.FBpp0084984	7227.FBpp0078303	0.0
7227.FBpp0075051	7227.FBpp0303024	0.0
7227.FBpp0291642	7227.FBpp0079837	0.0
7227.FBpp0292842	7227.FBpp0293414	0.0
7227.FBpp0304159	7227.FBpp0298367	0.0
7227.FBpp0077643	7227.FBpp0078532	0.0
7227.FBpp0070083	7227.FBpp0084362	0.0
7227.FBpp0084283	7227.FBpp0292854	0.0
7227.FBpp0111652	7227.FBpp0090962	0.0
7227.FBpp0293411	7227.FBpp0079173	0.0
7227.FBpp0112185	7227.FBpp0080421	0.0
7227.FBpp0072201	7227.FBpp0082060	0.0
7227.FBpp0075310	7227.FBpp0293243	0.0
7227.FBpp0089042	7227.FBpp0088564	0.0
7227.FBpp0081392	7227.FBpp0296951	0.0
7227.FBpp0074465	7227.FBpp0073806	0.0
7227.FBpp0072992	7227.FBpp0271853	0.0
7227.FBpp0086729	7227.FBpp0087614	0.0
7227.FBpp0070557	7227.FBpp0082198	0.0
7227.FBpp0083607	7227.FBpp0074992	0.0
7227.FBpp0084447	7227.FBpp0087101	0.0
7227.FBpp0088201	7227.FBpp0078277	0.0
7227.FBpp0112423	7227.FBpp0079729	0.0
7227.FBpp0073769	7227.FBpp0086156	0.0
7227.FBpp0082154	7227.FBpp0073866	0.0
7227.FBpp0071182	7227.FBpp0304686	0.0
7227.FBpp0304300	7227.FBpp0083737	0.0
7227.FBpp0301145	7227.FBpp0303634	0.0
7227.FBpp0289447	7227.FBpp0079300	0.0
7227.FBpp0080053	7227.FBpp0075736	0.0
7227.FBpp0303702	7227.FBpp0294018	0.0
7227.FBpp0088858	7227.FBpp0079524	0.0
7227.FBpp0305237	7227.FBpp0292198	0.0
7227.FBpp0300980	7227.FBpp0087804	0.0
7227.FBpp0082903	7227.FBpp0077783	0.0
7227.FBpp0087902	7227.FBpp0071598	0.0
7227.FBpp0300228	7227.FBpp0292011	0.0
7227.FBpp0081059	7227.FBpp0302670	0.0
7227.FBpp0292104	7227.FBpp0271694	0.0
7227.FBpp0085907	7227.FBpp0302829	0.0
7227.FBpp0304001	7227.FBpp0081600	0.0
7227.FBpp0079058	7227.FBpp0070324	0.0
7227.FBpp0073680	7227.FBpp0070885	0.0
7227.FBpp0074649	7227.FBpp0293079	0.0
7227.FBpp0292254	7227.FBpp0077155	0.0
7227.FBpp0289141	7227.FBpp0290301	0.0
7227.FBpp0079227	7227.FBpp0081176	0.0
7227.FBpp0081114	7227.FBpp0303863	0.0
7227.FBpp0304484	7227.FBpp0291023	0.0
7227.FBpp0084866	7227.FBpp0073867	0.0
7227.FBpp0084449	7227.FBpp0084486	0.0
7227.FBpp0082793	7227.FBpp0298833	0.0
7227.FBpp0085869	7227.FBpp0082963	0.0
7227.FBpp0083009	7227.FBpp0085419	0.0
7227.FBpp0073297	7227.FBpp0086878	0.0
7227.FBpp0293281	7227.FBpp0099630	0.0
7227.FBpp0112215	7227.FBpp0289377	0.0
7227.FBpp0082576	7227.FBpp0073119	0.0
7227.FBpp0087509	7227.FBpp0085527	0.0
7227.FBpp0290096	7227.FBpp0073490	0.0
7227.FBpp0082392	7227.FBpp0073839	0.0
7227.FBpp0070955	7227.FBpp0082425	0.0
7227.FBpp0081482	7227.FBpp0081399	0.0
7227.FBpp0293503	7227.FBpp0084503	0.0
7227.FBpp0088969	7227.FBpp0292150	0.0
7227.FBpp0079195	7227.FBpp0077411	0.0
7227.FBpp0291904	7227.FBpp0099646	0.0
7227.FBpp0070407	7227.FBpp0084452	0.0
7227.FBpp0300442	7227.FBpp0306231	0.0
7227.FBpp0291355	7227.FBpp0112093	0.0
7227.FBpp0076833	7227.FBpp0089289	0.0
7227.FBpp0292932	7227.FBpp0072318	0.0
7227.FBpp0110205	7227.FBpp0076428	0.0
7227.FBpp0074789	7227.FBpp0089137	0.0
7227.FBpp0077800	7227.FBpp0297990	0.0
7227.FBpp0081246	7227.FBpp0075114	0.0
7227.FBpp0290773	7227.FBpp0084447	0.0
7227.FBpp0089184	7227.FBpp0082790	0.0
7227.FBpp0087411	7227.FBpp0089372	0.0
7227.FBpp0303117	7227.FBpp0070341	0.0
7227.FBpp0084221	7227.FBpp0086604	0.0
7227.FBpp0289780	7227.FBpp0077405	0.0
7227.FBpp0088427	7227.FBpp0083583	0.0
7227.FBpp0075827	7227.FBpp0080404	0.0
7227.FBpp0293947	7227.FBpp0074908	0.0
7227.FBpp0086530	7227.FBpp0290511	0.0
7227.FBpp0078391	7227.FBpp0073483	0.0
7227.FBpp0073781	7227.FBpp0077885	0.0
7227.FBpp0303504	7227.FBpp0296981	0.0
7227.FBpp0091042	7227.FBpp0071770	0.0
7227.FBpp0297923	7227.FBpp0290047	0.0
7227.FBpp0071831	7227.FBpp0304214	0.0
7227.FBpp0082256	7227.FBpp0288648	0.0
7227.FBpp0304089	7227.FBpp0304847	0.0
7227.FBpp0087713	7227.FBpp0077623	0.0
7227.FBpp0304007	7227.FBpp0289595	0.0
7227.FBpp0084759	7227.FBpp0074842	0.0
7227.FBpp0100058	7227.FBpp0085373	0.0
7227.FBpp0305990	7227.FBpp0081047	0.0
7227.FBpp0082333	7227.FBpp0080971	0.0
7227.FBpp0303867	7227.FBpp0289324	0.0
7227.FBpp0081820	7227.FBpp0081092	0.0
7227.FBpp0082148	7227.FBpp0083540	0.0
7227.FBpp0289634	7227.FBpp0291491	0.0
7227.FBpp0073864	7227.FBpp0086071	0.0
7227.FBpp0087499	7227.FBpp0076968	0.0
7227.FBpp0070791	7227.FBpp0080584	0.0
7227.FBpp0082666	7227.FBpp0293141	0.0
7227.FBpp0087467	7227.FBpp0081946	0.0
7227.FBpp0084205	7227.FBpp0085673	0.0
7227.FBpp0085665	7227.FBpp0071924	0.0
7227.FBpp0293345	7227.FBpp0297645	0.0
7227.FBpp0296986	7227.FBpp0305085	0.0
7227.FBpp0070024	7227.FBpp0071930	0.0
7227.FBpp0304823	7227.FBpp0084225	0.0
7227.FBpp0304289	7227.FBpp0079320	0.0
7227.FBpp0077705	7227.FBpp0291481	0.0
7227.FBpp0099714	7227.FBpp0078893	0.0
7227.FBpp0073128	7227.FBpp0297990	0.0
7227.FBpp0080759	7227.FBpp0290041	0.0
7227.FBpp0074206	7227.FBpp0071505	0.0
7227.FBpp0087797	7227.FBpp0290118	0.0
7227.FBpp0074156	7227.FBpp0080401	0.0
7227.FBpp0076407	7227.FBpp0079211	0.0
7227.FBpp0303490	7227.FBpp0072957	0.0
7227.FBpp0289297	7227.FBpp0080694	0.0
7227.FBpp0079248	7227.FBpp0304571	0.0
7227.FBpp0080298	7227.FBpp0087609	0.0
7227.FBpp0072756	7227.FBpp0087190	0.0
7227.FBpp0080113	7227.FBpp0078553	0.0
7227.FBpp0089218	7227.FBpp0088070	0.0
7227.FBpp0083774	7227.FBpp0079828	0.0
7227.FBpp0302792	7227.FBpp0078247	0.0
7227.FBpp0297738	7227.FBpp0293608	0.0
7227.FBpp0072737	7227.FBpp0304349	0.0
7227.FBpp0099690	7227.FBpp0075018	0.0
7227.FBpp0298023	7227.FBpp0076837	0.0
7227.FBpp0291482	7227.FBpp0303392	0.0
7227.FBpp0083942	7227.FBpp0087154	0.0
7227.FBpp0070702	7227.FBpp0305820	0.0
7227.FBpp0082627	7227.FBpp0289707	0.0
7227.FBpp0075576	7227.FBpp0070976	0.0
7227.FBpp0083191	7227.FBpp0072064	0.0
7227.FBpp0085149	7227.FBpp0084155	0.0
7227.FBpp0085015	7227.FBpp0292474	0.0
7227.FBpp0078645	7227.FBpp0086570	0.0
7227.FBpp0111861	7227.FBpp0075563	0.0
7227.FBpp0292509	7227.FBpp0077786	0.0
7227.FBpp0070745	7227.FBpp0305403	0.0
7227.FBpp0089088	7227.FBpp0077132	0.0
7227.FBpp0291073	7227.FBpp0080480	0.0
7227.FBpp0293431	7227.FBpp0294039	0.0
7227.FBpp0079127	7227.FBpp0082361	0.0
7227.FBpp0083159	7227.FBpp0088591	0.0
7227.FBpp0076319	7227.FBpp0304981	0.0
7227.FBpp0072418	7227.FBpp0291440	0.0
7227.FBpp0072603	7227.FBpp0289404	0.0
7227.FBpp0081286	7227.FBpp0074602	0.0
7227.FBpp0302704	7227.FBpp0083356	0.0
7227.FBpp0303348	7227.FBpp0080277	0.0
7227.FBpp0074167	7227.FBpp0081189	0.0
7227.FBpp0099481	7227.FBpp0100166	0.0
7227.FBpp0288974	7227.FBpp0289517	0.0
7227.FBpp0289925	7227.FBpp0087117	0.0
7227.FBpp0293410	7227.FBpp0302561	0.0
7227.FBpp0082272	7227.FBpp0301020	0.0
7227.FBpp0300909	7227.FBpp0084641	0.0
7227.FBpp0303584	7227.FBpp0078673	0.0
7227.FBpp0087590	7227.FBpp0302001	0.0
7227.FBpp0083337	7227.FBpp0303995	0.0
7227.FBpp0078994	7227.FBpp0087860	0.0
7227.FBpp0071676	7227.FBpp0292021	0.0
7227.FBpp0084457	7227.FBpp0083711	0.0
7227.FBpp0305586	7227.FBpp0071999	0.0
7227.FBpp0304436	7227.FBpp0073291	0.0
7227.FBpp0099625	7227.FBpp0082667	0.0
7227.FBpp0288372	7227.FBpp0076842	0.0
7227.FBpp0086067	7227.FBpp0303844	0.0
7227.FBpp0288447	7227.FBpp0291464	0.0
7227.FBpp0100056	7227.FBpp0292130	0.0
7227.FBpp0304468	7227.FBpp0300558	0.0
7227.FBpp0076089	7227.FBpp0075735	0.0
7227.FBpp0083145	7227.FBpp0111813	0.0
7227.FBpp0078967	7227.FBpp0077995	0.0
7227.FBpp0082312	7227.FBpp0304810	0.0
7227.FBpp0304654	7227.FBpp0293796	0.0
7227.FBpp0087164	7227.FBpp0085041	0.0
7227.FBpp0086567	7227.FBpp0076642	0.0
7227.FBpp0303304	7227.FBpp0071186	0.0
7227.FBpp0302686	7227.FBpp0074199	0.0
7227.FBpp0293502	7227.FBpp0081403	0.0
7227.FBpp0088426	7227.FBpp0081606	0.0
7227.FBpp0072129	7227.FBpp0087321	0.0
7227.FBpp0305996	7227.FBpp0086152	0.0
7227.FBpp0080656	7227.FBpp0292835	0.0
7227.FBpp0303750	7227.FBpp0292840	0.0
7227.FBpp0085644	7227.FBpp0083739	0.0
7227.FBpp0292670	7227.FBpp0086804	0.0
7227.FBpp0288372	7227.FBpp0305977	0.0
7227.FBpp0290751	7227.FBpp0072930	0.0
7227.FBpp0291551	7227.FBpp0289586	0.0
7227.FBpp0291537	7227.FBpp0082251	0.0
7227.FBpp0073302	7227.FBpp0070888	0.0
7227.FBpp0073768	7227.FBpp0090945	0.0
7227.FBpp0084635	7227.FBpp0072685	0.0
7227.FBpp0085226	7227.FBpp0072281	0.0
7227.FBpp0071135	7227.FBpp0084607	0.0
7227.FBpp0070976	7227.FBpp0297740	0.0
7227.FBpp0084378	7227.FBpp0084421	0.0
7227.FBpp0078988	7227.FBpp0084170	0.0
7227.FBpp0086881	7227.FBpp0083151	0.0
7227.FBpp0071082	7227.FBpp0289464	0.0
7227.FBpp0082666	7227.FBpp0083450	0.0
7227.FBpp0290422	7227.FBpp0070992	0.0
7227.FBpp0085359	7227.FBpp0306050	0.0
7227.FBpp0074889	7227.FBpp0088024	0.0
7227.FBpp0083780	7227.FBpp0305030	0.0
7227.FBpp0289400	7227.FBpp0081556	0.0
7227.FBpp0077411	7227.FBpp0072462	0.0
7227.FBpp0073293	7227.FBpp0074517	0.0
7227.FBpp0087589	7227.FBpp0078601	0.0
7227.FBpp0083925	7227.FBpp0110100	0.0
7227.FBpp0076638	7227.FBpp0304732	0.0
7227.FBpp0075115	7227.FBpp0085867	0.0
7227.FBpp0081476	7227.FBpp0292806	0.0
7227.FBpp0288569	7227.FBpp0089243	0.0
7227.FBpp0080826	7227.FBpp0074506	0.0
7227.FBpp0072952	7227.FBpp0083816	0.0
7227.FBpp0297548	7227.FBpp0073068	0.0
7227.FBpp0080880	7227.FBpp0082277	0.0
7227.FBpp0297756	7227.FBpp0305105	0.0
7227.FBpp0075668	7227.FBpp0289482	0.0
7227.FBpp0111863	7227.FBpp0083151	0.0
7227.FBpp0078634	7227.FBpp0301014	0.0
7227.FBpp0079992	7227.FBpp0078371	0.0
7227.FBpp0075915	7227.FBpp0083094	0.0
7227.FBpp0306144	7227.FBpp0081286	0.0
7227.FBpp0302052	7227.FBpp0082582	0.0
7227.FBpp0085923	7227.FBpp0112118	0.0
7227.FBpp0078433	7227.FBpp0300453	0.0
7227.FBpp0304372	7227.FBpp0072241	0.0
7227.FBpp0112491	7227.FBpp0305076	0.0
7227.FBpp0111284	7227.FBpp0289336	0.0
7227.FBpp0302902	7227.FBpp0082168	0.0
7227.FBpp0297554	7227.FBpp0293415	0.0
7227.FBpp0293540	7227.FBpp0083488	0.0
7227.FBpp0304400	7227.FBpp0303938	0.0
7227.FBpp0301714	7227.FBpp0080520	0.0
7227.FBpp0083745	7227.FBpp0111469	0.0
7227.FBpp0082066	7227.FBpp0300568	0.0
7227.FBpp0090986	7227.FBpp0292926	0.0
7227.FBpp0305280	7227.FBpp0079907	0.0
7227.FBpp0110138	7227.FBpp0080000	0.0
7227.FBpp0292353	7227.FBpp0290040	0.0
7227.FBpp0073862	7227.FBpp0301789	0.0
7227.FBpp0086132	7227.FBpp0291167	0.0
7227.FBpp0085698	7227.FBpp0070673	0.0
7227.FBpp0289442	7227.FBpp0290204	0.0
7227.FBpp0084562	7227.FBpp0071052	0.0
7227.FBpp0302844	7227.FBpp0082843	0.0
7227.FBpp0080577	7227.FBpp0078599	0.0
7227.FBpp0302822	7227.FBpp0300440	0.0
7227.FBpp0076388	7227.FBpp0099546	0.0
7227.FBpp0074649	7227.FBpp0290531	0.0
7227.FBpp0293216	7227.FBpp0293269	0.0
7227.FBpp0071423	7227.FBpp0291909	0.0
7227.FBpp0079109	7227.FBpp0070085	0.0
7227.FBpp0081607	7227.FBpp0292806	0.0
7227.FBpp0081524	7227.FBpp0078685	0.0
7227.FBpp0076553	7227.FBpp0070350	0.0
7227.FBpp0077957	7227.FBpp0084450	0.0
7227.FBpp0080868	7227.FBpp0100113	0.0
7227.FBpp0072425	7227.FBpp0289236	0.0
7227.FBpp0085818	7227.FBpp0072627	0.0
7227.FBpp0305148	7227.FBpp0083358	0.0
7227.FBpp0083398	7227.FBpp0304267	0.0
7227.FBpp0070155	7227.FBpp0071718	0.0
7227.FBpp0072943	7227.FBpp0293124	0.0
7227.FBpp0077474	7227.FBpp0077473	0.0
7227.FBpp0070531	7227.FBpp0297142	0.0
7227.FBpp0302928	7227.FBpp0305472	0.0
7227.FBpp0289967	7227.FBpp0290094	0.0
7227.FBpp0080663	7227.FBpp0291518	0.0
7227.FBpp0076389	7227.FBpp0083183	0.0
7227.FBpp0303246	7227.FBpp0078549	0.0
7227.FBpp0075631	7227.FBpp0077305	0.0
7227.FBpp0072777	7227.FBpp0303843	0.0
7227.FBpp0072040	7227.FBpp0080448	0.0
7227.FBpp0070627	7227.FBpp0078807	0.0
7227.FBpp0291993	7227.FBpp0305829	0.0
7227.FBpp0087498	7227.FBpp0073104	0.0
7227.FBpp0087156	7227.FBpp0080710	0.0
7227.FBpp0290784	7227.FBpp0112240	0.0
7227.FBpp0302541	7227.FBpp0292670	0.0
7227.FBpp0304882	7227.FBpp0083531	0.0
7227.FBpp0077206	7227.FBpp0290477	0.0
7227.FBpp0292971	7227.FBpp0303702	0.0
7227.FBpp0078268	7227.FBpp0304915	0.0
7227.FBpp0073377	7227.FBpp0071993	0.0
7227.FBpp0083861	7227.FBpp0086985	0.0
7227.FBpp0300796	7227.FBpp0083991	0.0
7227.FBpp0087501	7227.FBpp0305938	0.0
7227.FBpp0291537	7227.FBpp0075619	0.0
7227.FBpp0290011	7227.FBpp0291174	0.0
7227.FBpp0305138	7227.FBpp0074918	0.0
7227.FBpp0079138	7227.FBpp0088961	0.0
7227.FBpp0082839	7227.FBpp0083918	0.0
7227.FBpp0085477	7227.FBpp0300319	0.0
7227.FBpp0291690	7227.FBpp0293514	0.0
7227.FBpp0303539	7227.FBpp0081138	0.0
7227.FBpp0084918	7227.FBpp0300174	0.0
7227.FBpp0071114	7227.FBpp0084084	0.0
7227.FBpp0292990	7227.FBpp0087065	0.0
7227.FBpp0070199	7227.FBpp0078079	0.0
7227.FBpp0290260	7227.FBpp0074868	0.0
7227.FBpp0081380	7227.FBpp0071831	0.0
7227.FBpp0077750	7227.FBpp0088442	0.0
7227.FBpp0293279	7227.FBpp0072278	0.0
7227.FBpp0077903	7227.FBpp0298346	0.0
7227.FBpp0076186	7227.FBpp0289506	0.0
7227.FBpp0081670	7227.FBpp0305230	0.0
7227.FBpp0301567	7227.FBpp0073947	0.0
7227.FBpp0072596	7227.FBpp0072304	0.0
7227.FBpp0073269	7227.FBpp0087088	0.0
7227.FBpp0079272	7227.FBpp0091147	0.0
7227.FBpp0291518	7227.FBpp0091084	0.0
7227.FBpp0290365	7227.FBpp0075971	0.0
7227.FBpp0084814	7227.FBpp0084938	0.0
7227.FBpp0079699	7227.FBpp0091089	0.0
7227.FBpp0305583	7227.FBpp0297554	0.0
7227.FBpp0305105	7227.FBpp0084947	0.0
7227.FBpp0302914	7227.FBpp0302980	0.0
7227.FBpp0075488	7227.FBpp0087318	0.0
7227.FBpp0300816	7227.FBpp0089108	0.0
7227.FBpp0300561	7227.FBpp0086068	0.0
7227.FBpp0079914	7227.FBpp0087889	0.0
7227.FBpp0073030	7227.FBpp0084307	0.0
7227.FBpp0306180	7227.FBpp0072257	0.0
7227.FBpp0087050	7227.FBpp0072379	0.0
7227.FBpp0075619	7227.FBpp0271698	0.0
7227.FBpp0079526	7227.FBpp0070035	0.0
7227.FBpp0079778	7227.FBpp0077144	0.0
7227.FBpp0086231	7227.FBpp0078400	0.0
7227.FBpp0290751	7227.FBpp0293721	0.0
7227.FBpp0301688	7227.FBpp0083431	0.0
7227.FBpp0292621	7227.FBpp0302694	0.0
7227.FBpp0073308	7227.FBpp0080826	0.0
7227.FBpp0297539	7227.FBpp0078662	0.0
7227.FBpp0088024	7227.FBpp0084251	0.0
7227.FBpp0112997	7227.FBpp0112227	0.0
7227.FBpp0088220	7227.FBpp0083373	0.0
7227.FBpp0301823	7227.FBpp0288667	0.0
7227.FBpp0112462	7227.FBpp0305695	0.0
7227.FBpp0300458	7227.FBpp0078664	0.0
7227.FBpp0305743	7227.FBpp0305927	0.0
7227.FBpp0085720	7227.FBpp0304558	0.0
7227.FBpp0077690	7227.FBpp0076874	0.0
7227.FBpp0080062	7227.FBpp0304137	0.0
7227.FBpp0075894	7227.FBpp0304947	0.0
7227.FBpp0293232	7227.FBpp0303355	0.0
7227.FBpp0073638	7227.FBpp0073252	0.0
7227.FBpp0087100	7227.FBpp0076416	0.0
7227.FBpp0076084	7227.FBpp0305588	0.0
7227.FBpp0083458	7227.FBpp0073940	0.0
7227.FBpp0082016	7227.FBpp0074163	0.0
7227.FBpp0111889	7227.FBpp0075063	0.0
7227.FBpp0111486	7227.FBpp0076948	0.0
7227.FBpp0071290	7227.FBpp0073362	0.0
7227.FBpp0293750	7227.FBpp0297436	0.0
7227.FBpp0297767	7227.FBpp0085872	0.0
7227.FBpp0078122	7227.FBpp0303538	0.0
7227.FBpp0305863	7227.FBpp0074190	0.0
7227.FBpp0078310	7227.FBpp0084283	0.0
7227.FBpp0076081	7227.FBpp0086177	0.0
7227.FBpp0084486	7227.FBpp0080450	0.0
7227.FBpp0072571	7227.FBpp0289723	0.0
7227.FBpp0305066	7227.FBpp0304806	0.0
7227.FBpp0291440	7227.FBpp0074391	0.0
7227.FBpp0304372	7227.FBpp0290741	0.0
7227.FBpp0099462	7227.FBpp0088070	0.0
7227.FBpp0290653	7227.FBpp0304162	0.0
7227.FBpp0087647	7227.FBpp0075178	0.0
7227.FBpp0292831	7227.FBpp0290949	0.0
7227.FBpp0070465	7227.FBpp0077099	0.0
7227.FBpp0304096	7227.FBpp0077370	0.0
7227.FBpp0110406	7227.FBpp0110178	0.0
7227.FBpp0083046	7227.FBpp0081766	0.0
7227.FBpp0088024	7227.FBpp0305247	0.0
7227.FBpp0084549	7227.FBpp0081069	0.0
7227.FBpp0079185	7227.FBpp0087755	0.0
7227.FBpp0088274	7227.FBpp0087258	0.0
7227.FBpp0086293	7227.FBpp0076653	0.0
7227.FBpp0072837	7227.FBpp0081588	0.0
7227.FBpp0070540	7227.FBpp0289938	0.0
7227.FBpp0289415	7227.FBpp0091043	0.0
7227.FBpp0074811	7227.FBpp0289664	0.0
7227.FBpp0072847	7227.FBpp0081350	0.0
7227.FBpp0084873	7227.FBpp0078612	0.0
7227.FBpp0297988	7227.FBpp0088843	0.0
7227.FBpp0303002	7227.FBpp0099852	0.0
7227.FBpp0085737	7227.FBpp0076039	0.0
7227.FBpp0302740	7227.FBpp0077893	0.0
7227.FBpp0084910	7227.FBpp0306023	0.0
7227.FBpp0292728	7227.FBpp0083007	0.0
7227.FBpp0081153	7227.FBpp0082369	0.0
7227.FBpp0086126	7227.FBpp0293995	0.0
7227.FBpp0290172	7227.FBpp0293681	0.0
7227.FBpp0087903	7227.FBpp0290040	0.0
7227.FBpp0077629	7227.FBpp0298346	0.0
7227.FBpp0071718	7227.FBpp0073066	0.0
7227.FBpp0077405	7227.FBpp0297301	0.0
7227.FBpp0073119	7227.FBpp0079566	0.0
7227.FBpp0290451	7227.FBpp0080331	0.0
7227.FBpp0292361	7227.FBpp0087311	0.0
7227.FBpp0076459	7227.FBpp0079189	0.0
7227.FBpp0304092	7227.FBpp0303307	0.0
7227.FBpp0073437	7227.FBpp0271853	0.0
7227.FBpp0302864	7227.FBpp0111440	0.0
7227.FBpp0075109	7227.FBpp0087887	0.0
7227.FBpp0303307	7227.FBpp0085675	0.0
7227.FBpp0070875	7227.FBpp0290166	0.0
7227.FBpp0082401	7227.FBpp0070899	0.0
7227.FBpp0301047	7227.FBpp0111379	0.0
7227.FBpp0301618	7227.FBpp0089246	0.0
7227.FBpp0077602	7227.FBpp0071015	0.0
7227.FBpp0297777	7227.FBpp0084434	0.0
7227.FBpp0073690	7227.FBpp0080365	0.0
7227.FBpp0080445	7227.FBpp0082609	0.0
7227.FBpp0073015	7227.FBpp0079598	0.0
7227.FBpp0070651	7227.FBpp0078788	0.0
7227.FBpp0075834	7227.FBpp0071134	0.0
7227.FBpp0112360	7227.FBpp0304694	0.0
7227.FBpp0072553	7227.FBpp0081343	0.0
7227.FBpp0084794	7227.FBpp0111274	0.0
7227.FBpp0079362	7227.FBpp0087232	0.0
7227.FBpp0084520	7227.FBpp0293124	0.0
7227.FBpp0085796	7227.FBpp0082242	0.0
7227.FBpp0076314	7227.FBpp0305610	0.0
7227.FBpp0305195	7227.FBpp0301765	0.0
7227.FBpp0082419	7227.FBpp0085134	0.0
7227.FBpp0086468	7227.FBpp0081124	0.0
7227.FBpp0111999	7227.FBpp0070868	0.0
7227.FBpp0073015	7227.FBpp0088880	0.0
7227.FBpp0300797	7227.FBpp0111476	0.0
7227.FBpp0080268	7227.FBpp0305736	0.0
7227.FBpp0081661	7227.FBpp0301555	0.0
7227.FBpp0072233	7227.FBpp0303554	0.0
7227.FBpp0076930	7227.FBpp0112043	0.0
7227.FBpp0081246	7227.FBpp0074637	0.0
7227.FBpp0082247	7227.FBpp0289808	0.0
7227.FBpp0084475	7227.FBpp0112289	0.0
7227.FBpp0077983	7227.FBpp0079737	0.0
7227.FBpp0297363	7227.FBpp0079073	0.0
7227.FBpp0080149	7227.FBpp0087316	0.0
7227.FBpp0305585	7227.FBpp0303260	0.0
7227.FBpp0071304	7227.FBpp0297573	0.0
7227.FBpp0085164	7227.FBpp0292389	0.0
7227.FBpp0087841	7227.FBpp0081654	0.0
7227.FBpp0072062	7227.FBpp0297124	0.0
7227.FBpp0302912	7227.FBpp0303710	0.0
7227.FBpp0303812	7227.FBpp0074045	0.0
7227.FBpp0070285	7227.FBpp0298023	0.0
7227.FBpp0079103	7227.FBpp0081452	0.0
7227.FBpp0071626	7227.FBpp0091080	0.0
7227.FBpp0305098	7227.FBpp0076956	0.0
7227.FBpp0072848	7227.FBpp0070612	0.0
7227.FBpp0077812	7227.FBpp0296959	0.0
7227.FBpp0091166	7227.FBpp0085259	0.0
7227.FBpp0305753	7227.FBpp0083991	0.0
7227.FBpp0271912	7227.FBpp0082153	0.0
7227.FBpp0082521	7227.FBpp0088885	0.0
7227.FBpp0077564	7227.FBpp0075348	0.0
7227.FBpp0293648	7227.FBpp0290379	0.0
7227.FBpp0080750	7227.FBpp0297740	0.0
7227.FBpp0075794	7227.FBpp0073542	0.0
7227.FBpp0071285	7227.FBpp0293358	0.0
7227.FBpp0088056	7227.FBpp0110101	0.0
7227.FBpp0087831	7227.FBpp0088417	0.0
7227.FBpp0077469	7227.FBpp0072847	0.0
7227.FBpp0072992	7227.FBpp0085519	0.0
7227.FBpp0087532	7227.FBpp0076990	0.0
7227.FBpp0300522	7227.FBpp0088428	0.0
7227.FBpp0288844	7227.FBpp0087911	0.0
7227.FBpp0302981	7227.FBpp0076472	0.0
7227.FBpp0305789	7227.FBpp0075387	0.0
7227.FBpp0081388	7227.FBpp0301836	0.0
7227.FBpp0290177	7227.FBpp0086516	0.0
7227.FBpp0085444	7227.FBpp0305012	0.0
7227.FBpp0070117	7227.FBpp0079595	0.0
7227.FBpp0084362	7227.FBpp0084832	0.0
7227.FBpp0303899	7227.FBpp0077065	0.0
7227.FBpp0074856	7227.FBpp0073670	0.0
7227.FBpp0303805	7227.FBpp0099612	0.0
7227.FBpp0087605	7227.FBpp0304958	0.0
7227.FBpp0075373	7227.FBpp0297441	0.0
7227.FBpp0083105	7227.FBpp0082539	0.0
7227.FBpp0110205	7227.FBpp0072881	0.0
7227.FBpp0086355	7227.FBpp0071474	0.0
7227.FBpp0081771	7227.FBpp0078606	0.0
7227.FBpp0292313	7227.FBpp0074881	0.0
7227.FBpp0081391	7227.FBpp0099636	0.0
7227.FBpp0082814	7227.FBpp0292671	0.0
7227.FBpp0072885	7227.FBpp0080507	0.0
7227.FBpp0074907	7227.FBpp0078306	0.0
7227.FBpp0086192	7227.FBpp0080944	0.0
7227.FBpp0087518	7227.FBpp0304645	0.0
7227.FBpp0074215	7227.FBpp0071642	0.0
7227.FBpp0089094	7227.FBpp0082419	0.0
7227.FBpp0083142	7227.FBpp0087613	0.0
7227.FBpp0078543	7227.FBpp0079388	0.0
7227.FBpp0086346	7227.FBpp0292305	0.0
7227.FBpp0292840	7227.FBpp0306039	0.0
7227.FBpp0112417	7227.FBpp0083914	0.0
7227.FBpp0111776	7227.FBpp0111962	0.0
7227.FBpp0081573	7227.FBpp0290012	0.0
7227.FBpp0079988	7227.FBpp0300793	0.0
7227.FBpp0083573	7227.FBpp0088969	0.0
7227.FBpp0083571	7227.FBpp0085812	0.0
7227.FBpp0292932	7227.FBpp0086521	0.0
7227.FBpp0289464	7227.FBpp0077545	0.0
7227.FBpp0086175	7227.FBpp0083749	0.0
7227.FBpp0073223	7227.FBpp0072756	0.0
7227.FBpp0077939	7227.FBpp0290168	0.0
7227.FBpp0289074	7227.FBpp0087206	0.0
7227.FBpp0087091	7227.FBpp0075887	0.0
7227.FBpp0083397	7227.FBpp0291581	0.0
7227.FBpp0081195	7227.FBpp0073861	0.0
7227.FBpp0081392	7227.FBpp0087616	0.0
7227.FBpp0301605	7227.FBpp0076833	0.0
7227.FBpp0079803	7227.FBpp0111423	0.0
7227.FBpp0083191	7227.FBpp0100176	0.0
7227.FBpp0088318	7227.FBpp0075987	0.0
7227.FBpp0080394	7227.FBpp0292779	0.0
7227.FBpp0079103	7227.FBpp0071580	0.0
7227.FBpp0071683	7227.FBpp0074520	0.0
7227.FBpp0305445	7227.FBpp0085505	0.0
7227.FBpp0110508	7227.FBpp0303789	0.0
7227.FBpp0072640	7227.FBpp0079437	0.0
7227.FBpp0088213	7227.FBpp0304352	0.0
7227.FBpp0085907	7227.FBpp0292545	0.0
7227.FBpp0288699	7227.FBpp0077748	0.0
7227.FBpp0075713	7227.FBpp0303827	0.0
7227.FBpp0087050	7227.FBpp0304703	0.0
7227.FBpp0111395	7227.FBpp0070853	0.0
7227.FBpp0077233	7227.FBpp0288577	0.0
7227.FBpp0084613	7227.FBpp0076653	0.0
7227.FBpp0082814	7227.FBpp0297235	0.0
7227.FBpp0087911	7227.FBpp0075737	0.0
7227.FBpp0300842	7227.FBpp0085618	0.0
7227.FBpp0075870	7227.FBpp0086522	0.0
7227.FBpp0073041	7227.FBpp0271917	0.0
7227.FBpp0088026	7227.FBpp0080990	0.0
7227.FBpp0099892	7227.FBpp0077465	0.0
7227.FBpp0089412	7227.FBpp0073770	0.0
7227.FBpp0084436	7227.FBpp0083965	0.0
7227.FBpp0073797	7227.FBpp0087064	0.0
7227.FBpp0302705	7227.FBpp0288951	0.0
7227.FBpp0075797	7227.FBpp0303306	0.0
7227.FBpp0099996	7227.FBpp0075384	0.0
7227.FBpp0304434	7227.FBpp0071215	0.0
7227.FBpp0091063	7227.FBpp0099609	0.0
7227.FBpp0075775	7227.FBpp0305068	0.0
7227.FBpp0292034	7227.FBpp0289500	0.0
7227.FBpp0087605	7227.FBpp0086932	0.0
7227.FBpp0075946	7227.FBpp0291082	0.0
7227.FBpp0084542	7227.FBpp0089364	0.0
7227.FBpp0300394	7227.FBpp0083020	0.0
7227.FBpp0301688	7227.FBpp0085901	0.0
7227.FBpp0297118	7227.FBpp0087797	0.0
7227.FBpp0293429	7227.FBpp0075736	0.0
7227.FBpp0086567	7227.FBpp0292389	0.0
7227.FBpp0078093	7227.FBpp0076167	0.0
7227.FBpp0291188	7227.FBpp0301150	0.0
7227.FBpp0076930	7227.FBpp0291449	0.0
7227.FBpp0074176	7227.FBpp0078065	0.0
7227.FBpp0085015	7227.FBpp0085959	0.0
7227.FBpp0084350	7227.FBpp0303976	0.0
7227.FBpp0293381	7227.FBpp0081631	0.0
7227.FBpp0071809	7227.FBpp0084718	0.0
7227.FBpp0071534	7227.FBpp0084594	0.0
7227.FBpp0075556	7227.FBpp0297925	0.0
7227.FBpp0079325	7227.FBpp0293498	0.0
7227.FBpp0079384	7227.FBpp0074019	0.0
7227.FBpp0085566	7227.FBpp0087321	0.0
7227.FBpp0099546	7227.FBpp0080411	0.0
7227.FBpp0304571	7227.FBpp0070979	0.0
7227.FBpp0304315	7227.FBpp0298824	0.0
7227.FBpp0075760	7227.FBpp0298271	0.0
7227.FBpp0070702	7227.FBpp0304687	0.0
7227.FBpp0088529	7227.FBpp0074633	0.0
7227.FBpp0084457	7227.FBpp0086273	0.0
7227.FBpp0292928	7227.FBpp0291448	0.0
7227.FBpp0112348	7227.FBpp0084831	0.0
7227.FBpp0089092	7227.FBpp0082401	0.0
7227.FBpp0075257	7227.FBpp0297097	0.0
7227.FBpp0304026	7227.FBpp0089093	0.0
7227.FBpp0081382	7227.FBpp0297867	0.0
7227.FBpp0075932	7227.FBpp0305243	0.0
7227.FBpp0100140	7227.FBpp0077027	0.0
7227.FBpp0071679	7227.FBpp0305728	0.0
7227.FBpp0297596	7227.FBpp0086682	0.0
7227.FBpp0075903	7227.FBpp0288655	0.0
7227.FBpp0084974	7227.FBpp0301102	0.0
7227.FBpp0289181	7227.FBpp0076124	0.0
7227.FBpp0089000	7227.FBpp0306150	0.0
7227.FBpp0078689	7227.FBpp0290415	0.0
7227.FBpp0075808	7227.FBpp0073079	0.0
7227.FBpp0088112	7227.FBpp0086648	0.0
7227.FBpp0070077	7227.FBpp0079207	0.0
7227.FBpp0076127	7227.FBpp0077143	0.0
7227.FBpp0089169	7227.FBpp0075352	0.0
7227.FBpp0077366	7227.FBpp0078532	0.0
7227.FBpp0084028	7227.FBpp0111358	0.0
7227.FBpp0078194	7227.FBpp0086601	0.0
7227.FBpp0076430	7227.FBpp0088145	0.0
7227.FBpp0083536	7227.FBpp0075940	0.0
7227.FBpp0086575	7227.FBpp0083275	0.0
7227.FBpp0073530	7227.FBpp0086628	0.0
7227.FBpp0087212	7227.FBpp0081204	0.0
7227.FBpp0077867	7227.FBpp0305088	0.0
7227.FBpp0089021	7227.FBpp0302569	0.0
7227.FBpp0074538	7227.FBpp0078237	0.0
7227.FBpp0084360	7227.FBpp0111675	0.0
7227.FBpp0297447	7227.FBpp0076680	0.0
7227.FBpp0075257	7227.FBpp0086192	0.0
7227.FBpp0073486	7227.FBpp0082535	0.0
7227.FBpp0071135	7227.FBpp0077869	0.0
7227.FBpp0087635	7227.FBpp0087624	0.0
7227.FBpp0112440	7227.FBpp0087609	0.0
7227.FBpp0075935	7227.FBpp0071214	0.0
7227.FBpp0088701	7227.FBpp0074907	0.0
7227.FBpp0304422	7227.FBpp0072037	0.0
7227.FBpp0082907	7227.FBpp0079271	0.0
7227.FBpp0081787	7227.FBpp0070285	0.0
7227.FBpp0288782	7227.FBpp0073522	0.0
7227.FBpp0086499	7227.FBpp0072386	0.0
7227.FBpp0111652	7227.FBpp0289523	0.0
7227.FBpp0084570	7227.FBpp0082649	0.0
7227.FBpp0084637	7227.FBpp0079160	0.0
7227.FBpp0078648	7227.FBpp0110275	0.0
7227.FBpp0074392	7227.FBpp0073618	0.0
7227.FBpp0086552	7227.FBpp0077597	0.0
7227.FBpp0304187	7227.FBpp0289734	0.0
7227.FBpp0082088	7227.FBpp0072446	0.0
7227.FBpp0087106	7227.FBpp0081484	0.0
7227.FBpp0099476	7227.FBpp0079502	0.0
7227.FBpp0080394	7227.FBpp0075175	0.0
7227.FBpp0305195	7227.FBpp0086446	0.0
7227.FBpp0297866	7227.FBpp0303207	0.0
7227.FBpp0082657	7227.FBpp0292075	0.0
7227.FBpp0078021	7227.FBpp0074893	0.0
7227.FBpp0289541	7227.FBpp0083043	0.0
7227.FBpp0087477	7227.FBpp0078767	0.0
7227.FBpp0304610	7227.FBpp0294004	0.0
7227.FBpp0271897	7227.FBpp0083546	0.0
7227.FBpp0084910	7227.FBpp0080039	0.0
7227.FBpp0088552	7227.FBpp0073041	0.0
7227.FBpp0083824	7227.FBpp0293851	0.0
7227.FBpp0085618	7227.FBpp0073861	0.0
7227.FBpp0080051	7227.FBpp0290076	0.0
7227.FBpp0099409	7227.FBpp0074739	0.0
7227.FBpp0074677	7227.FBpp0071609	0.0
7227.FBpp0072112	7227.FBpp0077962	0.0
7227.FBpp0306199	7227.FBpp0099728	0.0
7227.FBpp0304504	7227.FBpp0082300	0.0
7227.FBpp0291255	7227.FBpp0085015	0.0
7227.FBpp0086775	7227.FBpp0084775	0.0
7227.FBpp0073119	7227.FBpp0305430	0.0
7227.FBpp0071886	7227.FBpp0291598	0.0
7227.FBpp0073839	7227.FBpp0297221	0.0
7227.FBpp0289320	7227.FBpp0083986	0.0
7227.FBpp0271852	7227.FBpp0297301	0.0
7227.FBpp0293502	7227.FBpp0081378	0.0
7227.FBpp0072050	7227.FBpp0080671	0.0
7227.FBpp0072385	7227.FBpp0099974	0.0
7227.FBpp0073312	7227.FBpp0084914	0.0
7227.FBpp0304074	7227.FBpp0291914	0.0
7227.FBpp0289866	7227.FBpp0291384	0.0
7227.FBpp0070831	7227.FBpp0083969	0.0
7227.FBpp0302531	7227.FBpp0303978	0.0
7227.FBpp0083217	7227.FBpp0075712	0.0
7227.FBpp0076625	7227.FBpp0075881	0.0
7227.FBpp0290415	7227.FBpp0082793	0.0
7227.FBpp0079154	7227.FBpp0074554	0.0
7227.FBpp0304573	7227.FBpp0071763	0.0
7227.FBpp0071842	7227.FBpp0081048	0.0
7227.FBpp0077688	7227.FBpp0293615	0.0
7227.FBpp0082425	7227.FBpp0301175	0.0
7227.FBpp0081533	7227.FBpp0076265	0.0
7227.FBpp0083945	7227.FBpp0305946	0.0
7227.FBpp0085662	7227.FBpp0080575	0.0
7227.FBpp0084460	7227.FBpp0111484	0.0
7227.FBpp0078265	7227.FBpp0071114	0.0
7227.FBpp0084446	7227.FBpp0089375	0.0
7227.FBpp0087189	7227.FBpp0081236	0.0
7227.FBpp0087805	7227.FBpp0099552	0.0
7227.FBpp0081655	7227.FBpp0087741	0.0
7227.FBpp0297992	7227.FBpp0087051	0.0
7227.FBpp0292251	7227.FBpp0070871	0.0
7227.FBpp0081563	7227.FBpp0084113	0.0
7227.FBpp0087437	7227.FBpp0070348	0.0
7227.FBpp0071104	7227.FBpp0305622	0.0
7227.FBpp0079683	7227.FBpp0303712	0.0
7227.FBpp0076245	7227.FBpp0076180	0.0
7227.FBpp0078606	7227.FBpp0079274	0.0
7227.FBpp0289523	7227.FBpp0087088	0.0
7227.FBpp0304809	7227.FBpp0071277	0.0
7227.FBpp0303110	7227.FBpp0086001	0.0
7227.FBpp0076774	7227.FBpp0087217	0.0
7227.FBpp0087376	7227.FBpp0083450	0.0
7227.FBpp0292379	7227.FBpp0305784	0.0
7227.FBpp0288815	7227.FBpp0289931	0.0
7227.FBpp0078516	7227.FBpp0084690	0.0
7227.FBpp0087212	7227.FBpp0289547	0.0
7227.FBpp0303311	7227.FBpp0306152	0.0
7227.FBpp0072859	7227.FBpp0070795	0.0
7227.FBpp0302915	7227.FBpp0085046	0.0
7227.FBpp0302953	7227.FBpp0075861	0.0
7227.FBpp0288674	7227.FBpp0070471	0.0
7227.FBpp0288472	7227.FBpp0072927	0.0
7227.FBpp0297219	7227.FBpp0080990	0.0
7227.FBpp0077147	7227.FBpp0075044	0.0
7227.FBpp0075917	7227.FBpp0297548	0.0
7227.FBpp0291987	7227.FBpp0288961	0.0
7227.FBpp0099649	7227.FBpp0077574	0.0
7227.FBpp0111275	7227.FBpp0302761	0.0
7227.FBpp0091102	7227.FBpp0292305	0.0
7227.FBpp0074548	7227.FBpp0289464	0.0
7227.FBpp0075676	7227.FBpp0300744	0.0
7227.FBpp0110439	7227.FBpp0304046	0.0
7227.FBpp0298046	7227.FBpp0086717	0.0
7227.FBpp0079439	7227.FBpp0111529	0.0
7227.FBpp0291188	7227.FBpp0293358	0.0
7227.FBpp0072258	7227.FBpp0084583	0.0
7227.FBpp0080167	7227.FBpp0089021	0.0
7227.FBpp0113003	7227.FBpp0300433	0.0
7227.FBpp0077521	7227.FBpp0076410	0.0
7227.FBpp0073329	7227.FBpp0073111	0.0
7227.FBpp0081911	7227.FBpp0082426	0.0
7227.FBpp0297283	7227.FBpp0087308	0.0
7227.FBpp0291347	7227.FBpp0072418	0.0
7227.FBpp0112992	7227.FBpp0302734	0.0
7227.FBpp0070361	7227.FBpp0071934	0.0
7227.FBpp0305291	7227.FBpp0074845	0.0
7227.FBpp0088835	7227.FBpp0081136	0.0
7227.FBpp0071815	7227.FBpp0086804	0.0
7227.FBpp0086549	7227.FBpp0289678	0.0
7227.FBpp0071672	7227.FBpp0111739	0.0
7227.FBpp0091109	7227.FBpp0077792	0.0
7227.FBpp0302914	7227.FBpp0304667	0.0
7227.FBpp0305970	7227.FBpp0111583	0.0
7227.FBpp0080799	7227.FBpp0303691	0.0
7227.FBpp0084119	7227.FBpp0083704	0.0
7227.FBpp0072534	7227.FBpp0086385	0.0
7227.FBpp0076990	7227.FBpp0082323	0.0
7227.FBpp0074788	7227.FBpp0086089	0.0
7227.FBpp0088900	7227.FBpp0304754	0.0
7227.FBpp0082600	7227.FBpp0081198	0.0
7227.FBpp0083410	7227.FBpp0072598	0.0
7227.FBpp0289797	7227.FBpp0086219	0.0
7227.FBpp0071791	7227.FBpp0291473	0.0
7227.FBpp0083736	7227.FBpp0290118	0.0
7227.FBpp0292774	7227.FBpp0078735	0.0
7227.FBpp0074756	7227.FBpp0071700	0.0
7227.FBpp0078513	7227.FBpp0082695	0.0
7227.FBpp0071018	7227.FBpp0304714	0.0
7227.FBpp0085594	7227.FBpp0288503	0.0
7227.FBpp0304903	7227.FBpp0082701	0.0
7227.FBpp0080024	7227.FBpp0111722	0.0
7227.FBpp0070682	7227.FBpp0293593	0.0
7227.FBpp0075240	7227.FBpp0079194	0.0
7227.FBpp0082459	7227.FBpp0074168	0.0
7227.FBpp0070659	7227.FBpp0077523	0.0
7227.FBpp0291061	7227.FBpp0110310	0.0
7227.FBpp0070101	7227.FBpp0075223	0.0
7227.FBpp0074391	7227.FBpp0077779	0.0
7227.FBpp0301106	7227.FBpp0080942	0.0
7227.FBpp0076554	7227.FBpp0074430	0.0
7227.FBpp0072503	7227.FBpp0302014	0.0
7227.FBpp0099574	7227.FBpp0086787	0.0
7227.FBpp0304651	7227.FBpp0081794	0.0
7227.FBpp0080708	7227.FBpp0290712	0.0
7227.FBpp0074212	7227.FBpp0290008	0.0
7227.FBpp0081253	7227.FBpp0078575	0.0
7227.FBpp0290775	7227.FBpp0083848	0.0
7227.FBpp0077683	7227.FBpp0073150	0.0
7227.FBpp0290982	7227.FBpp0080142	0.0
7227.FBpp0080465	7227.FBpp0303455	0.0
7227.FBpp0290301	7227.FBpp0077549	0.0
7227.FBpp0292832	7227.FBpp0076904	0.0
7227.FBpp0085935	7227.FBpp0079803	0.0
7227.FBpp0083737	7227.FBpp0291405	0.0
7227.FBpp0071737	7227.FBpp0071114	0.0
7227.FBpp0111738	7227.FBpp0071639	0.0
7227.FBpp0077946	7227.FBpp0080001	0.0
7227.FBpp0082362	7227.FBpp0291450	0.0
7227.FBpp0083557	7227.FBpp0072711	0.0
7227.FBpp0111402	7227.FBpp0075932	0.0
7227.FBpp0088809	7227.FBpp0077132	0.0
7227.FBpp0289943	7227.FBpp0297280	0.0
7227.FBpp0078774	7227.FBpp0077031	0.0
7227.FBpp0301175	7227.FBpp0083946	0.0
7227.FBpp0305165	7227.FBpp0071241	0.0
7227.FBpp0079528	7227.FBpp0112031	0.0
7227.FBpp0305103	7227.FBpp0076782	0.0
7227.FBpp0304999	7227.FBpp0084304	0.0
7227.FBpp0304891	7227.FBpp0289086	0.0
7227.FBpp0071114	7227.FBpp0079971	0.0
7227.FBpp0085634	7227.FBpp0099403	0.0
7227.FBpp0072598	7227.FBpp0087346	0.0
7227.FBpp0076614	7227.FBpp0271901	0.0
7227.FBpp0300457	7227.FBpp0076464	0.0
7227.FBpp0073682	7227.FBpp0084623	0.0
7227.FBpp0074125	7227.FBpp0293723	0.0
7227.FBpp0082249	7227.FBpp0072977	0.0
7227.FBpp0083548	7227.FBpp0305697	0.0
7227.FBpp0300980	7227.FBpp0076790	0.0
7227.FBpp0070366	7227.FBpp0293334	0.0
7227.FBpp0083918	7227.FBpp0087786	0.0
7227.FBpp0077993	7227.FBpp0080409	0.0
7227.FBpp0301014	7227.FBpp0303462	0.0
7227.FBpp0099717	7227.FBpp0086312	0.0
7227.FBpp0300554	7227.FBpp0079473	0.0
7227.FBpp0089137	7227.FBpp0077682	0.0
7227.FBpp0301957	7227.FBpp0085201	0.0
7227.FBpp0076583	7227.FBpp0306059	0.0
7227.FBpp0088670	7227.FBpp0083753	0.0
7227.FBpp0078856	7227.FBpp0076842	0.0
7227.FBpp0288815	7227.FBpp0085201	0.0
7227.FBpp0110283	7227.FBpp0099497	0.0
7227.FBpp0088529	7227.FBpp0078101	0.0
7227.FBpp0099877	7227.FBpp0072776	0.0
7227.FBpp0089244	7227.FBpp0083955	0.0
7227.FBpp0082016	7227.FBpp0304903	0.0
7227.FBpp0075913	7227.FBpp0073500	0.0
7227.FBpp0084202	7227.FBpp0078169	0.0
7227.FBpp0297866	7227.FBpp0073151	0.0
7227.FBpp0075751	7227.FBpp0301584	0.0
7227.FBpp0084360	7227.FBpp0083736	0.0
7227.FBpp0088664	7227.FBpp0300900	0.0
7227.FBpp0075713	7227.FBpp0111523	0.0
7227.FBpp0110319	7227.FBpp0303239	0.0
7227.FBpp0078024	7227.FBpp0290301	0.0
7227.FBpp0074906	7227.FBpp0291779	0.0
7227.FBpp0079919	7227.FBpp0289487	0.0
7227.FBpp0297441	7227.FBpp0086845	0.0
7227.FBpp0289080	7227.FBpp0075597	0.0
7227.FBpp0077524	7227.FBpp0085673	0.0
7227.FBpp0291259	7227.FBpp0086521	0.0
7227.FBpp0111920	7227.FBpp0091161	0.0
7227.FBpp0290194	7227.FBpp0082818	0.0
7227.FBpp0081236	7227.FBpp0084028	0.0
7227.FBpp0084820	7227.FBpp0292041	0.0
7227.FBpp0304314	7227.FBpp0292034	0.0
7227.FBpp0077092	7227.FBpp0077584	0.0
7227.FBpp0076670	7227.FBpp0076937	0.0
7227.FBpp0291622	7227.FBpp0290486	0.0
7227.FBpp0086648	7227.FBpp0305994	0.0
7227.FBpp0072229	7227.FBpp0088814	0.0
7227.FBpp0080210	7227.FBpp0292774	0.0
7227.FBpp0293514	7227.FBpp0301217	0.0
7227.FBpp0085319	7227.FBpp0086902	0.0
7227.FBpp0077384	7227.FBpp0305117	0.0
7227.FBpp0077957	7227.FBpp0072979	0.0
7227.FBpp0288699	7227.FBpp0112339	0.0
7227.FBpp0084447	7227.FBpp0082778	0.0
7227.FBpp0083109	7227.FBpp0289221	0.0
7227.FBpp0088018	7227.FBpp0073173	0.0
7227.FBpp0087635	7227.FBpp0087667	0.0
7227.FBpp0072162	7227.FBpp0084524	0.0
7227.FBpp0087912	7227.FBpp0292826	0.0
7227.FBpp0071301	7227.FBpp0099614	0.0
7227.FBpp0302942	7227.FBpp0288463	0.0
7227.FBpp0074459	7227.FBpp0086067	0.0
7227.FBpp0304391	7227.FBpp0292512	0.0
7227.FBpp0072497	7227.FBpp0300160	0.0
7227.FBpp0074635	7227.FBpp0070654	0.0
7227.FBpp0082237	7227.FBpp0079295	0.0
7227.FBpp0297530	7227.FBpp0080245	0.0
7227.FBpp0078865	7227.FBpp0111318	0.0
7227.FBpp0303310	7227.FBpp0292473	0.0
7227.FBpp0113003	7227.FBpp0290095	0.0
7227.FBpp0078050	7227.FBpp0085052	0.0
7227.FBpp0304434	7227.FBpp0076124	0.0
7227.FBpp0080845	7227.FBpp0297062	0.0
7227.FBpp0087911	7227.FBpp0302569	0.0
7227.FBpp0080536	7227.FBpp0112463	0.0
7227.FBpp0082767	7227.FBpp0305210	0.0
7227.FBpp0304400	7227.FBpp0081115	0.0
7227.FBpp0075580	7227.FBpp0091147	0.0
7227.FBpp0301848	7227.FBpp0082525	0.0
7227.FBpp0297408	7227.FBpp0076466	0.0
7227.FBpp0297199	7227.FBpp0077682	0.0
7227.FBpp0297770	7227.FBpp0072531	0.0
7227.FBpp0292624	7227.FBpp0086066	0.0
7227.FBpp0087426	7227.FBpp0302591	0.0
7227.FBpp0083400	7227.FBpp0078395	0.0
7227.FBpp0081047	7227.FBpp0074990	0.0
7227.FBpp0078592	7227.FBpp0073732	0.0
7227.FBpp0072302	7227.FBpp0084241	0.0
7227.FBpp0077322	7227.FBpp0289759	0.0
7227.FBpp0293498	7227.FBpp0290151	0.0
7227.FBpp0078610	7227.FBpp0085901	0.0
7227.FBpp0079803	7227.FBpp0292473	0.0
7227.FBpp0111351	7227.FBpp0081388	0.0
7227.FBpp0078692	7227.FBpp0077109	0.0
7227.FBpp0072469	7227.FBpp0081145	0.0
7227.FBpp0077065	7227.FBpp0301775	0.0
7227.FBpp0073791	7227.FBpp0292380	0.0
7227.FBpp0078829	7227.FBpp0073291	0.0
7227.FBpp0084646	7227.FBpp0070537	0.0
7227.FBpp0301799	7227.FBpp0072965	0.0
7227.FBpp0300205	7227.FBpp0302927	0.0
7227.FBpp0297543	7227.FBpp0074200	0.0
7227.FBpp0289097	7227.FBpp0070840	0.0
7227.FBpp0293518	7227.FBpp0305334	0.0
7227.FBpp0099852	7227.FBpp0085527	0.0
7227.FBpp0070521	7227.FBpp0303116	0.0
7227.FBpp0081722	7227.FBpp0082776	0.0
7227.FBpp0111590	7227.FBpp0075091	0.0
7227.FBpp0078170	7227.FBpp0290603	0.0
7227.FBpp0302775	7227.FBpp0072723	0.0
7227.FBpp0087051	7227.FBpp0290058	0.0
7227.FBpp0085713	7227.FBpp0290949	0.0
7227.FBpp0088902	7227.FBpp0084831	0.0
7227.FBpp0304651	7227.FBpp0085056	0.0
7227.FBpp0077777	7227.FBpp0077565	0.0
7227.FBpp0080849	7227.FBpp0085405	0.0
7227.FBpp0088276	7227.FBpp0077755	0.0
7227.FBpp0080402	7227.FBpp0079072	0.0
7227.FBpp0290008	7227.FBpp0072157	0.0
7227.FBpp0305445	7227.FBpp0075324	0.0
7227.FBpp0289324	7227.FBpp0304250	0.0
7227.FBpp0290279	7227.FBpp0079435	0.0
7227.FBpp0073447	7227.FBpp0076490	0.0
7227.FBpp0300563	7227.FBpp0084273	0.0
7227.FBpp0088555	7227.FBpp0073635	0.0
7227.FBpp0085505	7227.FBpp0290228	0.0
7227.FBpp0072097	7227.FBpp0083078	0.0
7227.FBpp0087340	7227.FBpp0305614	0.0
7227.FBpp0088526	7227.FBpp0304270	0.0
7227.FBpp0086871	7227.FBpp0070268	0.0
7227.FBpp0075760	7227.FBpp0077673	0.0
7227.FBpp0071011	7227.FBpp0293236	0.0
7227.FBpp0073058	7227.FBpp0070654	0.0
7227.FBpp0112159	7227.FBpp0297548	0.0
7227.FBpp0303095	7227.FBpp0072104	0.0
7227.FBpp0290200	7227.FBpp0079963	0.0
7227.FBpp0112547	7227.FBpp0300230	0.0
7227.FBpp0289086	7227.FBpp0074881	0.0
7227.FBpp0112500	7227.FBpp0081899	0.0
7227.FBpp0301545	7227.FBpp0303283	0.0
7227.FBpp0304159	7227.FBpp0112185	0.0
7227.FBpp0288637	7227.FBpp0086347	0.0
7227.FBpp0305697	7227.FBpp0112370	0.0
7227.FBpp0075685	7227.FBpp0084860	0.0
7227.FBpp0089243	7227.FBpp0082069	0.0
7227.FBpp0083891	7227.FBpp0303518	0.0
7227.FBpp0294003	7227.FBpp0084984	0.0
7227.FBpp0297408	7227.FBpp0290068	0.0
7227.FBpp0305840	7227.FBpp0301995	0.0
7227.FBpp0072802	7227.FBpp0297827	0.0
7227.FBpp0303839	7227.FBpp0081182	0.0
7227.FBpp0302548	7227.FBpp0086138	0.0
7227.FBpp0071356	7227.FBpp0084358	0.0
7227.FBpp0074844	7227.FBpp0085236	0.0
7227.FBpp0304270	7227.FBpp0088637	0.0
7227.FBpp0081834	7227.FBpp0305902	0.0
7227.FBpp0070860	7227.FBpp0291744	0.0
7227.FBpp0089084	7227.FBpp0073771	0.0
7227.FBpp0086405	7227.FBpp0291632	0.0
7227.FBpp0073041	7227.FBpp0085524	0.0
7227.FBpp0288677	7227.FBpp0304021	0.0
7227.FBpp0081325	7227.FBpp0074986	0.0
7227.FBpp0075349	7227.FBpp0073559	0.0
7227.FBpp0081598	7227.FBpp0078191	0.0
7227.FBpp0073210	7227.FBpp0087800	0.0
7227.FBpp0087952	7227.FBpp0091087	0.0
7227.FBpp0289706	7227.FBpp0086094	0.0
7227.FBpp0305313	7227.FBpp0072692	0.0
7227.FBpp0291543	7227.FBpp0079528	0.0
7227.FBpp0088535	7227.FBpp0074612	0.0
7227.FBpp0293185	7227.FBpp0087642	0.0
7227.FBpp0079878	7227.FBpp0079438	0.0
7227.FBpp0304261	7227.FBpp0084806	0.0
7227.FBpp0072385	7227.FBpp0071176	0.0
7227.FBpp0290365	7227.FBpp0099493	0.0
7227.FBpp0077427	7227.FBpp0111335	0.0
7227.FBpp0083749	7227.FBpp0079582	0.0
7227.FBpp0297277	7227.FBpp0289415	0.0
7227.FBpp0292443	7227.FBpp0083814	0.0
7227.FBpp0088969	7227.FBpp0071259	0.0
7227.FBpp0080342	7227.FBpp0082867	0.0
7227.FBpp0291239	7227.FBpp0074650	0.0
7227.FBpp0072231	7227.FBpp0099678	0.0
7227.FBpp0086139	7227.FBpp0289668	0.0
7227.FBpp0304312	7227.FBpp0086233	0.0
7227.FBpp0083611	7227.FBpp0082195	0.0
7227.FBpp0074665	7227.FBpp0077735	0.0
7227.FBpp0073270	7227.FBpp0290242	0.0
7227.FBpp0303674	7227.FBpp0087299	0.0
7227.FBpp0303283	7227.FBpp0304187	0.0
7227.FBpp0290954	7227.FBpp0083642	0.0
7227.FBpp0111928	7227.FBpp0112908	0.0
7227.FBpp0110179	7227.FBpp0074500	0.0
7227.FBpp0292828	7227.FBpp0079274	0.0
7227.FBpp0292155	7227.FBpp0289309	0.0
7227.FBpp0087087	7227.FBpp0077742	0.0
7227.FBpp0087466	7227.FBpp0084635	0.0
7227.FBpp0082994	7227.FBpp0087759	0.0
7227.FBpp0071423	7227.FBpp0302782	0.0
7227.FBpp0074803	7227.FBpp0079139	0.0
7227.FBpp0084939	7227.FBpp0291736	0.0
7227.FBpp0074377	7227.FBpp0081612	0.0
7227.FBpp0079942	7227.FBpp0088586	0.0
7227.FBpp0289982	7227.FBpp0075253	0.0
7227.FBpp0290703	7227.FBpp0304766	0.0
7227.FBpp0078540	7227.FBpp0083336	0.0
7227.FBpp0081312	7227.FBpp0086343	0.0
7227.FBpp0078064	7227.FBpp0293861	0.0
7227.FBpp0074177	7227.FBpp0291491	0.0
7227.FBpp0305592	7227.FBpp0296949	0.0
7227.FBpp0079576	7227.FBpp0271943	0.0
7227.FBpp0081535	7227.FBpp0110131	0.0
7227.FBpp0099546	7227.FBpp0301701	0.0
7227.FBpp0082911	7227.FBpp0300457	0.0
7227.FBpp0297370	7227.FBpp0077455	0.0
7227.FBpp0084492	7227.FBpp0302705	0.0
7227.FBpp0074176	7227.FBpp0303901	0.0
7227.FBpp0073927	7227.FBpp0080411	0.0
7227.FBpp0073680	7227.FBpp0099588	0.0
7227.FBpp0085394	7227.FBpp0074234	0.0
7227.FBpp0076219	7227.FBpp0075644	0.0
7227.FBpp0099728	7227.FBpp0081430	0.0
7227.FBpp0083159	7227.FBpp0087154	0.0
7227.FBpp0080642	7227.FBpp0086614	0.0
7227.FBpp0297228	7227.FBpp0083749	0.0
7227.FBpp0297402	7227.FBpp0303228	0.0
7227.FBpp0305655	7227.FBpp0112384	0.0
7227.FBpp0302694	7227.FBpp0110100	0.0
7227.FBpp0076400	7227.FBpp0288838	0.0
7227.FBpp0075105	7227.FBpp0071605	0.0
7227.FBpp0110069	7227.FBpp0085931	0.0
7227.FBpp0074352	7227.FBpp0081387	0.0
7227.FBpp0074483	7227.FBpp0074176	0.0
7227.FBpp0110523	7227.FBpp0073731	0.0
7227.FBpp0088880	7227.FBpp0073382	0.0
7227.FBpp0088524	7227.FBpp0083707	0.0
7227.FBpp0071974	7227.FBpp0303845	0.0
7227.FBpp0110100	7227.FBpp0289333	0.0
7227.FBpp0085466	7227.FBpp0100154	0.0
7227.FBpp0271911	7227.FBpp0086073	0.0
7227.FBpp0302775	7227.FBpp0088427	0.0
7227.FBpp0073836	7227.FBpp0076319	0.0
7227.FBpp0083998	7227.FBpp0111523	0.0
7227.FBpp0073948	7227.FBpp0305496	0.0
7227.FBpp0078303	7227.FBpp0305470	0.0
7227.FBpp0086446	7227.FBpp0078921	0.0
7227.FBpp0084018	7227.FBpp0077070	0.0
7227.FBpp0303258	7227.FBpp0290338	0.0
7227.FBpp0291046	7227.FBpp0305546	0.0
7227.FBpp0071139	7227.FBpp0289518	0.0
7227.FBpp0080062	7227.FBpp0303212	0.0
7227.FBpp0305400	7227.FBpp0289903	0.0
7227.FBpp0071954	7227.FBpp0075775	0.0
7227.FBpp0099568	7227.FBpp0086772	0.0
7227.FBpp0073555	7227.FBpp0074990	0.0
7227.FBpp0083101	7227.FBpp0111973	0.0
7227.FBpp0305746	7227.FBpp0083605	0.0
7227.FBpp0303834	7227.FBpp0300561	0.0
7227.FBpp0110314	7227.FBpp0075065	0.0
7227.FBpp0305445	7227.FBpp0072299	0.0
7227.FBpp0071624	7227.FBpp0303358	0.0
7227.FBpp0080685	7227.FBpp0071507	0.0
7227.FBpp0074135	7227.FBpp0110515	0.0
7227.FBpp0078115	7227.FBpp0303304	0.0
7227.FBpp0086001	7227.FBpp0297401	0.0
7227.FBpp0085929	7227.FBpp0072546	0.0
7227.FBpp0072264	7227.FBpp0077848	0.0
7227.FBpp0291229	7227.FBpp0290653	0.0
7227.FBpp0293282	7227.FBpp0083890	0.0
7227.FBpp0303018	7227.FBpp0070542	0.0
7227.FBpp0110523	7227.FBpp0292196	0.0
7227.FBpp0072863	7227.FBpp0085668	0.0
7227.FBpp0080870	7227.FBpp0113116	0.0
7227.FBpp0080293	7227.FBpp0304499	0.0
7227.FBpp0081670	7227.FBpp0293540	0.0
7227.FBpp0076546	7227.FBpp0081746	0.0
7227.FBpp0088527	7227.FBpp0072875	0.0
7227.FBpp0301150	7227.FBpp0084915	0.0
7227.FBpp0290118	7227.FBpp0071468	0.0
7227.FBpp0305362	7227.FBpp0081114	0.0
7227.FBpp0076407	7227.FBpp0271814	0.0
7227.FBpp0081445	7227.FBpp0290134	0.0
7227.FBpp0072302	7227.FBpp0083746	0.0
7227.FBpp0074881	7227.FBpp0074090	0.0
7227.FBpp0085802	7227.FBpp0078736	0.0
7227.FBpp0075168	7227.FBpp0074269	0.0
7227.FBpp0074527	7227.FBpp0071104	0.0
7227.FBpp0071535	7227.FBpp0083817	0.0
7227.FBpp0086097	7227.FBpp0081445	0.0
7227.FBpp0084629	7227.FBpp0079233	0.0
7227.FBpp0085937	7227.FBpp0079472	0.0
7227.FBpp0304713	7227.FBpp0305462	0.0
7227.FBpp0080740	7227.FBpp0297441	0.0
7227.FBpp0078737	7227.FBpp0078375	0.0
7227.FBpp0080663	7227.FBpp0082110	0.0
7227.FBpp0080320	7227.FBpp0089416	0.0
7227.FBpp0079380	7227.FBpp0288961	0.0
7227.FBpp0071209	7227.FBpp0099932	0.0
7227.FBpp0079161	7227.FBpp0076641	0.0
7227.FBpp0292143	7227.FBpp0291993	0.0
7227.FBpp0291725	7227.FBpp0290498	0.0
7227.FBpp0074762	7227.FBpp0085463	0.0
7227.FBpp0074614	7227.FBpp0304033	0.0
7227.FBpp0301849	7227.FBpp0080277	0.0
7227.FBpp0305791	7227.FBpp0074511	0.0
7227.FBpp0080120	7227.FBpp0083436	0.0
7227.FBpp0303956	7227.FBpp0073379	0.0
7227.FBpp0080275	7227.FBpp0289553	0.0
7227.FBpp0074105	7227.FBpp0071639	0.0
7227.FBpp0072646	7227.FBpp0072231	0.0
7227.FBpp0078967	7227.FBpp0083330	0.0
7227.FBpp0087332	7227.FBpp0099893	0.0
7227.FBpp0305898	7227.FBpp0082066	0.0
7227.FBpp0291865	7227.FBpp0306090	0.0
7227.FBpp0304466	7227.FBpp0071761	0.0
7227.FBpp0072229	7227.FBpp0292361	0.0
7227.FBpp0303034	7227.FBpp0304714	0.0
7227.FBpp0302772	7227.FBpp0085157	0.0
7227.FBpp0076827	7227.FBpp0075770	0.0
7227.FBpp0087044	7227.FBpp0073599	0.0
7227.FBpp0080811	7227.FBpp0288838	0.0
7227.FBpp0082066	7227.FBpp0087403	0.0
7227.FBpp0304732	7227.FBpp0078634	0.0
7227.FBpp0074159	7227.FBpp0305315	0.0
7227.FBpp0292887	7227.FBpp0071627	0.0
7227.FBpp0293446	7227.FBpp0084587	0.0
7227.FBpp0072826	7227.FBpp0293608	0.0
7227.FBpp0290195	7227.FBpp0085535	0.0
7227.FBpp0291061	7227.FBpp0306051	0.0
7227.FBpp0297435	7227.FBpp0293684	0.0
7227.FBpp0073292	7227.FBpp0089328	0.0
7227.FBpp0083813	7227.FBpp0087876	0.0
7227.FBpp0072678	7227.FBpp0305136	0.0
7227.FBpp0292043	7227.FBpp0083881	0.0
7227.FBpp0084170	7227.FBpp0070173	0.0
7227.FBpp0304752	7227.FBpp0087909	0.0
7227.FBpp0111776	7227.FBpp0291359	0.0
7227.FBpp0082076	7227.FBpp0084685	0.0
7227.FBpp0083434	7227.FBpp0293244	0.0
7227.FBpp0303251	7227.FBpp0301837	0.0
7227.FBpp0070860	7227.FBpp0288762	0.0
7227.FBpp0081246	7227.FBpp0083273	0.0
7227.FBpp0289846	7227.FBpp0073797	0.0
7227.FBpp0074538	7227.FBpp0076773	0.0
7227.FBpp0292792	7227.FBpp0077629	0.0
7227.FBpp0078761	7227.FBpp0111860	0.0
7227.FBpp0075551	7227.FBpp0070576	0.0
7227.FBpp0112491	7227.FBpp0083749	0.0
7227.FBpp0083766	7227.FBpp0291491	0.0
7227.FBpp0082879	7227.FBpp0306039	0.0
7227.FBpp0084311	7227.FBpp0111882	0.0
7227.FBpp0086702	7227.FBpp0072402	0.0
7227.FBpp0100012	7227.FBpp0291188	0.0
7227.FBpp0085721	7227.FBpp0089157	0.0
7227.FBpp0293275	7227.FBpp0086904	0.0
7227.FBpp0112541	7227.FBpp0077597	0.0
7227.FBpp0111681	7227.FBpp0084241	0.0
7227.FBpp0083981	7227.FBpp0075807	0.0
7227.FBpp0112417	7227.FBpp0081796	0.0
7227.FBpp0289018	7227.FBpp0303224	0.0
7227.FBpp0084934	7227.FBpp0085814	0.0
7227.FBpp0079809	7227.FBpp0087152	0.0
7227.FBpp0292464	7227.FBpp0302694	0.0
7227.FBpp0300911	7227.FBpp0079296	0.0
7227.FBpp0303468	7227.FBpp0071738	0.0
7227.FBpp0072965	7227.FBpp0077155	0.0
7227.FBpp0082579	7227.FBpp0070203	0.0
7227.FBpp0290495	7227.FBpp0082038	0.0
7227.FBpp0072248	7227.FBpp0081098	0.0
7227.FBpp0099869	7227.FBpp0301105	0.0
7227.FBpp0082935	7227.FBpp0297358	0.0
7227.FBpp0297598	7227.FBpp0099866	0.0
7227.FBpp0073329	7227.FBpp0080025	0.0
7227.FBpp0082767	7227.FBpp0084452	0.0
7227.FBpp0288657	7227.FBpp0297408	0.0
7227.FBpp0080450	7227.FBpp0075429	0.0
7227.FBpp0077236	7227.FBpp0302903	0.0
7227.FBpp0292527	7227.FBpp0085667	0.0
7227.FBpp0303234	7227.FBpp0072557	0.0
7227.FBpp0080255	7227.FBpp0084506	0.0
7227.FBpp0070521	7227.FBpp0076286	0.0
7227.FBpp0302642	7227.FBpp0305988	0.0
7227.FBpp0297750	7227.FBpp0303946	0.0
7227.FBpp0304752	7227.FBpp0072470	0.0
7227.FBpp0079418	7227.FBpp0292869	0.0
7227.FBpp0297763	7227.FBpp0070562	0.0
7227.FBpp0080104	7227.FBpp0076352	0.0
7227.FBpp0083429	7227.FBpp0110486	0.0
7227.FBpp0113080	7227.FBpp0071874	0.0
7227.FBpp0072898	7227.FBpp0303979	0.0
7227.FBpp0071035	7227.FBpp0074868	0.0
7227.FBpp0071558	7227.FBpp0289975	0.0
7227.FBpp0083342	7227.FBpp0079437	0.0
7227.FBpp0083125	7227.FBpp0084022	0.0
7227.FBpp0305503	7227.FBpp0071550	0.0
7227.FBpp0083677	7227.FBpp0071639	0.0
7227.FBpp0081430	7227.FBpp0070077	0.0
7227.FBpp0074575	7227.FBpp0072156	0.0
7227.FBpp0082994	7227.FBpp0304500	0.0
7227.FBpp0087537	7227.FBpp0080323	0.0
7227.FBpp0080784	7227.FBpp0073112	0.0
7227.FBpp0303861	7227.FBpp0300669	0.0
7227.FBpp0083388	7227.FBpp0076184	0.0
7227.FBpp0087031	7227.FBpp0070538	0.0
7227.FBpp0073328	7227.FBpp0070398	0.0
7227.FBpp0082092	7227.FBpp0300801	0.0
7227.FBpp0082695	7227.FBpp0075467	0.0
7227.FBpp0072437	7227.FBpp0080206	0.0
7227.FBpp0099862	7227.FBpp0080997	0.0
7227.FBpp0084613	7227.FBpp0304371	0.0
7227.FBpp0073127	7227.FBpp0091088	0.0
7227.FBpp0304619	7227.FBpp0288817	0.0
7227.FBpp0292793	7227.FBpp0290390	0.0
7227.FBpp0084821	7227.FBpp0079915	0.0
7227.FBpp0084613	7227.FBpp0073650	0.0
7227.FBpp0302700	7227.FBpp0083852	0.0
7227.FBpp0081533	7227.FBpp0293721	0.0
7227.FBpp0300954	7227.FBpp0293958	0.0
7227.FBpp0297300	7227.FBpp0111378	0.0
7227.FBpp0087320	7227.FBpp0086741	0.0
7227.FBpp0290753	7227.FBpp0303526	0.0
7227.FBpp0302602	7227.FBpp0291048	0.0
7227.FBpp0113080	7227.FBpp0085957	0.0
7227.FBpp0087033	7227.FBpp0074782	0.0
7227.FBpp0289238	7227.FBpp0293615	0.0
7227.FBpp0082317	7227.FBpp0077031	0.0
7227.FBpp0073712	7227.FBpp0075913	0.0
7227.FBpp0076442	7227.FBpp0076473	0.0
7227.FBpp0081715	7227.FBpp0086196	0.0
7227.FBpp0289932	7227.FBpp0075392	0.0
7227.FBpp0298000	7227.FBpp0289092	0.0
7227.FBpp0301783	7227.FBpp0111830	0.0
7227.FBpp0288503	7227.FBpp0072880	0.0
7227.FBpp0077143	7227.FBpp0080391	0.0
7227.FBpp0090986	7227.FBpp0072597	0.0
7227.FBpp0085706	7227.FBpp0081014	0.0
7227.FBpp0077896	7227.FBpp0074403	0.0
7227.FBpp0112811	7227.FBpp0289685	0.0
7227.FBpp0300323	7227.FBpp0076169	0.0
7227.FBpp0078268	7227.FBpp0100013	0.0
7227.FBpp0304570	7227.FBpp0111814	0.0
7227.FBpp0082200	7227.FBpp0081669	0.0
7227.FBpp0303034	7227.FBpp0099892	0.0
7227.FBpp0082079	7227.FBpp0300522	0.0
7227.FBpp0298008	7227.FBpp0074464	0.0
7227.FBpp0303633	7227.FBpp0292891	0.0
7227.FBpp0077555	7227.FBpp0076583	0.0
7227.FBpp0071550	7227.FBpp0300867	0.0
7227.FBpp0076625	7227.FBpp0085348	0.0
7227.FBpp0078098	7227.FBpp0074086	0.0
7227.FBpp0305861	7227.FBpp0074106	0.0
7227.FBpp0074050	7227.FBpp0070553	0.0
7227.FBpp0297389	7227.FBpp0072977	0.0
7227.FBpp0074425	7227.FBpp0083724	0.0
7227.FBpp0077523	7227.FBpp0071149	0.0
7227.FBpp0112462	7227.FBpp0070844	0.0
7227.FBpp0300560	7227.FBpp0079109	0.0
7227.FBpp0085423	7227.FBpp0079194	0.0
7227.FBpp0080663	7227.FBpp0290095	0.0
7227.FBpp0075597	7227.FBpp0078581	0.0
7227.FBpp0084509	7227.FBpp0083607	0.0
7227.FBpp0297280	7227.FBpp0089413	0.0
7227.FBpp0303879	7227.FBpp0083925	0.0
7227.FBpp0087549	7227.FBpp0081842	0.0
7227.FBpp0291440	7227.FBpp0074975	0.0
7227.FBpp0070530	7227.FBpp0305730	0.0
7227.FBpp0086752	7227.FBpp0289414	0.0
7227.FBpp0083134	7227.FBpp0288735	0.0
7227.FBpp0074502	7227.FBpp0077356	0.0
7227.FBpp0081344	7227.FBpp0075958	0.0
7227.FBpp0080368	7227.FBpp0301154	0.0
7227.FBpp0099609	7227.FBpp0081203	0.0
7227.FBpp0112491	7227.FBpp0076317	0.0
7227.FBpp0297100	7227.FBpp0071240	0.0
7227.FBpp0086945	7227.FBpp0075688	0.0
7227.FBpp0077957	7227.FBpp0073670	0.0
7227.FBpp0297113	7227.FBpp0075627	0.0
7227.FBpp0080039	7227.FBpp0074887	0.0
7227.FBpp0288715	7227.FBpp0099898	0.0
7227.FBpp0083548	7227.FBpp0079354	0.0
7227.FBpp0110571	7227.FBpp0304596	0.0
7227.FBpp0079622	7227.FBpp0099880	0.0
7227.FBpp0084152	7227.FBpp0084975	0.0
7227.FBpp0087551	7227.FBpp0288844	0.0
7227.FBpp0073649	7227.FBpp0305645	0.0
7227.FBpp0078073	7227.FBpp0078865	0.0
7227.FBpp0072871	7227.FBpp0081027	0.0
7227.FBpp0290779	7227.FBpp0082219	0.0
7227.FBpp0305462	7227.FBpp0080394	0.0
7227.FBpp0110170	7227.FBpp0080513	0.0
7227.FBpp0072022	7227.FBpp0078829	0.0
7227.FBpp0112063	7227.FBpp0289677	0.0
7227.FBpp0080284	7227.FBpp0087944	0.0
7227.FBpp0079726	7227.FBpp0077783	0.0
7227.FBpp0113056	7227.FBpp0087087	0.0
7227.FBpp0085515	7227.FBpp0078540	0.0
7227.FBpp0288674	7227.FBpp0079276	0.0
7227.FBpp0112239	7227.FBpp0303489	0.0
7227.FBpp0083616	7227.FBpp0073129	0.0
7227.FBpp0087320	7227.FBpp0073027	0.0
7227.FBpp0271813	7227.FBpp0304096	0.0
7227.FBpp0074812	7227.FBpp0082282	0.0
7227.FBpp0083961	7227.FBpp0085223	0.0
7227.FBpp0073085	7227.FBpp0091059	0.0
7227.FBpp0301745	7227.FBpp0099892	0.0
7227.FBpp0073977	7227.FBpp0086113	0.0
7227.FBpp0087531	7227.FBpp0084081	0.0
7227.FBpp0075835	7227.FBpp0301215	0.0
7227.FBpp0074640	7227.FBpp0076969	0.0
7227.FBpp0073027	7227.FBpp0083704	0.0
7227.FBpp0071576	7227.FBpp0083125	0.0
7227.FBpp0297730	7227.FBpp0112979	0.0
7227.FBpp0074509	7227.FBpp0070542	0.0
7227.FBpp0078667	7227.FBpp0085491	0.0
7227.FBpp0076571	7227.FBpp0085489	0.0
7227.FBpp0086593	7227.FBpp0072473	0.0
7227.FBpp0292671	7227.FBpp0087972	0.0
7227.FBpp0087280	7227.FBpp0081343	0.0
7227.FBpp0086853	7227.FBpp0086355	0.0
7227.FBpp0074739	7227.FBpp0289807	0.0
7227.FBpp0082951	7227.FBpp0074706	0.0
7227.FBpp0087635	7227.FBpp0300970	0.0
7227.FBpp0071756	7227.FBpp0305404	0.0
7227.FBpp0087709	7227.FBpp0297209	0.0
7227.FBpp0303872	7227.FBpp0289509	0.0
7227.FBpp0081073	7227.FBpp0076906	0.0
7227.FBpp0303035	7227.FBpp0303246	0.0
7227.FBpp0293381	7227.FBpp0070683	0.0
7227.FBpp0085501	7227.FBpp0297763	0.0
7227.FBpp0084013	7227.FBpp0304754	0.0
7227.FBpp0111738	7227.FBpp0082649	0.0
7227.FBpp0085561	7227.FBpp0290048	0.0
7227.FBpp0078723	7227.FBpp0078008	0.0
7227.FBpp0072865	7227.FBpp0297113	0.0
7227.FBpp0075352	7227.FBpp0086314	0.0
7227.FBpp0291911	7227.FBpp0083832	0.0
7227.FBpp0305789	7227.FBpp0084813	0.0
7227.FBpp0290758	7227.FBpp0091114	0.0
7227.FBpp0112027	7227.FBpp0300166	0.0
7227.FBpp0297365	7227.FBpp0070537	0.0
7227.FBpp0078404	7227.FBpp0301612	0.0
7227.FBpp0304436	7227.FBpp0074199	0.0
7227.FBpp0079790	7227.FBpp0305782	0.0
7227.FBpp0289972	7227.FBpp0086675	0.0
7227.FBpp0306217	7227.FBpp0081928	0.0
7227.FBpp0080662	7227.FBpp0303082	0.0
7227.FBpp0112155	7227.FBpp0080150	0.0
7227.FBpp0072868	7227.FBpp0084332	0.0
7227.FBpp0083901	7227.FBpp0075612	0.0
7227.FBpp0301215	7227.FBpp0082401	0.0
7227.FBpp0301568	7227.FBpp0084557	0.0
7227.FBpp0075507	7227.FBpp0073034	0.0
7227.FBpp0289074	7227.FBpp0300668	0.0
7227.FBpp0298380	7227.FBpp0290715	0.0
7227.FBpp0306034	7227.FBpp0302809	0.0
7227.FBpp0085742	7227.FBpp0077295	0.0
7227.FBpp0072382	7227.FBpp0073377	0.0
7227.FBpp0083792	7227.FBpp0077564	0.0
7227.FBpp0079474	7227.FBpp0288767	0.0
7227.FBpp0111376	7227.FBpp0086957	0.0
7227.FBpp0085639	7227.FBpp0084616	0.0
7227.FBpp0112165	7227.FBpp0303147	0.0
7227.FBpp0289634	7227.FBpp0078689	0.0
7227.FBpp0303088	7227.FBpp0087049	0.0
7227.FBpp0292477	7227.FBpp0085533	0.0
7227.FBpp0081378	7227.FBpp0088505	0.0
7227.FBpp0271813	7227.FBpp0099853	0.0
7227.FBpp0297280	7227.FBpp0113013	0.0
7227.FBpp0082134	7227.FBpp0304654	0.0
7227.FBpp0085415	7227.FBpp0290301	0.0
7227.FBpp0084282	7227.FBpp0070084	0.0
7227.FBpp0083826	7227.FBpp0079304	0.0
7227.FBpp0075772	7227.FBpp0302888	0.0
7227.FBpp0292379	7227.FBpp0085594	0.0
7227.FBpp0288817	7227.FBpp0076410	0.0
7227.FBpp0082017	7227.FBpp0073134	0.0
7227.FBpp0087690	7227.FBpp0072834	0.0
7227.FBpp0112364	7227.FBpp0076665	0.0
7227.FBpp0300653	7227.FBpp0077065	0.0
7227.FBpp0077559	7227.FBpp0080059	0.0
7227.FBpp0078376	7227.FBpp0305568	0.0
7227.FBpp0084363	7227.FBpp0076329	0.0
7227.FBpp0289266	7227.FBpp0305599	0.0
7227.FBpp0089020	7227.FBpp0082282	0.0
7227.FBpp0083607	7227.FBpp0082169	0.0
7227.FBpp0078057	7227.FBpp0081861	0.0
7227.FBpp0073490	7227.FBpp0081585	0.0
7227.FBpp0290173	7227.FBpp0304762	0.0
7227.FBpp0305570	7227.FBpp0086346	0.0
7227.FBpp0087035	7227.FBpp0079191	0.0
7227.FBpp0087229	7227.FBpp0074472	0.0
7227.FBpp0301181	7227.FBpp0304573	0.0
7227.FBpp0076885	7227.FBpp0082681	0.0
7227.FBpp0083538	7227.FBpp0289307	0.0
7227.FBpp0077460	7227.FBpp0301225	0.0
7227.FBpp0086604	7227.FBpp0071182	0.0
7227.FBpp0290849	7227.FBpp0082419	0.0
7227.FBpp0112320	7227.FBpp0086149	0.0
7227.FBpp0303920	7227.FBpp0271896	0.0
7227.FBpp0304345	7227.FBpp0088174	0.0
7227.FBpp0078593	7227.FBpp0271751	0.0
7227.FBpp0084397	7227.FBpp0084929	0.0
7227.FBpp0087632	7227.FBpp0072073	0.0
7227.FBpp0084516	7227.FBpp0085550	0.0
7227.FBpp0291690	7227.FBpp0290819	0.0
7227.FBpp0302639	7227.FBpp0086661	0.0
7227.FBpp0078809	7227.FBpp0297286	0.0
7227.FBpp0080467	7227.FBpp0085038	0.0
7227.FBpp0293717	7227.FBpp0081868	0.0
7227.FBpp0076131	7227.FBpp0085950	0.0
7227.FBpp0071692	7227.FBpp0070553	0.0
7227.FBpp0075767	7227.FBpp0303538	0.0
7227.FBpp0301619	7227.FBpp0078249	0.0
7227.FBpp0085485	7227.FBpp0089307	0.0
7227.FBpp0084137	7227.FBpp0290422	0.0
7227.FBpp0099947	7227.FBpp0078488	0.0
7227.FBpp0291475	7227.FBpp0083949	0.0
7227.FBpp0291426	7227.FBpp0076036	0.0
7227.FBpp0085233	7227.FBpp0072242	0.0
7227.FBpp0072457	7227.FBpp0291393	0.0
7227.FBpp0297095	7227.FBpp0070313	0.0
7227.FBpp0297536	7227.FBpp0078471	0.0
7227.FBpp0074845	7227.FBpp0084021	0.0
7227.FBpp0080853	7227.FBpp0075870	0.0
7227.FBpp0084984	7227.FBpp0088741	0.0
7227.FBpp0302639	7227.FBpp0079590	0.0
7227.FBpp0078761	7227.FBpp0077131	0.0
7227.FBpp0112499	7227.FBpp0079988	0.0
7227.FBpp0085975	7227.FBpp0074364	0.0
7227.FBpp0078249	7227.FBpp0087787	0.0
7227.FBpp0085111	7227.FBpp0292452	0.0
7227.FBpp0071050	7227.FBpp0100154	0.0
7227.FBpp0086968	7227.FBpp0292840	0.0
7227.FBpp0304504	7227.FBpp0075113	0.0
7227.FBpp0071533	7227.FBpp0084984	0.0
7227.FBpp0071648	7227.FBpp0289586	0.0
7227.FBpp0079485	7227.FBpp0071213	0.0
7227.FBpp0078872	7227.FBpp0111484	0.0
7227.FBpp0074776	7227.FBpp0072162	0.0
7227.FBpp0072956	7227.FBpp0080872	0.0
7227.FBpp0071580	7227.FBpp0289407	0.0
7227.FBpp0076651	7227.FBpp0087757	0.0
7227.FBpp0077363	7227.FBpp0078684	0.0
7227.FBpp0073947	7227.FBpp0089036	0.0
7227.FBpp0300836	7227.FBpp0110549	0.0
7227.FBpp0085039	7227.FBpp0290377	0.0
7227.FBpp0084759	7227.FBpp0079377	0.0
7227.FBpp0072560	7227.FBpp0078144	0.0
7227.FBpp0294018	7227.FBpp0292860	0.0
7227.FBpp0073173	7227.FBpp0074330	0.0
7227.FBpp0298029	7227.FBpp0073292	0.0
7227.FBpp0081380	7227.FBpp0303311	0.0
7227.FBpp0304948	7227.FBpp0086803	0.0
7227.FBpp0080094	7227.FBpp0293520	0.0
7227.FBpp0072879	7227.FBpp0087347	0.0
7227.FBpp0073300	7227.FBpp0087465	0.0
7227.FBpp0087847	7227.FBpp0111439	0.0
7227.FBpp0088856	7227.FBpp0078134	0.0
7227.FBpp0070097	7227.FBpp0080998	0.0
7227.FBpp0073134	7227.FBpp0305476	0.0
7227.FBpp0099640	7227.FBpp0084778	0.0
7227.FBpp0099484	7227.FBpp0072433	0.0
7227.FBpp0072064	7227.FBpp0303117	0.0
7227.FBpp0112423	7227.FBpp0074325	0.0
7227.FBpp0303708	7227.FBpp0081930	0.0
7227.FBpp0305005	7227.FBpp0290007	0.0
7227.FBpp0078073	7227.FBpp0300513	0.0
7227.FBpp0084559	7227.FBpp0303839	0.0
7227.FBpp0291541	7227.FBpp0303622	0.0
7227.FBpp0075392	7227.FBpp0087596	0.0
7227.FBpp0077933	7227.FBpp0086385	0.0
7227.FBpp0077077	7227.FBpp0304732	0.0
7227.FBpp0078723	7227.FBpp0112185	0.0
7227.FBpp0289653	7227.FBpp0300657	0.0
7227.FBpp0088946	7227.FBpp0290069	0.0
7227.FBpp0302601	7227.FBpp0072524	0.0
7227.FBpp0074602	7227.FBpp0073157	0.0
7227.FBpp0070539	7227.FBpp0290034	0.0
7227.FBpp0070317	7227.FBpp0074821	0.0
7227.FBpp0290158	7227.FBpp0082189	0.0
7227.FBpp0292193	7227.FBpp0088841	0.0
7227.FBpp0086942	7227.FBpp0085109	0.0
7227.FBpp0072173	7227.FBpp0089401	0.0
7227.FBpp0271729	7227.FBpp0072569	0.0
7227.FBpp0304783	7227.FBpp0305850	0.0
7227.FBpp0075891	7227.FBpp0300551	0.0
7227.FBpp0072993	7227.FBpp0072560	0.0
7227.FBpp0076385	7227.FBpp0293615	0.0
7227.FBpp0078858	7227.FBpp0086663	0.0
7227.FBpp0290475	7227.FBpp0301557	0.0
7227.FBpp0080154	7227.FBpp0297491	0.0
7227.FBpp0111375	7227.FBpp0080154	0.0
7227.FBpp0078948	7227.FBpp0086316	0.0
7227.FBpp0082644	7227.FBpp0072892	0.0
7227.FBpp0082203	7227.FBpp0293576	0.0
7227.FBpp0085818	7227.FBpp0089408	0.0
7227.FBpp0086737	7227.FBpp0297654	0.0
7227.FBpp0079983	7227.FBpp0088518	0.0
7227.FBpp0072038	7227.FBpp0070908	0.0
7227.FBpp0072948	7227.FBpp0074124	0.0
7227.FBpp0305346	7227.FBpp0084061	0.0
7227.FBpp0112042	7227.FBpp0088018	0.0
7227.FBpp0077050	7227.FBpp0305341	0.0
7227.FBpp0073151	7227.FBpp0085134	0.0
7227.FBpp0291640	7227.FBpp0087498	0.0
7227.FBpp0074203	7227.FBpp0304714	0.0
7227.FBpp0084739	7227.FBpp0076909	0.0
7227.FBpp0305340	7227.FBpp0083026	0.0
7227.FBpp0072102	7227.FBpp0303793	0.0
7227.FBpp0081563	7227.FBpp0300744	0.0
7227.FBpp0081930	7227.FBpp0112440	0.0
7227.FBpp0081902	7227.FBpp0300427	0.0
7227.FBpp0074362	7227.FBpp0082998	0.0
7227.FBpp0077576	7227.FBpp0110565	0.0
7227.FBpp0073447	7227.FBpp0294024	0.0
7227.FBpp0073015	7227.FBpp0087089	0.0
7227.FBpp0304361	7227.FBpp0087797	0.0
7227.FBpp0073467	7227.FBpp0088337	0.0
7227.FBpp0091161	7227.FBpp0288415	0.0
7227.FBpp0301551	7227.FBpp0072320	0.0
7227.FBpp0075018	7227.FBpp0077459	0.0
7227.FBpp0072531	7227.FBpp0288950	0.0
7227.FBpp0084268	7227.FBpp0288390	0.0
7227.FBpp0111407	7227.FBpp0072569	0.0
7227.FBpp0084520	7227.FBpp0304201	0.0
7227.FBpp0079924	7227.FBpp0084759	0.0
7227.FBpp0073252	7227.FBpp0088445	0.0
7227.FBpp0289626	7227.FBpp0291174	0.0
7227.FBpp0084534	7227.FBpp0301186	0.0
7227.FBpp0087614	7227.FBpp0297896	0.0
7227.FBpp0083273	7227.FBpp0071886	0.0
7227.FBpp0091062	7227.FBpp0082549	0.0
7227.FBpp0076319	7227.FBpp0078306	0.0
7227.FBpp0076648	7227.FBpp0292730	0.0
7227.FBpp0301995	7227.FBpp0088605	0.0
7227.FBpp0091154	7227.FBpp0082236	0.0
7227.FBpp0290921	7227.FBpp0113137	0.0
7227.FBpp0075392	7227.FBpp0291681	0.0
7227.FBpp0292157	7227.FBpp0088683	0.0
7227.FBpp0072242	7227.FBpp0077306	0.0
7227.FBpp0085226	7227.FBpp0075585	0.0
7227.FBpp0073686	7227.FBpp0297407	0.0
7227.FBpp0084549	7227.FBpp0305590	0.0
7227.FBpp0082030	7227.FBpp0082066	0.0
7227.FBpp0083946	7227.FBpp0072357	0.0
7227.FBpp0073439	7227.FBpp0304082	0.0
7227.FBpp0303677	7227.FBpp0075829	0.0
7227.FBpp0070419	7227.FBpp0084388	0.0
7227.FBpp0078533	7227.FBpp0291994	0.0
7227.FBpp0076771	7227.FBpp0080496	0.0
7227.FBpp0088838	7227.FBpp0084436	0.0
7227.FBpp0305249	7227.FBpp0087308	0.0
7227.FBpp0071661	7227.FBpp0084666	0.0
7227.FBpp0074712	7227.FBpp0111838	0.0
7227.FBpp0083654	7227.FBpp0079729	0.0
7227.FBpp0301212	7227.FBpp0076902	0.0
7227.FBpp0291587	7227.FBpp0291646	0.0
7227.FBpp0083058	7227.FBpp0290753	0.0
7227.FBpp0305217	7227.FBpp0076215	0.0
7227.FBpp0290599	7227.FBpp0089300	0.0
7227.FBpp0082371	7227.FBpp0085165	0.0
7227.FBpp0076108	7227.FBpp0074892	0.0
7227.FBpp0297188	7227.FBpp0288746	0.0
7227.FBpp0297666	7227.FBpp0073238	0.0
7227.FBpp0078610	7227.FBpp0089363	0.0
7227.FBpp0271837	7227.FBpp0290068	0.0
7227.FBpp0271827	7227.FBpp0300319	0.0
7227.FBpp0074829	7227.FBpp0291370	0.0
7227.FBpp0083048	7227.FBpp0089372	0.0
7227.FBpp0072231	7227.FBpp0080260	0.0
7227.FBpp0300558	7227.FBpp0290069	0.0
7227.FBpp0110528	7227.FBpp0086406	0.0
7227.FBpp0070097	7227.FBpp0290938	0.0
7227.FBpp0082219	7227.FBpp0302829	0.0
7227.FBpp0291016	7227.FBpp0074177	0.0
7227.FBpp0087235	7227.FBpp0297644	0.0
7227.FBpp0085615	7227.FBpp0302740	0.0
7227.FBpp0087737	7227.FBpp0081304	0.0
7227.FBpp0112049	7227.FBpp0088880	0.0
7227.FBpp0305185	7227.FBpp0081429	0.0
7227.FBpp0078929	7227.FBpp0300164	0.0
7227.FBpp0292349	7227.FBpp0099444	0.0
7227.FBpp0086094	7227.FBpp0303041	0.0
7227.FBpp0082428	7227.FBpp0291603	0.0
7227.FBpp0083707	7227.FBpp0083125	0.0
7227.FBpp0306193	7227.FBpp0087169	0.0
7227.FBpp0080018	7227.FBpp0078691	0.0
7227.FBpp0084138	7227.FBpp0304972	0.0
7227.FBpp0290088	7227.FBpp0292395	0.0
7227.FBpp0293415	7227.FBpp0290309	0.0
7227.FBpp0291743	7227.FBpp0297076	0.0
7227.FBpp0071934	7227.FBpp0073760	0.0
7227.FBpp0087664	7227.FBpp0084137	0.0
7227.FBpp0303753	7227.FBpp0301155	0.0
7227.FBpp0082654	7227.FBpp0300175	0.0
7227.FBpp0080497	7227.FBpp0084646	0.0
7227.FBpp0292307	7227.FBpp0071476	0.0
7227.FBpp0075176	7227.FBpp0072184	0.0
7227.FBpp0075267	7227.FBpp0082342	0.0
7227.FBpp0099678	7227.FBpp0293236	0.0
7227.FBpp0082189	7227.FBpp0075838	0.0
7227.FBpp0289723	7227.FBpp0113003	0.0
7227.FBpp0080383	7227.FBpp0076215	0.0
7227.FBpp0082519	7227.FBpp0084382	0.0
7227.FBpp0085490	7227.FBpp0290832	0.0
7227.FBpp0292023	7227.FBpp0303870	0.0
7227.FBpp0082579	7227.FBpp0289532	0.0
7227.FBpp0083981	7227.FBpp0080751	0.0
7227.FBpp0290938	7227.FBpp0088559	0.0
7227.FBpp0290434	7227.FBpp0072850	0.0
7227.FBpp0074657	7227.FBpp0073437	0.0
7227.FBpp0304238	7227.FBpp0070696	0.0
7227.FBpp0288673	7227.FBpp0289464	0.0
7227.FBpp0300969	7227.FBpp0077455	0.0
7227.FBpp0081152	7227.FBpp0079633	0.0
7227.FBpp0081286	7227.FBpp0088102	0.0
7227.FBpp0091013	7227.FBpp0291025	0.0
7227.FBpp0084454	7227.FBpp0293725	0.0
7227.FBpp0081388	7227.FBpp0305496	0.0
7227.FBpp0303935	7227.FBpp0288969	0.0
7227.FBpp0081260	7227.FBpp0078176	0.0
7227.FBpp0088279	7227.FBpp0077462	0.0
7227.FBpp0077549	7227.FBpp0297740	0.0
7227.FBpp0084018	7227.FBpp0072281	0.0
7227.FBpp0079127	7227.FBpp0290383	0.0
7227.FBpp0290415	7227.FBpp0087633	0.0
7227.FBpp0080119	7227.FBpp0289902	0.0
7227.FBpp0077351	7227.FBpp0080685	0.0
7227.FBpp0084458	7227.FBpp0087532	0.0
7227.FBpp0086057	7227.FBpp0074215	0.0
7227.FBpp0085405	7227.FBpp0290410	0.0
7227.FBpp0072104	7227.FBpp0076117	0.0
7227.FBpp0079797	7227.FBpp0300900	0.0
7227.FBpp0304597	7227.FBpp0075512	0.0
7227.FBpp0070131	7227.FBpp0080967	0.0
7227.FBpp0073664	7227.FBpp0089088	0.0
7227.FBpp0079195	7227.FBpp0303704	0.0
7227.FBpp0078705	7227.FBpp0082301	0.0
7227.FBpp0089317	7227.FBpp0083548	0.0
7227.FBpp0110588	7227.FBpp0304811	0.0
7227.FBpp0112203	7227.FBpp0290883	0.0
7227.FBpp0305878	7227.FBpp0293263	0.0
7227.FBpp0075737	7227.FBpp0305863	0.0
7227.FBpp0291347	7227.FBpp0088546	0.0
7227.FBpp0301105	7227.FBpp0304970	0.0
7227.FBpp0303978	7227.FBpp0297142	0.0
7227.FBpp0085942	7227.FBpp0078601	0.0
7227.FBpp0088430	7227.FBpp0074606	0.0
7227.FBpp0289598	7227.FBpp0111639	0.0
7227.FBpp0288434	7227.FBpp0070576	0.0
7227.FBpp0083164	7227.FBpp0080865	0.0
7227.FBpp0084674	7227.FBpp0075801	0.0
7227.FBpp0289843	7227.FBpp0077526	0.0
7227.FBpp0083330	7227.FBpp0300867	0.0
7227.FBpp0087922	7227.FBpp0099796	0.0
7227.FBpp0081481	7227.FBpp0082256	0.0
7227.FBpp0288403	7227.FBpp0078936	0.0
7227.FBpp0306183	7227.FBpp0076909	0.0
7227.FBpp0288459	7227.FBpp0271746	0.0
7227.FBpp0304473	7227.FBpp0290467	0.0
7227.FBpp0083206	7227.FBpp0083219	0.0
7227.FBpp0084226	7227.FBpp0073800	0.0
7227.FBpp0087340	7227.FBpp0079500	0.0
7227.FBpp0086786	7227.FBpp0087025	0.0
7227.FBpp0072380	7227.FBpp0288735	0.0
7227.FBpp0080880	7227.FBpp0290511	0.0
7227.FBpp0076439	7227.FBpp0081384	0.0
7227.FBpp0080374	7227.FBpp0075856	0.0
7227.FBpp0302700	7227.FBpp0305897	0.0
7227.FBpp0072921	7227.FBpp0082490	0.0
7227.FBpp0075902	7227.FBpp0303241	0.0
7227.FBpp0100153	7227.FBpp0087838	0.0
7227.FBpp0293021	7227.FBpp0085501	0.0
7227.FBpp0077031	7227.FBpp0288967	0.0
7227.FBpp0077900	7227.FBpp0079919	0.0
7227.FBpp0085006	7227.FBpp0293877	0.0
7227.FBpp0099484	7227.FBpp0297444	0.0
7227.FBpp0079361	7227.FBpp0085853	0.0
7227.FBpp0305402	7227.FBpp0085818	0.0
7227.FBpp0073927	7227.FBpp0082136	0.0
7227.FBpp0085393	7227.FBpp0081788	0.0
7227.FBpp0300514	7227.FBpp0081403	0.0
7227.FBpp0113024	7227.FBpp0071741	0.0
7227.FBpp0073863	7227.FBpp0086338	0.0
7227.FBpp0087149	7227.FBpp0297755	0.0
7227.FBpp0112409	7227.FBpp0085878	0.0
7227.FBpp0086518	7227.FBpp0289534	0.0
7227.FBpp0085497	7227.FBpp0078147	0.0
7227.FBpp0083536	7227.FBpp0290090	0.0
7227.FBpp0112176	7227.FBpp0297068	0.0
7227.FBpp0088022	7227.FBpp0081217	0.0
7227.FBpp0083159	7227.FBpp0297990	0.0
7227.FBpp0088857	7227.FBpp0070122	0.0
7227.FBpp0294060	7227.FBpp0077391	0.0
7227.FBpp0086572	7227.FBpp0305609	0.0
7227.FBpp0304803	7227.FBpp0304120	0.0
7227.FBpp0078645	7227.FBpp0074466	0.0
7227.FBpp0084306	7227.FBpp0304708	0.0
7227.FBpp0073031	7227.FBpp0074200	0.0
7227.FBpp0081344	7227.FBpp0079975	0.0
7227.FBpp0113054	7227.FBpp0070158	0.0
7227.FBpp0085887	7227.FBpp0084787	0.0
7227.FBpp0290338	7227.FBpp0079372	0.0
7227.FBpp0076024	7227.FBpp0082591	0.0
7227.FBpp0076413	7227.FBpp0071636	0.0
7227.FBpp0086168	7227.FBpp0292119	0.0
7227.FBpp0297112	7227.FBpp0305834	0.0
7227.FBpp0072418	7227.FBpp0306150	0.0
7227.FBpp0111916	7227.FBpp0081496	0.0
7227.FBpp0080683	7227.FBpp0293384	0.0
7227.FBpp0071356	7227.FBpp0305333	0.0
7227.FBpp0084362	7227.FBpp0301822	0.0
7227.FBpp0071055	7227.FBpp0112174	0.0
7227.FBpp0083550	7227.FBpp0099869	0.0
7227.FBpp0083057	7227.FBpp0078145	0.0
7227.FBpp0082830	7227.FBpp0072462	0.0
7227.FBpp0078954	7227.FBpp0111989	0.0
7227.FBpp0073184	7227.FBpp0078849	0.0
7227.FBpp0072381	7227.FBpp0297763	0.0
7227.FBpp0086997	7227.FBpp0070904	0.0
7227.FBpp0099400	7227.FBpp0076095	0.0
7227.FBpp0086741	7227.FBpp0074400	0.0
7227.FBpp0110324	7227.FBpp0072505	0.0
7227.FBpp0087799	7227.FBpp0085115	0.0
7227.FBpp0072851	7227.FBpp0303813	0.0
7227.FBpp0075240	7227.FBpp0086289	0.0
7227.FBpp0084429	7227.FBpp0076269	0.0
7227.FBpp0290277	7227.FBpp0078278	0.0
7227.FBpp0081557	7227.FBpp0070691	0.0
7227.FBpp0304468	7227.FBpp0075801	0.0
7227.FBpp0086484	7227.FBpp0074566	0.0
7227.FBpp0086219	7227.FBpp0086942	0.0
7227.FBpp0303304	7227.FBpp0111276	0.0
7227.FBpp0070086	7227.FBpp0303922	0.0
7227.FBpp0305088	7227.FBpp0112496	0.0
7227.FBpp0082923	7227.FBpp0305006	0.0
7227.FBpp0075571	7227.FBpp0297529	0.0
7227.FBpp0080277	7227.FBpp0297196	0.0
7227.FBpp0073223	7227.FBpp0290168	0.0
7227.FBpp0088410	7227.FBpp0070955	0.0
7227.FBpp0071712	7227.FBpp0075007	0.0
7227.FBpp0076942	7227.FBpp0077218	0.0
7227.FBpp0070097	7227.FBpp0297441	0.0
7227.FBpp0073520	7227.FBpp0077760	0.0
7227.FBpp0078337	7227.FBpp0302704	0.0
7227.FBpp0291699	7227.FBpp0078865	0.0
7227.FBpp0070546	7227.FBpp0303790	0.0
7227.FBpp0085778	7227.FBpp0081449	0.0
7227.FBpp0303309	7227.FBpp0304355	0.0
7227.FBpp0292301	7227.FBpp0070180	0.0
7227.FBpp0080391	7227.FBpp0081889	0.0
7227.FBpp0305146	7227.FBpp0073270	0.0
7227.FBpp0080297	7227.FBpp0297491	0.0
7227.FBpp0111361	7227.FBpp0077674	0.0
7227.FBpp0305946	7227.FBpp0087713	0.0
7227.FBpp0075429	7227.FBpp0071692	0.0
7227.FBpp0111335	7227.FBpp0072979	0.0
7227.FBpp0111318	7227.FBpp0074790	0.0
7227.FBpp0306089	7227.FBpp0110170	0.0
7227.FBpp0292078	7227.FBpp0080506	0.0
7227.FBpp0297892	7227.FBpp0291109	0.0
7227.FBpp0073752	7227.FBpp0071763	0.0
7227.FBpp0079729	7227.FBpp0100159	0.0
7227.FBpp0076559	7227.FBpp0071212	0.0
7227.FBpp0301997	7227.FBpp0294009	0.0
7227.FBpp0074881	7227.FBpp0084507	0.0
7227.FBpp0077536	7227.FBpp0289286	0.0
7227.FBpp0079439	7227.FBpp0079235	0.0
7227.FBpp0074481	7227.FBpp0297713	0.0
7227.FBpp0305123	7227.FBpp0070069	0.0
7227.FBpp0111442	7227.FBpp0305562	0.0
7227.FBpp0289799	7227.FBpp0082879	0.0
7227.FBpp0100012	7227.FBpp0076594	0.0
7227.FBpp0079878	7227.FBpp0091102	0.0
7227.FBpp0082903	7227.FBpp0080106	0.0
7227.FBpp0303170	7227.FBpp0304594	0.0
7227.FBpp0071924	7227.FBpp0072160	0.0
7227.FBpp0070858	7227.FBpp0079226	0.0
7227.FBpp0085062	7227.FBpp0085669	0.0
7227.FBpp0080894	7227.FBpp0079091	0.0
7227.FBpp0305219	7227.FBpp0086625	0.0
7227.FBpp0072789	7227.FBpp0080815	0.0
7227.FBpp0086552	7227.FBpp0289539	0.0
7227.FBpp0084416	7227.FBpp0077680	0.0
7227.FBpp0288953	7227.FBpp0304082	0.0
7227.FBpp0111442	7227.FBpp0070383	0.0
7227.FBpp0305592	7227.FBpp0111408	0.0
7227.FBpp0292980	7227.FBpp0289595	0.0
7227.FBpp0083460	7227.FBpp0110565	0.0
7227.FBpp0293470	7227.FBpp0288967	0.0
7227.FBpp0306183	7227.FBpp0112908	0.0
7227.FBpp0086881	7227.FBpp0074516	0.0
7227.FBpp0088857	7227.FBpp0078677	0.0
7227.FBpp0293869	7227.FBpp0077903	0.0
7227.FBpp0112273	7227.FBpp0076783	0.0
7227.FBpp0298346	7227.FBpp0082545	0.0
7227.FBpp0079225	7227.FBpp0070661	0.0
7227.FBpp0074085	7227.FBpp0087535	0.0
7227.FBpp0077550	7227.FBpp0080575	0.0
7227.FBpp0305138	7227.FBpp0290477	0.0
7227.FBpp0072172	7227.FBpp0078915	0.0
7227.FBpp0079968	7227.FBpp0293721	0.0
7227.FBpp0077204	7227.FBpp0080765	0.0
7227.FBpp0290875	7227.FBpp0289621	0.0
7227.FBpp0081491	7227.FBpp0301020	0.0
7227.FBpp0304979	7227.FBpp0087235	0.0
7227.FBpp0297881	7227.FBpp0088525	0.0
7227.FBpp0290965	7227.FBpp0080108	0.0
7227.FBpp0082037	7227.FBpp0302912	0.0
7227.FBpp0077954	7227.FBpp0099646	0.0
7227.FBpp0289416	7227.FBpp0070950	0.0
7227.FBpp0085673	7227.FBpp0083629	0.0
7227.FBpp0293626	7227.FBpp0271729	0.0
7227.FBpp0091165	7227.FBpp0303468	0.0
7227.FBpp0085915	7227.FBpp0304916	0.0
7227.FBpp0081387	7227.FBpp0305091	0.0
7227.FBpp0290002	7227.FBpp0078277	0.0
7227.FBpp0304767	7227.FBpp0100132	0.0
7227.FBpp0077360	7227.FBpp0077678	0.0
7227.FBpp0076476	7227.FBpp0099996	0.0
7227.FBpp0071321	7227.FBpp0303350	0.0
7227.FBpp0076026	7227.FBpp0292484	0.0
7227.FBpp0076930	7227.FBpp0073157	0.0
7227.FBpp0111928	7227.FBpp0291690	0.0
7227.FBpp0084358	7227.FBpp0075187	0.0
7227.FBpp0082278	7227.FBpp0303137	0.0
7227.FBpp0083302	7227.FBpp0084484	0.0
7227.FBpp0087755	7227.FBpp0087764	0.0
7227.FBpp0300961	7227.FBpp0305723	0.0
7227.FBpp0072842	7227.FBpp0086516	0.0
7227.FBpp0085566	7227.FBpp0083961	0.0
7227.FBpp0078985	7227.FBpp0081383	0.0
7227.FBpp0080765	7227.FBpp0070194	0.0
7227.FBpp0084624	7227.FBpp0304594	0.0
7227.FBpp0305333	7227.FBpp0304404	0.0
7227.FBpp0070050	7227.FBpp0086648	0.0
7227.FBpp0075559	7227.FBpp0081507	0.0
7227.FBpp0078834	7227.FBpp0070051	0.0
7227.FBpp0084199	7227.FBpp0083848	0.0
7227.FBpp0292163	7227.FBpp0074893	0.0
7227.FBpp0072242	7227.FBpp0300930	0.0
7227.FBpp0087169	7227.FBpp0291753	0.0
7227.FBpp0297755	7227.FBpp0089343	0.0
7227.FBpp0079993	7227.FBpp0071974	0.0
7227.FBpp0078229	7227.FBpp0084796	0.0
7227.FBpp0083731	7227.FBpp0305568	0.0
7227.FBpp0085233	7227.FBpp0078548	0.0
7227.FBpp0298376	7227.FBpp0081318	0.0
7227.FBpp0087284	7227.FBpp0071215	0.0
7227.FBpp0306026	7227.FBpp0076339	0.0
7227.FBpp0084983	7227.FBpp0076024	0.0
7227.FBpp0073641	7227.FBpp0076544	0.0
7227.FBpp0305637	7227.FBpp0073015	0.0
7227.FBpp0303221	7227.FBpp0099725	0.0
7227.FBpp0111304	7227.FBpp0073638	0.0
7227.FBpp0074834	7227.FBpp0298346	0.0
7227.FBpp0289248	7227.FBpp0292326	0.0
7227.FBpp0085814	7227.FBpp0292481	0.0
7227.FBpp0290470	7227.FBpp0072133	0.0
7227.FBpp0078814	7227.FBpp0271787	0.0
7227.FBpp0080090	7227.FBpp0082011	0.0
7227.FBpp0302601	7227.FBpp0081310	0.0
7227.FBpp0079658	7227.FBpp0086719	0.0
7227.FBpp0073978	7227.FBpp0077673	0.0
7227.FBpp0073500	7227.FBpp0099657	0.0
7227.FBpp0075522	7227.FBpp0292132	0.0
7227.FBpp0303826	7227.FBpp0071415	0.0
7227.FBpp0083908	7227.FBpp0074930	0.0
7227.FBpp0291063	7227.FBpp0293861	0.0
7227.FBpp0300347	7227.FBpp0078541	0.0
7227.FBpp0297828	7227.FBpp0074451	0.0
7227.FBpp0305599	7227.FBpp0083905	0.0
7227.FBpp0112198	7227.FBpp0081399	0.0
7227.FBpp0111660	7227.FBpp0077643	0.0
7227.FBpp0099918	7227.FBpp0078353	0.0
7227.FBpp0301951	7227.FBpp0083981	0.0
7227.FBpp0086236	7227.FBpp0076168	0.0
7227.FBpp0293748	7227.FBpp0080971	0.0
7227.FBpp0078779	7227.FBpp0297992	0.0
7227.FBpp0083653	7227.FBpp0300950	0.0
7227.FBpp0072971	7227.FBpp0293062	0.0
7227.FBpp0301701	7227.FBpp0083204	0.0
7227.FBpp0080229	7227.FBpp0290011	0.0
7227.FBpp0300445	7227.FBpp0292157	0.0
7227.FBpp0078356	7227.FBpp0087156	0.0
7227.FBpp0079675	7227.FBpp0078388	0.0
7227.FBpp0076010	7227.FBpp0080008	0.0
7227.FBpp0079782	7227.FBpp0076282	0.0
7227.FBpp0080764	7227.FBpp0081185	0.0
7227.FBpp0078725	7227.FBpp0099484	0.0
7227.FBpp0083742	7227.FBpp0078759	0.0
7227.FBpp0304373	7227.FBpp0070197	0.0
7227.FBpp0078032	7227.FBpp0079408	0.0
7227.FBpp0301283	7227.FBpp0076282	0.0
7227.FBpp0074660	7227.FBpp0303462	0.0
7227.FBpp0303101	7227.FBpp0289413	0.0
7227.FBpp0291255	7227.FBpp0079860	0.0
7227.FBpp0112547	7227.FBpp0074223	0.0
7227.FBpp0075576	7227.FBpp0292903	0.0
7227.FBpp0072570	7227.FBpp0087504	0.0
7227.FBpp0077459	7227.FBpp0100169	0.0
7227.FBpp0072285	7227.FBpp0076119	0.0
7227.FBpp0304025	7227.FBpp0076114	0.0
7227.FBpp0291865	7227.FBpp0078324	0.0
7227.FBpp0289598	7227.FBpp0297761	0.0
7227.FBpp0300160	7227.FBpp0085974	0.0
7227.FBpp0073028	7227.FBpp0293538	0.0
7227.FBpp0081105	7227.FBpp0082525	0.0
7227.FBpp0076085	7227.FBpp0081930	0.0
7227.FBpp0271885	7227.FBpp0072229	0.0
7227.FBpp0074021	7227.FBpp0290883	0.0
7227.FBpp0079293	7227.FBpp0087190	0.0
7227.FBpp0083932	7227.FBpp0088902	0.0
7227.FBpp0082168	7227.FBpp0289363	0.0
7227.FBpp0305033	7227.FBpp0081962	0.0
7227.FBpp0088866	7227.FBpp0304436	0.0
7227.FBpp0292098	7227.FBpp0090947	0.0
7227.FBpp0304714	7227.FBpp0290559	0.0
7227.FBpp0078008	7227.FBpp0083057	0.0
7227.FBpp0304268	7227.FBpp0083642	0.0
7227.FBpp0291263	7227.FBpp0112148	0.0
7227.FBpp0297358	7227.FBpp0075096	0.0
7227.FBpp0088858	7227.FBpp0075552	0.0
7227.FBpp0076703	7227.FBpp0304226	0.0
7227.FBpp0297153	7227.FBpp0074300	0.0
7227.FBpp0297764	7227.FBpp0075203	0.0
7227.FBpp0073869	7227.FBpp0072341	0.0
7227.FBpp0084994	7227.FBpp0074456	0.0
7227.FBpp0100134	7227.FBpp0080740	0.0
7227.FBpp0090973	7227.FBpp0291511	0.0
7227.FBpp0297068	7227.FBpp0080431	0.0
7227.FBpp0081515	7227.FBpp0075894	0.0
7227.FBpp0074428	7227.FBpp0082419	0.0
7227.FBpp0073475	7227.FBpp0089401	0.0
7227.FBpp0078091	7227.FBpp0081928	0.0
7227.FBpp0293521	7227.FBpp0099846	0.0
7227.FBpp0083093	7227.FBpp0112004	0.0
7227.FBpp0071241	7227.FBpp0077909	0.0
7227.FBpp0304960	7227.FBpp0075088	0.0
7227.FBpp0087412	7227.FBpp0078377	0.0
7227.FBpp0305852	7227.FBpp0079102	0.0
7227.FBpp0082699	7227.FBpp0072307	0.0
7227.FBpp0083445	7227.FBpp0074637	0.0
7227.FBpp0301584	7227.FBpp0293516	0.0
7227.FBpp0293626	7227.FBpp0111328	0.0
7227.FBpp0271847	7227.FBpp0070651	0.0
7227.FBpp0305738	7227.FBpp0290010	0.0
7227.FBpp0088862	7227.FBpp0271869	0.0
7227.FBpp0305035	7227.FBpp0081460	0.0
7227.FBpp0083086	7227.FBpp0078115	0.0
7227.FBpp0085929	7227.FBpp0073020	0.0
7227.FBpp0081092	7227.FBpp0084358	0.0
7227.FBpp0305563	7227.FBpp0099640	0.0
7227.FBpp0079377	7227.FBpp0304160	0.0
7227.FBpp0085164	7227.FBpp0297928	0.0
7227.FBpp0081254	7227.FBpp0303002	0.0
7227.FBpp0301698	7227.FBpp0086042	0.0
7227.FBpp0079596	7227.FBpp0079127	0.0
7227.FBpp0078022	7227.FBpp0112070	0.0
7227.FBpp0075895	7227.FBpp0110120	0.0
7227.FBpp0072318	7227.FBpp0085678	0.0
7227.FBpp0300181	7227.FBpp0083381	0.0
7227.FBpp0080259	7227.FBpp0291662	0.0
7227.FBpp0083611	7227.FBpp0303212	0.0
7227.FBpp0088551	7227.FBpp0075087	0.0
7227.FBpp0078662	7227.FBpp0072335	0.0
7227.FBpp0085308	7227.FBpp0075113	0.0
7227.FBpp0303117	7227.FBpp0305865	0.0
7227.FBpp0075971	7227.FBpp0083307	0.0
7227.FBpp0081245	7227.FBpp0291121	0.0
7227.FBpp0304081	7227.FBpp0288838	0.0
7227.FBpp0293863	7227.FBpp0303758	0.0
7227.FBpp0072510	7227.FBpp0076842	0.0
7227.FBpp0087887	7227.FBpp0074370	0.0
7227.FBpp0301551	7227.FBpp0086642	0.0
7227.FBpp0100045	7227.FBpp0076234	0.0
7227.FBpp0080198	7227.FBpp0290421	0.0
7227.FBpp0112313	7227.FBpp0075751	0.0
7227.FBpp0071783	7227.FBpp0271525	0.0
7227.FBpp0075373	7227.FBpp0072786	0.0
7227.FBpp0078756	7227.FBpp0305674	0.0
7227.FBpp0305722	7227.FBpp0089135	0.0
7227.FBpp0290420	7227.FBpp0077549	0.0
7227.FBpp0088034	7227.FBpp0086970	0.0
7227.FBpp0079225	7227.FBpp0072951	0.0
7227.FBpp0076472	7227.FBpp0079293	0.0
7227.FBpp0086701	7227.FBpp0079524	0.0
7227.FBpp0084084	7227.FBpp0289435	0.0
7227.FBpp0085788	7227.FBpp0304825	0.0
7227.FBpp0305218	7227.FBpp0079824	0.0
7227.FBpp0077031	7227.FBpp0088630	0.0
7227.FBpp0082065	7227.FBpp0078899	0.0
7227.FBpp0079072	7227.FBpp0080721	0.0
7227.FBpp0070471	7227.FBpp0075562	0.0
7227.FBpp0288400	7227.FBpp0074668	0.0
7227.FBpp0290356	7227.FBpp0083687	0.0
7227.FBpp0086175	7227.FBpp0288828	0.0
7227.FBpp0082153	7227.FBpp0075710	0.0
7227.FBpp0083398	7227.FBpp0305939	0.0
7227.FBpp0110223	7227.FBpp0074267	0.0
7227.FBpp0083658	7227.FBpp0303239	0.0
7227.FBpp0081076	7227.FBpp0112337	0.0
7227.FBpp0070816	7227.FBpp0291780	0.0
7227.FBpp0084403	7227.FBpp0072287	0.0
7227.FBpp0081195	7227.FBpp0303737	0.0
7227.FBpp0289731	7227.FBpp0071448	0.0
7227.FBpp0293750	7227.FBpp0073358	0.0
7227.FBpp0080290	7227.FBpp0112748	0.0
7227.FBpp0075551	7227.FBpp0111360	0.0
7227.FBpp0081882	7227.FBpp0077539	0.0
7227.FBpp0271862	7227.FBpp0076189	0.0
7227.FBpp0304033	7227.FBpp0290578	0.0
7227.FBpp0291001	7227.FBpp0306154	0.0
7227.FBpp0085460	7227.FBpp0072894	0.0
7227.FBpp0085192	7227.FBpp0087590	0.0
7227.FBpp0289649	7227.FBpp0078667	0.0
7227.FBpp0085950	7227.FBpp0084277	0.0
7227.FBpp0306043	7227.FBpp0083414	0.0
7227.FBpp0070795	7227.FBpp0083219	0.0
7227.FBpp0077362	7227.FBpp0087117	0.0
7227.FBpp0084816	7227.FBpp0073005	0.0
7227.FBpp0289248	7227.FBpp0074015	0.0
7227.FBpp0080412	7227.FBpp0087770	0.0
7227.FBpp0293538	7227.FBpp0084862	0.0
7227.FBpp0070912	7227.FBpp0080676	0.0
7227.FBpp0292605	7227.FBpp0083263	0.0
7227.FBpp0086385	7227.FBpp0084684	0.0
7227.FBpp0075736	7227.FBpp0078224	0.0
7227.FBpp0301181	7227.FBpp0080284	0.0
7227.FBpp0293282	7227.FBpp0087501	0.0
7227.FBpp0071683	7227.FBpp0294039	0.0
7227.FBpp0081598	7227.FBpp0113073	0.0
7227.FBpp0088455	7227.FBpp0303862	0.0
7227.FBpp0084381	7227.FBpp0076495	0.0
7227.FBpp0290092	7227.FBpp0085642	0.0
7227.FBpp0304892	7227.FBpp0303232	0.0
7227.FBpp0099947	7227.FBpp0085718	0.0
7227.FBpp0074435	7227.FBpp0304293	0.0
7227.FBpp0078128	7227.FBpp0078599	0.0
7227.FBpp0082389	7227.FBpp0082494	0.0
7227.FBpp0074836	7227.FBpp0071702	0.0
7227.FBpp0089094	7227.FBpp0290242	0.0
7227.FBpp0084608	7227.FBpp0082282	0.0
7227.FBpp0070616	7227.FBpp0081249	0.0
7227.FBpp0082574	7227.FBpp0081672	0.0
7227.FBpp0305795	7227.FBpp0304783	0.0
7227.FBpp0089244	7227.FBpp0084117	0.0
7227.FBpp0293281	7227.FBpp0073157	0.0
7227.FBpp0291688	7227.FBpp0291688	0.0
7227.FBpp0288644	7227.FBpp0300427	0.0
7227.FBpp0072834	7227.FBpp0111361	0.0
7227.FBpp0082318	7227.FBpp0080757	0.0
7227.FBpp0077602	7227.FBpp0304129	0.0
7227.FBpp0087915	7227.FBpp0075175	0.0
7227.FBpp0074301	7227.FBpp0300165	0.0
7227.FBpp0089317	7227.FBpp0084842	0.0
7227.FBpp0290715	7227.FBpp0303819	0.0
7227.FBpp0077233	7227.FBpp0083369	0.0
7227.FBpp0080190	7227.FBpp0086244	0.0
7227.FBpp0081116	7227.FBpp0077043	0.0
7227.FBpp0298046	7227.FBpp0074714	0.0
7227.FBpp0290312	7227.FBpp0080391	0.0
7227.FBpp0075875	7227.FBpp0078976	0.0
7227.FBpp0077156	7227.FBpp0071930	0.0
7227.FBpp0290775	7227.FBpp0079546	0.0
7227.FBpp0083007	7227.FBpp0073153	0.0
7227.FBpp0303384	7227.FBpp0083766	0.0
7227.FBpp0089036	7227.FBpp0078268	0.0
7227.FBpp0297828	7227.FBpp0083548	0.0
7227.FBpp0086428	7227.FBpp0073219	0.0
7227.FBpp0081598	7227.FBpp0271927	0.0
7227.FBpp0078243	7227.FBpp0297902	0.0
7227.FBpp0082066	7227.FBpp0073114	0.0
7227.FBpp0099980	7227.FBpp0076234	0.0
7227.FBpp0084812	7227.FBpp0086683	0.0
7227.FBpp0289968	7227.FBpp0075713	0.0
7227.FBpp0087823	7227.FBpp0112456	0.0
7227.FBpp0073466	7227.FBpp0080609	0.0
7227.FBpp0071842	7227.FBpp0084928	0.0
7227.FBpp0080710	7227.FBpp0089293	0.0
7227.FBpp0072425	7227.FBpp0088172	0.0
7227.FBpp0072322	7227.FBpp0071817	0.0
7227.FBpp0077688	7227.FBpp0081773	0.0
7227.FBpp0088978	7227.FBpp0298014	0.0
7227.FBpp0304078	7227.FBpp0111358	0.0
7227.FBpp0301160	7227.FBpp0110406	0.0
7227.FBpp0070348	7227.FBpp0289982	0.0
7227.FBpp0071450	7227.FBpp0079878	0.0
7227.FBpp0297519	7227.FBpp0077580	0.0
7227.FBpp0100113	7227.FBpp0100025	0.0
7227.FBpp0291585	7227.FBpp0084059	0.0
7227.FBpp0083900	7227.FBpp0088877	0.0
7227.FBpp0303246	7227.FBpp0099647	0.0
7227.FBpp0076849	7227.FBpp0089307	0.0
7227.FBpp0075938	7227.FBpp0077932	0.0
7227.FBpp0112261	7227.FBpp0089400	0.0
7227.FBpp0297988	7227.FBpp0304893	0.0
7227.FBpp0083319	7227.FBpp0291538	0.0
7227.FBpp0084305	7227.FBpp0301843	0.0
7227.FBpp0081996	7227.FBpp0087589	0.0
7227.FBpp0073863	7227.FBpp0099794	0.0
7227.FBpp0303836	7227.FBpp0289901	0.0
7227.FBpp0305614	7227.FBpp0086486	0.0
7227.FBpp0079566	7227.FBpp0301610	0.0
7227.FBpp0073505	7227.FBpp0111318	0.0
7227.FBpp0079057	7227.FBpp0076219	0.0
7227.FBpp0290519	7227.FBpp0077643	0.0
7227.FBpp0111519	7227.FBpp0301800	0.0
7227.FBpp0075140	7227.FBpp0297239	0.0
7227.FBpp0306063	7227.FBpp0075499	0.0
7227.FBpp0302569	7227.FBpp0070122	0.0
7227.FBpp0075627	7227.FBpp0306061	0.0
7227.FBpp0070053	7227.FBpp0087204	0.0
7227.FBpp0293658	7227.FBpp0079218	0.0
7227.FBpp0072076	7227.FBpp0086042	0.0
7227.FBpp0112043	7227.FBpp0085720	0.0
7227.FBpp0289615	7227.FBpp0290347	0.0
7227.FBpp0083878	7227.FBpp0297740	0.0
7227.FBpp0083204	7227.FBpp0111644	0.0
7227.FBpp0085274	7227.FBpp0087946	0.0
7227.FBpp0079417	7227.FBpp0078447	0.0
7227.FBpp0302576	7227.FBpp0303632	0.0
7227.FBpp0290085	7227.FBpp0303023	0.0
7227.FBpp0085581	7227.FBpp0297435	0.0
7227.FBpp0087532	7227.FBpp0303702	0.0
7227.FBpp0302792	7227.FBpp0083845	0.0
7227.FBpp0080429	7227.FBpp0297363	0.0
7227.FBpp0087675	7227.FBpp0072979	0.0
7227.FBpp0083975	7227.FBpp0080229	0.0
7227.FBpp0075113	7227.FBpp0084452	0.0
7227.FBpp0297706	7227.FBpp0297706	0.0
7227.FBpp0071929	7227.FBpp0297300	0.0
7227.FBpp0077755	7227.FBpp0099638	0.0
7227.FBpp0082480	7227.FBpp0084288	0.0
7227.FBpp0088878	7227.FBpp0074841	0.0
7227.FBpp0081867	7227.FBpp0288677	0.0
7227.FBpp0077143	7227.FBpp0077671	0.0
7227.FBpp0305782	7227.FBpp0301139	0.0
7227.FBpp0076231	7227.FBpp0082739	0.0
7227.FBpp0292143	7227.FBpp0292255	0.0
7227.FBpp0110120	7227.FBpp0289547	0.0
7227.FBpp0304002	7227.FBpp0304404	0.0
7227.FBpp0087340	7227.FBpp0075400	0.0
7227.FBpp0073071	7227.FBpp0297301	0.0
7227.FBpp0289470	7227.FBpp0100109	0.0
7227.FBpp0289920	7227.FBpp0297763	0.0
7227.FBpp0290265	7227.FBpp0088048	0.0
7227.FBpp0071182	7227.FBpp0087065	0.0
7227.FBpp0303236	7227.FBpp0085814	0.0
7227.FBpp0290126	7227.FBpp0301765	0.0
7227.FBpp0085839	7227.FBpp0086242	0.0
7227.FBpp0078684	7227.FBpp0084510	0.0
7227.FBpp0080956	7227.FBpp0083004	0.0
7227.FBpp0297300	7227.FBpp0300440	0.0
7227.FBpp0303019	7227.FBpp0083901	0.0
7227.FBpp0077735	7227.FBpp0083546	0.0
7227.FBpp0292353	7227.FBpp0082672	0.0
7227.FBpp0088430	7227.FBpp0076383	0.0
7227.FBpp0089419	7227.FBpp0088650	0.0
7227.FBpp0075463	7227.FBpp0088860	0.0
7227.FBpp0071329	7227.FBpp0083498	0.0
7227.FBpp0080402	7227.FBpp0085277	0.0
7227.FBpp0076667	7227.FBpp0288838	0.0
7227.FBpp0088078	7227.FBpp0302658	0.0
7227.FBpp0074554	7227.FBpp0070639	0.0
7227.FBpp0079189	7227.FBpp0297719	0.0
7227.FBpp0087484	7227.FBpp0292255	0.0
7227.FBpp0291556	7227.FBpp0291556	0.0
7227.FBpp0290040	7227.FBpp0289587	0.0
7227.FBpp0079752	7227.FBpp0083152	0.0
7227.FBpp0077427	7227.FBpp0297906	0.0
7227.FBpp0111662	7227.FBpp0297636	0.0
7227.FBpp0072977	7227.FBpp0081253	0.0
7227.FBpp0300391	7227.FBpp0302903	0.0
7227.FBpp0084446	7227.FBpp0077147	0.0
7227.FBpp0292474	7227.FBpp0082342	0.0
7227.FBpp0113033	7227.FBpp0078549	0.0
7227.FBpp0302697	7227.FBpp0084307	0.0
7227.FBpp0271877	7227.FBpp0086246	0.0
7227.FBpp0304135	7227.FBpp0077147	0.0
7227.FBpp0074849	7227.FBpp0110198	0.0
7227.FBpp0289196	7227.FBpp0297989	0.0
7227.FBpp0084373	7227.FBpp0081482	0.0
7227.FBpp0300330	7227.FBpp0071598	0.0
7227.FBpp0300511	7227.FBpp0289582	0.0
7227.FBpp0083553	7227.FBpp0087509	0.0
7227.FBpp0078976	7227.FBpp0076242	0.0
7227.FBpp0086937	7227.FBpp0075859	0.0
7227.FBpp0301848	7227.FBpp0072221	0.0
7227.FBpp0071922	7227.FBpp0082450	0.0
7227.FBpp0087613	7227.FBpp0111314	0.0
7227.FBpp0297389	7227.FBpp0073061	0.0
7227.FBpp0111362	7227.FBpp0078994	0.0
7227.FBpp0110406	7227.FBpp0078237	0.0
7227.FBpp0088927	7227.FBpp0074288	0.0
7227.FBpp0292055	7227.FBpp0072837	0.0
7227.FBpp0305036	7227.FBpp0290355	0.0
7227.FBpp0070622	7227.FBpp0072895	0.0
7227.FBpp0071133	7227.FBpp0076245	0.0
7227.FBpp0077743	7227.FBpp0081545	0.0
7227.FBpp0297828	7227.FBpp0070942	0.0
7227.FBpp0099799	7227.FBpp0305217	0.0
7227.FBpp0080683	7227.FBpp0078253	0.0
7227.FBpp0086262	7227.FBpp0303491	0.0
7227.FBpp0079637	7227.FBpp0289965	0.0
7227.FBpp0080688	7227.FBpp0290200	0.0
7227.FBpp0087091	7227.FBpp0300521	0.0
7227.FBpp0111942	7227.FBpp0290278	0.0
7227.FBpp0304781	7227.FBpp0078079	0.0
7227.FBpp0300954	7227.FBpp0074844	0.0
7227.FBpp0081957	7227.FBpp0305522	0.0
7227.FBpp0072429	7227.FBpp0113069	0.0
7227.FBpp0080059	7227.FBpp0303461	0.0
7227.FBpp0298824	7227.FBpp0072102	0.0
7227.FBpp0289423	7227.FBpp0082118	0.0
7227.FBpp0072040	7227.FBpp0080663	0.0
7227.FBpp0081107	7227.FBpp0301778	0.0
7227.FBpp0082012	7227.FBpp0078555	0.0
7227.FBpp0086341	7227.FBpp0087363	0.0
7227.FBpp0088582	7227.FBpp0081027	0.0
7227.FBpp0084997	7227.FBpp0292340	0.0
7227.FBpp0088427	7227.FBpp0290134	0.0
7227.FBpp0304574	7227.FBpp0288501	0.0
7227.FBpp0074805	7227.FBpp0073690	0.0
7227.FBpp0087786	7227.FBpp0085815	0.0
7227.FBpp0070313	7227.FBpp0290253	0.0
7227.FBpp0084577	7227.FBpp0301174	0.0
7227.FBpp0089308	7227.FBpp0300170	0.0
7227.FBpp0074635	7227.FBpp0072965	0.0
7227.FBpp0304775	7227.FBpp0084067	0.0
7227.FBpp0112462	7227.FBpp0074301	0.0
7227.FBpp0071423	7227.FBpp0112448	0.0
7227.FBpp0305846	7227.FBpp0112215	0.0
7227.FBpp0077866	7227.FBpp0291167	0.0
7227.FBpp0080917	7227.FBpp0296988	0.0
7227.FBpp0290502	7227.FBpp0083646	0.0
7227.FBpp0085128	7227.FBpp0072064	0.0
7227.FBpp0085836	7227.FBpp0099518	0.0
7227.FBpp0292343	7227.FBpp0291104	0.0
7227.FBpp0078799	7227.FBpp0304852	0.0
7227.FBpp0113080	7227.FBpp0072075	0.0
7227.FBpp0077927	7227.FBpp0293748	0.0
7227.FBpp0110071	7227.FBpp0080372	0.0
7227.FBpp0087047	7227.FBpp0087123	0.0
7227.FBpp0077673	7227.FBpp0088124	0.0
7227.FBpp0288390	7227.FBpp0071214	0.0
7227.FBpp0087636	7227.FBpp0084045	0.0
7227.FBpp0292318	7227.FBpp0070751	0.0
7227.FBpp0112541	7227.FBpp0289734	0.0
7227.FBpp0292321	7227.FBpp0305422	0.0
7227.FBpp0081493	7227.FBpp0089415	0.0
7227.FBpp0076225	7227.FBpp0111922	0.0
7227.FBpp0292024	7227.FBpp0075932	0.0
7227.FBpp0078073	7227.FBpp0086937	0.0
7227.FBpp0290779	7227.FBpp0072014	0.0
7227.FBpp0074105	7227.FBpp0089041	0.0
7227.FBpp0078398	7227.FBpp0082867	0.0
7227.FBpp0077478	7227.FBpp0304783	0.0
7227.FBpp0113009	7227.FBpp0071281	0.0
7227.FBpp0079495	7227.FBpp0291473	0.0
7227.FBpp0293662	7227.FBpp0302797	0.0
7227.FBpp0079361	7227.FBpp0292196	0.0
7227.FBpp0113080	7227.FBpp0304528	0.0
7227.FBpp0290412	7227.FBpp0084934	0.0
7227.FBpp0100046	7227.FBpp0075995	0.0
7227.FBpp0071419	7227.FBpp0303834	0.0
7227.FBpp0070360	7227.FBpp0070168	0.0
7227.FBpp0087206	7227.FBpp0082017	0.0
7227.FBpp0300896	7227.FBpp0288952	0.0
7227.FBpp0290938	7227.FBpp0071717	0.0
7227.FBpp0076595	7227.FBpp0079948	0.0
7227.FBpp0302838	7227.FBpp0078435	0.0
7227.FBpp0302581	7227.FBpp0079881	0.0
7227.FBpp0079958	7227.FBpp0288830	0.0
7227.FBpp0271818	7227.FBpp0305387	0.0
7227.FBpp0081988	7227.FBpp0113013	0.0
7227.FBpp0112101	7227.FBpp0080736	0.0
7227.FBpp0077451	7227.FBpp0112137	0.0
7227.FBpp0297358	7227.FBpp0304078	0.0
7227.FBpp0303629	7227.FBpp0301002	0.0
7227.FBpp0087224	7227.FBpp0081096	0.0
7227.FBpp0075668	7227.FBpp0078258	0.0
7227.FBpp0290475	7227.FBpp0300513	0.0
7227.FBpp0304504	7227.FBpp0084787	0.0
7227.FBpp0075600	7227.FBpp0071127	0.0
7227.FBpp0071813	7227.FBpp0083973	0.0
7227.FBpp0111312	7227.FBpp0087103	0.0
7227.FBpp0074889	7227.FBpp0086135	0.0
7227.FBpp0083007	7227.FBpp0085365	0.0
7227.FBpp0085062	7227.FBpp0079296	0.0
7227.FBpp0297493	7227.FBpp0088024	0.0
7227.FBpp0110110	7227.FBpp0083584	0.0
7227.FBpp0305820	7227.FBpp0078017	0.0
7227.FBpp0110264	7227.FBpp0081249	0.0
7227.FBpp0070607	7227.FBpp0071773	0.0
7227.FBpp0302784	7227.FBpp0074502	0.0
7227.FBpp0088650	7227.FBpp0088678	0.0
7227.FBpp0078987	7227.FBpp0298822	0.0
7227.FBpp0305737	7227.FBpp0304473	0.0
7227.FBpp0079354	7227.FBpp0083164	0.0
7227.FBpp0081064	7227.FBpp0075971	0.0
7227.FBpp0305247	7227.FBpp0079264	0.0
7227.FBpp0085394	7227.FBpp0088551	0.0
7227.FBpp0080838	7227.FBpp0271946	0.0
7227.FBpp0293520	7227.FBpp0078917	0.0
7227.FBpp0074125	7227.FBpp0086645	0.0
7227.FBpp0072650	7227.FBpp0303827	0.0
7227.FBpp0071327	7227.FBpp0081670	0.0
7227.FBpp0078253	7227.FBpp0080849	0.0
7227.FBpp0099418	7227.FBpp0080198	0.0
7227.FBpp0073192	7227.FBpp0290041	0.0
7227.FBpp0087496	7227.FBpp0112540	0.0
7227.FBpp0074180	7227.FBpp0082066	0.0
7227.FBpp0289684	7227.FBpp0076552	0.0
7227.FBpp0301732	7227.FBpp0074168	0.0
7227.FBpp0087922	7227.FBpp0081402	0.0
7227.FBpp0080410	7227.FBpp0087501	0.0
7227.FBpp0071760	7227.FBpp0071269	0.0
7227.FBpp0082185	7227.FBpp0089130	0.0
7227.FBpp0081683	7227.FBpp0070628	0.0
7227.FBpp0083486	7227.FBpp0070400	0.0
7227.FBpp0271896	7227.FBpp0303936	0.0
7227.FBpp0305588	7227.FBpp0080072	0.0
7227.FBpp0086702	7227.FBpp0075859	0.0
7227.FBpp0078469	7227.FBpp0086235	0.0
7227.FBpp0112155	7227.FBpp0091147	0.0
7227.FBpp0077147	7227.FBpp0072534	0.0
7227.FBpp0080293	7227.FBpp0291543	0.0
7227.FBpp0080496	7227.FBpp0071773	0.0
7227.FBpp0305236	7227.FBpp0079641	0.0
7227.FBpp0293582	7227.FBpp0070039	0.0
7227.FBpp0081557	7227.FBpp0292864	0.0
7227.FBpp0091091	7227.FBpp0085849	0.0
7227.FBpp0079948	7227.FBpp0071169	0.0
7227.FBpp0076687	7227.FBpp0086912	0.0
7227.FBpp0100023	7227.FBpp0293724	0.0
7227.FBpp0087994	7227.FBpp0072056	0.0
7227.FBpp0289846	7227.FBpp0291943	0.0
7227.FBpp0083007	7227.FBpp0112004	0.0
7227.FBpp0084124	7227.FBpp0111848	0.0
7227.FBpp0297719	7227.FBpp0088005	0.0
7227.FBpp0304977	7227.FBpp0290082	0.0
7227.FBpp0076450	7227.FBpp0077361	0.0
7227.FBpp0076915	7227.FBpp0083813	0.0
7227.FBpp0074035	7227.FBpp0073307	0.0
7227.FBpp0088421	7227.FBpp0083454	0.0
7227.FBpp0082019	7227.FBpp0083838	0.0
7227.FBpp0075911	7227.FBpp0072022	0.0
7227.FBpp0289407	7227.FBpp0075522	0.0
7227.FBpp0073766	7227.FBpp0081602	0.0
7227.FBpp0305473	7227.FBpp0075887	0.0
7227.FBpp0303919	7227.FBpp0293118	0.0
7227.FBpp0100026	7227.FBpp0083057	0.0
7227.FBpp0100159	7227.FBpp0289459	0.0
7227.FBpp0080302	7227.FBpp0305955	0.0
7227.FBpp0298824	7227.FBpp0304261	0.0
7227.FBpp0291415	7227.FBpp0084408	0.0
7227.FBpp0073740	7227.FBpp0087214	0.0
7227.FBpp0070373	7227.FBpp0082519	0.0
7227.FBpp0073969	7227.FBpp0074556	0.0
7227.FBpp0075109	7227.FBpp0289813	0.0
7227.FBpp0085464	7227.FBpp0085374	0.0
7227.FBpp0086192	7227.FBpp0304686	0.0
7227.FBpp0075308	7227.FBpp0079068	0.0
7227.FBpp0086138	7227.FBpp0289608	0.0
7227.FBpp0072203	7227.FBpp0301783	0.0
7227.FBpp0077965	7227.FBpp0070173	0.0
7227.FBpp0073848	7227.FBpp0303526	0.0
7227.FBpp0078864	7227.FBpp0289322	0.0
7227.FBpp0290949	7227.FBpp0072518	0.0
7227.FBpp0080680	7227.FBpp0079389	0.0
7227.FBpp0085109	7227.FBpp0297301	0.0
7227.FBpp0288853	7227.FBpp0300874	0.0
7227.FBpp0071940	7227.FBpp0071999	0.0
7227.FBpp0085581	7227.FBpp0073514	0.0
7227.FBpp0288973	7227.FBpp0070528	0.0
7227.FBpp0081204	7227.FBpp0289503	0.0
7227.FBpp0289349	7227.FBpp0084821	0.0
7227.FBpp0292902	7227.FBpp0300995	0.0
7227.FBpp0302678	7227.FBpp0074892	0.0
7227.FBpp0304201	7227.FBpp0074901	0.0
7227.FBpp0292603	7227.FBpp0291359	0.0
7227.FBpp0291260	7227.FBpp0081957	0.0
7227.FBpp0080661	7227.FBpp0077231	0.0
7227.FBpp0082644	7227.FBpp0290741	0.0
7227.FBpp0084556	7227.FBpp0072117	0.0
7227.FBpp0072832	7227.FBpp0074955	0.0
7227.FBpp0081807	7227.FBpp0084509	0.0
7227.FBpp0288960	7227.FBpp0072457	0.0
7227.FBpp0086049	7227.FBpp0076967	0.0
7227.FBpp0084333	7227.FBpp0081928	0.0
7227.FBpp0291994	7227.FBpp0112384	0.0
7227.FBpp0074633	7227.FBpp0081765	0.0
7227.FBpp0076639	7227.FBpp0071589	0.0
7227.FBpp0082153	7227.FBpp0290405	0.0
7227.FBpp0070373	7227.FBpp0076890	0.0
7227.FBpp0075054	7227.FBpp0077652	0.0
7227.FBpp0082346	7227.FBpp0083337	0.0
7227.FBpp0303218	7227.FBpp0073665	0.0
7227.FBpp0112135	7227.FBpp0071817	0.0
7227.FBpp0110497	7227.FBpp0088783	0.0
7227.FBpp0072135	7227.FBpp0305340	0.0
7227.FBpp0112011	7227.FBpp0289581	0.0
7227.FBpp0075238	7227.FBpp0075979	0.0
7227.FBpp0080721	7227.FBpp0080422	0.0
7227.FBpp0081349	7227.FBpp0301800	0.0
7227.FBpp0073525	7227.FBpp0305538	0.0
7227.FBpp0301789	7227.FBpp0291021	0.0
7227.FBpp0079871	7227.FBpp0078795	0.0
7227.FBpp0085938	7227.FBpp0086972	0.0
7227.FBpp0289222	7227.FBpp0112188	0.0
7227.FBpp0078891	7227.FBpp0076641	0.0
7227.FBpp0078343	7227.FBpp0305868	0.0
7227.FBpp0086563	7227.FBpp0071114	0.0
7227.FBpp0075251	7227.FBpp0070239	0.0
7227.FBpp0077859	7227.FBpp0074754	0.0
7227.FBpp0071082	7227.FBpp0072381	0.0
7227.FBpp0081344	7227.FBpp0082101	0.0
7227.FBpp0072858	7227.FBpp0303526	0.0
7227.FBpp0304862	7227.FBpp0303738	0.0
7227.FBpp0306091	7227.FBpp0073327	0.0
7227.FBpp0074343	7227.FBpp0293410	0.0
7227.FBpp0303386	7227.FBpp0087659	0.0
7227.FBpp0074660	7227.FBpp0297407	0.0
7227.FBpp0086406	7227.FBpp0080302	0.0
7227.FBpp0304970	7227.FBpp0293440	0.0
7227.FBpp0082911	7227.FBpp0082035	0.0
7227.FBpp0074702	7227.FBpp0113058	0.0
7227.FBpp0297188	7227.FBpp0083890	0.0
7227.FBpp0288577	7227.FBpp0086661	0.0
7227.FBpp0077065	7227.FBpp0302903	0.0
7227.FBpp0079066	7227.FBpp0086535	0.0
7227.FBpp0084416	7227.FBpp0088438	0.0
7227.FBpp0084613	7227.FBpp0086253	0.0
7227.FBpp0303025	7227.FBpp0076080	0.0
7227.FBpp0070550	7227.FBpp0305346	0.0
7227.FBpp0079075	7227.FBpp0073366	0.0
7227.FBpp0078035	7227.FBpp0074608	0.0
7227.FBpp0087909	7227.FBpp0086548	0.0
7227.FBpp0081451	7227.FBpp0289370	0.0
7227.FBpp0082349	7227.FBpp0080721	0.0
7227.FBpp0077536	7227.FBpp0076231	0.0
7227.FBpp0300970	7227.FBpp0271780	0.0
7227.FBpp0074086	7227.FBpp0088570	0.0
7227.FBpp0300423	7227.FBpp0077652	0.0
7227.FBpp0086196	7227.FBpp0076937	0.0
7227.FBpp0293485	7227.FBpp0070367	0.0
7227.FBpp0082228	7227.FBpp0074105	0.0
7227.FBpp0089133	7227.FBpp0099403	0.0
7227.FBpp0290238	7227.FBpp0082271	0.0
7227.FBpp0076231	7227.FBpp0086758	0.0
7227.FBpp0070536	7227.FBpp0089130	0.0
7227.FBpp0077567	7227.FBpp0293232	0.0
7227.FBpp0080710	7227.FBpp0111291	0.0
7227.FBpp0077467	7227.FBpp0305033	0.0
7227.FBpp0072920	7227.FBpp0291581	0.0
7227.FBpp0073329	7227.FBpp0070671	0.0
7227.FBpp0078541	7227.FBpp0086051	0.0
7227.FBpp0111284	7227.FBpp0088902	0.0
7227.FBpp0080586	7227.FBpp0079402	0.0
7227.FBpp0082843	7227.FBpp0110147	0.0
7227.FBpp0083562	7227.FBpp0304202	0.0
7227.FBpp0079566	7227.FBpp0298342	0.0
7227.FBpp0084442	7227.FBpp0288410	0.0
7227.FBpp0289586	7227.FBpp0083020	0.0
7227.FBpp0306002	7227.FBpp0303778	0.0
7227.FBpp0099846	7227.FBpp0111422	0.0
7227.FBpp0293717	7227.FBpp0305118	0.0
7227.FBpp0076559	7227.FBpp0086488	0.0
7227.FBpp0297066	7227.FBpp0288673	0.0
7227.FBpp0084450	7227.FBpp0074289	0.0
7227.FBpp0305732	7227.FBpp0300314	0.0
7227.FBpp0112093	7227.FBpp0304355	0.0
7227.FBpp0301692	7227.FBpp0297755	0.0
7227.FBpp0288747	7227.FBpp0085880	0.0
7227.FBpp0293073	7227.FBpp0290716	0.0
7227.FBpp0082723	7227.FBpp0080119	0.0
7227.FBpp0087320	7227.FBpp0071170	0.0
7227.FBpp0292530	7227.FBpp0084420	0.0
7227.FBpp0305573	7227.FBpp0078669	0.0
7227.FBpp0289636	7227.FBpp0070888	0.0
7227.FBpp0085666	7227.FBpp0087064	0.0
7227.FBpp0077103	7227.FBpp0076314	0.0
7227.FBpp0289813	7227.FBpp0078277	0.0
7227.FBpp0300655	7227.FBpp0074874	0.0
7227.FBpp0085466	7227.FBpp0078919	0.0
7227.FBpp0072325	7227.FBpp0302915	0.0
7227.FBpp0083460	7227.FBpp0090982	0.0
7227.FBpp0074481	7227.FBpp0070325	0.0
7227.FBpp0079914	7227.FBpp0305749	0.0
7227.FBpp0290725	7227.FBpp0290758	0.0
7227.FBpp0291467	7227.FBpp0300934	0.0
7227.FBpp0078194	7227.FBpp0082867	0.0
7227.FBpp0305246	7227.FBpp0077539	0.0
7227.FBpp0081179	7227.FBpp0075232	0.0
7227.FBpp0083058	7227.FBpp0087274	0.0
7227.FBpp0112402	7227.FBpp0077565	0.0
7227.FBpp0099990	7227.FBpp0290301	0.0
7227.FBpp0290401	7227.FBpp0081557	0.0
7227.FBpp0072759	7227.FBpp0291188	0.0
7227.FBpp0084726	7227.FBpp0086149	0.0
7227.FBpp0086857	7227.FBpp0081311	0.0
7227.FBpp0300974	7227.FBpp0079265	0.0
7227.FBpp0288472	7227.FBpp0079316	0.0
7227.FBpp0078549	7227.FBpp0071897	0.0
7227.FBpp0293068	7227.FBpp0294042	0.0
7227.FBpp0078388	7227.FBpp0085550	0.0
7227.FBpp0073177	7227.FBpp0072999	0.0
7227.FBpp0072807	7227.FBpp0072930	0.0
7227.FBpp0073536	7227.FBpp0073770	0.0
7227.FBpp0297712	7227.FBpp0302592	0.0
7227.FBpp0083630	7227.FBpp0111504	0.0
7227.FBpp0306089	7227.FBpp0077427	0.0
7227.FBpp0073447	7227.FBpp0071624	0.0
7227.FBpp0084328	7227.FBpp0110486	0.0
7227.FBpp0081547	7227.FBpp0087844	0.0
7227.FBpp0074668	7227.FBpp0288762	0.0
7227.FBpp0291037	7227.FBpp0079162	0.0
7227.FBpp0083698	7227.FBpp0072162	0.0
7227.FBpp0074848	7227.FBpp0303430	0.0
7227.FBpp0070787	7227.FBpp0305422	0.0
7227.FBpp0302613	7227.FBpp0080120	0.0
7227.FBpp0079809	7227.FBpp0085561	0.0
7227.FBpp0301274	7227.FBpp0298343	0.0
7227.FBpp0086549	7227.FBpp0304942	0.0
7227.FBpp0271858	7227.FBpp0297730	0.0
7227.FBpp0077608	7227.FBpp0300556	0.0
7227.FBpp0293852	7227.FBpp0291737	0.0
7227.FBpp0070576	7227.FBpp0082542	0.0
7227.FBpp0305955	7227.FBpp0084226	0.0
7227.FBpp0073832	7227.FBpp0302548	0.0
7227.FBpp0082882	7227.FBpp0083434	0.0
7227.FBpp0072401	7227.FBpp0071824	0.0
7227.FBpp0081585	7227.FBpp0070418	0.0
7227.FBpp0293521	7227.FBpp0080094	0.0
7227.FBpp0078194	7227.FBpp0082068	0.0
7227.FBpp0083584	7227.FBpp0083574	0.0
7227.FBpp0112004	7227.FBpp0289636	0.0
7227.FBpp0077068	7227.FBpp0071940	0.0
7227.FBpp0079156	7227.FBpp0087250	0.0
7227.FBpp0082703	7227.FBpp0072009	0.0
7227.FBpp0080177	7227.FBpp0304840	0.0
7227.FBpp0088535	7227.FBpp0302688	0.0
7227.FBpp0305119	7227.FBpp0302613	0.0
7227.FBpp0078979	7227.FBpp0289245	0.0
7227.FBpp0082399	7227.FBpp0085549	0.0
7227.FBpp0077920	7227.FBpp0077383	0.0
7227.FBpp0297519	7227.FBpp0293651	0.0
7227.FBpp0085157	7227.FBpp0082420	0.0
7227.FBpp0070650	7227.FBpp0303491	0.0
7227.FBpp0077910	7227.FBpp0086323	0.0
7227.FBpp0086201	7227.FBpp0071979	0.0
7227.FBpp0082719	7227.FBpp0110198	0.0
7227.FBpp0075609	7227.FBpp0112015	0.0
7227.FBpp0289141	7227.FBpp0291636	0.0
7227.FBpp0085626	7227.FBpp0089176	0.0
7227.FBpp0303935	7227.FBpp0077983	0.0
7227.FBpp0082935	7227.FBpp0089408	0.0
7227.FBpp0100107	7227.FBpp0080990	0.0
7227.FBpp0070407	7227.FBpp0071802	0.0
7227.FBpp0074484	7227.FBpp0078092	0.0
7227.FBpp0300841	7227.FBpp0075559	0.0
7227.FBpp0079247	7227.FBpp0290701	0.0
7227.FBpp0110424	7227.FBpp0084232	0.0
7227.FBpp0084860	7227.FBpp0079637	0.0
7227.FBpp0291779	7227.FBpp0080229	0.0
7227.FBpp0304379	7227.FBpp0082745	0.0
7227.FBpp0290415	7227.FBpp0288679	0.0
7227.FBpp0085131	7227.FBpp0082705	0.0
7227.FBpp0087128	7227.FBpp0087523	0.0
7227.FBpp0073944	7227.FBpp0088285	0.0
7227.FBpp0082110	7227.FBpp0305036	0.0
7227.FBpp0084521	7227.FBpp0074464	0.0
7227.FBpp0081329	7227.FBpp0085950	0.0
7227.FBpp0075964	7227.FBpp0074607	0.0
7227.FBpp0074051	7227.FBpp0305092	0.0
7227.FBpp0074935	7227.FBpp0072837	0.0
7227.FBpp0084831	7227.FBpp0072832	0.0
7227.FBpp0089041	7227.FBpp0294014	0.0
7227.FBpp0301136	7227.FBpp0074085	0.0
7227.FBpp0110310	7227.FBpp0305832	0.0
7227.FBpp0289170	7227.FBpp0072793	0.0
7227.FBpp0075274	7227.FBpp0113012	0.0
7227.FBpp0076952	7227.FBpp0084316	0.0
7227.FBpp0082022	7227.FBpp0076180	0.0
7227.FBpp0072667	7227.FBpp0080382	0.0
7227.FBpp0290476	7227.FBpp0302654	0.0
7227.FBpp0078132	7227.FBpp0071088	0.0
7227.FBpp0087764	7227.FBpp0084450	0.0
7227.FBpp0271769	7227.FBpp0111473	0.0
7227.FBpp0085119	7227.FBpp0289473	0.0
7227.FBpp0077021	7227.FBpp0292379	0.0
7227.FBpp0306161	7227.FBpp0086204	0.0
7227.FBpp0076250	7227.FBpp0077799	0.0
7227.FBpp0083431	7227.FBpp0303867	0.0
7227.FBpp0085513	7227.FBpp0291904	0.0
7227.FBpp0072467	7227.FBpp0073740	0.0
7227.FBpp0301145	7227.FBpp0073477	0.0
7227.FBpp0077932	7227.FBpp0076729	0.0
7227.FBpp0099892	7227.FBpp0073253	0.0
7227.FBpp0083798	7227.FBpp0078391	0.0
7227.FBpp0304721	7227.FBpp0071844	0.0
7227.FBpp0070396	7227.FBpp0075685	0.0
7227.FBpp0300667	7227.FBpp0072446	0.0
7227.FBpp0084435	7227.FBpp0072745	0.0
7227.FBpp0076329	7227.FBpp0088514	0.0
7227.FBpp0080317	7227.FBpp0087714	0.0
7227.FBpp0081631	7227.FBpp0083914	0.0
7227.FBpp0087319	7227.FBpp0082717	0.0
7227.FBpp0088357	7227.FBpp0089262	0.0
7227.FBpp0071314	7227.FBpp0082667	0.0
7227.FBpp0083016	7227.FBpp0070921	0.0
7227.FBpp0085540	7227.FBpp0077257	0.0
7227.FBpp0079512	7227.FBpp0073978	0.0
7227.FBpp0087364	7227.FBpp0301951	0.0
7227.FBpp0292326	7227.FBpp0072038	0.0
7227.FBpp0075770	7227.FBpp0080387	0.0
7227.FBpp0300455	7227.FBpp0084039	0.0
7227.FBpp0305079	7227.FBpp0305496	0.0
7227.FBpp0293226	7227.FBpp0087103	0.0
7227.FBpp0084337	7227.FBpp0303954	0.0
7227.FBpp0084543	7227.FBpp0081589	0.0
7227.FBpp0077608	7227.FBpp0071956	0.0
7227.FBpp0304587	7227.FBpp0305022	0.0
7227.FBpp0289797	7227.FBpp0301733	0.0
7227.FBpp0086499	7227.FBpp0298346	0.0
7227.FBpp0077078	7227.FBpp0303388	0.0
7227.FBpp0077113	7227.FBpp0087217	0.0
7227.FBpp0084486	7227.FBpp0072357	0.0
7227.FBpp0073542	7227.FBpp0071922	0.0
7227.FBpp0080024	7227.FBpp0078864	0.0
7227.FBpp0289727	7227.FBpp0305116	0.0
7227.FBpp0084964	7227.FBpp0077017	0.0
7227.FBpp0305065	7227.FBpp0112364	0.0
7227.FBpp0073238	7227.FBpp0305590	0.0
7227.FBpp0292990	7227.FBpp0300796	0.0
7227.FBpp0077775	7227.FBpp0099678	0.0
7227.FBpp0086884	7227.FBpp0099869	0.0
7227.FBpp0084155	7227.FBpp0071329	0.0
7227.FBpp0075035	7227.FBpp0071696	0.0
7227.FBpp0084277	7227.FBpp0074482	0.0
7227.FBpp0297730	7227.FBpp0100012	0.0
7227.FBpp0111793	7227.FBpp0301744	0.0
7227.FBpp0305796	7227.FBpp0085818	0.0
7227.FBpp0072510	7227.FBpp0087910	0.0
7227.FBpp0289523	7227.FBpp0085885	0.0
7227.FBpp0082464	7227.FBpp0297199	0.0
7227.FBpp0303355	7227.FBpp0080582	0.0
7227.FBpp0074660	7227.FBpp0082030	0.0
7227.FBpp0086071	7227.FBpp0300338	0.0
7227.FBpp0082371	7227.FBpp0290948	0.0
7227.FBpp0112370	7227.FBpp0074513	0.0
7227.FBpp0083962	7227.FBpp0087722	0.0
7227.FBpp0073837	7227.FBpp0089416	0.0
7227.FBpp0074034	7227.FBpp0292384	0.0
7227.FBpp0075382	7227.FBpp0072807	0.0
7227.FBpp0112046	7227.FBpp0078432	0.0
7227.FBpp0086262	7227.FBpp0072993	0.0
7227.FBpp0305832	7227.FBpp0078462	0.0
7227.FBpp0077402	7227.FBpp0084404	0.0
7227.FBpp0085668	7227.FBpp0071763	0.0
7227.FBpp0083413	7227.FBpp0297135	0.0
7227.FBpp0304348	7227.FBpp0271862	0.0
7227.FBpp0081356	7227.FBpp0291747	0.0
7227.FBpp0302737	7227.FBpp0082185	0.0
7227.FBpp0077599	7227.FBpp0071442	0.0
7227.FBpp0291499	7227.FBpp0087934	0.0
7227.FBpp0084481	7227.FBpp0086355	0.0
7227.FBpp0300184	7227.FBpp0082713	0.0
7227.FBpp0079797	7227.FBpp0290032	0.0
7227.FBpp0291404	7227.FBpp0289371	0.0
7227.FBpp0082582	7227.FBpp0289795	0.0
7227.FBpp0290451	7227.FBpp0304706	0.0
7227.FBpp0076963	7227.FBpp0081342	0.0
7227.FBpp0084676	7227.FBpp0084905	0.0
7227.FBpp0070306	7227.FBpp0075630	0.0
7227.FBpp0291780	7227.FBpp0086174	0.0
7227.FBpp0302979	7227.FBpp0071216	0.0
7227.FBpp0076767	7227.FBpp0304056	0.0
7227.FBpp0080595	7227.FBpp0070350	0.0
7227.FBpp0087259	7227.FBpp0303626	0.0
7227.FBpp0084464	7227.FBpp0079589	0.0
7227.FBpp0079377	7227.FBpp0085108	0.0
7227.FBpp0077526	7227.FBpp0079247	0.0
7227.FBpp0084567	7227.FBpp0080671	0.0
7227.FBpp0070787	7227.FBpp0076503	0.0
7227.FBpp0071831	7227.FBpp0303016	0.0
7227.FBpp0081612	7227.FBpp0082382	0.0
7227.FBpp0081246	7227.FBpp0070190	0.0
7227.FBpp0073576	7227.FBpp0081105	0.0
7227.FBpp0087091	7227.FBpp0079308	0.0
7227.FBpp0291120	7227.FBpp0088798	0.0
7227.FBpp0292104	7227.FBpp0290476	0.0
7227.FBpp0076230	7227.FBpp0091082	0.0
7227.FBpp0288767	7227.FBpp0291496	0.0
7227.FBpp0305348	7227.FBpp0077786	0.0
7227.FBpp0301569	7227.FBpp0085300	0.0
7227.FBpp0080274	7227.FBpp0087921	0.0
7227.FBpp0086650	7227.FBpp0297205	0.0
7227.FBpp0081253	7227.FBpp0081399	0.0
7227.FBpp0070546	7227.FBpp0079977	0.0
7227.FBpp0292361	7227.FBpp0078980	0.0
7227.FBpp0077179	7227.FBpp0111295	0.0
7227.FBpp0078575	7227.FBpp0303094	0.0
7227.FBpp0112196	7227.FBpp0085626	0.0
7227.FBpp0304491	7227.FBpp0301823	0.0
7227.FBpp0290347	7227.FBpp0084229	0.0
7227.FBpp0084059	7227.FBpp0076963	0.0
7227.FBpp0302701	7227.FBpp0088357	0.0
7227.FBpp0081350	7227.FBpp0072868	0.0
7227.FBpp0305833	7227.FBpp0111326	0.0
7227.FBpp0301997	7227.FBpp0073217	0.0
7227.FBpp0292076	7227.FBpp0087605	0.0
7227.FBpp0073500	7227.FBpp0298369	0.0
7227.FBpp0110588	7227.FBpp0289057	0.0
7227.FBpp0291320	7227.FBpp0293428	0.0
7227.FBpp0303348	7227.FBpp0073164	0.0
7227.FBpp0077468	7227.FBpp0291239	0.0
7227.FBpp0084977	7227.FBpp0079717	0.0
7227.FBpp0112099	7227.FBpp0293281	0.0
7227.FBpp0290541	7227.FBpp0080904	0.0
7227.FBpp0086721	7227.FBpp0289236	0.0
7227.FBpp0291227	7227.FBpp0289503	0.0
7227.FBpp0112413	7227.FBpp0075550	0.0
7227.FBpp0076221	7227.FBpp0080154	0.0
7227.FBpp0288405	7227.FBpp0300973	0.0
7227.FBpp0078575	7227.FBpp0085526	0.0
7227.FBpp0077412	7227.FBpp0073806	0.0
7227.FBpp0100055	7227.FBpp0302656	0.0
7227.FBpp0086251	7227.FBpp0288657	0.0
7227.FBpp0305484	7227.FBpp0081536	0.0
7227.FBpp0080119	7227.FBpp0079538	0.0
7227.FBpp0087027	7227.FBpp0086257	0.0
7227.FBpp0075493	7227.FBpp0079138	0.0
7227.FBpp0112990	7227.FBpp0073962	0.0
7227.FBpp0293956	7227.FBpp0303601	0.0
7227.FBpp0087890	7227.FBpp0085233	0.0
7227.FBpp0072365	7227.FBpp0076540	0.0
7227.FBpp0099517	7227.FBpp0072425	0.0
7227.FBpp0292560	7227.FBpp0070565	0.0
7227.FBpp0081848	7227.FBpp0305745	0.0
7227.FBpp0288657	7227.FBpp0083641	0.0
7227.FBpp0076970	7227.FBpp0084980	0.0
7227.FBpp0303978	7227.FBpp0080984	0.0
7227.FBpp0293194	7227.FBpp0081588	0.0
7227.FBpp0100023	7227.FBpp0074848	0.0
7227.FBpp0074215	7227.FBpp0271861	0.0
7227.FBpp0076026	7227.FBpp0100153	0.0
7227.FBpp0075071	7227.FBpp0304473	0.0
7227.FBpp0293652	7227.FBpp0077995	0.0
7227.FBpp0080317	7227.FBpp0303220	0.0
7227.FBpp0305067	7227.FBpp0083576	0.0
7227.FBpp0074671	7227.FBpp0075251	0.0
7227.FBpp0289425	7227.FBpp0297231	0.0
7227.FBpp0296965	7227.FBpp0074821	0.0
7227.FBpp0290353	7227.FBpp0070644	0.0
7227.FBpp0077713	7227.FBpp0079502	0.0
7227.FBpp0297636	7227.FBpp0074850	0.0
7227.FBpp0292479	7227.FBpp0081507	0.0
7227.FBpp0305006	7227.FBpp0080745	0.0
7227.FBpp0302888	7227.FBpp0070465	0.0
7227.FBpp0290125	7227.FBpp0070840	0.0
7227.FBpp0110197	7227.FBpp0089144	0.0
7227.FBpp0292096	7227.FBpp0078087	0.0
7227.FBpp0297319	7227.FBpp0293788	0.0
7227.FBpp0072117	7227.FBpp0073754	0.0
7227.FBpp0099646	7227.FBpp0084450	0.0
7227.FBpp0087668	7227.FBpp0076638	0.0
7227.FBpp0075267	7227.FBpp0085000	0.0
7227.FBpp0300312	7227.FBpp0303604	0.0
7227.FBpp0071908	7227.FBpp0291016	0.0
7227.FBpp0072228	7227.FBpp0291241	0.0
7227.FBpp0111295	7227.FBpp0082904	0.0
7227.FBpp0082035	7227.FBpp0292463	0.0
7227.FBpp0112439	7227.FBpp0099596	0.0
7227.FBpp0303025	7227.FBpp0074161	0.0
7227.FBpp0303819	7227.FBpp0290030	0.0
7227.FBpp0086957	7227.FBpp0080865	0.0
7227.FBpp0304127	7227.FBpp0099990	0.0
7227.FBpp0075738	7227.FBpp0305546	0.0
7227.FBpp0072473	7227.FBpp0082380	0.0
7227.FBpp0076582	7227.FBpp0298271	0.0
7227.FBpp0079971	7227.FBpp0089088	0.0
7227.FBpp0071718	7227.FBpp0302823	0.0
7227.FBpp0292670	7227.FBpp0084186	0.0
7227.FBpp0083226	7227.FBpp0293951	0.0
7227.FBpp0086249	7227.FBpp0289487	0.0
7227.FBpp0292198	7227.FBpp0288788	0.0
7227.FBpp0084477	7227.FBpp0084635	0.0
7227.FBpp0077469	7227.FBpp0082869	0.0
7227.FBpp0087350	7227.FBpp0083707	0.0
7227.FBpp0086930	7227.FBpp0100069	0.0
7227.FBpp0292249	7227.FBpp0303760	0.0
7227.FBpp0089036	7227.FBpp0304324	0.0
7227.FBpp0073471	7227.FBpp0074483	0.0
7227.FBpp0300443	7227.FBpp0084840	0.0
7227.FBpp0082175	7227.FBpp0072264	0.0
7227.FBpp0304564	7227.FBpp0305599	0.0
7227.FBpp0111521	7227.FBpp0302576	0.0
7227.FBpp0112030	7227.FBpp0072157	0.0
7227.FBpp0289500	7227.FBpp0073680	0.0
7227.FBpp0072319	7227.FBpp0079388	0.0
7227.FBpp0081506	7227.FBpp0075071	0.0
7227.FBpp0074085	7227.FBpp0300442	0.0
7227.FBpp0077037	7227.FBpp0079519	0.0
7227.FBpp0079481	7227.FBpp0291264	0.0
7227.FBpp0301850	7227.FBpp0079634	0.0
7227.FBpp0305325	7227.FBpp0075276	0.0
7227.FBpp0302533	7227.FBpp0112456	0.0
7227.FBpp0071419	7227.FBpp0091089	0.0
7227.FBpp0074205	7227.FBpp0075642	0.0
7227.FBpp0289809	7227.FBpp0086184	0.0
7227.FBpp0293062	7227.FBpp0304581	0.0
7227.FBpp0081754	7227.FBpp0081665	0.0
7227.FBpp0300184	7227.FBpp0290367	0.0
7227.FBpp0082022	7227.FBpp0289099	0.0
7227.FBpp0084187	7227.FBpp0082380	0.0
7227.FBpp0288817	7227.FBpp0074161	0.0
7227.FBpp0070482	7227.FBpp0082094	0.0
7227.FBpp0297654	7227.FBpp0293947	0.0
7227.FBpp0082415	7227.FBpp0072697	0.0
7227.FBpp0301831	7227.FBpp0079942	0.0
7227.FBpp0078669	7227.FBpp0088637	0.0
7227.FBpp0293793	7227.FBpp0077636	0.0
7227.FBpp0071424	7227.FBpp0084878	0.0
7227.FBpp0080872	7227.FBpp0083973	0.0
7227.FBpp0289416	7227.FBpp0301109	0.0
7227.FBpp0075449	7227.FBpp0304529	0.0
7227.FBpp0084028	7227.FBpp0292150	0.0
7227.FBpp0085935	7227.FBpp0293082	0.0
7227.FBpp0288415	7227.FBpp0110071	0.0
7227.FBpp0083115	7227.FBpp0078038	0.0
7227.FBpp0079445	7227.FBpp0289545	0.0
7227.FBpp0074650	7227.FBpp0298382	0.0
7227.FBpp0079191	7227.FBpp0290205	0.0
7227.FBpp0071439	7227.FBpp0081413	0.0
7227.FBpp0076163	7227.FBpp0301849	0.0
7227.FBpp0072061	7227.FBpp0088251	0.0
7227.FBpp0085181	7227.FBpp0087478	0.0
7227.FBpp0111314	7227.FBpp0087299	0.0
7227.FBpp0077402	7227.FBpp0302700	0.0
7227.FBpp0303581	7227.FBpp0077892	0.0
7227.FBpp0077989	7227.FBpp0297228	0.0
7227.FBpp0073164	7227.FBpp0072135	0.0
7227.FBpp0072009	7227.FBpp0304618	0.0
7227.FBpp0080946	7227.FBpp0086570	0.0
7227.FBpp0300232	7227.FBpp0085062	0.0
7227.FBpp0074147	7227.FBpp0079912	0.0
7227.FBpp0074571	7227.FBpp0300162	0.0
7227.FBpp0073155	7227.FBpp0075598	0.0
7227.FBpp0292301	7227.FBpp0112015	0.0
7227.FBpp0304189	7227.FBpp0077816	0.0
7227.FBpp0074435	7227.FBpp0088208	0.0
7227.FBpp0072524	7227.FBpp0070610	0.0
7227.FBpp0085625	7227.FBpp0302752	0.0
7227.FBpp0303313	7227.FBpp0074739	0.0
7227.FBpp0112462	7227.FBpp0303241	0.0
7227.FBpp0088800	7227.FBpp0100056	0.0
7227.FBpp0072311	7227.FBpp0075738	0.0
7227.FBpp0290434	7227.FBpp0288715	0.0
7227.FBpp0086787	7227.FBpp0083605	0.0
7227.FBpp0300563	7227.FBpp0089413	0.0
7227.FBpp0091084	7227.FBpp0300668	0.0
7227.FBpp0302903	7227.FBpp0076199	0.0
7227.FBpp0304766	7227.FBpp0084913	0.0
7227.FBpp0083117	7227.FBpp0080284	0.0
7227.FBpp0080895	7227.FBpp0303776	0.0
7227.FBpp0070844	7227.FBpp0071448	0.0
7227.FBpp0290205	7227.FBpp0084657	0.0
7227.FBpp0087842	7227.FBpp0087037	0.0
7227.FBpp0078819	7227.FBpp0113073	0.0
7227.FBpp0082695	7227.FBpp0074633	0.0
7227.FBpp0087538	7227.FBpp0305897	0.0
7227.FBpp0080667	7227.FBpp0289459	0.0
7227.FBpp0077880	7227.FBpp0304916	0.0
7227.FBpp0085667	7227.FBpp0304390	0.0
7227.FBpp0084018	7227.FBpp0072960	0.0
7227.FBpp0074118	7227.FBpp0089037	0.0
7227.FBpp0074163	7227.FBpp0070112	0.0
7227.FBpp0082654	7227.FBpp0075074	0.0
7227.FBpp0073940	7227.FBpp0302642	0.0
7227.FBpp0085146	7227.FBpp0077110	0.0
7227.FBpp0073112	7227.FBpp0099517	0.0
7227.FBpp0086734	7227.FBpp0079233	0.0
7227.FBpp0297417	7227.FBpp0290559	0.0
7227.FBpp0088863	7227.FBpp0079103	0.0
7227.FBpp0300165	7227.FBpp0088525	0.0
7227.FBpp0079850	7227.FBpp0074090	0.0
7227.FBpp0087123	7227.FBpp0070398	0.0
7227.FBpp0288655	7227.FBpp0073198	0.0
7227.FBpp0293072	7227.FBpp0087149	0.0
7227.FBpp0085308	7227.FBpp0291479	0.0
7227.FBpp0305731	7227.FBpp0084862	0.0
7227.FBpp0070419	7227.FBpp0112409	0.0
7227.FBpp0073862	7227.FBpp0297258	0.0
7227.FBpp0112995	7227.FBpp0305612	0.0
7227.FBpp0087909	7227.FBpp0073258	0.0
7227.FBpp0079199	7227.FBpp0071448	0.0
7227.FBpp0113012	7227.FBpp0084226	0.0
7227.FBpp0070541	7227.FBpp0305312	0.0
7227.FBpp0085901	7227.FBpp0085713	0.0
7227.FBpp0110523	7227.FBpp0099486	0.0
7227.FBpp0074297	7227.FBpp0112258	0.0
7227.FBpp0087068	7227.FBpp0301610	0.0
7227.FBpp0082733	7227.FBpp0302564	0.0
7227.FBpp0302701	7227.FBpp0084726	0.0
7227.FBpp0303925	7227.FBpp0297548	0.0
7227.FBpp0076411	7227.FBpp0112948	0.0
7227.FBpp0289649	7227.FBpp0077620	0.0
7227.FBpp0077848	7227.FBpp0083914	0.0
7227.FBpp0288815	7227.FBpp0083164	0.0
7227.FBpp0091059	7227.FBpp0076918	0.0
7227.FBpp0111682	7227.FBpp0079293	0.0
7227.FBpp0080255	7227.FBpp0087744	0.0
7227.FBpp0087478	7227.FBpp0079319	0.0
7227.FBpp0079090	7227.FBpp0074614	0.0
7227.FBpp0084529	7227.FBpp0293997	0.0
7227.FBpp0293797	7227.FBpp0086910	0.0
7227.FBpp0088535	7227.FBpp0076704	0.0
7227.FBpp0077703	7227.FBpp0300554	0.0
7227.FBpp0080302	7227.FBpp0089036	0.0
7227.FBpp0290527	7227.FBpp0289338	0.0
7227.FBpp0305872	7227.FBpp0073844	0.0
7227.FBpp0288749	7227.FBpp0099893	0.0
7227.FBpp0070005	7227.FBpp0071035	0.0
7227.FBpp0302564	7227.FBpp0080154	0.0
7227.FBpp0072697	7227.FBpp0073194	0.0
7227.FBpp0087605	7227.FBpp0079197	0.0
7227.FBpp0303942	7227.FBpp0074940	0.0
7227.FBpp0085425	7227.FBpp0071419	0.0
7227.FBpp0072378	7227.FBpp0084623	0.0
7227.FBpp0110592	7227.FBpp0297925	0.0
7227.FBpp0291115	7227.FBpp0297135	0.0
7227.FBpp0291764	7227.FBpp0087027	0.0
7227.FBpp0080113	7227.FBpp0292263	0.0
7227.FBpp0072644	7227.FBpp0288434	0.0
7227.FBpp0086362	7227.FBpp0072720	0.0
7227.FBpp0290390	7227.FBpp0078877	0.0
7227.FBpp0073099	7227.FBpp0086688	0.0
7227.FBpp0290174	7227.FBpp0074502	0.0
7227.FBpp0084559	7227.FBpp0085300	0.0
7227.FBpp0072593	7227.FBpp0297417	0.0
7227.FBpp0100130	7227.FBpp0080142	0.0
7227.FBpp0305747	7227.FBpp0075400	0.0
7227.FBpp0089000	7227.FBpp0072038	0.0
7227.FBpp0303693	7227.FBpp0083488	0.0
7227.FBpp0303785	7227.FBpp0289731	0.0
7227.FBpp0088123	7227.FBpp0302696	0.0
7227.FBpp0085527	7227.FBpp0077748	0.0
7227.FBpp0075507	7227.FBpp0297740	0.0
7227.FBpp0076634	7227.FBpp0303613	0.0
7227.FBpp0306089	7227.FBpp0076084	0.0
7227.FBpp0079243	7227.FBpp0304804	0.0
7227.FBpp0290727	7227.FBpp0086362	0.0
7227.FBpp0080652	7227.FBpp0075410	0.0
7227.FBpp0112159	7227.FBpp0072062	0.0
7227.FBpp0081733	7227.FBpp0294040	0.0
7227.FBpp0074126	7227.FBpp0288817	0.0
7227.FBpp0271727	7227.FBpp0080373	0.0
7227.FBpp0076283	7227.FBpp0088880	0.0
7227.FBpp0073963	7227.FBpp0290736	0.0
7227.FBpp0072062	7227.FBpp0070642	0.0
7227.FBpp0072135	7227.FBpp0087276	0.0
7227.FBpp0290208	7227.FBpp0303518	0.0
7227.FBpp0078388	7227.FBpp0306192	0.0
7227.FBpp0084258	7227.FBpp0072717	0.0
7227.FBpp0077717	7227.FBpp0074115	0.0
7227.FBpp0089241	7227.FBpp0077983	0.0
7227.FBpp0080793	7227.FBpp0078093	0.0
7227.FBpp0293194	7227.FBpp0290468	0.0
7227.FBpp0073195	7227.FBpp0304393	0.0
7227.FBpp0085259	7227.FBpp0084022	0.0
7227.FBpp0291491	7227.FBpp0111529	0.0
7227.FBpp0088955	7227.FBpp0073129	0.0
7227.FBpp0297742	7227.FBpp0290418	0.0
7227.FBpp0288503	7227.FBpp0304166	0.0
7227.FBpp0304321	7227.FBpp0099892	0.0
7227.FBpp0292868	7227.FBpp0297645	0.0
7227.FBpp0071599	7227.FBpp0079897	0.0
7227.FBpp0298009	7227.FBpp0091133	0.0
7227.FBpp0301581	7227.FBpp0099688	0.0
7227.FBpp0070659	7227.FBpp0304025	0.0
7227.FBpp0087578	7227.FBpp0304523	0.0
7227.FBpp0304882	7227.FBpp0088095	0.0
7227.FBpp0076594	7227.FBpp0074427	0.0
7227.FBpp0303836	7227.FBpp0303088	0.0
7227.FBpp0111402	7227.FBpp0084912	0.0
7227.FBpp0077160	7227.FBpp0304082	0.0
7227.FBpp0271886	7227.FBpp0087535	0.0
7227.FBpp0305032	7227.FBpp0292076	0.0
7227.FBpp0300964	7227.FBpp0088902	0.0
7227.FBpp0087065	7227.FBpp0112291	0.0
7227.FBpp0301154	7227.FBpp0080542	0.0
7227.FBpp0081403	7227.FBpp0074969	0.0
7227.FBpp0085720	7227.FBpp0084232	0.0
7227.FBpp0289880	7227.FBpp0080062	0.0
7227.FBpp0079139	7227.FBpp0071379	0.0
7227.FBpp0073559	7227.FBpp0086174	0.0
7227.FBpp0076853	7227.FBpp0085713	0.0
7227.FBpp0091107	7227.FBpp0084442	0.0
7227.FBpp0289322	7227.FBpp0087192	0.0
7227.FBpp0083767	7227.FBpp0084506	0.0
7227.FBpp0289236	7227.FBpp0290238	0.0
7227.FBpp0088201	7227.FBpp0297232	0.0
7227.FBpp0077701	7227.FBpp0083389	0.0
7227.FBpp0087159	7227.FBpp0074427	0.0
7227.FBpp0111316	7227.FBpp0071123	0.0
7227.FBpp0298281	7227.FBpp0076853	0.0
7227.FBpp0306035	7227.FBpp0081533	0.0
7227.FBpp0305272	7227.FBpp0086153	0.0
7227.FBpp0290519	7227.FBpp0075599	0.0
7227.FBpp0099496	7227.FBpp0077652	0.0
7227.FBpp0110424	7227.FBpp0074145	0.0
7227.FBpp0078673	7227.FBpp0302678	0.0
7227.FBpp0305673	7227.FBpp0084557	0.0
7227.FBpp0083395	7227.FBpp0085108	0.0
7227.FBpp0306180	7227.FBpp0306178	0.0
7227.FBpp0088034	7227.FBpp0087183	0.0
7227.FBpp0112216	7227.FBpp0293797	0.0
7227.FBpp0112948	7227.FBpp0305741	0.0
7227.FBpp0081555	7227.FBpp0075095	0.0
7227.FBpp0078725	7227.FBpp0070002	0.0
7227.FBpp0073210	7227.FBpp0298298	0.0
7227.FBpp0289181	7227.FBpp0110177	0.0
7227.FBpp0076034	7227.FBpp0070026	0.0
7227.FBpp0078482	7227.FBpp0072786	0.0
7227.FBpp0077892	7227.FBpp0074199	0.0
7227.FBpp0075964	7227.FBpp0305404	0.0
7227.FBpp0081867	7227.FBpp0301621	0.0
7227.FBpp0297766	7227.FBpp0074033	0.0
7227.FBpp0073691	7227.FBpp0076538	0.0
7227.FBpp0072174	7227.FBpp0082029	0.0
7227.FBpp0086859	7227.FBpp0072446	0.0
7227.FBpp0081984	7227.FBpp0074538	0.0
7227.FBpp0075087	7227.FBpp0293798	0.0
7227.FBpp0078737	7227.FBpp0292728	0.0
7227.FBpp0086499	7227.FBpp0080784	0.0
7227.FBpp0089002	7227.FBpp0078169	0.0
7227.FBpp0301689	7227.FBpp0080497	0.0
7227.FBpp0083767	7227.FBpp0077860	0.0
7227.FBpp0099965	7227.FBpp0082507	0.0
7227.FBpp0077550	7227.FBpp0084912	0.0
7227.FBpp0086549	7227.FBpp0081788	0.0
7227.FBpp0112312	7227.FBpp0077166	0.0
7227.FBpp0086257	7227.FBpp0089361	0.0
7227.FBpp0070051	7227.FBpp0087934	0.0
7227.FBpp0297405	7227.FBpp0087503	0.0
7227.FBpp0076490	7227.FBpp0088002	0.0
7227.FBpp0085609	7227.FBpp0110412	0.0
7227.FBpp0072325	7227.FBpp0290616	0.0
7227.FBpp0290473	7227.FBpp0084876	0.0
7227.FBpp0291415	7227.FBpp0074199	0.0
7227.FBpp0071630	7227.FBpp0070239	0.0
7227.FBpp0087448	7227.FBpp0304296	0.0
7227.FBpp0271906	7227.FBpp0271782	0.0
7227.FBpp0291561	7227.FBpp0303028	0.0
7227.FBpp0078681	7227.FBpp0085089	0.0
7227.FBpp0086767	7227.FBpp0290511	0.0
7227.FBpp0077468	7227.FBpp0074461	0.0
7227.FBpp0302696	7227.FBpp0070241	0.0
7227.FBpp0081413	7227.FBpp0304374	0.0
7227.FBpp0086097	7227.FBpp0089036	0.0
7227.FBpp0087331	7227.FBpp0305797	0.0
7227.FBpp0079474	7227.FBpp0072112	0.0
7227.FBpp0080542	7227.FBpp0305741	0.0
7227.FBpp0081314	7227.FBpp0073145	0.0
7227.FBpp0073028	7227.FBpp0077077	0.0
7227.FBpp0085613	7227.FBpp0074483	0.0
7227.FBpp0070888	7227.FBpp0085821	0.0
7227.FBpp0086139	7227.FBpp0297554	0.0
7227.FBpp0290948	7227.FBpp0074431	0.0
7227.FBpp0082136	7227.FBpp0077451	0.0
7227.FBpp0303922	7227.FBpp0291417	0.0
7227.FBpp0074126	7227.FBpp0082030	0.0
7227.FBpp0110168	7227.FBpp0072667	0.0
7227.FBpp0290586	7227.FBpp0083752	0.0
7227.FBpp0078272	7227.FBpp0111361	0.0
7227.FBpp0077469	7227.FBpp0292545	0.0
7227.FBpp0070509	7227.FBpp0070642	0.0
7227.FBpp0074087	7227.FBpp0305846	0.0
7227.FBpp0078513	7227.FBpp0305088	0.0
7227.FBpp0080586	7227.FBpp0087498	0.0
7227.FBpp0083628	7227.FBpp0079320	0.0
7227.FBpp0081715	7227.FBpp0291384	0.0
7227.FBpp0076282	7227.FBpp0083779	0.0
7227.FBpp0297502	7227.FBpp0086511	0.0
7227.FBpp0084339	7227.FBpp0300515	0.0
7227.FBpp0291448	7227.FBpp0082104	0.0
7227.FBpp0084779	7227.FBpp0304566	0.0
7227.FBpp0302691	7227.FBpp0289113	0.0
7227.FBpp0079734	7227.FBpp0082361	0.0
7227.FBpp0076154	7227.FBpp0291023	0.0
7227.FBpp0305350	7227.FBpp0305073	0.0
7227.FBpp0083396	7227.FBpp0289798	0.0
7227.FBpp0082124	7227.FBpp0076686	0.0
7227.FBpp0071675	7227.FBpp0296952	0.0
7227.FBpp0300162	7227.FBpp0088337	0.0
7227.FBpp0086904	7227.FBpp0083578	0.0
7227.FBpp0081794	7227.FBpp0074724	0.0
7227.FBpp0302981	7227.FBpp0298009	0.0
7227.FBpp0073800	7227.FBpp0302671	0.0
7227.FBpp0113069	7227.FBpp0070792	0.0
7227.FBpp0070797	7227.FBpp0091130	0.0
7227.FBpp0305445	7227.FBpp0079466	0.0
7227.FBpp0086883	7227.FBpp0303387	0.0
7227.FBpp0112779	7227.FBpp0290909	0.0
7227.FBpp0076747	7227.FBpp0303342	0.0
7227.FBpp0301155	7227.FBpp0113003	0.0
7227.FBpp0071018	7227.FBpp0070069	0.0
7227.FBpp0081868	7227.FBpp0080661	0.0
7227.FBpp0085791	7227.FBpp0088268	0.0
7227.FBpp0303498	7227.FBpp0077585	0.0
7227.FBpp0086968	7227.FBpp0082923	0.0
7227.FBpp0089142	7227.FBpp0111347	0.0
7227.FBpp0070464	7227.FBpp0304061	0.0
7227.FBpp0297200	7227.FBpp0087940	0.0
7227.FBpp0085675	7227.FBpp0304202	0.0
7227.FBpp0081984	7227.FBpp0073422	0.0
7227.FBpp0082468	7227.FBpp0091154	0.0
7227.FBpp0085043	7227.FBpp0086176	0.0
7227.FBpp0087232	7227.FBpp0072130	0.0
7227.FBpp0073426	7227.FBpp0083936	0.0
7227.FBpp0288853	7227.FBpp0303793	0.0
7227.FBpp0110452	7227.FBpp0071006	0.0
7227.FBpp0078758	7227.FBpp0080374	0.0
7227.FBpp0084199	7227.FBpp0079274	0.0
7227.FBpp0077885	7227.FBpp0301152	0.0
7227.FBpp0303669	7227.FBpp0080642	0.0
7227.FBpp0289972	7227.FBpp0073104	0.0
7227.FBpp0088269	7227.FBpp0082251	0.0
7227.FBpp0078516	7227.FBpp0304754	0.0
7227.FBpp0306188	7227.FBpp0290909	0.0
7227.FBpp0086872	7227.FBpp0305902	0.0
7227.FBpp0079791	7227.FBpp0099386	0.0
7227.FBpp0086931	7227.FBpp0087959	0.0
7227.FBpp0080584	7227.FBpp0289883	0.0
7227.FBpp0293861	7227.FBpp0302904	0.0
7227.FBpp0302688	7227.FBpp0080280	0.0
7227.FBpp0085089	7227.FBpp0079992	0.0
7227.FBpp0305312	7227.FBpp0076546	0.0
7227.FBpp0071218	7227.FBpp0087502	0.0
7227.FBpp0077322	7227.FBpp0099847	0.0
7227.FBpp0300950	7227.FBpp0075373	0.0
7227.FBpp0112374	7227.FBpp0305749	0.0
7227.FBpp0112263	7227.FBpp0070725	0.0
7227.FBpp0305418	7227.FBpp0084281	0.0
7227.FBpp0292257	7227.FBpp0086653	0.0
7227.FBpp0072129	7227.FBpp0087496	0.0
7227.FBpp0289370	7227.FBpp0302818	0.0
7227.FBpp0072886	7227.FBpp0070158	0.0
7227.FBpp0085783	7227.FBpp0088816	0.0
7227.FBpp0300836	7227.FBpp0289813	0.0
7227.FBpp0288747	7227.FBpp0086141	0.0
7227.FBpp0070745	7227.FBpp0084307	0.0
7227.FBpp0082233	7227.FBpp0293141	0.0
7227.FBpp0084360	7227.FBpp0292068	0.0
7227.FBpp0077651	7227.FBpp0305216	0.0
7227.FBpp0074640	7227.FBpp0080866	0.0
7227.FBpp0291573	7227.FBpp0291656	0.0
7227.FBpp0072331	7227.FBpp0271927	0.0
7227.FBpp0089191	7227.FBpp0298011	0.0
7227.FBpp0290092	7227.FBpp0074844	0.0
7227.FBpp0075812	7227.FBpp0292891	0.0
7227.FBpp0301582	7227.FBpp0081712	0.0
7227.FBpp0082774	7227.FBpp0087294	0.0
7227.FBpp0081179	7227.FBpp0290137	0.0
7227.FBpp0291543	7227.FBpp0304709	0.0
7227.FBpp0110169	7227.FBpp0076825	0.0
7227.FBpp0078621	7227.FBpp0111989	0.0
7227.FBpp0301605	7227.FBpp0087549	0.0
7227.FBpp0297736	7227.FBpp0289675	0.0
7227.FBpp0083991	7227.FBpp0079083	0.0
7227.FBpp0304803	7227.FBpp0288838	0.0
7227.FBpp0076283	7227.FBpp0081449	0.0
7227.FBpp0298274	7227.FBpp0077381	0.0
7227.FBpp0084137	7227.FBpp0077213	0.0
7227.FBpp0091128	7227.FBpp0075316	0.0
7227.FBpp0291861	7227.FBpp0081674	0.0
7227.FBpp0306206	7227.FBpp0076762	0.0
7227.FBpp0300949	7227.FBpp0078821	0.0
7227.FBpp0086649	7227.FBpp0080915	0.0
7227.FBpp0291071	7227.FBpp0087189	0.0
7227.FBpp0290309	7227.FBpp0289581	0.0
7227.FBpp0089233	7227.FBpp0085932	0.0
7227.FBpp0289828	7227.FBpp0080431	0.0
7227.FBpp0099380	7227.FBpp0082536	0.0
7227.FBpp0075838	7227.FBpp0072503	0.0
7227.FBpp0082101	7227.FBpp0073937	0.0
7227.FBpp0291864	7227.FBpp0086174	0.0
7227.FBpp0074332	7227.FBpp0079963	0.0
7227.FBpp0071434	7227.FBpp0089041	0.0
7227.FBpp0070244	7227.FBpp0072133	0.0
7227.FBpp0301569	7227.FBpp0297553	0.0
7227.FBpp0297502	7227.FBpp0271837	0.0
7227.FBpp0304437	7227.FBpp0288673	0.0
7227.FBpp0082814	7227.FBpp0072720	0.0
7227.FBpp0073079	7227.FBpp0076740	0.0
7227.FBpp0289086	7227.FBpp0072082	0.0
7227.FBpp0083101	7227.FBpp0290475	0.0
7227.FBpp0073525	7227.FBpp0087120	0.0
7227.FBpp0289991	7227.FBpp0297188	0.0
7227.FBpp0081164	7227.FBpp0070285	0.0
7227.FBpp0076490	7227.FBpp0080946	0.0
7227.FBpp0079247	7227.FBpp0085087	0.0
7227.FBpp0078291	7227.FBpp0084315	0.0
7227.FBpp0291146	7227.FBpp0301137	0.0
7227.FBpp0084316	7227.FBpp0071816	0.0
7227.FBpp0291370	7227.FBpp0086432	0.0
7227.FBpp0293502	7227.FBpp0297740	0.0
7227.FBpp0305938	7227.FBpp0072402	0.0
7227.FBpp0099885	7227.FBpp0084930	0.0
7227.FBpp0081249	7227.FBpp0084866	0.0
7227.FBpp0076263	7227.FBpp0288722	0.0
7227.FBpp0091074	7227.FBpp0074896	0.0
7227.FBpp0080510	7227.FBpp0083779	0.0
7227.FBpp0290990	7227.FBpp0111401	0.0
7227.FBpp0079729	7227.FBpp0291261	0.0
7227.FBpp0289018	7227.FBpp0301714	0.0
7227.FBpp0293079	7227.FBpp0304892	0.0
7227.FBpp0291039	7227.FBpp0083048	0.0
7227.FBpp0293072	7227.FBpp0087331	0.0
7227.FBpp0072030	7227.FBpp0111385	0.0
7227.FBpp0291943	7227.FBpp0077853	0.0
7227.FBpp0301047	7227.FBpp0071815	0.0
7227.FBpp0072721	7227.FBpp0289314	0.0
7227.FBpp0088978	7227.FBpp0291385	0.0
7227.FBpp0084065	7227.FBpp0071734	0.0
7227.FBpp0087052	7227.FBpp0075007	0.0
7227.FBpp0071212	7227.FBpp0289403	0.0
7227.FBpp0070117	7227.FBpp0070567	0.0
7227.FBpp0072117	7227.FBpp0086494	0.0
7227.FBpp0300180	7227.FBpp0086758	0.0
7227.FBpp0304144	7227.FBpp0074200	0.0
7227.FBpp0084105	7227.FBpp0291258	0.0
7227.FBpp0304189	7227.FBpp0084864	0.0
7227.FBpp0089406	7227.FBpp0293516	0.0
7227.FBpp0081168	7227.FBpp0076863	0.0
7227.FBpp0078779	7227.FBpp0087234	0.0
7227.FBpp0087321	7227.FBpp0111928	0.0
7227.FBpp0084200	7227.FBpp0074443	0.0
7227.FBpp0081866	7227.FBpp0076444	0.0
7227.FBpp0288699	7227.FBpp0073664	0.0
7227.FBpp0082483	7227.FBpp0304714	0.0
7227.FBpp0083368	7227.FBpp0081524	0.0
7227.FBpp0271691	7227.FBpp0301137	0.0
7227.FBpp0083604	7227.FBpp0305032	0.0
7227.FBpp0071969	7227.FBpp0072303	0.0
7227.FBpp0302576	7227.FBpp0089108	0.0
7227.FBpp0088871	7227.FBpp0088858	0.0
7227.FBpp0300164	7227.FBpp0080621	0.0
7227.FBpp0303189	7227.FBpp0087346	0.0
7227.FBpp0089002	7227.FBpp0073223	0.0
7227.FBpp0071062	7227.FBpp0079503	0.0
7227.FBpp0080169	7227.FBpp0303802	0.0
7227.FBpp0291063	7227.FBpp0088900	0.0
7227.FBpp0088616	7227.FBpp0083841	0.0
7227.FBpp0082784	7227.FBpp0072971	0.0
7227.FBpp0297066	7227.FBpp0099602	0.0
7227.FBpp0303386	7227.FBpp0086001	0.0
7227.FBpp0290418	7227.FBpp0073531	0.0
7227.FBpp0076782	7227.FBpp0080408	0.0
7227.FBpp0289576	7227.FBpp0087108	0.0
7227.FBpp0070780	7227.FBpp0079000	0.0
7227.FBpp0291904	7227.FBpp0076329	0.0
7227.FBpp0080872	7227.FBpp0081444	0.0
7227.FBpp0079630	7227.FBpp0072853	0.0
7227.FBpp0073208	7227.FBpp0075398	0.0
7227.FBpp0071580	7227.FBpp0090986	0.0
7227.FBpp0078132	7227.FBpp0099853	0.0
7227.FBpp0072993	7227.FBpp0110167	0.0
7227.FBpp0297712	7227.FBpp0081155	0.0
7227.FBpp0290859	7227.FBpp0075332	0.0
7227.FBpp0085497	7227.FBpp0304390	0.0
7227.FBpp0081547	7227.FBpp0086569	0.0
7227.FBpp0292902	7227.FBpp0079274	0.0
7227.FBpp0075855	7227.FBpp0078373	0.0
7227.FBpp0300964	7227.FBpp0305861	0.0
7227.FBpp0303475	7227.FBpp0073867	0.0
7227.FBpp0081484	7227.FBpp0305075	0.0
7227.FBpp0076790	7227.FBpp0078104	0.0
7227.FBpp0076952	7227.FBpp0077668	0.0
7227.FBpp0079894	7227.FBpp0074909	0.0
7227.FBpp0086575	7227.FBpp0301843	0.0
7227.FBpp0293494	7227.FBpp0305446	0.0
7227.FBpp0082413	7227.FBpp0071924	0.0
7227.FBpp0306216	7227.FBpp0076703	0.0
7227.FBpp0079325	7227.FBpp0304688	0.0
7227.FBpp0076338	7227.FBpp0083342	0.0
7227.FBpp0289461	7227.FBpp0081911	0.0
7227.FBpp0074028	7227.FBpp0086996	0.0
7227.FBpp0302888	7227.FBpp0081394	0.0
7227.FBpp0070791	7227.FBpp0082893	0.0
7227.FBpp0306005	7227.FBpp0079550	0.0
7227.FBpp0087277	7227.FBpp0288829	0.0
7227.FBpp0087160	7227.FBpp0089307	0.0
7227.FBpp0112070	7227.FBpp0075935	0.0
7227.FBpp0300442	7227.FBpp0083839	0.0
7227.FBpp0288946	7227.FBpp0305143	0.0
7227.FBpp0303351	7227.FBpp0076651	0.0
7227.FBpp0081141	7227.FBpp0304369	0.0
7227.FBpp0088990	7227.FBpp0081435	0.0
7227.FBpp0083662	7227.FBpp0077729	0.0
7227.FBpp0072879	7227.FBpp0291597	0.0
7227.FBpp0083911	7227.FBpp0293386	0.0
7227.FBpp0111590	7227.FBpp0304618	0.0
7227.FBpp0289485	7227.FBpp0085866	0.0
7227.FBpp0077215	7227.FBpp0083662	0.0
7227.FBpp0078997	7227.FBpp0110156	0.0
7227.FBpp0293435	7227.FBpp0079597	0.0
7227.FBpp0089419	7227.FBpp0079787	0.0
7227.FBpp0110327	7227.FBpp0305590	0.0
7227.FBpp0075699	7227.FBpp0070993	0.0
7227.FBpp0081637	7227.FBpp0071773	0.0
7227.FBpp0078648	7227.FBpp0080395	0.0
7227.FBpp0071774	7227.FBpp0304918	0.0
7227.FBpp0297532	7227.FBpp0082911	0.0
7227.FBpp0290129	7227.FBpp0297098	0.0
7227.FBpp0290653	7227.FBpp0078673	0.0
7227.FBpp0077688	7227.FBpp0297069	0.0
7227.FBpp0271885	7227.FBpp0084623	0.0
7227.FBpp0082508	7227.FBpp0305035	0.0
7227.FBpp0080870	7227.FBpp0085666	0.0
7227.FBpp0083678	7227.FBpp0086569	0.0
7227.FBpp0088035	7227.FBpp0071553	0.0
7227.FBpp0305204	7227.FBpp0073766	0.0
7227.FBpp0087613	7227.FBpp0099856	0.0
7227.FBpp0084304	7227.FBpp0078261	0.0
7227.FBpp0084285	7227.FBpp0292104	0.0
7227.FBpp0087332	7227.FBpp0071135	0.0
7227.FBpp0078821	7227.FBpp0078759	0.0
7227.FBpp0297112	7227.FBpp0305671	0.0
7227.FBpp0078092	7227.FBpp0076648	0.0
7227.FBpp0087838	7227.FBpp0304330	0.0
7227.FBpp0111889	7227.FBpp0086741	0.0
7227.FBpp0078630	7227.FBpp0084040	0.0
7227.FBpp0080281	7227.FBpp0073536	0.0
7227.FBpp0290753	7227.FBpp0084766	0.0
7227.FBpp0070323	7227.FBpp0076502	0.0
7227.FBpp0091166	7227.FBpp0292157	0.0
7227.FBpp0071992	7227.FBpp0292154	0.0
7227.FBpp0301274	7227.FBpp0099496	0.0
7227.FBpp0071109	7227.FBpp0071941	0.0
7227.FBpp0083562	7227.FBpp0077645	0.0
7227.FBpp0071047	7227.FBpp0080853	0.0
7227.FBpp0290253	7227.FBpp0290037	0.0
7227.FBpp0304287	7227.FBpp0081555	0.0
7227.FBpp0292043	7227.FBpp0086292	0.0
7227.FBpp0303305	7227.FBpp0083604	0.0
7227.FBpp0075807	7227.FBpp0086535	0.0
7227.FBpp0271814	7227.FBpp0076930	0.0
7227.FBpp0100129	7227.FBpp0070696	0.0
7227.FBpp0301617	7227.FBpp0077701	0.0
7227.FBpp0080275	7227.FBpp0112030	0.0
7227.FBpp0085849	7227.FBpp0075259	0.0
7227.FBpp0293245	7227.FBpp0083537	0.0
7227.FBpp0085566	7227.FBpp0297923	0.0
7227.FBpp0297118	7227.FBpp0085974	0.0
7227.FBpp0293793	7227.FBpp0291726	0.0
7227.FBpp0086769	7227.FBpp0073520	0.0
7227.FBpp0077236	7227.FBpp0087940	0.0
7227.FBpp0293164	7227.FBpp0112320	0.0
7227.FBpp0089304	7227.FBpp0079863	0.0
7227.FBpp0306226	7227.FBpp0070392	0.0
7227.FBpp0085929	7227.FBpp0084010	0.0
7227.FBpp0087624	7227.FBpp0085053	0.0
7227.FBpp0305730	7227.FBpp0077455	0.0
7227.FBpp0087725	7227.FBpp0291421	0.0
7227.FBpp0086967	7227.FBpp0300949	0.0
7227.FBpp0071000	7227.FBpp0070614	0.0
7227.FBpp0082413	7227.FBpp0088598	0.0
7227.FBpp0077603	7227.FBpp0070055	0.0
7227.FBpp0081560	7227.FBpp0303024	0.0
7227.FBpp0304574	7227.FBpp0086524	0.0
7227.FBpp0082545	7227.FBpp0110523	0.0
7227.FBpp0087445	7227.FBpp0081014	0.0
7227.FBpp0071636	7227.FBpp0294014	0.0
7227.FBpp0080973	7227.FBpp0288958	0.0
7227.FBpp0073328	7227.FBpp0306057	0.0
7227.FBpp0074057	7227.FBpp0305033	0.0
7227.FBpp0305612	7227.FBpp0289532	0.0
7227.FBpp0297243	7227.FBpp0087186	0.0
7227.FBpp0084285	7227.FBpp0080106	0.0
7227.FBpp0082369	7227.FBpp0297190	0.0
7227.FBpp0302608	7227.FBpp0288405	0.0
7227.FBpp0083406	7227.FBpp0111408	0.0
7227.FBpp0078370	7227.FBpp0113056	0.0
7227.FBpp0080629	7227.FBpp0293187	0.0
7227.FBpp0305671	7227.FBpp0076085	0.0
7227.FBpp0088561	7227.FBpp0072476	0.0
7227.FBpp0076235	7227.FBpp0100184	0.0
7227.FBpp0073285	7227.FBpp0085775	0.0
7227.FBpp0306200	7227.FBpp0091128	0.0
7227.FBpp0271910	7227.FBpp0288969	0.0
7227.FBpp0099742	7227.FBpp0070657	0.0
7227.FBpp0074679	7227.FBpp0301555	0.0
7227.FBpp0079445	7227.FBpp0071033	0.0
7227.FBpp0302984	7227.FBpp0072863	0.0
7227.FBpp0079703	7227.FBpp0303869	0.0
7227.FBpp0071365	7227.FBpp0297910	0.0
7227.FBpp0086798	7227.FBpp0288400	0.0
7227.FBpp0087108	7227.FBpp0297578	0.0
7227.FBpp0071718	7227.FBpp0304237	0.0
7227.FBpp0291967	7227.FBpp0071088	0.0
7227.FBpp0112492	7227.FBpp0099974	0.0
7227.FBpp0075055	7227.FBpp0078176	0.0
7227.FBpp0079481	7227.FBpp0080944	0.0
7227.FBpp0080802	7227.FBpp0301689	0.0
7227.FBpp0290703	7227.FBpp0297390	0.0
7227.FBpp0290309	7227.FBpp0080635	0.0
7227.FBpp0077060	7227.FBpp0290913	0.0
7227.FBpp0292831	7227.FBpp0080802	0.0
7227.FBpp0078979	7227.FBpp0085676	0.0
7227.FBpp0293576	7227.FBpp0288818	0.0
7227.FBpp0072052	7227.FBpp0074067	0.0
7227.FBpp0301106	7227.FBpp0082907	0.0
7227.FBpp0289646	7227.FBpp0112122	0.0
7227.FBpp0084785	7227.FBpp0071717	0.0
7227.FBpp0293527	7227.FBpp0302903	0.0
7227.FBpp0076996	7227.FBpp0071297	0.0
7227.FBpp0075895	7227.FBpp0112021	0.0
7227.FBpp0099496	7227.FBpp0088251	0.0
7227.FBpp0084719	7227.FBpp0080680	0.0
7227.FBpp0086837	7227.FBpp0085565	0.0
7227.FBpp0080001	7227.FBpp0099482	0.0
7227.FBpp0075439	7227.FBpp0082037	0.0
7227.FBpp0072320	7227.FBpp0085348	0.0
7227.FBpp0070785	7227.FBpp0075551	0.0
7227.FBpp0085303	7227.FBpp0084516	0.0
7227.FBpp0085250	7227.FBpp0078467	0.0
7227.FBpp0071978	7227.FBpp0082389	0.0
7227.FBpp0081552	7227.FBpp0086341	0.0
7227.FBpp0083550	7227.FBpp0297530	0.0
7227.FBpp0075964	7227.FBpp0099609	0.0
7227.FBpp0292371	7227.FBpp0291343	0.0
7227.FBpp0290373	7227.FBpp0111936	0.0
7227.FBpp0088442	7227.FBpp0303738	0.0
7227.FBpp0083219	7227.FBpp0289675	0.0
7227.FBpp0073670	7227.FBpp0085788	0.0
7227.FBpp0076540	7227.FBpp0074414	0.0
7227.FBpp0084240	7227.FBpp0302705	0.0
7227.FBpp0070894	7227.FBpp0074813	0.0
7227.FBpp0084641	7227.FBpp0077245	0.0
7227.FBpp0071675	7227.FBpp0085720	0.0
7227.FBpp0303935	7227.FBpp0297235	0.0
7227.FBpp0289338	7227.FBpp0304386	0.0
7227.FBpp0085990	7227.FBpp0300329	0.0
7227.FBpp0298023	7227.FBpp0086929	0.0
7227.FBpp0305820	7227.FBpp0099846	0.0
7227.FBpp0071844	7227.FBpp0078398	0.0
7227.FBpp0074473	7227.FBpp0087189	0.0
7227.FBpp0091133	7227.FBpp0081260	0.0
7227.FBpp0077478	7227.FBpp0290134	0.0
7227.FBpp0074287	7227.FBpp0076459	0.0
7227.FBpp0074044	7227.FBpp0289297	0.0
7227.FBpp0111484	7227.FBpp0289569	0.0
7227.FBpp0089346	7227.FBpp0078448	0.0
7227.FBpp0291261	7227.FBpp0289653	0.0
7227.FBpp0289219	7227.FBpp0075911	0.0
7227.FBpp0081064	7227.FBpp0086982	0.0
7227.FBpp0085497	7227.FBpp0086426	0.0
7227.FBpp0073269	7227.FBpp0306001	0.0
7227.FBpp0089166	7227.FBpp0078391	0.0
7227.FBpp0304721	7227.FBpp0070908	0.0
7227.FBpp0073606	7227.FBpp0082508	0.0
7227.FBpp0271786	7227.FBpp0074124	0.0
7227.FBpp0305614	7227.FBpp0113057	0.0
7227.FBpp0072737	7227.FBpp0292728	0.0
7227.FBpp0078510	7227.FBpp0071431	0.0
7227.FBpp0070576	7227.FBpp0073895	0.0
7227.FBpp0303501	7227.FBpp0292605	0.0
7227.FBpp0289585	7227.FBpp0291726	0.0
7227.FBpp0078953	7227.FBpp0303843	0.0
7227.FBpp0072322	7227.FBpp0075352	0.0
7227.FBpp0080120	7227.FBpp0089372	0.0
7227.FBpp0304172	7227.FBpp0085087	0.0
7227.FBpp0075834	7227.FBpp0071106	0.0
7227.FBpp0081100	7227.FBpp0071949	0.0
7227.FBpp0297611	7227.FBpp0293835	0.0
7227.FBpp0081414	7227.FBpp0291022	0.0
7227.FBpp0078743	7227.FBpp0084306	0.0
7227.FBpp0292521	7227.FBpp0296928	0.0
7227.FBpp0072653	7227.FBpp0079112	0.0
7227.FBpp0297870	7227.FBpp0073397	0.0
7227.FBpp0297988	7227.FBpp0071718	0.0
7227.FBpp0301557	7227.FBpp0087722	0.0
7227.FBpp0300453	7227.FBpp0070085	0.0
7227.FBpp0071043	7227.FBpp0085950	0.0
7227.FBpp0075911	7227.FBpp0073413	0.0
7227.FBpp0085477	7227.FBpp0300990	0.0
7227.FBpp0080870	7227.FBpp0073039	0.0
7227.FBpp0084186	7227.FBpp0291668	0.0
7227.FBpp0112031	7227.FBpp0293538	0.0
7227.FBpp0076430	7227.FBpp0087701	0.0
7227.FBpp0305659	7227.FBpp0087285	0.0
7227.FBpp0086910	7227.FBpp0303751	0.0
7227.FBpp0291465	7227.FBpp0089001	0.0
7227.FBpp0081331	7227.FBpp0290033	0.0
7227.FBpp0112127	7227.FBpp0074566	0.0
7227.FBpp0072843	7227.FBpp0074684	0.0
7227.FBpp0086926	7227.FBpp0304131	0.0
7227.FBpp0070244	7227.FBpp0305350	0.0
7227.FBpp0080803	7227.FBpp0301762	0.0
7227.FBpp0084994	7227.FBpp0074368	0.0
7227.FBpp0300900	7227.FBpp0082459	0.0
7227.FBpp0304549	7227.FBpp0082778	0.0
7227.FBpp0079491	7227.FBpp0083852	0.0
7227.FBpp0076687	7227.FBpp0081563	0.0
7227.FBpp0087362	7227.FBpp0088670	0.0
7227.FBpp0111291	7227.FBpp0291415	0.0
7227.FBpp0088514	7227.FBpp0113032	0.0
7227.FBpp0289352	7227.FBpp0304998	0.0
7227.FBpp0088522	7227.FBpp0080704	0.0
7227.FBpp0070792	7227.FBpp0085498	0.0
7227.FBpp0074353	7227.FBpp0071462	0.0
7227.FBpp0289521	7227.FBpp0070374	0.0
7227.FBpp0290838	7227.FBpp0305825	0.0
7227.FBpp0077662	7227.FBpp0086062	0.0
7227.FBpp0080732	7227.FBpp0081160	0.0
7227.FBpp0303678	7227.FBpp0113095	0.0
7227.FBpp0304457	7227.FBpp0084954	0.0
7227.FBpp0079809	7227.FBpp0073588	0.0
7227.FBpp0112196	7227.FBpp0080936	0.0
7227.FBpp0082314	7227.FBpp0289648	0.0
7227.FBpp0074430	7227.FBpp0304799	0.0
7227.FBpp0303866	7227.FBpp0288697	0.0
7227.FBpp0087659	7227.FBpp0297945	0.0
7227.FBpp0077735	7227.FBpp0073790	0.0
7227.FBpp0074364	7227.FBpp0070119	0.0
7227.FBpp0089141	7227.FBpp0305607	0.0
7227.FBpp0088783	7227.FBpp0073522	0.0
7227.FBpp0070112	7227.FBpp0078107	0.0
7227.FBpp0072870	7227.FBpp0111759	0.0
7227.FBpp0074124	7227.FBpp0085575	0.0
7227.FBpp0086719	7227.FBpp0301101	0.0
7227.FBpp0077750	7227.FBpp0087529	0.0
7227.FBpp0080894	7227.FBpp0305215	0.0
7227.FBpp0087332	7227.FBpp0080414	0.0
7227.FBpp0291709	7227.FBpp0071907	0.0
7227.FBpp0294027	7227.FBpp0083302	0.0
7227.FBpp0072038	7227.FBpp0085675	0.0
7227.FBpp0071533	7227.FBpp0073542	0.0
7227.FBpp0078087	7227.FBpp0076608	0.0
7227.FBpp0110260	7227.FBpp0304437	0.0
7227.FBpp0083430	7227.FBpp0099409	0.0
7227.FBpp0077249	7227.FBpp0086884	0.0
7227.FBpp0090943	7227.FBpp0301956	0.0
7227.FBpp0077004	7227.FBpp0086107	0.0
7227.FBpp0075192	7227.FBpp0078795	0.0
7227.FBpp0085464	7227.FBpp0302740	0.0
7227.FBpp0078297	7227.FBpp0297437	0.0
7227.FBpp0075387	7227.FBpp0303793	0.0
7227.FBpp0070227	7227.FBpp0077257	0.0
7227.FBpp0298824	7227.FBpp0078643	0.0
7227.FBpp0076237	7227.FBpp0077682	0.0
7227.FBpp0072956	7227.FBpp0076909	0.0
7227.FBpp0304437	7227.FBpp0303079	0.0
7227.FBpp0078132	7227.FBpp0072577	0.0
7227.FBpp0080793	7227.FBpp0083109	0.0
7227.FBpp0089247	7227.FBpp0292196	0.0
7227.FBpp0081861	7227.FBpp0086312	0.0
7227.FBpp0304492	7227.FBpp0291494	0.0
7227.FBpp0082271	7227.FBpp0304089	0.0
7227.FBpp0088835	7227.FBpp0087605	0.0
7227.FBpp0082649	7227.FBpp0111521	0.0
7227.FBpp0074529	7227.FBpp0305696	0.0
7227.FBpp0077662	7227.FBpp0089094	0.0
7227.FBpp0083015	7227.FBpp0087717	0.0
7227.FBpp0297397	7227.FBpp0085673	0.0
7227.FBpp0111343	7227.FBpp0290068	0.0
7227.FBpp0084980	7227.FBpp0112127	0.0
7227.FBpp0073198	7227.FBpp0076084	0.0
7227.FBpp0302814	7227.FBpp0292777	0.0
7227.FBpp0305119	7227.FBpp0079586	0.0
7227.FBpp0073500	7227.FBpp0302784	0.0
7227.FBpp0082326	7227.FBpp0110161	0.0
7227.FBpp0290667	7227.FBpp0080757	0.0
7227.FBpp0305095	7227.FBpp0300329	0.0
7227.FBpp0302969	7227.FBpp0078921	0.0
7227.FBpp0085931	7227.FBpp0074571	0.0
7227.FBpp0073797	7227.FBpp0072161	0.0
7227.FBpp0080976	7227.FBpp0084520	0.0
7227.FBpp0302697	7227.FBpp0091059	0.0
7227.FBpp0303601	7227.FBpp0303351	0.0
7227.FBpp0306144	7227.FBpp0083313	0.0
7227.FBpp0110169	7227.FBpp0073379	0.0
7227.FBpp0303388	7227.FBpp0293194	0.0
7227.FBpp0080113	7227.FBpp0076637	0.0
7227.FBpp0080640	7227.FBpp0086872	0.0
7227.FBpp0112366	7227.FBpp0081068	0.0
7227.FBpp0079694	7227.FBpp0290311	0.0
7227.FBpp0302580	7227.FBpp0083848	0.0
7227.FBpp0297937	7227.FBpp0072560	0.0
7227.FBpp0078614	7227.FBpp0301836	0.0
7227.FBpp0074122	7227.FBpp0303257	0.0
7227.FBpp0088988	7227.FBpp0074752	0.0
7227.FBpp0290712	7227.FBpp0072667	0.0
7227.FBpp0301611	7227.FBpp0088777	0.0
7227.FBpp0074296	7227.FBpp0073065	0.0
7227.FBpp0304525	7227.FBpp0290495	0.0
7227.FBpp0089286	7227.FBpp0084436	0.0
7227.FBpp0305226	7227.FBpp0301743	0.0
7227.FBpp0292215	7227.FBpp0302688	0.0
7227.FBpp0112988	7227.FBpp0080904	0.0
7227.FBpp0088442	7227.FBpp0293196	0.0
7227.FBpp0080575	7227.FBpp0073425	0.0
7227.FBpp0078795	7227.FBpp0291714	0.0
7227.FBpp0085128	7227.FBpp0076790	0.0
7227.FBpp0087571	7227.FBpp0084984	0.0
7227.FBpp0086804	7227.FBpp0076249	0.0
7227.FBpp0080803	7227.FBpp0070872	0.0
7227.FBpp0111814	7227.FBpp0076762	0.0
7227.FBpp0081336	7227.FBpp0294026	0.0
7227.FBpp0073069	7227.FBpp0080260	0.0
7227.FBpp0085403	7227.FBpp0080129	0.0
7227.FBpp0288687	7227.FBpp0271852	0.0
7227.FBpp0306001	7227.FBpp0304468	0.0
7227.FBpp0074288	7227.FBpp0077937	0.0
7227.FBpp0088927	7227.FBpp0076635	0.0
7227.FBpp0080901	7227.FBpp0099688	0.0
7227.FBpp0297397	7227.FBpp0301799	0.0
7227.FBpp0112127	7227.FBpp0086661	0.0
7227.FBpp0078655	7227.FBpp0072247	0.0
7227.FBpp0084407	7227.FBpp0099884	0.0
7227.FBpp0290866	7227.FBpp0086073	0.0
7227.FBpp0291662	7227.FBpp0078471	0.0
7227.FBpp0297144	7227.FBpp0112192	0.0
7227.FBpp0077705	7227.FBpp0084813	0.0
7227.FBpp0089037	7227.FBpp0087083	0.0
7227.FBpp0292157	7227.FBpp0073525	0.0
7227.FBpp0070942	7227.FBpp0083486	0.0
7227.FBpp0076459	7227.FBpp0099484	0.0
7227.FBpp0070710	7227.FBpp0080025	0.0
7227.FBpp0074019	7227.FBpp0072233	0.0
7227.FBpp0085561	7227.FBpp0305738	0.0
7227.FBpp0074516	7227.FBpp0297882	0.0
7227.FBpp0072299	7227.FBpp0083912	0.0
7227.FBpp0078208	7227.FBpp0085784	0.0
7227.FBpp0304657	7227.FBpp0080826	0.0
7227.FBpp0290467	7227.FBpp0078428	0.0
7227.FBpp0079445	7227.FBpp0080849	0.0
7227.FBpp0072075	7227.FBpp0088969	0.0
7227.FBpp0075387	7227.FBpp0075737	0.0
7227.FBpp0297906	7227.FBpp0293210	0.0
7227.FBpp0297573	7227.FBpp0075913	0.0
7227.FBpp0304236	7227.FBpp0079357	0.0
7227.FBpp0074172	7227.FBpp0306001	0.0
7227.FBpp0072052	7227.FBpp0082309	0.0
7227.FBpp0075833	7227.FBpp0291540	0.0
7227.FBpp0074028	7227.FBpp0081400	0.0
7227.FBpp0070078	7227.FBpp0076856	0.0
7227.FBpp0100178	7227.FBpp0073937	0.0
7227.FBpp0302859	7227.FBpp0083057	0.0
7227.FBpp0084010	7227.FBpp0078899	0.0
7227.FBpp0086977	7227.FBpp0080394	0.0
7227.FBpp0301753	7227.FBpp0085552	0.0
7227.FBpp0076127	7227.FBpp0070280	0.0
7227.FBpp0298339	7227.FBpp0080709	0.0
7227.FBpp0304201	7227.FBpp0079773	0.0
7227.FBpp0086972	7227.FBpp0288648	0.0
7227.FBpp0111283	7227.FBpp0082420	0.0
7227.FBpp0301101	7227.FBpp0072281	0.0
7227.FBpp0303283	7227.FBpp0112159	0.0
7227.FBpp0112293	7227.FBpp0073760	0.0
7227.FBpp0305462	7227.FBpp0074037	0.0
7227.FBpp0297666	7227.FBpp0303669	0.0
7227.FBpp0303820	7227.FBpp0082863	0.0
7227.FBpp0070943	7227.FBpp0091107	0.0
7227.FBpp0303611	7227.FBpp0289613	0.0
7227.FBpp0071277	7227.FBpp0079909	0.0
7227.FBpp0073071	7227.FBpp0293245	0.0
7227.FBpp0079214	7227.FBpp0086012	0.0
7227.FBpp0083571	7227.FBpp0085375	0.0
7227.FBpp0086487	7227.FBpp0080090	0.0
7227.FBpp0084629	7227.FBpp0078122	0.0
7227.FBpp0071794	7227.FBpp0291241	0.0
7227.FBpp0077082	7227.FBpp0292196	0.0
7227.FBpp0082903	7227.FBpp0076472	0.0
7227.FBpp0078779	7227.FBpp0072332	0.0
7227.FBpp0306216	7227.FBpp0079488	0.0
7227.FBpp0073058	7227.FBpp0088334	0.0
7227.FBpp0072455	7227.FBpp0085014	0.0
7227.FBpp0084360	7227.FBpp0085698	0.0
7227.FBpp0290179	7227.FBpp0080678	0.0
7227.FBpp0071263	7227.FBpp0078631	0.0
7227.FBpp0288838	7227.FBpp0289649	0.0
7227.FBpp0084018	7227.FBpp0112122	0.0
7227.FBpp0301042	7227.FBpp0288947	0.0
7227.FBpp0078612	7227.FBpp0088866	0.0
7227.FBpp0086701	7227.FBpp0078473	0.0
7227.FBpp0077871	7227.FBpp0070202	0.0
7227.FBpp0072110	7227.FBpp0075387	0.0
7227.FBpp0293232	7227.FBpp0087498	0.0
7227.FBpp0073614	7227.FBpp0289487	0.0
7227.FBpp0289866	7227.FBpp0084807	0.0
7227.FBpp0081852	7227.FBpp0290136	0.0
7227.FBpp0084684	7227.FBpp0075999	0.0
7227.FBpp0088311	7227.FBpp0082719	0.0
7227.FBpp0301557	7227.FBpp0303496	0.0
7227.FBpp0290982	7227.FBpp0289636	0.0
7227.FBpp0089328	7227.FBpp0082657	0.0
7227.FBpp0078990	7227.FBpp0080790	0.0
7227.FBpp0087762	7227.FBpp0085885	0.0
7227.FBpp0088075	7227.FBpp0073134	0.0
7227.FBpp0303461	7227.FBpp0291677	0.0
7227.FBpp0084355	7227.FBpp0083814	0.0
7227.FBpp0300330	7227.FBpp0081392	0.0
7227.FBpp0073195	7227.FBpp0303693	0.0
7227.FBpp0303632	7227.FBpp0083441	0.0
7227.FBpp0073449	7227.FBpp0077627	0.0
7227.FBpp0084918	7227.FBpp0079915	0.0
7227.FBpp0070550	7227.FBpp0071934	0.0
7227.FBpp0291784	7227.FBpp0075112	0.0
7227.FBpp0303118	7227.FBpp0080496	0.0
7227.FBpp0070697	7227.FBpp0086535	0.0
7227.FBpp0083742	7227.FBpp0070182	0.0
7227.FBpp0078727	7227.FBpp0291320	0.0
7227.FBpp0078708	7227.FBpp0082035	0.0
7227.FBpp0297906	7227.FBpp0087825	0.0
7227.FBpp0300184	7227.FBpp0076314	0.0
7227.FBpp0086486	7227.FBpp0086736	0.0
7227.FBpp0074177	7227.FBpp0077854	0.0
7227.FBpp0070194	7227.FBpp0089088	0.0
7227.FBpp0088022	7227.FBpp0084251	0.0
7227.FBpp0290432	7227.FBpp0080815	0.0
7227.FBpp0290886	7227.FBpp0084119	0.0
7227.FBpp0089419	7227.FBpp0271855	0.0
7227.FBpp0297228	7227.FBpp0081927	0.0
7227.FBpp0079843	7227.FBpp0079289	0.0
7227.FBpp0085643	7227.FBpp0091132	0.0
7227.FBpp0072807	7227.FBpp0075861	0.0
7227.FBpp0080086	7227.FBpp0076372	0.0
7227.FBpp0087946	7227.FBpp0301604	0.0
7227.FBpp0100109	7227.FBpp0086929	0.0
7227.FBpp0301582	7227.FBpp0080108	0.0
7227.FBpp0086645	7227.FBpp0110157	0.0
7227.FBpp0084312	7227.FBpp0111485	0.0
7227.FBpp0296986	7227.FBpp0288846	0.0
7227.FBpp0083736	7227.FBpp0288457	0.0
7227.FBpp0083571	7227.FBpp0070550	0.0
7227.FBpp0297097	7227.FBpp0300513	0.0
7227.FBpp0293430	7227.FBpp0271877	0.0
7227.FBpp0081041	7227.FBpp0304813	0.0
7227.FBpp0079687	7227.FBpp0076608	0.0
7227.FBpp0271749	7227.FBpp0291677	0.0
7227.FBpp0079437	7227.FBpp0083016	0.0
7227.FBpp0079335	7227.FBpp0085753	0.0
7227.FBpp0289848	7227.FBpp0075692	0.0
7227.FBpp0100029	7227.FBpp0087320	0.0
7227.FBpp0304573	7227.FBpp0087659	0.0
7227.FBpp0074663	7227.FBpp0297945	0.0
7227.FBpp0070434	7227.FBpp0080094	0.0
7227.FBpp0088563	7227.FBpp0077406	0.0
7227.FBpp0301137	7227.FBpp0076391	0.0
7227.FBpp0074485	7227.FBpp0074429	0.0
7227.FBpp0088571	7227.FBpp0304214	0.0
7227.FBpp0083246	7227.FBpp0291541	0.0
7227.FBpp0085131	7227.FBpp0079117	0.0
7227.FBpp0071956	7227.FBpp0297188	0.0
7227.FBpp0099499	7227.FBpp0303797	0.0
7227.FBpp0079913	7227.FBpp0306039	0.0
7227.FBpp0070421	7227.FBpp0291968	0.0
7227.FBpp0297409	7227.FBpp0084339	0.0
7227.FBpp0078353	7227.FBpp0100051	0.0
7227.FBpp0289819	7227.FBpp0077155	0.0
7227.FBpp0083954	7227.FBpp0081959	0.0
7227.FBpp0088218	7227.FBpp0303873	0.0
7227.FBpp0084587	7227.FBpp0293685	0.0
7227.FBpp0302014	7227.FBpp0091099	0.0
7227.FBpp0074044	7227.FBpp0082535	0.0
7227.FBpp0087065	7227.FBpp0100046	0.0
7227.FBpp0290151	7227.FBpp0081834	0.0
7227.FBpp0290497	7227.FBpp0075332	0.0
7227.FBpp0085131	7227.FBpp0085818	0.0
7227.FBpp0072241	7227.FBpp0290456	0.0
7227.FBpp0084524	7227.FBpp0083468	0.0
7227.FBpp0078111	7227.FBpp0081607	0.0
7227.FBpp0303936	7227.FBpp0086844	0.0
7227.FBpp0297436	7227.FBpp0303247	0.0
7227.FBpp0070792	7227.FBpp0289370	0.0
7227.FBpp0305108	7227.FBpp0082923	0.0
7227.FBpp0082569	7227.FBpp0089011	0.0
7227.FBpp0303149	7227.FBpp0088533	0.0
7227.FBpp0089002	7227.FBpp0071683	0.0
7227.FBpp0081493	7227.FBpp0082094	0.0
7227.FBpp0079093	7227.FBpp0072241	0.0
7227.FBpp0086895	7227.FBpp0083712	0.0
7227.FBpp0303850	7227.FBpp0076646	0.0
7227.FBpp0081304	7227.FBpp0293498	0.0
7227.FBpp0297098	7227.FBpp0289679	0.0
7227.FBpp0099690	7227.FBpp0296952	0.0
7227.FBpp0271727	7227.FBpp0078471	0.0
7227.FBpp0071477	7227.FBpp0112339	0.0
7227.FBpp0081538	7227.FBpp0305579	0.0
7227.FBpp0083932	7227.FBpp0081430	0.0
7227.FBpp0075668	7227.FBpp0070024	0.0
7227.FBpp0086443	7227.FBpp0291371	0.0
7227.FBpp0292081	7227.FBpp0071873	0.0
7227.FBpp0086499	7227.FBpp0070367	0.0
7227.FBpp0112188	7227.FBpp0084841	0.0
7227.FBpp0081185	7227.FBpp0084556	0.0
7227.FBpp0082277	7227.FBpp0300867	0.0
7227.FBpp0079377	7227.FBpp0082927	0.0
7227.FBpp0071355	7227.FBpp0087167	0.0
7227.FBpp0081476	7227.FBpp0079124	0.0
7227.FBpp0291112	7227.FBpp0076473	0.0
7227.FBpp0112402	7227.FBpp0085718	0.0
7227.FBpp0302820	7227.FBpp0084403	0.0
7227.FBpp0079758	7227.FBpp0112372	0.0
7227.FBpp0112210	7227.FBpp0111327	0.0
7227.FBpp0305570	7227.FBpp0077278	0.0
7227.FBpp0291607	7227.FBpp0071874	0.0
7227.FBpp0071081	7227.FBpp0305735	0.0
7227.FBpp0302775	7227.FBpp0081984	0.0
7227.FBpp0290095	7227.FBpp0082037	0.0
7227.FBpp0083562	7227.FBpp0302688	0.0
7227.FBpp0291622	7227.FBpp0087471	0.0
7227.FBpp0072893	7227.FBpp0085132	0.0
7227.FBpp0099517	7227.FBpp0083901	0.0
7227.FBpp0085015	7227.FBpp0073867	0.0
7227.FBpp0085839	7227.FBpp0080412	0.0
7227.FBpp0087278	7227.FBpp0082485	0.0
7227.FBpp0073721	7227.FBpp0078872	0.0
7227.FBpp0300966	7227.FBpp0080120	0.0
7227.FBpp0079272	7227.FBpp0078616	0.0
7227.FBpp0082847	7227.FBpp0111412	0.0
7227.FBpp0080739	7227.FBpp0086604	0.0
7227.FBpp0078677	7227.FBpp0074103	0.0
7227.FBpp0288654	7227.FBpp0083269	0.0
7227.FBpp0083746	7227.FBpp0071240	0.0
7227.FBpp0074103	7227.FBpp0304023	0.0
7227.FBpp0305340	7227.FBpp0099500	0.0
7227.FBpp0297579	7227.FBpp0072802	0.0
7227.FBpp0085667	7227.FBpp0080322	0.0
7227.FBpp0290548	7227.FBpp0111351	0.0
7227.FBpp0077245	7227.FBpp0078865	0.0
7227.FBpp0072820	7227.FBpp0083311	0.0
7227.FBpp0300433	7227.FBpp0089024	0.0
7227.FBpp0079306	7227.FBpp0086729	0.0
7227.FBpp0073147	7227.FBpp0293243	0.0
7227.FBpp0099400	7227.FBpp0083852	0.0
7227.FBpp0084915	7227.FBpp0084388	0.0
7227.FBpp0302686	7227.FBpp0075230	0.0
7227.FBpp0070041	7227.FBpp0300801	0.0
7227.FBpp0289472	7227.FBpp0288843	0.0
7227.FBpp0302023	7227.FBpp0077749	0.0
7227.FBpp0111675	7227.FBpp0091063	0.0
7227.FBpp0072364	7227.FBpp0077629	0.0
7227.FBpp0298376	7227.FBpp0088220	0.0
7227.FBpp0079453	7227.FBpp0075310	0.0
7227.FBpp0297127	7227.FBpp0292527	0.0
7227.FBpp0084878	7227.FBpp0078079	0.0
7227.FBpp0072049	7227.FBpp0074077	0.0
7227.FBpp0076544	7227.FBpp0087538	0.0
7227.FBpp0071288	7227.FBpp0074586	0.0
7227.FBpp0290069	7227.FBpp0303252	0.0
7227.FBpp0306063	7227.FBpp0079395	0.0
7227.FBpp0087862	7227.FBpp0079519	0.0
7227.FBpp0074791	7227.FBpp0071321	0.0
7227.FBpp0078092	7227.FBpp0085929	0.0
7227.FBpp0305865	7227.FBpp0083538	0.0
7227.FBpp0078756	7227.FBpp0303358	0.0
7227.FBpp0089093	7227.FBpp0075247	0.0
7227.FBpp0304201	7227.FBpp0081712	0.0
7227.FBpp0084624	7227.FBpp0304969	0.0
7227.FBpp0077295	7227.FBpp0086593	0.0
7227.FBpp0293615	7227.FBpp0087956	0.0
7227.FBpp0071427	7227.FBpp0072815	0.0
7227.FBpp0290341	7227.FBpp0082508	0.0
7227.FBpp0289943	7227.FBpp0086074	0.0
7227.FBpp0071279	7227.FBpp0071589	0.0
7227.FBpp0086525	7227.FBpp0076266	0.0
7227.FBpp0073686	7227.FBpp0078723	0.0
7227.FBpp0297135	7227.FBpp0071013	0.0
7227.FBpp0079907	7227.FBpp0070463	0.0
7227.FBpp0292972	7227.FBpp0074108	0.0
7227.FBpp0073756	7227.FBpp0074484	0.0
7227.FBpp0288875	7227.FBpp0078978	0.0
7227.FBpp0071979	7227.FBpp0288818	0.0
7227.FBpp0302047	7227.FBpp0079227	0.0
7227.FBpp0088172	7227.FBpp0076558	0.0
7227.FBpp0292111	7227.FBpp0080394	0.0
7227.FBpp0079900	7227.FBpp0305772	0.0
7227.FBpp0080848	7227.FBpp0075676	0.0
7227.FBpp0291037	7227.FBpp0083057	0.0
7227.FBpp0086051	7227.FBpp0271525	0.0
7227.FBpp0086734	7227.FBpp0302580	0.0
7227.FBpp0080053	7227.FBpp0076459	0.0
7227.FBpp0083094	7227.FBpp0076372	0.0
7227.FBpp0300511	7227.FBpp0290087	0.0
7227.FBpp0082823	7227.FBpp0085040	0.0
7227.FBpp0293956	7227.FBpp0076100	0.0
7227.FBpp0296965	7227.FBpp0085553	0.0
7227.FBpp0300669	7227.FBpp0084721	0.0
7227.FBpp0091005	7227.FBpp0304667	0.0
7227.FBpp0080946	7227.FBpp0088334	0.0
7227.FBpp0305065	7227.FBpp0078821	0.0
7227.FBpp0075123	7227.FBpp0076856	0.0
7227.FBpp0087889	7227.FBpp0087981	0.0
7227.FBpp0087509	7227.FBpp0304806	0.0
7227.FBpp0288828	7227.FBpp0070659	0.0
7227.FBpp0293861	7227.FBpp0072076	0.0
7227.FBpp0305117	7227.FBpp0289170	0.0
7227.FBpp0079595	7227.FBpp0088558	0.0
7227.FBpp0112455	7227.FBpp0089174	0.0
7227.FBpp0074651	7227.FBpp0288722	0.0
7227.FBpp0078806	7227.FBpp0082719	0.0
7227.FBpp0075223	7227.FBpp0110141	0.0
7227.FBpp0084521	7227.FBpp0081515	0.0
7227.FBpp0070884	7227.FBpp0085498	0.0
7227.FBpp0303832	7227.FBpp0091155	0.0
7227.FBpp0080914	7227.FBpp0080942	0.0
7227.FBpp0304549	7227.FBpp0086881	0.0
7227.FBpp0086474	7227.FBpp0072951	0.0
7227.FBpp0075332	7227.FBpp0302845	0.0
7227.FBpp0076580	7227.FBpp0081136	0.0
7227.FBpp0077266	7227.FBpp0084316	0.0
7227.FBpp0074629	7227.FBpp0072030	0.0
7227.FBpp0304659	7227.FBpp0079160	0.0
7227.FBpp0111717	7227.FBpp0076375	0.0
7227.FBpp0089262	7227.FBpp0084403	0.0
7227.FBpp0072820	7227.FBpp0085989	0.0
7227.FBpp0077479	7227.FBpp0080602	0.0
7227.FBpp0303280	7227.FBpp0305957	0.0
7227.FBpp0290092	7227.FBpp0077275	0.0
7227.FBpp0084812	7227.FBpp0078079	0.0
7227.FBpp0085778	7227.FBpp0074536	0.0
7227.FBpp0071290	7227.FBpp0113047	0.0
7227.FBpp0083273	7227.FBpp0076300	0.0
7227.FBpp0073153	7227.FBpp0293054	0.0
7227.FBpp0291450	7227.FBpp0079127	0.0
7227.FBpp0303218	7227.FBpp0293521	0.0
7227.FBpp0071329	7227.FBpp0084810	0.0
7227.FBpp0078313	7227.FBpp0293851	0.0
7227.FBpp0297990	7227.FBpp0076201	0.0
7227.FBpp0292155	7227.FBpp0297756	0.0
7227.FBpp0077645	7227.FBpp0087862	0.0
7227.FBpp0289688	7227.FBpp0111776	0.0
7227.FBpp0111649	7227.FBpp0078437	0.0
7227.FBpp0291639	7227.FBpp0305212	0.0
7227.FBpp0289637	7227.FBpp0073238	0.0
7227.FBpp0078796	7227.FBpp0074158	0.0
7227.FBpp0087714	7227.FBpp0073059	0.0
7227.FBpp0078395	7227.FBpp0080202	0.0
7227.FBpp0112291	7227.FBpp0290909	0.0
7227.FBpp0291638	7227.FBpp0289553	0.0
7227.FBpp0303385	7227.FBpp0082688	0.0
7227.FBpp0077405	7227.FBpp0072624	0.0
7227.FBpp0079384	7227.FBpp0078877	0.0
7227.FBpp0291861	7227.FBpp0303622	0.0
7227.FBpp0288960	7227.FBpp0305774	0.0
7227.FBpp0289453	7227.FBpp0084997	0.0
7227.FBpp0301704	7227.FBpp0082389	0.0
7227.FBpp0082569	7227.FBpp0071773	0.0
7227.FBpp0084913	7227.FBpp0082832	0.0
7227.FBpp0292455	7227.FBpp0100153	0.0
7227.FBpp0076141	7227.FBpp0087968	0.0
7227.FBpp0087215	7227.FBpp0296983	0.0
7227.FBpp0081802	7227.FBpp0111738	0.0
7227.FBpp0301605	7227.FBpp0087660	0.0
7227.FBpp0078350	7227.FBpp0077603	0.0
7227.FBpp0288410	7227.FBpp0300900	0.0
7227.FBpp0304984	7227.FBpp0085486	0.0
7227.FBpp0074517	7227.FBpp0076670	0.0
7227.FBpp0072072	7227.FBpp0111362	0.0
7227.FBpp0290002	7227.FBpp0084543	0.0
7227.FBpp0086071	7227.FBpp0289473	0.0
7227.FBpp0070696	7227.FBpp0288697	0.0
7227.FBpp0076095	7227.FBpp0289582	0.0
7227.FBpp0292256	7227.FBpp0305723	0.0
7227.FBpp0078144	7227.FBpp0303384	0.0
7227.FBpp0291994	7227.FBpp0083219	0.0
7227.FBpp0080710	7227.FBpp0082318	0.0
7227.FBpp0306226	7227.FBpp0302591	0.0
7227.FBpp0071588	7227.FBpp0304762	0.0
7227.FBpp0296949	7227.FBpp0071323	0.0
7227.FBpp0072956	7227.FBpp0084674	0.0
7227.FBpp0271787	7227.FBpp0087551	0.0
7227.FBpp0076614	7227.FBpp0305038	0.0
7227.FBpp0071809	7227.FBpp0112476	0.0
7227.FBpp0085907	7227.FBpp0303328	0.0
7227.FBpp0304878	7227.FBpp0296981	0.0
7227.FBpp0077749	7227.FBpp0081996	0.0
7227.FBpp0291765	7227.FBpp0088808	0.0
7227.FBpp0084149	7227.FBpp0081772	0.0
7227.FBpp0289991	7227.FBpp0085802	0.0
7227.FBpp0290415	7227.FBpp0071058	0.0
7227.FBpp0088282	7227.FBpp0305814	0.0
7227.FBpp0087879	7227.FBpp0294001	0.0
7227.FBpp0088800	7227.FBpp0271525	0.0
7227.FBpp0292321	7227.FBpp0081138	0.0
7227.FBpp0082925	7227.FBpp0088877	0.0
7227.FBpp0085887	7227.FBpp0303007	0.0
7227.FBpp0077847	7227.FBpp0073065	0.0
7227.FBpp0074607	7227.FBpp0074905	0.0
7227.FBpp0071216	7227.FBpp0087094	0.0
7227.FBpp0082695	7227.FBpp0081387	0.0
7227.FBpp0080449	7227.FBpp0088174	0.0
7227.FBpp0077909	7227.FBpp0084152	0.0
7227.FBpp0082410	7227.FBpp0297400	0.0
7227.FBpp0301971	7227.FBpp0086601	0.0
7227.FBpp0076538	7227.FBpp0074087	0.0
7227.FBpp0288562	7227.FBpp0305881	0.0
7227.FBpp0290122	7227.FBpp0084251	0.0
7227.FBpp0085375	7227.FBpp0080913	0.0
7227.FBpp0292078	7227.FBpp0305696	0.0
7227.FBpp0303708	7227.FBpp0079293	0.0
7227.FBpp0087280	7227.FBpp0288836	0.0
7227.FBpp0289047	7227.FBpp0081304	0.0
7227.FBpp0075703	7227.FBpp0303845	0.0
7227.FBpp0082155	7227.FBpp0083158	0.0
7227.FBpp0301961	7227.FBpp0089179	0.0
7227.FBpp0082340	7227.FBpp0271517	0.0
7227.FBpp0076667	7227.FBpp0110177	0.0
7227.FBpp0293649	7227.FBpp0084014	0.0
7227.FBpp0084482	7227.FBpp0079523	0.0
7227.FBpp0290909	7227.FBpp0080404	0.0
7227.FBpp0289587	7227.FBpp0289313	0.0
7227.FBpp0073276	7227.FBpp0083763	0.0
7227.FBpp0091096	7227.FBpp0074889	0.0
7227.FBpp0081493	7227.FBpp0305729	0.0
7227.FBpp0080790	7227.FBpp0290099	0.0
7227.FBpp0079759	7227.FBpp0076703	0.0
7227.FBpp0078273	7227.FBpp0073308	0.0
7227.FBpp0305898	7227.FBpp0303869	0.0
7227.FBpp0081986	7227.FBpp0075158	0.0
7227.FBpp0099830	7227.FBpp0078020	0.0
7227.FBpp0078203	7227.FBpp0113082	0.0
7227.FBpp0081378	7227.FBpp0110260	0.0
7227.FBpp0074314	7227.FBpp0289553	0.0
7227.FBpp0080508	7227.FBpp0081195	0.0
7227.FBpp0079306	7227.FBpp0302984	0.0
7227.FBpp0086650	7227.FBpp0077464	0.0
7227.FBpp0306039	7227.FBpp0289382	0.0
7227.FBpp0291142	7227.FBpp0086219	0.0
7227.FBpp0289558	7227.FBpp0085115	0.0
7227.FBpp0293859	7227.FBpp0089127	0.0
7227.FBpp0292990	7227.FBpp0289074	0.0
7227.FBpp0303279	7227.FBpp0289246	0.0
7227.FBpp0082507	7227.FBpp0080814	0.0
7227.FBpp0111350	7227.FBpp0086347	0.0
7227.FBpp0083006	7227.FBpp0080667	0.0
7227.FBpp0291375	7227.FBpp0078420	0.0
7227.FBpp0289539	7227.FBpp0302608	0.0
7227.FBpp0111639	7227.FBpp0082525	0.0
7227.FBpp0071845	7227.FBpp0099845	0.0
7227.FBpp0084399	7227.FBpp0071431	0.0
7227.FBpp0087737	7227.FBpp0099384	0.0
7227.FBpp0292985	7227.FBpp0074530	0.0
7227.FBpp0081535	7227.FBpp0077556	0.0
7227.FBpp0077381	7227.FBpp0303697	0.0
7227.FBpp0110168	7227.FBpp0073558	0.0
7227.FBpp0303633	7227.FBpp0304958	0.0
7227.FBpp0088582	7227.FBpp0084974	0.0
7227.FBpp0085174	7227.FBpp0074156	0.0
7227.FBpp0304457	7227.FBpp0080754	0.0
7227.FBpp0070356	7227.FBpp0087502	0.0
7227.FBpp0087993	7227.FBpp0080113	0.0
7227.FBpp0291499	7227.FBpp0303628	0.0
7227.FBpp0072074	7227.FBpp0291556	0.0
7227.FBpp0077478	7227.FBpp0073147	0.0
7227.FBpp0075855	7227.FBpp0082569	0.0
7227.FBpp0086056	7227.FBpp0290234	0.0
7227.FBpp0075642	7227.FBpp0112192	0.0
7227.FBpp0083634	7227.FBpp0288685	0.0
7227.FBpp0082155	7227.FBpp0288936	0.0
7227.FBpp0082904	7227.FBpp0291967	0.0
7227.FBpp0081503	7227.FBpp0081946	0.0
7227.FBpp0304606	7227.FBpp0302039	0.0
7227.FBpp0087229	7227.FBpp0303078	0.0
7227.FBpp0290242	7227.FBpp0079109	0.0
7227.FBpp0071052	7227.FBpp0073162	0.0
7227.FBpp0072469	7227.FBpp0087841	0.0
7227.FBpp0075051	7227.FBpp0083832	0.0
7227.FBpp0082257	7227.FBpp0288405	0.0
7227.FBpp0304795	7227.FBpp0071259	0.0
7227.FBpp0289799	7227.FBpp0087752	0.0
7227.FBpp0292560	7227.FBpp0075259	0.0
7227.FBpp0083142	7227.FBpp0081242	0.0
7227.FBpp0071398	7227.FBpp0271817	0.0
7227.FBpp0289888	7227.FBpp0074820	0.0
7227.FBpp0083388	7227.FBpp0076571	0.0
7227.FBpp0079234	7227.FBpp0084335	0.0
7227.FBpp0075712	7227.FBpp0074139	0.0
7227.FBpp0084970	7227.FBpp0302639	0.0
7227.FBpp0297707	7227.FBpp0293287	0.0
7227.FBpp0304685	7227.FBpp0074782	0.0
7227.FBpp0072678	7227.FBpp0293933	0.0
7227.FBpp0288505	7227.FBpp0304588	0.0
7227.FBpp0074124	7227.FBpp0075597	0.0
7227.FBpp0111887	7227.FBpp0292350	0.0
7227.FBpp0082095	7227.FBpp0303601	0.0
7227.FBpp0075737	7227.FBpp0078974	0.0
7227.FBpp0087346	7227.FBpp0091054	0.0
7227.FBpp0112424	7227.FBpp0071365	0.0
7227.FBpp0305729	7227.FBpp0078675	0.0
7227.FBpp0075854	7227.FBpp0081802	0.0
7227.FBpp0074239	7227.FBpp0300513	0.0
7227.FBpp0084344	7227.FBpp0073529	0.0
7227.FBpp0071285	7227.FBpp0073422	0.0
7227.FBpp0088278	7227.FBpp0075857	0.0
7227.FBpp0071011	7227.FBpp0297219	0.0
7227.FBpp0076762	7227.FBpp0085177	0.0
7227.FBpp0292097	7227.FBpp0078848	0.0
7227.FBpp0300553	7227.FBpp0085509	0.0
7227.FBpp0087917	7227.FBpp0303559	0.0
7227.FBpp0073961	7227.FBpp0074820	0.0
7227.FBpp0112446	7227.FBpp0085549	0.0
7227.FBpp0073839	7227.FBpp0081331	0.0
7227.FBpp0302784	7227.FBpp0075308	0.0
7227.FBpp0080260	7227.FBpp0071474	0.0
7227.FBpp0293954	7227.FBpp0099481	0.0
7227.FBpp0076874	7227.FBpp0086649	0.0
7227.FBpp0087471	7227.FBpp0078781	0.0
7227.FBpp0288722	7227.FBpp0289410	0.0
7227.FBpp0088002	7227.FBpp0078020	0.0
7227.FBpp0075552	7227.FBpp0071774	0.0
7227.FBpp0305988	7227.FBpp0112499	0.0
7227.FBpp0305475	7227.FBpp0303455	0.0
7227.FBpp0293255	7227.FBpp0304263	0.0
7227.FBpp0304539	7227.FBpp0074520	0.0
7227.FBpp0089405	7227.FBpp0288685	0.0
7227.FBpp0073514	7227.FBpp0305445	0.0
7227.FBpp0302602	7227.FBpp0291001	0.0
7227.FBpp0113095	7227.FBpp0083502	0.0
7227.FBpp0079659	7227.FBpp0289222	0.0
7227.FBpp0075230	7227.FBpp0070805	0.0
7227.FBpp0298288	7227.FBpp0087956	0.0
7227.FBpp0088812	7227.FBpp0077885	0.0
7227.FBpp0080914	7227.FBpp0087108	0.0
7227.FBpp0079567	7227.FBpp0289219	0.0
7227.FBpp0070341	7227.FBpp0086263	0.0
7227.FBpp0100153	7227.FBpp0081906	0.0
7227.FBpp0079658	7227.FBpp0075837	0.0
7227.FBpp0087624	7227.FBpp0072507	0.0
7227.FBpp0078953	7227.FBpp0288782	0.0
7227.FBpp0111432	7227.FBpp0088563	0.0
7227.FBpp0111431	7227.FBpp0076040	0.0
7227.FBpp0304138	7227.FBpp0290599	0.0
7227.FBpp0304557	7227.FBpp0071330	0.0
7227.FBpp0084623	7227.FBpp0079900	0.0
7227.FBpp0301618	7227.FBpp0081996	0.0
7227.FBpp0293170	7227.FBpp0088514	0.0
7227.FBpp0289922	7227.FBpp0083975	0.0
7227.FBpp0071692	7227.FBpp0084507	0.0
7227.FBpp0290736	7227.FBpp0086085	0.0
7227.FBpp0070870	7227.FBpp0297645	0.0
7227.FBpp0085249	7227.FBpp0085390	0.0
7227.FBpp0079094	7227.FBpp0080474	0.0
7227.FBpp0080894	7227.FBpp0082695	0.0
7227.FBpp0304879	7227.FBpp0292157	0.0
7227.FBpp0113003	7227.FBpp0079726	0.0
7227.FBpp0084267	7227.FBpp0082017	0.0
7227.FBpp0081460	7227.FBpp0292150	0.0
7227.FBpp0078858	7227.FBpp0083921	0.0
7227.FBpp0072099	7227.FBpp0091138	0.0
7227.FBpp0073503	7227.FBpp0303354	0.0
7227.FBpp0099552	7227.FBpp0112979	0.0
7227.FBpp0073766	7227.FBpp0076646	0.0
7227.FBpp0085489	7227.FBpp0085164	0.0
7227.FBpp0305266	7227.FBpp0080822	0.0
7227.FBpp0078562	7227.FBpp0083187	0.0
7227.FBpp0078253	7227.FBpp0304618	0.0
7227.FBpp0303789	7227.FBpp0303477	0.0
7227.FBpp0074629	7227.FBpp0080814	0.0
7227.FBpp0292966	7227.FBpp0291120	0.0
7227.FBpp0291538	7227.FBpp0289256	0.0
7227.FBpp0074349	7227.FBpp0305928	0.0
7227.FBpp0305542	7227.FBpp0292164	0.0
7227.FBpp0086468	7227.FBpp0078463	0.0
7227.FBpp0289220	7227.FBpp0291023	0.0
7227.FBpp0081314	7227.FBpp0077236	0.0
7227.FBpp0083307	7227.FBpp0292860	0.0
7227.FBpp0084609	7227.FBpp0305859	0.0
7227.FBpp0081982	7227.FBpp0073258	0.0
7227.FBpp0070858	7227.FBpp0081715	0.0
7227.FBpp0302824	7227.FBpp0082719	0.0
7227.FBpp0082987	7227.FBpp0304342	0.0
7227.FBpp0292064	7227.FBpp0079695	0.0
7227.FBpp0075775	7227.FBpp0071562	0.0
7227.FBpp0305538	7227.FBpp0290001	0.0
7227.FBpp0085950	7227.FBpp0085738	0.0
7227.FBpp0076448	7227.FBpp0084912	0.0
7227.FBpp0078373	7227.FBpp0086236	0.0
7227.FBpp0072590	7227.FBpp0085721	0.0
7227.FBpp0290012	7227.FBpp0301559	0.0
7227.FBpp0294009	7227.FBpp0305897	0.0
7227.FBpp0080365	7227.FBpp0087679	0.0
7227.FBpp0085590	7227.FBpp0292403	0.0
7227.FBpp0083584	7227.FBpp0084982	0.0
7227.FBpp0077572	7227.FBpp0079271	0.0
7227.FBpp0303788	7227.FBpp0301605	0.0
7227.FBpp0078915	7227.FBpp0087648	0.0
7227.FBpp0084658	7227.FBpp0085375	0.0
7227.FBpp0085872	7227.FBpp0071598	0.0
7227.FBpp0084209	7227.FBpp0301799	0.0
7227.FBpp0089417	7227.FBpp0304771	0.0
7227.FBpp0305749	7227.FBpp0089041	0.0
7227.FBpp0305119	7227.FBpp0083463	0.0
7227.FBpp0084938	7227.FBpp0077705	0.0
7227.FBpp0085478	7227.FBpp0099612	0.0
7227.FBpp0297282	7227.FBpp0112164	0.0
7227.FBpp0087636	7227.FBpp0074253	0.0
7227.FBpp0080866	7227.FBpp0292966	0.0
7227.FBpp0087785	7227.FBpp0075086	0.0
7227.FBpp0290274	7227.FBpp0289202	0.0
7227.FBpp0071937	7227.FBpp0070348	0.0
7227.FBpp0303726	7227.FBpp0110113	0.0
7227.FBpp0085718	7227.FBpp0083846	0.0
7227.FBpp0084802	7227.FBpp0303585	0.0
7227.FBpp0082232	7227.FBpp0297647	0.0
7227.FBpp0084429	7227.FBpp0300175	0.0
7227.FBpp0301799	7227.FBpp0099688	0.0
7227.FBpp0073569	7227.FBpp0086060	0.0
7227.FBpp0297767	7227.FBpp0083743	0.0
7227.FBpp0081481	7227.FBpp0303955	0.0
7227.FBpp0071794	7227.FBpp0079924	0.0
7227.FBpp0086231	7227.FBpp0090947	0.0
7227.FBpp0302773	7227.FBpp0072332	0.0
7227.FBpp0081932	7227.FBpp0082676	0.0
7227.FBpp0087529	7227.FBpp0072784	0.0
7227.FBpp0072789	7227.FBpp0290233	0.0
7227.FBpp0083551	7227.FBpp0305731	0.0
7227.FBpp0077647	7227.FBpp0077077	0.0
7227.FBpp0087169	7227.FBpp0304958	0.0
7227.FBpp0091042	7227.FBpp0290824	0.0
7227.FBpp0290177	7227.FBpp0297359	0.0
7227.FBpp0080479	7227.FBpp0302688	0.0
7227.FBpp0300510	7227.FBpp0304021	0.0
7227.FBpp0289094	7227.FBpp0079900	0.0
7227.FBpp0302531	7227.FBpp0304172	0.0
7227.FBpp0112026	7227.FBpp0083458	0.0
7227.FBpp0303235	7227.FBpp0292249	0.0
7227.FBpp0302607	7227.FBpp0300790	0.0
7227.FBpp0289196	7227.FBpp0305269	0.0
7227.FBpp0305825	7227.FBpp0079833	0.0
7227.FBpp0075003	7227.FBpp0085549	0.0
7227.FBpp0072241	7227.FBpp0085835	0.0
7227.FBpp0076903	7227.FBpp0289425	0.0
7227.FBpp0305978	7227.FBpp0294024	0.0
7227.FBpp0073754	7227.FBpp0084105	0.0
7227.FBpp0072807	7227.FBpp0291627	0.0
7227.FBpp0076782	7227.FBpp0087838	0.0
7227.FBpp0111347	7227.FBpp0085490	0.0
7227.FBpp0076783	7227.FBpp0078170	0.0
7227.FBpp0079798	7227.FBpp0083817	0.0
7227.FBpp0075088	7227.FBpp0070562	0.0
7227.FBpp0292400	7227.FBpp0288828	0.0
7227.FBpp0289058	7227.FBpp0099893	0.0
7227.FBpp0291440	7227.FBpp0071277	0.0
7227.FBpp0082215	7227.FBpp0078756	0.0
7227.FBpp0070567	7227.FBpp0292831	0.0
7227.FBpp0085109	7227.FBpp0289954	0.0
7227.FBpp0085390	7227.FBpp0075264	0.0
7227.FBpp0072802	7227.FBpp0289663	0.0
7227.FBpp0077669	7227.FBpp0290041	0.0
7227.FBpp0084732	7227.FBpp0303016	0.0
7227.FBpp0298822	7227.FBpp0112500	0.0
7227.FBpp0088103	7227.FBpp0302700	0.0
7227.FBpp0111351	7227.FBpp0076762	0.0
7227.FBpp0084258	7227.FBpp0072850	0.0
7227.FBpp0070166	7227.FBpp0305514	0.0
7227.FBpp0111408	7227.FBpp0078758	0.0
7227.FBpp0304473	7227.FBpp0292301	0.0
7227.FBpp0305777	7227.FBpp0086082	0.0
7227.FBpp0298032	7227.FBpp0073030	0.0
7227.FBpp0304144	7227.FBpp0087485	0.0
7227.FBpp0080359	7227.FBpp0111343	0.0
7227.FBpp0076705	7227.FBpp0071405	0.0
7227.FBpp0075736	7227.FBpp0072322	0.0
7227.FBpp0082702	7227.FBpp0303218	0.0
7227.FBpp0294060	7227.FBpp0297902	0.0
7227.FBpp0080465	7227.FBpp0073824	0.0
7227.FBpp0292728	7227.FBpp0086051	0.0
7227.FBpp0071696	7227.FBpp0083057	0.0
7227.FBpp0073377	7227.FBpp0079787	0.0
7227.FBpp0079766	7227.FBpp0086012	0.0
7227.FBpp0086066	7227.FBpp0075752	0.0
7227.FBpp0074239	7227.FBpp0077479	0.0
7227.FBpp0083311	7227.FBpp0300657	0.0
7227.FBpp0087797	7227.FBpp0303385	0.0
7227.FBpp0076864	7227.FBpp0087049	0.0
7227.FBpp0112027	7227.FBpp0082419	0.0
7227.FBpp0086993	7227.FBpp0072102	0.0
7227.FBpp0078541	7227.FBpp0086968	0.0
7227.FBpp0291104	7227.FBpp0081598	0.0
7227.FBpp0291541	7227.FBpp0071101	0.0
7227.FBpp0290204	7227.FBpp0070979	0.0
7227.FBpp0079613	7227.FBpp0073132	0.0
7227.FBpp0070724	7227.FBpp0086653	0.0
7227.FBpp0297076	7227.FBpp0070360	0.0
7227.FBpp0297536	7227.FBpp0087499	0.0
7227.FBpp0303313	7227.FBpp0074992	0.0
7227.FBpp0083414	7227.FBpp0099646	0.0
7227.FBpp0289470	7227.FBpp0077912	0.0
7227.FBpp0072098	7227.FBpp0078298	0.0
7227.FBpp0303400	7227.FBpp0072099	0.0
7227.FBpp0088999	7227.FBpp0070537	0.0
7227.FBpp0293959	7227.FBpp0290040	0.0
7227.FBpp0076729	7227.FBpp0071763	0.0
7227.FBpp0082717	7227.FBpp0290486	0.0
7227.FBpp0297066	7227.FBpp0289403	0.0
7227.FBpp0078050	7227.FBpp0079358	0.0
7227.FBpp0291987	7227.FBpp0086484	0.0
7227.FBpp0078594	7227.FBpp0078934	0.0
7227.FBpp0082717	7227.FBpp0112499	0.0
7227.FBpp0290937	7227.FBpp0091054	0.0
7227.FBpp0289539	7227.FBpp0070803	0.0
7227.FBpp0079225	7227.FBpp0085389	0.0
7227.FBpp0086079	7227.FBpp0086139	0.0
7227.FBpp0305173	7227.FBpp0077166	0.0
7227.FBpp0111314	7227.FBpp0076117	0.0
7227.FBpp0112031	7227.FBpp0079578	0.0
7227.FBpp0089138	7227.FBpp0300979	0.0
7227.FBpp0292455	7227.FBpp0075104	0.0
7227.FBpp0304549	7227.FBpp0084937	0.0
7227.FBpp0099401	7227.FBpp0304479	0.0
7227.FBpp0079544	7227.FBpp0099636	0.0
7227.FBpp0077880	7227.FBpp0292023	0.0
7227.FBpp0289309	7227.FBpp0290859	0.0
7227.FBpp0084947	7227.FBpp0084527	0.0
7227.FBpp0303494	7227.FBpp0305247	0.0
7227.FBpp0304879	7227.FBpp0290054	0.0
7227.FBpp0305741	7227.FBpp0303819	0.0
7227.FBpp0083954	7227.FBpp0305588	0.0
7227.FBpp0089332	7227.FBpp0297188	0.0
7227.FBpp0072577	7227.FBpp0288782	0.0
7227.FBpp0297297	7227.FBpp0300230	0.0
7227.FBpp0079308	7227.FBpp0303195	0.0
7227.FBpp0078655	7227.FBpp0306145	0.0
7227.FBpp0302942	7227.FBpp0081246	0.0
7227.FBpp0070389	7227.FBpp0084039	0.0
7227.FBpp0080128	7227.FBpp0293175	0.0
7227.FBpp0076473	7227.FBpp0072383	0.0
7227.FBpp0085990	7227.FBpp0291622	0.0
7227.FBpp0071909	7227.FBpp0084305	0.0
7227.FBpp0075946	7227.FBpp0297611	0.0
7227.FBpp0289569	7227.FBpp0112043	0.0
7227.FBpp0075151	7227.FBpp0087757	0.0
7227.FBpp0076117	7227.FBpp0304918	0.0
7227.FBpp0081311	7227.FBpp0301829	0.0
7227.FBpp0086568	7227.FBpp0075084	0.0
7227.FBpp0079272	7227.FBpp0088741	0.0
7227.FBpp0078462	7227.FBpp0080141	0.0
7227.FBpp0112439	7227.FBpp0070325	0.0
7227.FBpp0085498	7227.FBpp0082289	0.0
7227.FBpp0087971	7227.FBpp0080211	0.0
7227.FBpp0112042	7227.FBpp0078848	0.0
7227.FBpp0086787	7227.FBpp0289141	0.0
7227.FBpp0073635	7227.FBpp0070284	0.0
7227.FBpp0078996	7227.FBpp0306148	0.0
7227.FBpp0080421	7227.FBpp0289400	0.0
7227.FBpp0076790	7227.FBpp0291046	0.0
7227.FBpp0070035	7227.FBpp0083551	0.0
7227.FBpp0088552	7227.FBpp0082508	0.0
7227.FBpp0085720	7227.FBpp0289595	0.0
7227.FBpp0079951	7227.FBpp0083507	0.0
7227.FBpp0099514	7227.FBpp0304955	0.0
7227.FBpp0290431	7227.FBpp0075035	0.0
7227.FBpp0078513	7227.FBpp0076000	0.0
7227.FBpp0077584	7227.FBpp0112027	0.0
7227.FBpp0297904	7227.FBpp0074984	0.0
7227.FBpp0070247	7227.FBpp0100029	0.0
7227.FBpp0304074	7227.FBpp0290419	0.0
7227.FBpp0086082	7227.FBpp0091084	0.0
7227.FBpp0081356	7227.FBpp0080411	0.0
7227.FBpp0070612	7227.FBpp0085866	0.0
7227.FBpp0079453	7227.FBpp0085157	0.0
7227.FBpp0073686	7227.FBpp0301042	0.0
7227.FBpp0087100	7227.FBpp0080390	0.0
7227.FBpp0073217	7227.FBpp0072851	0.0
7227.FBpp0300973	7227.FBpp0072467	0.0
7227.FBpp0071323	7227.FBpp0070905	0.0
7227.FBpp0084003	7227.FBpp0301698	0.0
7227.FBpp0086841	7227.FBpp0078764	0.0
7227.FBpp0071278	7227.FBpp0303088	0.0
7227.FBpp0086590	7227.FBpp0297763	0.0
7227.FBpp0290619	7227.FBpp0301610	0.0
7227.FBpp0305071	7227.FBpp0089218	0.0
7227.FBpp0070993	7227.FBpp0113040	0.0
7227.FBpp0292249	7227.FBpp0304911	0.0
7227.FBpp0084999	7227.FBpp0110113	0.0
7227.FBpp0070526	7227.FBpp0088548	0.0
7227.FBpp0303925	7227.FBpp0077924	0.0
7227.FBpp0070725	7227.FBpp0088877	0.0
7227.FBpp0301105	7227.FBpp0076533	0.0
7227.FBpp0291907	7227.FBpp0077581	0.0
7227.FBpp0077094	7227.FBpp0305245	0.0
7227.FBpp0071136	7227.FBpp0085893	0.0
7227.FBpp0079559	7227.FBpp0076861	0.0
7227.FBpp0072902	7227.FBpp0074124	0.0
7227.FBpp0306193	7227.FBpp0290497	0.0
7227.FBpp0080420	7227.FBpp0297253	0.0
7227.FBpp0292160	7227.FBpp0071886	0.0
7227.FBpp0091079	7227.FBpp0290068	0.0
7227.FBpp0303127	7227.FBpp0070202	0.0
7227.FBpp0077294	7227.FBpp0087534	0.0
7227.FBpp0070757	7227.FBpp0305038	0.0
7227.FBpp0099873	7227.FBpp0091096	0.0
7227.FBpp0086521	7227.FBpp0111412	0.0
7227.FBpp0075284	7227.FBpp0302915	0.0
7227.FBpp0071683	7227.FBpp0086691	0.0
7227.FBpp0071898	7227.FBpp0288434	0.0
7227.FBpp0070063	7227.FBpp0077206	0.0
7227.FBpp0085553	7227.FBpp0074425	0.0
7227.FBpp0290703	7227.FBpp0302797	0.0
7227.FBpp0083890	7227.FBpp0086786	0.0
7227.FBpp0080675	7227.FBpp0080870	0.0
7227.FBpp0075240	7227.FBpp0074920	0.0
7227.FBpp0084881	7227.FBpp0291394	0.0
7227.FBpp0301834	7227.FBpp0086608	0.0
7227.FBpp0302737	7227.FBpp0291560	0.0
7227.FBpp0077945	7227.FBpp0074369	0.0
7227.FBpp0303603	7227.FBpp0086884	0.0
7227.FBpp0293681	7227.FBpp0302028	0.0
7227.FBpp0289614	7227.FBpp0075801	0.0
7227.FBpp0077651	7227.FBpp0077816	0.0
7227.FBpp0291184	7227.FBpp0075195	0.0
7227.FBpp0076438	7227.FBpp0085259	0.0
7227.FBpp0073166	7227.FBpp0291421	0.0
7227.FBpp0304981	7227.FBpp0291543	0.0
7227.FBpp0077469	7227.FBpp0079992	0.0
7227.FBpp0084045	7227.FBpp0084974	0.0
7227.FBpp0086852	7227.FBpp0293959	0.0
7227.FBpp0301124	7227.FBpp0071281	0.0
7227.FBpp0071910	7227.FBpp0077629	0.0
7227.FBpp0077747	7227.FBpp0076473	0.0
7227.FBpp0086515	7227.FBpp0073356	0.0
7227.FBpp0077523	7227.FBpp0304181	0.0
7227.FBpp0070277	7227.FBpp0081403	0.0
7227.FBpp0076915	7227.FBpp0074015	0.0
7227.FBpp0088559	7227.FBpp0084014	0.0
7227.FBpp0290449	7227.FBpp0297491	0.0
7227.FBpp0305034	7227.FBpp0289684	0.0
7227.FBpp0075704	7227.FBpp0304561	0.0
7227.FBpp0079869	7227.FBpp0084261	0.0
7227.FBpp0297389	7227.FBpp0301274	0.0
7227.FBpp0088172	7227.FBpp0088955	0.0
7227.FBpp0306192	7227.FBpp0073232	0.0
7227.FBpp0083133	7227.FBpp0072228	0.0
7227.FBpp0070244	7227.FBpp0073519	0.0
7227.FBpp0293279	7227.FBpp0304499	0.0
7227.FBpp0072784	7227.FBpp0297731	0.0
7227.FBpp0082667	7227.FBpp0071443	0.0
7227.FBpp0298340	7227.FBpp0302024	0.0
7227.FBpp0289539	7227.FBpp0087713	0.0
7227.FBpp0084015	7227.FBpp0074596	0.0
7227.FBpp0305099	7227.FBpp0297750	0.0
7227.FBpp0300159	7227.FBpp0290456	0.0
7227.FBpp0303110	7227.FBpp0089208	0.0
7227.FBpp0081460	7227.FBpp0305340	0.0
7227.FBpp0078779	7227.FBpp0113082	0.0
7227.FBpp0303313	7227.FBpp0074466	0.0
7227.FBpp0078758	7227.FBpp0297228	0.0
7227.FBpp0085274	7227.FBpp0083486	0.0
7227.FBpp0305735	7227.FBpp0086347	0.0
7227.FBpp0291321	7227.FBpp0084308	0.0
7227.FBpp0079492	7227.FBpp0082233	0.0
7227.FBpp0301744	7227.FBpp0075906	0.0
7227.FBpp0303504	7227.FBpp0086994	0.0
7227.FBpp0072007	7227.FBpp0292215	0.0
7227.FBpp0087108	7227.FBpp0301225	0.0
7227.FBpp0072875	7227.FBpp0110528	0.0
7227.FBpp0301619	7227.FBpp0077118	0.0
7227.FBpp0075699	7227.FBpp0112257	0.0
7227.FBpp0292153	7227.FBpp0081082	0.0
7227.FBpp0303790	7227.FBpp0075265	0.0
7227.FBpp0300841	7227.FBpp0074429	0.0
7227.FBpp0303094	7227.FBpp0082316	0.0
7227.FBpp0082706	7227.FBpp0305861	0.0
7227.FBpp0071055	7227.FBpp0297536	0.0
7227.FBpp0086731	7227.FBpp0289581	0.0
7227.FBpp0088777	7227.FBpp0300421	0.0
7227.FBpp0070279	7227.FBpp0077743	0.0
7227.FBpp0091027	7227.FBpp0080704	0.0
7227.FBpp0080404	7227.FBpp0301109	0.0
7227.FBpp0087167	7227.FBpp0088040	0.0
7227.FBpp0076348	7227.FBpp0288561	0.0
7227.FBpp0081854	7227.FBpp0291450	0.0
7227.FBpp0071760	7227.FBpp0081872	0.0
7227.FBpp0076968	7227.FBpp0292313	0.0
7227.FBpp0296959	7227.FBpp0088835	0.0
7227.FBpp0072467	7227.FBpp0085468	0.0
7227.FBpp0071379	7227.FBpp0086263	0.0
7227.FBpp0082964	7227.FBpp0303110	0.0
7227.FBpp0303303	7227.FBpp0077293	0.0
7227.FBpp0084948	7227.FBpp0083206	0.0
7227.FBpp0075408	7227.FBpp0305898	0.0
7227.FBpp0083265	7227.FBpp0082574	0.0
7227.FBpp0077312	7227.FBpp0091145	0.0
7227.FBpp0112547	7227.FBpp0082626	0.0
7227.FBpp0078828	7227.FBpp0081448	0.0
7227.FBpp0081496	7227.FBpp0297142	0.0
7227.FBpp0082157	7227.FBpp0290008	0.0
7227.FBpp0291743	7227.FBpp0081376	0.0
7227.FBpp0080385	7227.FBpp0086805	0.0
7227.FBpp0305776	7227.FBpp0077213	0.0
7227.FBpp0085405	7227.FBpp0071033	0.0
7227.FBpp0072014	7227.FBpp0297426	0.0
7227.FBpp0078122	7227.FBpp0075684	0.0
7227.FBpp0086262	7227.FBpp0304486	0.0
7227.FBpp0076034	7227.FBpp0300969	0.0
7227.FBpp0086583	7227.FBpp0070871	0.0
7227.FBpp0077059	7227.FBpp0073746	0.0
7227.FBpp0070173	7227.FBpp0077910	0.0
7227.FBpp0300204	7227.FBpp0304574	0.0
7227.FBpp0288377	7227.FBpp0076039	0.0
7227.FBpp0071532	7227.FBpp0071625	0.0
7227.FBpp0070421	7227.FBpp0087759	0.0
7227.FBpp0290401	7227.FBpp0072426	0.0
7227.FBpp0073686	7227.FBpp0305586	0.0
7227.FBpp0089095	7227.FBpp0083191	0.0
7227.FBpp0083388	7227.FBpp0091126	0.0
7227.FBpp0081683	7227.FBpp0090991	0.0
7227.FBpp0099888	7227.FBpp0111916	0.0
7227.FBpp0084718	7227.FBpp0297112	0.0
7227.FBpp0078707	7227.FBpp0085501	0.0
7227.FBpp0305881	7227.FBpp0302773	0.0
7227.FBpp0077500	7227.FBpp0070770	0.0
7227.FBpp0290497	7227.FBpp0070642	0.0
7227.FBpp0300456	7227.FBpp0292861	0.0
7227.FBpp0305740	7227.FBpp0087979	0.0
7227.FBpp0079778	7227.FBpp0305729	0.0
7227.FBpp0081074	7227.FBpp0074665	0.0
7227.FBpp0070894	7227.FBpp0070307	0.0
7227.FBpp0303952	7227.FBpp0082369	0.0
7227.FBpp0297064	7227.FBpp0089409	0.0
7227.FBpp0086568	7227.FBpp0074612	0.0
7227.FBpp0305071	7227.FBpp0289954	0.0
7227.FBpp0079438	7227.FBpp0301545	0.0
7227.FBpp0303788	7227.FBpp0084562	0.0
7227.FBpp0088422	7227.FBpp0292158	0.0
7227.FBpp0073950	7227.FBpp0300329	0.0
7227.FBpp0076622	7227.FBpp0110549	0.0
7227.FBpp0085046	7227.FBpp0085394	0.0
7227.FBpp0081162	7227.FBpp0300175	0.0
7227.FBpp0289246	7227.FBpp0071696	0.0
7227.FBpp0301147	7227.FBpp0089166	0.0
7227.FBpp0291497	7227.FBpp0081694	0.0
7227.FBpp0293592	7227.FBpp0080414	0.0
7227.FBpp0071718	7227.FBpp0076931	0.0
7227.FBpp0084667	7227.FBpp0080142	0.0
7227.FBpp0072129	7227.FBpp0079272	0.0
7227.FBpp0077188	7227.FBpp0074951	0.0
7227.FBpp0305746	7227.FBpp0111875	0.0
7227.FBpp0087088	7227.FBpp0075043	0.0
7227.FBpp0081552	7227.FBpp0086805	0.0
7227.FBpp0080001	7227.FBpp0289253	0.0
7227.FBpp0075876	7227.FBpp0302539	0.0
7227.FBpp0081911	7227.FBpp0086937	0.0
7227.FBpp0305313	7227.FBpp0292730	0.0
7227.FBpp0087346	7227.FBpp0288959	0.0
7227.FBpp0086855	7227.FBpp0079613	0.0
7227.FBpp0292132	7227.FBpp0112050	0.0
7227.FBpp0076240	7227.FBpp0082745	0.0
7227.FBpp0076020	7227.FBpp0075585	0.0
7227.FBpp0081524	7227.FBpp0071831	0.0
7227.FBpp0071975	7227.FBpp0303840	0.0
7227.FBpp0085032	7227.FBpp0304361	0.0
7227.FBpp0110405	7227.FBpp0292119	0.0
7227.FBpp0091016	7227.FBpp0297142	0.0
7227.FBpp0289945	7227.FBpp0290879	0.0
7227.FBpp0289403	7227.FBpp0072868	0.0
7227.FBpp0077017	7227.FBpp0081064	0.0
7227.FBpp0081733	7227.FBpp0074796	0.0
7227.FBpp0289377	7227.FBpp0075801	0.0
7227.FBpp0291556	7227.FBpp0081658	0.0
7227.FBpp0086141	7227.FBpp0088510	0.0
7227.FBpp0303955	7227.FBpp0089021	0.0
7227.FBpp0082963	7227.FBpp0085277	0.0
7227.FBpp0078733	7227.FBpp0078727	0.0
7227.FBpp0289435	7227.FBpp0071589	0.0
7227.FBpp0305582	7227.FBpp0112908	0.0
7227.FBpp0082362	7227.FBpp0072848	0.0
7227.FBpp0084311	7227.FBpp0305141	0.0
7227.FBpp0290467	7227.FBpp0071953	0.0
7227.FBpp0073861	7227.FBpp0086375	0.0
7227.FBpp0302602	7227.FBpp0078350	0.0
7227.FBpp0084939	7227.FBpp0077002	0.0
7227.FBpp0291464	7227.FBpp0303252	0.0
7227.FBpp0085408	7227.FBpp0302540	0.0
7227.FBpp0303127	7227.FBpp0084574	0.0
7227.FBpp0079719	7227.FBpp0072850	0.0
7227.FBpp0292826	7227.FBpp0080368	0.0
7227.FBpp0112439	7227.FBpp0085974	0.0
7227.FBpp0289547	7227.FBpp0291146	0.0
7227.FBpp0085571	7227.FBpp0076445	0.0
7227.FBpp0074226	7227.FBpp0087298	0.0
7227.FBpp0305970	7227.FBpp0077486	0.0
7227.FBpp0079578	7227.FBpp0080799	0.0
7227.FBpp0080341	7227.FBpp0079729	0.0
7227.FBpp0077591	7227.FBpp0084258	0.0
7227.FBpp0079453	7227.FBpp0303137	0.0
7227.FBpp0086855	7227.FBpp0071103	0.0
7227.FBpp0079195	7227.FBpp0075995	0.0
7227.FBpp0291167	7227.FBpp0289369	0.0
7227.FBpp0073531	7227.FBpp0070942	0.0
7227.FBpp0077871	7227.FBpp0084635	0.0
7227.FBpp0304530	7227.FBpp0073112	0.0
7227.FBpp0070355	7227.FBpp0088582	0.0
7227.FBpp0079791	7227.FBpp0078032	0.0
7227.FBpp0087787	7227.FBpp0099493	0.0
7227.FBpp0084866	7227.FBpp0081882	0.0
7227.FBpp0112216	7227.FBpp0070041	0.0
7227.FBpp0305175	7227.FBpp0082718	0.0
7227.FBpp0075801	7227.FBpp0080374	0.0
7227.FBpp0076783	7227.FBpp0083544	0.0
7227.FBpp0084277	7227.FBpp0291656	0.0
7227.FBpp0304131	7227.FBpp0075688	0.0
7227.FBpp0080052	7227.FBpp0303758	0.0
7227.FBpp0304942	7227.FBpp0290599	0.0
7227.FBpp0070622	7227.FBpp0088048	0.0
7227.FBpp0082935	7227.FBpp0305695	0.0
7227.FBpp0071186	7227.FBpp0290184	0.0
7227.FBpp0088647	7227.FBpp0271912	0.0
7227.FBpp0075630	7227.FBpp0086069	0.0
7227.FBpp0071873	7227.FBpp0070625	0.0
7227.FBpp0084427	7227.FBpp0290001	0.0
7227.FBpp0073754	7227.FBpp0074811	0.0
7227.FBpp0072793	7227.FBpp0075684	0.0
7227.FBpp0087633	7227.FBpp0082752	0.0
7227.FBpp0081124	7227.FBpp0070622	0.0
7227.FBpp0085476	7227.FBpp0086978	0.0
7227.FBpp0303839	7227.FBpp0070628	0.0
7227.FBpp0289435	7227.FBpp0082282	0.0
7227.FBpp0073403	7227.FBpp0070222	0.0
7227.FBpp0080662	7227.FBpp0071730	0.0
7227.FBpp0304984	7227.FBpp0300653	0.0
7227.FBpp0088676	7227.FBpp0302928	0.0
7227.FBpp0074892	7227.FBpp0075343	0.0
7227.FBpp0088678	7227.FBpp0075070	0.0
7227.FBpp0083628	7227.FBpp0073061	0.0
7227.FBpp0071761	7227.FBpp0292979	0.0
7227.FBpp0289312	7227.FBpp0085540	0.0
7227.FBpp0070639	7227.FBpp0082776	0.0
7227.FBpp0292463	7227.FBpp0086103	0.0
7227.FBpp0298287	7227.FBpp0074180	0.0
7227.FBpp0079752	7227.FBpp0304874	0.0
7227.FBpp0071993	7227.FBpp0075859	0.0
7227.FBpp0301152	7227.FBpp0080953	0.0
7227.FBpp0088902	7227.FBpp0289092	0.0
7227.FBpp0083569	7227.FBpp0305243	0.0
7227.FBpp0072378	7227.FBpp0297136	0.0
7227.FBpp0305872	7227.FBpp0072082	0.0
7227.FBpp0086577	7227.FBpp0304491	0.0
7227.FBpp0298032	7227.FBpp0071636	0.0
7227.FBpp0082521	7227.FBpp0305007	0.0
7227.FBpp0082560	7227.FBpp0291013	0.0
7227.FBpp0088181	7227.FBpp0085171	0.0
7227.FBpp0081249	7227.FBpp0082480	0.0
7227.FBpp0305957	7227.FBpp0303740	0.0
7227.FBpp0070503	7227.FBpp0079366	0.0
7227.FBpp0081254	7227.FBpp0072987	0.0
7227.FBpp0303862	7227.FBpp0288765	0.0
7227.FBpp0072578	7227.FBpp0088578	0.0
7227.FBpp0305645	7227.FBpp0081335	0.0
7227.FBpp0080822	7227.FBpp0296957	0.0
7227.FBpp0073386	7227.FBpp0072504	0.0
7227.FBpp0075640	7227.FBpp0072039	0.0
7227.FBpp0078741	7227.FBpp0079189	0.0
7227.FBpp0111385	7227.FBpp0077783	0.0
7227.FBpp0078610	7227.FBpp0074145	0.0
7227.FBpp0075710	7227.FBpp0080593	0.0
7227.FBpp0081482	7227.FBpp0301703	0.0
7227.FBpp0305978	7227.FBpp0074881	0.0
7227.FBpp0271786	7227.FBpp0087642	0.0
7227.FBpp0290484	7227.FBpp0074812	0.0
7227.FBpp0297364	7227.FBpp0075906	0.0
7227.FBpp0081244	7227.FBpp0077336	0.0
7227.FBpp0071737	7227.FBpp0081588	0.0
7227.FBpp0300428	7227.FBpp0086688	0.0
7227.FBpp0100103	7227.FBpp0073111	0.0
7227.FBpp0088665	7227.FBpp0078113	0.0
7227.FBpp0084970	7227.FBpp0291022	0.0
7227.FBpp0081204	7227.FBpp0305574	0.0
7227.FBpp0077032	7227.FBpp0083900	0.0
7227.FBpp0079594	7227.FBpp0087714	0.0
7227.FBpp0076340	7227.FBpp0289336	0.0
7227.FBpp0086324	7227.FBpp0297282	0.0
7227.FBpp0292477	7227.FBpp0078933	0.0
7227.FBpp0080143	7227.FBpp0083663	0.0
7227.FBpp0087285	7227.FBpp0306198	0.0
7227.FBpp0111636	7227.FBpp0293527	0.0
7227.FBpp0081326	7227.FBpp0297529	0.0
7227.FBpp0301801	7227.FBpp0293072	0.0
7227.FBpp0271827	7227.FBpp0306152	0.0
7227.FBpp0289528	7227.FBpp0305521	0.0
7227.FBpp0073119	7227.FBpp0099986	0.0
7227.FBpp0304825	7227.FBpp0087101	0.0
7227.FBpp0082219	7227.FBpp0087529	0.0
7227.FBpp0080290	7227.FBpp0110156	0.0
7227.FBpp0071269	7227.FBpp0070673	0.0
7227.FBpp0083275	7227.FBpp0087869	0.0
7227.FBpp0080026	7227.FBpp0086648	0.0
7227.FBpp0300970	7227.FBpp0071420	0.0
7227.FBpp0085128	7227.FBpp0079653	0.0
7227.FBpp0075855	7227.FBpp0072977	0.0
7227.FBpp0083463	7227.FBpp0290278	0.0
7227.FBpp0296960	7227.FBpp0076997	0.0
7227.FBpp0082012	7227.FBpp0087437	0.0
7227.FBpp0297402	7227.FBpp0073302	0.0
7227.FBpp0303991	7227.FBpp0271912	0.0
7227.FBpp0076965	7227.FBpp0297763	0.0
7227.FBpp0075683	7227.FBpp0297289	0.0
7227.FBpp0084999	7227.FBpp0112027	0.0
7227.FBpp0291375	7227.FBpp0075449	0.0
7227.FBpp0303386	7227.FBpp0074889	0.0
7227.FBpp0081159	7227.FBpp0290922	0.0
7227.FBpp0074805	7227.FBpp0087031	0.0
7227.FBpp0073503	7227.FBpp0089004	0.0
7227.FBpp0075256	7227.FBpp0084739	0.0
7227.FBpp0297282	7227.FBpp0083369	0.0
7227.FBpp0305020	7227.FBpp0073252	0.0
7227.FBpp0082127	7227.FBpp0304686	0.0
7227.FBpp0300874	7227.FBpp0111973	0.0
7227.FBpp0303760	7227.FBpp0288841	0.0
7227.FBpp0072003	7227.FBpp0087656	0.0
7227.FBpp0086346	7227.FBpp0073803	0.0
7227.FBpp0083206	7227.FBpp0305432	0.0
7227.FBpp0086590	7227.FBpp0083959	0.0
7227.FBpp0087841	7227.FBpp0071815	0.0
7227.FBpp0085134	7227.FBpp0297920	0.0
7227.FBpp0087448	7227.FBpp0076785	0.0
7227.FBpp0291943	7227.FBpp0082767	0.0
7227.FBpp0087831	7227.FBpp0083852	0.0
7227.FBpp0300230	7227.FBpp0079598	0.0
7227.FBpp0290129	7227.FBpp0077668	0.0
7227.FBpp0302874	7227.FBpp0089077	0.0
7227.FBpp0300521	7227.FBpp0080907	0.0
7227.FBpp0072546	7227.FBpp0303461	0.0
7227.FBpp0289303	7227.FBpp0083274	0.0
7227.FBpp0073769	7227.FBpp0077109	0.0
7227.FBpp0099714	7227.FBpp0071218	0.0
7227.FBpp0077878	7227.FBpp0071301	0.0
7227.FBpp0070724	7227.FBpp0081343	0.0
7227.FBpp0298376	7227.FBpp0291987	0.0
7227.FBpp0303370	7227.FBpp0085742	0.0
7227.FBpp0301175	7227.FBpp0289770	0.0
7227.FBpp0078796	7227.FBpp0077031	0.0
7227.FBpp0293951	7227.FBpp0073376	0.0
7227.FBpp0088318	7227.FBpp0082173	0.0
7227.FBpp0300874	7227.FBpp0293860	0.0
7227.FBpp0085106	7227.FBpp0292835	0.0
7227.FBpp0289235	7227.FBpp0076154	0.0
7227.FBpp0078357	7227.FBpp0079221	0.0
7227.FBpp0086283	7227.FBpp0091105	0.0
7227.FBpp0081601	7227.FBpp0083398	0.0
7227.FBpp0080039	7227.FBpp0079828	0.0
7227.FBpp0086486	7227.FBpp0271858	0.0
7227.FBpp0302696	7227.FBpp0085375	0.0
7227.FBpp0099514	7227.FBpp0081807	0.0
7227.FBpp0110157	7227.FBpp0079737	0.0
7227.FBpp0302914	7227.FBpp0077438	0.0
7227.FBpp0301083	7227.FBpp0080406	0.0
7227.FBpp0070657	7227.FBpp0079316	0.0
7227.FBpp0292519	7227.FBpp0073614	0.0
7227.FBpp0291491	7227.FBpp0112273	0.0
7227.FBpp0077831	7227.FBpp0072044	0.0
7227.FBpp0079528	7227.FBpp0072792	0.0
7227.FBpp0076495	7227.FBpp0303584	0.0
7227.FBpp0305697	7227.FBpp0072312	0.0
7227.FBpp0070851	7227.FBpp0075561	0.0
7227.FBpp0080096	7227.FBpp0303386	0.0
7227.FBpp0074762	7227.FBpp0077033	0.0
7227.FBpp0085227	7227.FBpp0077910	0.0
7227.FBpp0078799	7227.FBpp0078147	0.0
7227.FBpp0302569	7227.FBpp0081665	0.0
7227.FBpp0085742	7227.FBpp0084383	0.0
7227.FBpp0290115	7227.FBpp0080126	0.0
7227.FBpp0289872	7227.FBpp0303535	0.0
7227.FBpp0304747	7227.FBpp0076617	0.0
7227.FBpp0081868	7227.FBpp0078655	0.0
7227.FBpp0071791	7227.FBpp0112339	0.0
7227.FBpp0078465	7227.FBpp0113054	0.0
7227.FBpp0301577	7227.FBpp0291544	0.0
7227.FBpp0082973	7227.FBpp0303970	0.0
7227.FBpp0075180	7227.FBpp0071301	0.0
7227.FBpp0082710	7227.FBpp0083187	0.0
7227.FBpp0073411	7227.FBpp0072172	0.0
7227.FBpp0086684	7227.FBpp0088691	0.0
7227.FBpp0084862	7227.FBpp0074929	0.0
7227.FBpp0083091	7227.FBpp0304047	0.0
7227.FBpp0300938	7227.FBpp0301214	0.0
7227.FBpp0072325	7227.FBpp0071808	0.0
7227.FBpp0085901	7227.FBpp0072281	0.0
7227.FBpp0081534	7227.FBpp0083965	0.0
7227.FBpp0301216	7227.FBpp0298043	0.0
7227.FBpp0088130	7227.FBpp0111274	0.0
7227.FBpp0084021	7227.FBpp0113031	0.0
7227.FBpp0085737	7227.FBpp0073778	0.0
7227.FBpp0297730	7227.FBpp0083553	0.0
7227.FBpp0087616	7227.FBpp0073993	0.0
7227.FBpp0080943	7227.FBpp0288524	0.0
7227.FBpp0305831	7227.FBpp0076704	0.0
7227.FBpp0076040	7227.FBpp0293435	0.0
7227.FBpp0110205	7227.FBpp0074955	0.0
7227.FBpp0075128	7227.FBpp0087760	0.0
7227.FBpp0078430	7227.FBpp0086499	0.0
7227.FBpp0290293	7227.FBpp0305573	0.0
7227.FBpp0072848	7227.FBpp0088960	0.0
7227.FBpp0297289	7227.FBpp0305143	0.0
7227.FBpp0288457	7227.FBpp0297148	0.0
7227.FBpp0071953	7227.FBpp0112101	0.0
7227.FBpp0088816	7227.FBpp0089127	0.0
7227.FBpp0083557	7227.FBpp0075348	0.0
7227.FBpp0085619	7227.FBpp0077923	0.0
7227.FBpp0271929	7227.FBpp0070122	0.0
7227.FBpp0076020	7227.FBpp0305143	0.0
7227.FBpp0081476	7227.FBpp0305819	0.0
7227.FBpp0111646	7227.FBpp0304377	0.0
7227.FBpp0085490	7227.FBpp0291597	0.0
7227.FBpp0075913	7227.FBpp0086069	0.0
7227.FBpp0305325	7227.FBpp0071674	0.0
7227.FBpp0078961	7227.FBpp0085403	0.0
7227.FBpp0071776	7227.FBpp0077754	0.0
7227.FBpp0289963	7227.FBpp0081482	0.0
7227.FBpp0078533	7227.FBpp0297491	0.0
7227.FBpp0303355	7227.FBpp0080480	0.0
7227.FBpp0081260	7227.FBpp0084910	0.0
7227.FBpp0071993	7227.FBpp0076459	0.0
7227.FBpp0303875	7227.FBpp0111504	0.0
7227.FBpp0072321	7227.FBpp0301135	0.0
7227.FBpp0112010	7227.FBpp0078727	0.0
7227.FBpp0290356	7227.FBpp0087035	0.0
7227.FBpp0304158	7227.FBpp0303467	0.0
7227.FBpp0075760	7227.FBpp0304201	0.0
7227.FBpp0082342	7227.FBpp0078337	0.0
7227.FBpp0089085	7227.FBpp0292022	0.0
7227.FBpp0083265	7227.FBpp0075050	0.0
7227.FBpp0079224	7227.FBpp0099390	0.0
7227.FBpp0077598	7227.FBpp0300394	0.0
7227.FBpp0079451	7227.FBpp0072649	0.0
7227.FBpp0076124	7227.FBpp0080169	0.0
7227.FBpp0289916	7227.FBpp0303094	0.0
7227.FBpp0111407	7227.FBpp0289366	0.0
7227.FBpp0081952	7227.FBpp0290925	0.0
7227.FBpp0301701	7227.FBpp0088251	0.0
7227.FBpp0111861	7227.FBpp0305846	0.0
7227.FBpp0085571	7227.FBpp0078893	0.0
7227.FBpp0084456	7227.FBpp0072756	0.0
7227.FBpp0070094	7227.FBpp0072219	0.0
7227.FBpp0111771	7227.FBpp0290197	0.0
7227.FBpp0086653	7227.FBpp0084340	0.0
7227.FBpp0300428	7227.FBpp0086097	0.0
7227.FBpp0075751	7227.FBpp0304500	0.0
7227.FBpp0074976	7227.FBpp0083244	0.0
7227.FBpp0297282	7227.FBpp0071674	0.0
7227.FBpp0074547	7227.FBpp0076424	0.0
7227.FBpp0086522	7227.FBpp0081765	0.0
7227.FBpp0083719	7227.FBpp0303838	0.0
7227.FBpp0112262	7227.FBpp0113032	0.0
7227.FBpp0083193	7227.FBpp0087741	0.0
7227.FBpp0072455	7227.FBpp0085633	0.0
7227.FBpp0082521	7227.FBpp0085721	0.0
7227.FBpp0111440	7227.FBpp0305777	0.0
7227.FBpp0086997	7227.FBpp0304802	0.0
7227.FBpp0291643	7227.FBpp0074850	0.0
7227.FBpp0082989	7227.FBpp0074332	0.0
7227.FBpp0085872	7227.FBpp0082990	0.0
7227.FBpp0082851	7227.FBpp0290648	0.0
7227.FBpp0111814	7227.FBpp0078303	0.0
7227.FBpp0071779	7227.FBpp0301544	0.0
7227.FBpp0083825	7227.FBpp0074606	0.0
7227.FBpp0072886	7227.FBpp0290498	0.0
7227.FBpp0288830	7227.FBpp0071675	0.0
7227.FBpp0303186	7227.FBpp0073963	0.0
7227.FBpp0081068	7227.FBpp0085296	0.0
7227.FBpp0293830	7227.FBpp0075429	0.0
7227.FBpp0075564	7227.FBpp0289677	0.0
7227.FBpp0087636	7227.FBpp0082746	0.0
7227.FBpp0075760	7227.FBpp0290938	0.0
7227.FBpp0300891	7227.FBpp0070039	0.0
7227.FBpp0305432	7227.FBpp0289968	0.0
7227.FBpp0085115	7227.FBpp0290293	0.0
7227.FBpp0078911	7227.FBpp0081854	0.0
7227.FBpp0271845	7227.FBpp0075128	0.0
7227.FBpp0305753	7227.FBpp0076451	0.0
7227.FBpp0082358	7227.FBpp0076987	0.0
7227.FBpp0073995	7227.FBpp0289510	0.0
7227.FBpp0089175	7227.FBpp0082774	0.0
7227.FBpp0082214	7227.FBpp0086916	0.0
7227.FBpp0079628	7227.FBpp0073824	0.0
7227.FBpp0072083	7227.FBpp0071676	0.0
7227.FBpp0071617	7227.FBpp0111639	0.0
7227.FBpp0077813	7227.FBpp0075305	0.0
7227.FBpp0086001	7227.FBpp0088650	0.0
7227.FBpp0289670	7227.FBpp0073870	0.0
7227.FBpp0080709	7227.FBpp0079234	0.0
7227.FBpp0072212	7227.FBpp0303252	0.0
7227.FBpp0073466	7227.FBpp0072173	0.0
7227.FBpp0290642	7227.FBpp0303088	0.0
7227.FBpp0113106	7227.FBpp0305538	0.0
7227.FBpp0289797	7227.FBpp0291426	0.0
7227.FBpp0290957	7227.FBpp0084550	0.0
7227.FBpp0083983	7227.FBpp0070644	0.0
7227.FBpp0079685	7227.FBpp0075111	0.0
7227.FBpp0075368	7227.FBpp0302704	0.0
7227.FBpp0070268	7227.FBpp0077859	0.0
7227.FBpp0088276	7227.FBpp0082468	0.0
7227.FBpp0081547	7227.FBpp0081336	0.0
7227.FBpp0081638	7227.FBpp0304599	0.0
7227.FBpp0087100	7227.FBpp0111269	0.0
7227.FBpp0080694	7227.FBpp0086661	0.0
7227.FBpp0086936	7227.FBpp0081162	0.0
7227.FBpp0073316	7227.FBpp0292307	0.0
7227.FBpp0075908	7227.FBpp0271846	0.0
7227.FBpp0289232	7227.FBpp0089417	0.0
7227.FBpp0084293	7227.FBpp0303738	0.0
7227.FBpp0074935	7227.FBpp0075120	0.0
7227.FBpp0081429	7227.FBpp0296983	0.0
7227.FBpp0303840	7227.FBpp0077585	0.0
7227.FBpp0070603	7227.FBpp0074284	0.0
7227.FBpp0082096	7227.FBpp0290741	0.0
7227.FBpp0080848	7227.FBpp0289552	0.0
7227.FBpp0087214	7227.FBpp0076389	0.0
7227.FBpp0073836	7227.FBpp0076330	0.0
7227.FBpp0078705	7227.FBpp0071174	0.0
7227.FBpp0288472	7227.FBpp0292362	0.0
7227.FBpp0071661	7227.FBpp0081827	0.0
7227.FBpp0071589	7227.FBpp0082419	0.0
7227.FBpp0300899	7227.FBpp0079963	0.0
7227.FBpp0071770	7227.FBpp0288400	0.0
7227.FBpp0083605	7227.FBpp0111863	0.0
7227.FBpp0303632	7227.FBpp0073034	0.0
7227.FBpp0082367	7227.FBpp0078929	0.0
7227.FBpp0301185	7227.FBpp0071979	0.0
7227.FBpp0113057	7227.FBpp0293426	0.0
7227.FBpp0305731	7227.FBpp0290089	0.0
7227.FBpp0077323	7227.FBpp0303214	0.0
7227.FBpp0271928	7227.FBpp0305722	0.0
7227.FBpp0088880	7227.FBpp0082195	0.0
7227.FBpp0289928	7227.FBpp0081268	0.0
7227.FBpp0084331	7227.FBpp0077580	0.0
7227.FBpp0085774	7227.FBpp0074516	0.0
7227.FBpp0080967	7227.FBpp0071169	0.0
7227.FBpp0305404	7227.FBpp0089346	0.0
7227.FBpp0079406	7227.FBpp0302838	0.0
7227.FBpp0072248	7227.FBpp0082540	0.0
7227.FBpp0289905	7227.FBpp0081326	0.0
7227.FBpp0289872	7227.FBpp0083152	0.0
7227.FBpp0303938	7227.FBpp0071047	0.0
7227.FBpp0071427	7227.FBpp0070173	0.0
7227.FBpp0087633	7227.FBpp0086012	0.0
7227.FBpp0290374	7227.FBpp0088955	0.0
7227.FBpp0080485	7227.FBpp0290102	0.0
7227.FBpp0304879	7227.FBpp0080200	0.0
7227.FBpp0292453	7227.FBpp0293384	0.0
7227.FBpp0297397	7227.FBpp0303247	0.0
7227.FBpp0080052	7227.FBpp0302752	0.0
7227.FBpp0290195	7227.FBpp0293124	0.0
7227.FBpp0300865	7227.FBpp0071663	0.0
7227.FBpp0070683	7227.FBpp0081325	0.0
7227.FBpp0293502	7227.FBpp0072007	0.0
7227.FBpp0289246	7227.FBpp0085635	0.0
7227.FBpp0297365	7227.FBpp0304568	0.0
7227.FBpp0074789	7227.FBpp0088005	0.0
7227.FBpp0099612	7227.FBpp0074087	0.0
7227.FBpp0078099	7227.FBpp0086000	0.0
7227.FBpp0091042	7227.FBpp0075065	0.0
7227.FBpp0291076	7227.FBpp0297405	0.0
7227.FBpp0075676	7227.FBpp0078895	0.0
7227.FBpp0079207	7227.FBpp0294040	0.0
7227.FBpp0079308	7227.FBpp0091089	0.0
7227.FBpp0084241	7227.FBpp0083263	0.0
7227.FBpp0288907	7227.FBpp0083905	0.0
7227.FBpp0088526	7227.FBpp0083338	0.0
7227.FBpp0304651	7227.FBpp0085250	0.0
7227.FBpp0304755	7227.FBpp0079194	0.0
7227.FBpp0076646	7227.FBpp0075135	0.0
7227.FBpp0088103	7227.FBpp0083970	0.0
7227.FBpp0077730	7227.FBpp0076002	0.0
7227.FBpp0086338	7227.FBpp0110266	0.0
7227.FBpp0075115	7227.FBpp0099638	0.0
7227.FBpp0070182	7227.FBpp0077173	0.0
7227.FBpp0083648	7227.FBpp0303878	0.0
7227.FBpp0084520	7227.FBpp0303510	0.0
7227.FBpp0112360	7227.FBpp0289094	0.0
7227.FBpp0289246	7227.FBpp0085219	0.0
7227.FBpp0300433	7227.FBpp0305148	0.0
7227.FBpp0076849	7227.FBpp0079102	0.0
7227.FBpp0271777	7227.FBpp0085866	0.0
7227.FBpp0085111	7227.FBpp0300513	0.0
7227.FBpp0090985	7227.FBpp0079540	0.0
7227.FBpp0081886	7227.FBpp0072692	0.0
7227.FBpp0304588	7227.FBpp0077786	0.0
7227.FBpp0077636	7227.FBpp0301733	0.0
7227.FBpp0071681	7227.FBpp0289459	0.0
7227.FBpp0089108	7227.FBpp0078944	0.0
7227.FBpp0084937	7227.FBpp0073921	0.0
7227.FBpp0085000	7227.FBpp0084574	0.0
7227.FBpp0271814	7227.FBpp0289585	0.0
7227.FBpp0290109	7227.FBpp0111333	0.0
7227.FBpp0303119	7227.FBpp0075901	0.0
7227.FBpp0080411	7227.FBpp0112011	0.0
7227.FBpp0073449	7227.FBpp0271789	0.0
7227.FBpp0082638	7227.FBpp0088420	0.0
7227.FBpp0297896	7227.FBpp0289324	0.0
7227.FBpp0071541	7227.FBpp0071747	0.0
7227.FBpp0083662	7227.FBpp0079633	0.0
7227.FBpp0111642	7227.FBpp0074179	0.0
7227.FBpp0080395	7227.FBpp0300311	0.0
7227.FBpp0083569	7227.FBpp0291643	0.0
7227.FBpp0297289	7227.FBpp0082066	0.0
7227.FBpp0289398	7227.FBpp0072999	0.0
7227.FBpp0083203	7227.FBpp0300630	0.0
7227.FBpp0085865	7227.FBpp0089372	0.0
7227.FBpp0291263	7227.FBpp0077158	0.0
7227.FBpp0074746	7227.FBpp0112250	0.0
7227.FBpp0075881	7227.FBpp0072943	0.0
7227.FBpp0089020	7227.FBpp0077082	0.0
7227.FBpp0271810	7227.FBpp0078764	0.0
7227.FBpp0079813	7227.FBpp0086818	0.0
7227.FBpp0083678	7227.FBpp0303279	0.0
7227.FBpp0304226	7227.FBpp0079968	0.0
7227.FBpp0073098	7227.FBpp0110318	0.0
7227.FBpp0077659	7227.FBpp0300930	0.0
7227.FBpp0070137	7227.FBpp0077645	0.0
7227.FBpp0070654	7227.FBpp0303388	0.0
7227.FBpp0073861	7227.FBpp0078630	0.0
7227.FBpp0080108	7227.FBpp0077800	0.0
7227.FBpp0293938	7227.FBpp0084510	0.0
7227.FBpp0288687	7227.FBpp0073604	0.0
7227.FBpp0073002	7227.FBpp0112233	0.0
7227.FBpp0304759	7227.FBpp0078430	0.0
7227.FBpp0070899	7227.FBpp0113080	0.0
7227.FBpp0075612	7227.FBpp0293828	0.0
7227.FBpp0292059	7227.FBpp0087088	0.0
7227.FBpp0086563	7227.FBpp0293651	0.0
7227.FBpp0086516	7227.FBpp0078066	0.0
7227.FBpp0073449	7227.FBpp0301702	0.0
7227.FBpp0082038	7227.FBpp0089004	0.0
7227.FBpp0085478	7227.FBpp0293867	0.0
7227.FBpp0290379	7227.FBpp0303376	0.0
7227.FBpp0087118	7227.FBpp0071365	0.0
7227.FBpp0083048	7227.FBpp0072674	0.0
7227.FBpp0083731	7227.FBpp0112180	0.0
7227.FBpp0075349	7227.FBpp0078934	0.0
7227.FBpp0111774	7227.FBpp0291473	0.0
7227.FBpp0289405	7227.FBpp0075595	0.0
7227.FBpp0084974	7227.FBpp0305938	0.0
7227.FBpp0083441	7227.FBpp0099966	0.0
7227.FBpp0303750	7227.FBpp0085094	0.0
7227.FBpp0305733	7227.FBpp0077427	0.0
7227.FBpp0288459	7227.FBpp0083729	0.0
7227.FBpp0087250	7227.FBpp0074021	0.0
7227.FBpp0071082	7227.FBpp0087636	0.0
7227.FBpp0293869	7227.FBpp0081791	0.0
7227.FBpp0081713	7227.FBpp0291967	0.0
7227.FBpp0072050	7227.FBpp0079211	0.0
7227.FBpp0086372	7227.FBpp0084915	0.0
7227.FBpp0291460	7227.FBpp0070166	0.0
7227.FBpp0075961	7227.FBpp0085579	0.0
7227.FBpp0302859	7227.FBpp0086001	0.0
7227.FBpp0086931	7227.FBpp0298382	0.0
7227.FBpp0112122	7227.FBpp0078743	0.0
7227.FBpp0288947	7227.FBpp0291405	0.0
7227.FBpp0077205	7227.FBpp0304918	0.0
7227.FBpp0087094	7227.FBpp0300653	0.0
7227.FBpp0081723	7227.FBpp0081833	0.0
7227.FBpp0079573	7227.FBpp0073503	0.0
7227.FBpp0110225	7227.FBpp0099796	0.0
7227.FBpp0086953	7227.FBpp0085455	0.0
7227.FBpp0302979	7227.FBpp0084135	0.0
7227.FBpp0076169	7227.FBpp0291038	0.0
7227.FBpp0078198	7227.FBpp0290779	0.0
7227.FBpp0305670	7227.FBpp0303090	0.0
7227.FBpp0085997	7227.FBpp0081795	0.0
7227.FBpp0070361	7227.FBpp0073502	0.0
7227.FBpp0071802	7227.FBpp0289872	0.0
7227.FBpp0074243	7227.FBpp0110318	0.0
7227.FBpp0111644	7227.FBpp0074062	0.0
7227.FBpp0077400	7227.FBpp0087149	0.0
7227.FBpp0081802	7227.FBpp0297319	0.0
7227.FBpp0091099	7227.FBpp0288946	0.0
7227.FBpp0303693	7227.FBpp0088809	0.0
7227.FBpp0304436	7227.FBpp0087426	0.0
7227.FBpp0082178	7227.FBpp0075074	0.0
7227.FBpp0070285	7227.FBpp0290109	0.0
7227.FBpp0072365	7227.FBpp0071333	0.0
7227.FBpp0289812	7227.FBpp0084306	0.0
7227.FBpp0304686	7227.FBpp0080587	0.0
7227.FBpp0099998	7227.FBpp0076200	0.0
7227.FBpp0075065	7227.FBpp0086798	0.0
7227.FBpp0083603	7227.FBpp0304783	0.0
7227.FBpp0073184	7227.FBpp0080513	0.0
7227.FBpp0075359	7227.FBpp0110275	0.0
7227.FBpp0291507	7227.FBpp0088995	0.0
7227.FBpp0303305	7227.FBpp0071907	0.0
7227.FBpp0086837	7227.FBpp0303839	0.0
7227.FBpp0071194	7227.FBpp0073869	0.0
7227.FBpp0070374	7227.FBpp0081214	0.0
7227.FBpp0077878	7227.FBpp0289731	0.0
7227.FBpp0100046	7227.FBpp0073023	0.0
7227.FBpp0088535	7227.FBpp0291781	0.0
7227.FBpp0086280	7227.FBpp0303555	0.0
7227.FBpp0074118	7227.FBpp0078621	0.0
7227.FBpp0071446	7227.FBpp0305542	0.0
7227.FBpp0303028	7227.FBpp0084349	0.0
7227.FBpp0072030	7227.FBpp0303835	0.0
7227.FBpp0085797	7227.FBpp0084397	0.0
7227.FBpp0291394	7227.FBpp0072547	0.0
7227.FBpp0084482	7227.FBpp0086601	0.0
7227.FBpp0074752	7227.FBpp0079892	0.0
7227.FBpp0298044	7227.FBpp0301850	0.0
7227.FBpp0082843	7227.FBpp0084328	0.0
7227.FBpp0070884	7227.FBpp0080935	0.0
7227.FBpp0302703	7227.FBpp0087294	0.0
7227.FBpp0076360	7227.FBpp0303691	0.0
7227.FBpp0084983	7227.FBpp0085989	0.0
7227.FBpp0289339	7227.FBpp0292263	0.0
7227.FBpp0099552	7227.FBpp0288878	0.0
7227.FBpp0085094	7227.FBpp0078727	0.0
7227.FBpp0070816	7227.FBpp0086684	0.0
7227.FBpp0085661	7227.FBpp0082025	0.0
7227.FBpp0081061	7227.FBpp0291865	0.0
7227.FBpp0076099	7227.FBpp0083825	0.0
7227.FBpp0086837	7227.FBpp0091108	0.0
7227.FBpp0073680	7227.FBpp0070532	0.0
7227.FBpp0077160	7227.FBpp0084524	0.0
7227.FBpp0072843	7227.FBpp0078728	0.0
7227.FBpp0291361	7227.FBpp0302953	0.0
7227.FBpp0290641	7227.FBpp0083139	0.0
7227.FBpp0303808	7227.FBpp0111909	0.0
7227.FBpp0078933	7227.FBpp0076542	0.0
7227.FBpp0086996	7227.FBpp0112043	0.0
7227.FBpp0076740	7227.FBpp0073732	0.0
7227.FBpp0074473	7227.FBpp0091137	0.0
7227.FBpp0083892	7227.FBpp0074951	0.0
7227.FBpp0303127	7227.FBpp0082377	0.0
7227.FBpp0073668	7227.FBpp0086057	0.0
7227.FBpp0293823	7227.FBpp0082525	0.0
7227.FBpp0291394	7227.FBpp0303028	0.0
7227.FBpp0271891	7227.FBpp0078395	0.0
7227.FBpp0088123	7227.FBpp0304984	0.0
7227.FBpp0071930	7227.FBpp0070532	0.0
7227.FBpp0074464	7227.FBpp0081534	0.0
7227.FBpp0074087	7227.FBpp0075259	0.0
7227.FBpp0089077	7227.FBpp0082877	0.0
7227.FBpp0076998	7227.FBpp0071908	0.0
7227.FBpp0079214	7227.FBpp0111298	0.0
7227.FBpp0289813	7227.FBpp0078420	0.0
7227.FBpp0079797	7227.FBpp0078756	0.0
7227.FBpp0088145	7227.FBpp0076234	0.0
7227.FBpp0077705	7227.FBpp0078564	0.0
7227.FBpp0291496	7227.FBpp0078350	0.0
7227.FBpp0099486	7227.FBpp0303813	0.0
7227.FBpp0078037	7227.FBpp0289058	0.0
7227.FBpp0086646	7227.FBpp0100176	0.0
7227.FBpp0112025	7227.FBpp0304651	0.0
7227.FBpp0304202	7227.FBpp0301843	0.0
7227.FBpp0088423	7227.FBpp0086498	0.0
7227.FBpp0099986	7227.FBpp0099638	0.0
7227.FBpp0081101	7227.FBpp0075431	0.0
7227.FBpp0085201	7227.FBpp0091013	0.0
7227.FBpp0291690	7227.FBpp0077740	0.0
7227.FBpp0088678	7227.FBpp0079439	0.0
7227.FBpp0083814	7227.FBpp0075054	0.0
7227.FBpp0083738	7227.FBpp0083991	0.0
7227.FBpp0083139	7227.FBpp0077735	0.0
7227.FBpp0075738	7227.FBpp0290211	0.0
7227.FBpp0304046	7227.FBpp0083369	0.0
7227.FBpp0084894	7227.FBpp0288735	0.0
7227.FBpp0291908	7227.FBpp0083354	0.0
7227.FBpp0089003	7227.FBpp0111776	0.0
7227.FBpp0087549	7227.FBpp0292440	0.0
7227.FBpp0085742	7227.FBpp0083973	0.0
7227.FBpp0087917	7227.FBpp0072716	0.0
7227.FBpp0080154	7227.FBpp0292560	0.0
7227.FBpp0080450	7227.FBpp0074085	0.0
7227.FBpp0072016	7227.FBpp0078021	0.0
7227.FBpp0091099	7227.FBpp0290449	0.0
7227.FBpp0075704	7227.FBpp0075551	0.0
7227.FBpp0113056	7227.FBpp0075488	0.0
7227.FBpp0077867	7227.FBpp0077524	0.0
7227.FBpp0304984	7227.FBpp0293583	0.0
7227.FBpp0078099	7227.FBpp0087403	0.0
7227.FBpp0079685	7227.FBpp0071016	0.0
7227.FBpp0086428	7227.FBpp0112293	0.0
7227.FBpp0086942	7227.FBpp0297502	0.0
7227.FBpp0081047	7227.FBpp0091118	0.0
7227.FBpp0289459	7227.FBpp0086273	0.0
7227.FBpp0079803	7227.FBpp0079088	0.0
7227.FBpp0293008	7227.FBpp0085560	0.0
7227.FBpp0079709	7227.FBpp0083319	0.0
7227.FBpp0077866	7227.FBpp0072014	0.0
7227.FBpp0091091	7227.FBpp0073437	0.0
7227.FBpp0089363	7227.FBpp0086604	0.0
7227.FBpp0297654	7227.FBpp0289473	0.0
7227.FBpp0086052	7227.FBpp0099812	0.0
7227.FBpp0112295	7227.FBpp0290239	0.0
7227.FBpp0288510	7227.FBpp0072593	0.0
7227.FBpp0084464	7227.FBpp0303875	0.0
7227.FBpp0100172	7227.FBpp0084049	0.0
7227.FBpp0070355	7227.FBpp0303077	0.0
7227.FBpp0080917	7227.FBpp0304812	0.0
7227.FBpp0082963	7227.FBpp0305971	0.0
7227.FBpp0084265	7227.FBpp0082710	0.0
7227.FBpp0077402	7227.FBpp0078541	0.0
7227.FBpp0298045	7227.FBpp0305065	0.0
7227.FBpp0070905	7227.FBpp0072342	0.0
7227.FBpp0081806	7227.FBpp0305837	0.0
7227.FBpp0091138	7227.FBpp0078770	0.0
7227.FBpp0291146	7227.FBpp0088024	0.0
7227.FBpp0071717	7227.FBpp0271869	0.0
7227.FBpp0290913	7227.FBpp0294028	0.0
7227.FBpp0305546	7227.FBpp0080709	0.0
7227.FBpp0086079	7227.FBpp0301837	0.0
7227.FBpp0075095	7227.FBpp0289733	0.0
7227.FBpp0083474	7227.FBpp0082600	0.0
7227.FBpp0087364	7227.FBpp0086786	0.0
7227.FBpp0298281	7227.FBpp0305095	0.0
7227.FBpp0305010	7227.FBpp0112413	0.0
7227.FBpp0086469	7227.FBpp0070507	0.0
7227.FBpp0288840	7227.FBpp0099486	0.0
7227.FBpp0083951	7227.FBpp0083410	0.0
7227.FBpp0077326	7227.FBpp0071321	0.0
7227.FBpp0300552	7227.FBpp0304293	0.0
7227.FBpp0071550	7227.FBpp0289241	0.0
7227.FBpp0073362	7227.FBpp0070533	0.0
7227.FBpp0305928	7227.FBpp0300877	0.0
7227.FBpp0082347	7227.FBpp0086314	0.0
7227.FBpp0087518	7227.FBpp0082224	0.0
7227.FBpp0291229	7227.FBpp0298044	0.0
7227.FBpp0290849	7227.FBpp0071751	0.0
7227.FBpp0085784	7227.FBpp0072723	0.0
7227.FBpp0073330	7227.FBpp0087366	0.0
7227.FBpp0084759	7227.FBpp0085814	0.0
7227.FBpp0083838	7227.FBpp0088647	0.0
7227.FBpp0079232	7227.FBpp0070213	0.0
7227.FBpp0076263	7227.FBpp0099856	0.0
7227.FBpp0304984	7227.FBpp0078578	0.0
7227.FBpp0304706	7227.FBpp0292594	0.0
7227.FBpp0289581	7227.FBpp0290592	0.0
7227.FBpp0291104	7227.FBpp0086060	0.0
7227.FBpp0289459	7227.FBpp0305185	0.0
7227.FBpp0087031	7227.FBpp0305753	0.0
7227.FBpp0290755	7227.FBpp0305735	0.0
7227.FBpp0085865	7227.FBpp0080513	0.0
7227.FBpp0074427	7227.FBpp0305340	0.0
7227.FBpp0298382	7227.FBpp0084022	0.0
7227.FBpp0071254	7227.FBpp0291417	0.0
7227.FBpp0088565	7227.FBpp0305269	0.0
7227.FBpp0071562	7227.FBpp0304069	0.0
7227.FBpp0076685	7227.FBpp0078899	0.0
7227.FBpp0070921	7227.FBpp0301213	0.0
7227.FBpp0302547	7227.FBpp0076034	0.0
7227.FBpp0086511	7227.FBpp0293054	0.0
7227.FBpp0070515	7227.FBpp0292164	0.0
7227.FBpp0085639	7227.FBpp0079360	0.0
7227.FBpp0075400	7227.FBpp0087096	0.0
7227.FBpp0074762	7227.FBpp0074364	0.0
7227.FBpp0087250	7227.FBpp0303856	0.0
7227.FBpp0079320	7227.FBpp0082191	0.0
7227.FBpp0079250	7227.FBpp0300205	0.0
7227.FBpp0083222	7227.FBpp0078861	0.0
7227.FBpp0099538	7227.FBpp0074434	0.0
7227.FBpp0075055	7227.FBpp0076495	0.0
7227.FBpp0087376	7227.FBpp0079525	0.0
7227.FBpp0087458	7227.FBpp0292503	0.0
7227.FBpp0079682	7227.FBpp0075453	0.0
7227.FBpp0300423	7227.FBpp0072211	0.0
7227.FBpp0071476	7227.FBpp0292670	0.0
7227.FBpp0087524	7227.FBpp0294026	0.0
7227.FBpp0070872	7227.FBpp0305619	0.0
7227.FBpp0271759	7227.FBpp0300338	0.0
7227.FBpp0290893	7227.FBpp0100135	0.0
7227.FBpp0112945	7227.FBpp0075946	0.0
7227.FBpp0300454	7227.FBpp0076414	0.0
7227.FBpp0085489	7227.FBpp0077322	0.0
7227.FBpp0305392	7227.FBpp0111388	0.0
7227.FBpp0084452	7227.FBpp0297910	0.0
7227.FBpp0077460	7227.FBpp0073882	0.0
7227.FBpp0076641	7227.FBpp0289153	0.0
7227.FBpp0290913	7227.FBpp0289419	0.0
7227.FBpp0074177	7227.FBpp0306221	0.0
7227.FBpp0079124	7227.FBpp0289307	0.0
7227.FBpp0085975	7227.FBpp0302979	0.0
7227.FBpp0297881	7227.FBpp0305545	0.0
7227.FBpp0305366	7227.FBpp0305796	0.0
7227.FBpp0083189	7227.FBpp0304471	0.0
7227.FBpp0071683	7227.FBpp0089003	0.0
7227.FBpp0087333	7227.FBpp0110439	0.0
7227.FBpp0087858	7227.FBpp0087056	0.0
7227.FBpp0074671	7227.FBpp0076383	0.0
7227.FBpp0304948	7227.FBpp0091145	0.0
7227.FBpp0306059	7227.FBpp0072281	0.0
7227.FBpp0080513	7227.FBpp0089077	0.0
7227.FBpp0110179	7227.FBpp0079437	0.0
7227.FBpp0303488	7227.FBpp0303351	0.0
7227.FBpp0072144	7227.FBpp0271776	0.0
7227.FBpp0302579	7227.FBpp0081867	0.0
7227.FBpp0079276	7227.FBpp0305981	0.0
7227.FBpp0079386	7227.FBpp0085552	0.0
7227.FBpp0301799	7227.FBpp0077571	0.0
7227.FBpp0084932	7227.FBpp0070063	0.0
7227.FBpp0306183	7227.FBpp0288806	0.0
7227.FBpp0303474	7227.FBpp0071534	0.0
7227.FBpp0080868	7227.FBpp0296988	0.0
7227.FBpp0305670	7227.FBpp0074986	0.0
7227.FBpp0111776	7227.FBpp0084333	0.0
7227.FBpp0075938	7227.FBpp0088421	0.0
7227.FBpp0305473	7227.FBpp0303813	0.0
7227.FBpp0304355	7227.FBpp0289576	0.0
7227.FBpp0083319	7227.FBpp0305266	0.0
7227.FBpp0302591	7227.FBpp0292260	0.0
7227.FBpp0084778	7227.FBpp0291598	0.0
7227.FBpp0077354	7227.FBpp0073600	0.0
7227.FBpp0086044	7227.FBpp0297521	0.0
7227.FBpp0289339	7227.FBpp0081765	0.0
7227.FBpp0084958	7227.FBpp0079766	0.0
7227.FBpp0271846	7227.FBpp0089012	0.0
7227.FBpp0077092	7227.FBpp0083183	0.0
7227.FBpp0293190	7227.FBpp0085017	0.0
7227.FBpp0082648	7227.FBpp0074331	0.0
7227.FBpp0070521	7227.FBpp0073986	0.0
7227.FBpp0291079	7227.FBpp0087634	0.0
7227.FBpp0071639	7227.FBpp0081496	0.0
7227.FBpp0090943	7227.FBpp0076127	0.0
7227.FBpp0084516	7227.FBpp0084877	0.0
7227.FBpp0304001	7227.FBpp0071844	0.0
7227.FBpp0085387	7227.FBpp0079882	0.0
7227.FBpp0304287	7227.FBpp0078576	0.0
7227.FBpp0081189	7227.FBpp0070024	0.0
7227.FBpp0083923	7227.FBpp0304918	0.0
7227.FBpp0073988	7227.FBpp0305430	0.0
7227.FBpp0073081	7227.FBpp0298824	0.0
7227.FBpp0078001	7227.FBpp0080305	0.0
7227.FBpp0089241	7227.FBpp0112021	0.0
7227.FBpp0293255	7227.FBpp0086415	0.0
7227.FBpp0087183	7227.FBpp0300637	0.0
7227.FBpp0087761	7227.FBpp0087596	0.0
7227.FBpp0304124	7227.FBpp0297104	0.0
7227.FBpp0077966	7227.FBpp0303952	0.0
7227.FBpp0078726	7227.FBpp0072174	0.0
7227.FBpp0303235	7227.FBpp0085014	0.0
7227.FBpp0290457	7227.FBpp0086246	0.0
7227.FBpp0083046	7227.FBpp0086857	0.0
7227.FBpp0074391	7227.FBpp0073034	0.0
7227.FBpp0085348	7227.FBpp0086012	0.0
7227.FBpp0072133	7227.FBpp0079060	0.0
7227.FBpp0074672	7227.FBpp0078634	0.0
7227.FBpp0288434	7227.FBpp0071824	0.0
7227.FBpp0084806	7227.FBpp0305645	0.0
7227.FBpp0300639	7227.FBpp0082776	0.0
7227.FBpp0074437	7227.FBpp0077967	0.0
7227.FBpp0077713	7227.FBpp0306057	0.0
7227.FBpp0083729	7227.FBpp0099482	0.0
7227.FBpp0073035	7227.FBpp0110179	0.0
7227.FBpp0304277	7227.FBpp0112192	0.0
7227.FBpp0071405	7227.FBpp0300874	0.0
7227.FBpp0293828	7227.FBpp0070595	0.0
7227.FBpp0305212	7227.FBpp0073151	0.0
7227.FBpp0079641	7227.FBpp0075151	0.0
7227.FBpp0073975	7227.FBpp0082317	0.0
7227.FBpp0084125	7227.FBpp0083459	0.0
7227.FBpp0296928	7227.FBpp0079897	0.0
7227.FBpp0289018	7227.FBpp0077306	0.0
7227.FBpp0080395	7227.FBpp0075117	0.0
7227.FBpp0070279	7227.FBpp0083016	0.0
7227.FBpp0082377	7227.FBpp0111843	0.0
7227.FBpp0071760	7227.FBpp0301733	0.0
7227.FBpp0079265	7227.FBpp0082993	0.0
7227.FBpp0083769	7227.FBpp0112364	0.0
7227.FBpp0073969	7227.FBpp0074575	0.0
7227.FBpp0088843	7227.FBpp0070622	0.0
7227.FBpp0070997	7227.FBpp0112217	0.0
7227.FBpp0085938	7227.FBpp0300159	0.0
7227.FBpp0077678	7227.FBpp0303108	0.0
7227.FBpp0288637	7227.FBpp0084586	0.0
7227.FBpp0075797	7227.FBpp0077636	0.0
7227.FBpp0305996	7227.FBpp0290418	0.0
7227.FBpp0074930	7227.FBpp0087068	0.0
7227.FBpp0291465	7227.FBpp0293073	0.0
7227.FBpp0099484	7227.FBpp0111929	0.0
7227.FBpp0297542	7227.FBpp0077021	0.0
7227.FBpp0297135	7227.FBpp0111410	0.0
7227.FBpp0078277	7227.FBpp0086682	0.0
7227.FBpp0084461	7227.FBpp0081601	0.0
7227.FBpp0079191	7227.FBpp0076450	0.0
7227.FBpp0111378	7227.FBpp0074991	0.0
7227.FBpp0304387	7227.FBpp0077550	0.0
7227.FBpp0076948	7227.FBpp0079649	0.0
7227.FBpp0303053	7227.FBpp0079185	0.0
7227.FBpp0289905	7227.FBpp0111648	0.0
7227.FBpp0085665	7227.FBpp0082198	0.0
7227.FBpp0073002	7227.FBpp0087350	0.0
7227.FBpp0091082	7227.FBpp0303149	0.0
7227.FBpp0077278	7227.FBpp0086251	0.0
7227.FBpp0071503	7227.FBpp0085419	0.0
7227.FBpp0082904	7227.FBpp0081240	0.0
7227.FBpp0301145	7227.FBpp0077158	0.0
7227.FBpp0083471	7227.FBpp0289707	0.0
7227.FBpp0301108	7227.FBpp0086191	0.0
7227.FBpp0293615	7227.FBpp0292532	0.0
7227.FBpp0081181	7227.FBpp0091089	0.0
7227.FBpp0271917	7227.FBpp0078083	0.0
7227.FBpp0099727	7227.FBpp0301843	0.0
7227.FBpp0291783	7227.FBpp0078629	0.0
7227.FBpp0087826	7227.FBpp0087071	0.0
7227.FBpp0290205	7227.FBpp0078321	0.0
7227.FBpp0088213	7227.FBpp0304312	0.0
7227.FBpp0112148	7227.FBpp0075343	0.0
7227.FBpp0088871	7227.FBpp0304775	0.0
7227.FBpp0076462	7227.FBpp0303832	0.0
7227.FBpp0081563	7227.FBpp0297498	0.0
7227.FBpp0082746	7227.FBpp0083015	0.0
7227.FBpp0074203	7227.FBpp0078735	0.0
7227.FBpp0297731	7227.FBpp0292887	0.0
7227.FBpp0304057	7227.FBpp0079567	0.0
7227.FBpp0076533	7227.FBpp0074813	0.0
7227.FBpp0290898	7227.FBpp0099980	0.0
7227.FBpp0290467	7227.FBpp0300416	0.0
7227.FBpp0079124	7227.FBpp0070356	0.0
7227.FBpp0301283	7227.FBpp0289464	0.0
7227.FBpp0297062	7227.FBpp0289539	0.0
7227.FBpp0289270	7227.FBpp0076827	0.0
7227.FBpp0086339	7227.FBpp0292104	0.0
7227.FBpp0079243	7227.FBpp0289092	0.0
7227.FBpp0073104	7227.FBpp0085274	0.0
7227.FBpp0099473	7227.FBpp0290985	0.0
7227.FBpp0292928	7227.FBpp0075710	0.0
7227.FBpp0289663	7227.FBpp0291022	0.0
7227.FBpp0079358	7227.FBpp0081534	0.0
7227.FBpp0099980	7227.FBpp0086446	0.0
7227.FBpp0083952	7227.FBpp0292527	0.0
7227.FBpp0302969	7227.FBpp0301046	0.0
7227.FBpp0086650	7227.FBpp0305831	0.0
7227.FBpp0300394	7227.FBpp0080129	0.0
7227.FBpp0293517	7227.FBpp0099892	0.0
7227.FBpp0082019	7227.FBpp0072162	0.0
7227.FBpp0071630	7227.FBpp0074223	0.0
7227.FBpp0077900	7227.FBpp0083839	0.0
7227.FBpp0072228	7227.FBpp0089020	0.0
7227.FBpp0078643	7227.FBpp0301152	0.0
7227.FBpp0085999	7227.FBpp0099395	0.0
7227.FBpp0111333	7227.FBpp0302608	0.0
7227.FBpp0075999	7227.FBpp0303792	0.0
7227.FBpp0292323	7227.FBpp0073194	0.0
7227.FBpp0085839	7227.FBpp0077805	0.0
7227.FBpp0078147	7227.FBpp0110169	0.0
7227.FBpp0301733	7227.FBpp0084676	0.0
7227.FBpp0071135	7227.FBpp0085559	0.0
7227.FBpp0086446	7227.FBpp0076325	0.0
7227.FBpp0289922	7227.FBpp0271917	0.0
7227.FBpp0071047	7227.FBpp0075901	0.0
7227.FBpp0075627	7227.FBpp0271817	0.0
7227.FBpp0071278	7227.FBpp0099484	0.0
7227.FBpp0087104	7227.FBpp0073113	0.0
7227.FBpp0085624	7227.FBpp0086251	0.0
7227.FBpp0080680	7227.FBpp0084125	0.0
7227.FBpp0303954	7227.FBpp0301555	0.0
7227.FBpp0085923	7227.FBpp0077651	0.0
7227.FBpp0291629	7227.FBpp0074180	0.0
7227.FBpp0078861	7227.FBpp0293576	0.0
7227.FBpp0079948	7227.FBpp0099831	0.0
7227.FBpp0081823	7227.FBpp0077574	0.0
7227.FBpp0304177	7227.FBpp0074898	0.0
7227.FBpp0074562	7227.FBpp0084028	0.0
7227.FBpp0082691	7227.FBpp0076856	0.0
7227.FBpp0304377	7227.FBpp0080419	0.0
7227.FBpp0111418	7227.FBpp0083188	0.0
7227.FBpp0292111	7227.FBpp0085164	0.0
7227.FBpp0111298	7227.FBpp0070105	0.0
7227.FBpp0082695	7227.FBpp0080323	0.0
7227.FBpp0084864	7227.FBpp0289614	0.0
7227.FBpp0079892	7227.FBpp0078357	0.0
7227.FBpp0300311	7227.FBpp0075398	0.0
7227.FBpp0297113	7227.FBpp0079473	0.0
7227.FBpp0303838	7227.FBpp0076782	0.0
7227.FBpp0111332	7227.FBpp0081632	0.0
7227.FBpp0305404	7227.FBpp0081588	0.0
7227.FBpp0089303	7227.FBpp0070209	0.0
7227.FBpp0290109	7227.FBpp0291059	0.0
7227.FBpp0077690	7227.FBpp0290087	0.0
7227.FBpp0072710	7227.FBpp0302845	0.0
7227.FBpp0081399	7227.FBpp0290410	0.0
7227.FBpp0289621	7227.FBpp0303604	0.0
7227.FBpp0071588	7227.FBpp0072437	0.0
7227.FBpp0085938	7227.FBpp0087889	0.0
7227.FBpp0081988	7227.FBpp0303252	0.0
7227.FBpp0111881	7227.FBpp0099884	0.0
7227.FBpp0074085	7227.FBpp0076411	0.0
7227.FBpp0303787	7227.FBpp0074930	0.0
7227.FBpp0081497	7227.FBpp0290541	0.0
7227.FBpp0070160	7227.FBpp0073832	0.0
7227.FBpp0082369	7227.FBpp0112348	0.0
7227.FBpp0303354	7227.FBpp0090963	0.0
7227.FBpp0088995	7227.FBpp0082113	0.0
7227.FBpp0073906	7227.FBpp0088174	0.0
7227.FBpp0079045	7227.FBpp0072051	0.0
7227.FBpp0073791	7227.FBpp0297661	0.0
7227.FBpp0088445	7227.FBpp0091063	0.0
7227.FBpp0073415	7227.FBpp0293748	0.0
7227.FBpp0079559	7227.FBpp0087052	0.0
7227.FBpp0087823	7227.FBpp0297390	0.0
7227.FBpp0076274	7227.FBpp0292256	0.0
7227.FBpp0079719	7227.FBpp0071063	0.0
7227.FBpp0078252	7227.FBpp0081368	0.0
7227.FBpp0073192	7227.FBpp0305071	0.0
7227.FBpp0297772	7227.FBpp0306188	0.0
7227.FBpp0079335	7227.FBpp0288851	0.0
7227.FBpp0078021	7227.FBpp0084045	0.0
7227.FBpp0087632	7227.FBpp0074906	0.0
7227.FBpp0083226	7227.FBpp0291173	0.0
7227.FBpp0078128	7227.FBpp0075733	0.0
7227.FBpp0073328	7227.FBpp0075528	0.0
7227.FBpp0111476	7227.FBpp0077236	0.0
7227.FBpp0070538	7227.FBpp0290819	0.0
7227.FBpp0073422	7227.FBpp0081521	0.0
7227.FBpp0084406	7227.FBpp0070203	0.0
7227.FBpp0091118	7227.FBpp0306200	0.0
7227.FBpp0085033	7227.FBpp0085543	0.0
7227.FBpp0072885	7227.FBpp0302797	0.0
7227.FBpp0076400	7227.FBpp0082468	0.0
7227.FBpp0304482	7227.FBpp0292035	0.0
7227.FBpp0072049	7227.FBpp0112103	0.0
7227.FBpp0080096	7227.FBpp0084015	0.0
7227.FBpp0077184	7227.FBpp0297903	0.0
7227.FBpp0086971	7227.FBpp0305751	0.0
7227.FBpp0291507	7227.FBpp0082221	0.0
7227.FBpp0301692	7227.FBpp0070117	0.0
7227.FBpp0100025	7227.FBpp0081521	0.0
7227.FBpp0070828	7227.FBpp0078310	0.0
7227.FBpp0085444	7227.FBpp0081134	0.0
7227.FBpp0070151	7227.FBpp0080431	0.0
7227.FBpp0076248	7227.FBpp0079300	0.0
7227.FBpp0074693	7227.FBpp0074635	0.0
7227.FBpp0090963	7227.FBpp0111378	0.0
7227.FBpp0078978	7227.FBpp0089110	0.0
7227.FBpp0074693	7227.FBpp0303678	0.0
7227.FBpp0087056	7227.FBpp0271712	0.0
7227.FBpp0091062	7227.FBpp0087502	0.0
7227.FBpp0112271	7227.FBpp0084562	0.0
7227.FBpp0082383	7227.FBpp0293245	0.0
7227.FBpp0077876	7227.FBpp0085095	0.0
7227.FBpp0304960	7227.FBpp0085818	0.0
7227.FBpp0305774	7227.FBpp0304450	0.0
7227.FBpp0080678	7227.FBpp0078612	0.0
7227.FBpp0304976	7227.FBpp0073599	0.0
7227.FBpp0078104	7227.FBpp0071443	0.0
7227.FBpp0291355	7227.FBpp0302775	0.0
7227.FBpp0086246	7227.FBpp0089246	0.0
7227.FBpp0078373	7227.FBpp0081452	0.0
7227.FBpp0082320	7227.FBpp0091137	0.0
7227.FBpp0303827	7227.FBpp0075913	0.0
7227.FBpp0289598	7227.FBpp0081593	0.0
7227.FBpp0293658	7227.FBpp0293881	0.0
7227.FBpp0304331	7227.FBpp0073449	0.0
7227.FBpp0090963	7227.FBpp0079211	0.0
7227.FBpp0079687	7227.FBpp0082475	0.0
7227.FBpp0075562	7227.FBpp0072646	0.0
7227.FBpp0306206	7227.FBpp0088075	0.0
7227.FBpp0080747	7227.FBpp0073028	0.0
7227.FBpp0077363	7227.FBpp0081850	0.0
7227.FBpp0301159	7227.FBpp0076237	0.0
7227.FBpp0072156	7227.FBpp0074800	0.0
7227.FBpp0300654	7227.FBpp0292835	0.0
7227.FBpp0290890	7227.FBpp0071992	0.0
7227.FBpp0072927	7227.FBpp0304733	0.0
7227.FBpp0079060	7227.FBpp0305828	0.0
7227.FBpp0100115	7227.FBpp0293784	0.0
7227.FBpp0289485	7227.FBpp0112203	0.0
7227.FBpp0289613	7227.FBpp0111309	0.0
7227.FBpp0076396	7227.FBpp0081557	0.0
7227.FBpp0072657	7227.FBpp0082441	0.0
7227.FBpp0075104	7227.FBpp0089286	0.0
7227.FBpp0078381	7227.FBpp0087915	0.0
7227.FBpp0086878	7227.FBpp0082333	0.0
7227.FBpp0078265	7227.FBpp0291627	0.0
7227.FBpp0081387	7227.FBpp0086597	0.0
7227.FBpp0087523	7227.FBpp0087478	0.0
7227.FBpp0289404	7227.FBpp0071949	0.0
7227.FBpp0078488	7227.FBpp0076242	0.0
7227.FBpp0305447	7227.FBpp0099477	0.0
7227.FBpp0111308	7227.FBpp0300230	0.0
7227.FBpp0074163	7227.FBpp0289470	0.0
7227.FBpp0074392	7227.FBpp0084049	0.0
7227.FBpp0076478	7227.FBpp0080736	0.0
7227.FBpp0303260	7227.FBpp0271694	0.0
7227.FBpp0088312	7227.FBpp0304692	0.0
7227.FBpp0100125	7227.FBpp0303840	0.0
7227.FBpp0082084	7227.FBpp0072807	0.0
7227.FBpp0301181	7227.FBpp0289256	0.0
7227.FBpp0290234	7227.FBpp0291744	0.0
7227.FBpp0072426	7227.FBpp0305475	0.0
7227.FBpp0111375	7227.FBpp0091077	0.0
7227.FBpp0297399	7227.FBpp0078312	0.0
7227.FBpp0091080	7227.FBpp0078581	0.0
7227.FBpp0075561	7227.FBpp0302602	0.0
7227.FBpp0074115	7227.FBpp0076413	0.0
7227.FBpp0072281	7227.FBpp0087637	0.0
7227.FBpp0086097	7227.FBpp0305722	0.0
7227.FBpp0079824	7227.FBpp0078087	0.0
7227.FBpp0077526	7227.FBpp0081002	0.0
7227.FBpp0099831	7227.FBpp0073127	0.0
7227.FBpp0072531	7227.FBpp0075627	0.0
7227.FBpp0304129	7227.FBpp0079829	0.0
7227.FBpp0081812	7227.FBpp0305009	0.0
7227.FBpp0294039	7227.FBpp0074159	0.0
7227.FBpp0076414	7227.FBpp0291627	0.0
7227.FBpp0081216	7227.FBpp0073068	0.0
7227.FBpp0085393	7227.FBpp0290239	0.0
7227.FBpp0089417	7227.FBpp0298349	0.0
7227.FBpp0303357	7227.FBpp0076095	0.0
7227.FBpp0293503	7227.FBpp0081521	0.0
7227.FBpp0081484	7227.FBpp0077412	0.0
7227.FBpp0086466	7227.FBpp0089395	0.0
7227.FBpp0082219	7227.FBpp0305303	0.0
7227.FBpp0112148	7227.FBpp0085332	0.0
7227.FBpp0087502	7227.FBpp0291560	0.0
7227.FBpp0077159	7227.FBpp0293661	0.0
7227.FBpp0301145	7227.FBpp0303511	0.0
7227.FBpp0303307	7227.FBpp0078895	0.0
7227.FBpp0088130	7227.FBpp0304061	0.0
7227.FBpp0086249	7227.FBpp0078636	0.0
7227.FBpp0080154	7227.FBpp0075426	0.0
7227.FBpp0076221	7227.FBpp0071694	0.0
7227.FBpp0085779	7227.FBpp0072926	0.0
7227.FBpp0084968	7227.FBpp0297891	0.0
7227.FBpp0081884	7227.FBpp0087235	0.0
7227.FBpp0300957	7227.FBpp0271758	0.0
7227.FBpp0291598	7227.FBpp0304566	0.0
7227.FBpp0080177	7227.FBpp0087313	0.0
7227.FBpp0303629	7227.FBpp0089184	0.0
7227.FBpp0072099	7227.FBpp0081064	0.0
7227.FBpp0084355	7227.FBpp0082688	0.0
7227.FBpp0294020	7227.FBpp0083431	0.0
7227.FBpp0289723	7227.FBpp0290783	0.0
7227.FBpp0271860	7227.FBpp0086912	0.0
7227.FBpp0077402	7227.FBpp0073202	0.0
7227.FBpp0303671	7227.FBpp0084527	0.0
7227.FBpp0078021	7227.FBpp0084268	0.0
7227.FBpp0301139	7227.FBpp0099879	0.0
7227.FBpp0083457	7227.FBpp0112244	0.0
7227.FBpp0082221	7227.FBpp0305605	0.0
7227.FBpp0070792	7227.FBpp0292860	0.0
7227.FBpp0292099	7227.FBpp0077471	0.0
7227.FBpp0072068	7227.FBpp0082383	0.0
7227.FBpp0079717	7227.FBpp0075117	0.0
7227.FBpp0082236	7227.FBpp0077215	0.0
7227.FBpp0082386	7227.FBpp0082830	0.0
7227.FBpp0077783	7227.FBpp0303489	0.0
7227.FBpp0084646	7227.FBpp0072166	0.0
7227.FBpp0080936	7227.FBpp0087558	0.0
7227.FBpp0087664	7227.FBpp0297413	0.0
7227.FBpp0289937	7227.FBpp0072172	0.0
7227.FBpp0077092	7227.FBpp0084452	0.0
7227.FBpp0083177	7227.FBpp0087290	0.0
7227.FBpp0289079	7227.FBpp0072129	0.0
7227.FBpp0300311	7227.FBpp0304492	0.0
7227.FBpp0073308	7227.FBpp0075799	0.0
7227.FBpp0289423	7227.FBpp0083202	0.0
7227.FBpp0073088	7227.FBpp0075837	0.0
7227.FBpp0082575	7227.FBpp0081096	0.0
7227.FBpp0074671	7227.FBpp0076653	0.0
7227.FBpp0087614	7227.FBpp0077975	0.0
7227.FBpp0081492	7227.FBpp0083214	0.0
7227.FBpp0074203	7227.FBpp0288686	0.0
7227.FBpp0073771	7227.FBpp0072382	0.0
7227.FBpp0076380	7227.FBpp0076595	0.0
7227.FBpp0087537	7227.FBpp0081650	0.0
7227.FBpp0073555	7227.FBpp0081588	0.0
7227.FBpp0086339	7227.FBpp0291059	0.0
7227.FBpp0070000	7227.FBpp0297937	0.0
7227.FBpp0077465	7227.FBpp0297250	0.0
7227.FBpp0082083	7227.FBpp0289520	0.0
7227.FBpp0289963	7227.FBpp0293861	0.0
7227.FBpp0289954	7227.FBpp0297716	0.0
7227.FBpp0085661	7227.FBpp0070655	0.0
7227.FBpp0071978	7227.FBpp0297769	0.0
7227.FBpp0084082	7227.FBpp0078317	0.0
7227.FBpp0075773	7227.FBpp0086168	0.0
7227.FBpp0078379	7227.FBpp0290027	0.0
7227.FBpp0111306	7227.FBpp0073949	0.0
7227.FBpp0110156	7227.FBpp0071993	0.0
7227.FBpp0075115	7227.FBpp0076670	0.0
7227.FBpp0304252	7227.FBpp0296968	0.0
7227.FBpp0087752	7227.FBpp0084806	0.0
7227.FBpp0300651	7227.FBpp0292904	0.0
7227.FBpp0087412	7227.FBpp0290979	0.0
7227.FBpp0289519	7227.FBpp0303956	0.0
7227.FBpp0075941	7227.FBpp0293463	0.0
7227.FBpp0086001	7227.FBpp0085403	0.0
7227.FBpp0290722	7227.FBpp0081382	0.0
7227.FBpp0073403	7227.FBpp0291263	0.0
7227.FBpp0080866	7227.FBpp0070286	0.0
7227.FBpp0071194	7227.FBpp0078350	0.0
7227.FBpp0070176	7227.FBpp0304478	0.0
7227.FBpp0292832	7227.FBpp0083729	0.0
7227.FBpp0112015	7227.FBpp0085801	0.0
7227.FBpp0082216	7227.FBpp0301555	0.0
7227.FBpp0078467	7227.FBpp0083629	0.0
7227.FBpp0083319	7227.FBpp0298274	0.0
7227.FBpp0077729	7227.FBpp0089012	0.0
7227.FBpp0074305	7227.FBpp0306152	0.0
7227.FBpp0291101	7227.FBpp0073791	0.0
7227.FBpp0082433	7227.FBpp0292530	0.0
7227.FBpp0075158	7227.FBpp0291656	0.0
7227.FBpp0082458	7227.FBpp0292477	0.0
7227.FBpp0077882	7227.FBpp0089415	0.0
7227.FBpp0303260	7227.FBpp0081638	0.0
7227.FBpp0293498	7227.FBpp0076701	0.0
7227.FBpp0076169	7227.FBpp0071672	0.0
7227.FBpp0080121	7227.FBpp0078104	0.0
7227.FBpp0083907	7227.FBpp0305784	0.0
7227.FBpp0072850	7227.FBpp0289707	0.0
7227.FBpp0303137	7227.FBpp0078035	0.0
7227.FBpp0075384	7227.FBpp0300995	0.0
7227.FBpp0080602	7227.FBpp0086881	0.0
7227.FBpp0288746	7227.FBpp0297712	0.0
7227.FBpp0085019	7227.FBpp0078485	0.0
7227.FBpp0083355	7227.FBpp0073280	0.0
7227.FBpp0081901	7227.FBpp0075343	0.0
7227.FBpp0113031	7227.FBpp0078448	0.0
7227.FBpp0078808	7227.FBpp0290487	0.0
7227.FBpp0076154	7227.FBpp0072098	0.0
7227.FBpp0085796	7227.FBpp0084812	0.0
7227.FBpp0081214	7227.FBpp0078788	0.0
7227.FBpp0290279	7227.FBpp0291907	0.0
7227.FBpp0078974	7227.FBpp0071974	0.0
7227.FBpp0075475	7227.FBpp0291039	0.0
7227.FBpp0289795	7227.FBpp0293430	0.0
7227.FBpp0291450	7227.FBpp0086312	0.0
7227.FBpp0303687	7227.FBpp0304593	0.0
7227.FBpp0078949	7227.FBpp0073564	0.0
7227.FBpp0078257	7227.FBpp0304448	0.0
7227.FBpp0082127	7227.FBpp0300973	0.0
7227.FBpp0305754	7227.FBpp0091141	0.0
7227.FBpp0083745	7227.FBpp0076201	0.0
7227.FBpp0091075	7227.FBpp0071832	0.0
7227.FBpp0084307	7227.FBpp0112011	0.0
7227.FBpp0071904	7227.FBpp0080402	0.0
7227.FBpp0089406	7227.FBpp0076948	0.0
7227.FBpp0292075	7227.FBpp0304644	0.0
7227.FBpp0112165	7227.FBpp0075635	0.0
7227.FBpp0078470	7227.FBpp0077448	0.0
7227.FBpp0075299	7227.FBpp0100131	0.0
7227.FBpp0288503	7227.FBpp0297920	0.0
7227.FBpp0082602	7227.FBpp0081655	0.0
7227.FBpp0293938	7227.FBpp0301218	0.0
7227.FBpp0305079	7227.FBpp0079366	0.0
7227.FBpp0088995	7227.FBpp0082611	0.0
7227.FBpp0302874	7227.FBpp0301046	0.0
7227.FBpp0074808	7227.FBpp0290338	0.0
7227.FBpp0071759	7227.FBpp0079871	0.0
7227.FBpp0080423	7227.FBpp0084466	0.0
7227.FBpp0288880	7227.FBpp0083546	0.0
7227.FBpp0070026	7227.FBpp0081746	0.0
7227.FBpp0071133	7227.FBpp0074139	0.0
7227.FBpp0079232	7227.FBpp0306145	0.0
7227.FBpp0082701	7227.FBpp0078243	0.0
7227.FBpp0086767	7227.FBpp0078899	0.0
7227.FBpp0073265	7227.FBpp0290244	0.0
7227.FBpp0074353	7227.FBpp0081834	0.0
7227.FBpp0070415	7227.FBpp0089020	0.0
7227.FBpp0305116	7227.FBpp0100025	0.0
7227.FBpp0078621	7227.FBpp0289569	0.0
7227.FBpp0111436	7227.FBpp0089109	0.0
7227.FBpp0306090	7227.FBpp0300889	0.0
7227.FBpp0291780	7227.FBpp0304249	0.0
7227.FBpp0084049	7227.FBpp0081600	0.0
7227.FBpp0288481	7227.FBpp0081860	0.0
7227.FBpp0077029	7227.FBpp0078687	0.0
7227.FBpp0077106	7227.FBpp0304238	0.0
7227.FBpp0298346	7227.FBpp0073536	0.0
7227.FBpp0087844	7227.FBpp0305546	0.0
7227.FBpp0077158	7227.FBpp0291674	0.0
7227.FBpp0074415	7227.FBpp0073198	0.0
7227.FBpp0088557	7227.FBpp0085052	0.0
7227.FBpp0100058	7227.FBpp0292393	0.0
7227.FBpp0082451	7227.FBpp0071808	0.0
7227.FBpp0071278	7227.FBpp0297578	0.0
7227.FBpp0083745	7227.FBpp0088123	0.0
7227.FBpp0081488	7227.FBpp0081840	0.0
7227.FBpp0291017	7227.FBpp0079264	0.0
7227.FBpp0089343	7227.FBpp0289252	0.0
7227.FBpp0081270	7227.FBpp0080142	0.0
7227.FBpp0085718	7227.FBpp0078979	0.0
7227.FBpp0291780	7227.FBpp0298822	0.0
7227.FBpp0075308	7227.FBpp0289867	0.0
7227.FBpp0088120	7227.FBpp0087890	0.0
7227.FBpp0081599	7227.FBpp0100112	0.0
7227.FBpp0077109	7227.FBpp0073066	0.0
7227.FBpp0071303	7227.FBpp0074951	0.0
7227.FBpp0289943	7227.FBpp0077785	0.0
7227.FBpp0300796	7227.FBpp0081794	0.0
7227.FBpp0112496	7227.FBpp0290890	0.0
7227.FBpp0085866	7227.FBpp0076340	0.0
7227.FBpp0078297	7227.FBpp0297928	0.0
7227.FBpp0288699	7227.FBpp0288950	0.0
7227.FBpp0076667	7227.FBpp0074325	0.0
7227.FBpp0070644	7227.FBpp0078303	0.0
7227.FBpp0079661	7227.FBpp0292860	0.0
7227.FBpp0089208	7227.FBpp0087218	0.0
7227.FBpp0300161	7227.FBpp0076338	0.0
7227.FBpp0288563	7227.FBpp0086324	0.0
7227.FBpp0112125	7227.FBpp0084549	0.0
7227.FBpp0304107	7227.FBpp0079613	0.0
7227.FBpp0085633	7227.FBpp0071553	0.0
7227.FBpp0087823	7227.FBpp0085348	0.0
7227.FBpp0088527	7227.FBpp0291943	0.0
7227.FBpp0111312	7227.FBpp0291004	0.0
7227.FBpp0080281	7227.FBpp0084401	0.0
7227.FBpp0089303	7227.FBpp0290191	0.0
7227.FBpp0084382	7227.FBpp0079913	0.0
7227.FBpp0085639	7227.FBpp0291907	0.0
7227.FBpp0303007	7227.FBpp0072940	0.0
7227.FBpp0088302	7227.FBpp0081722	0.0
7227.FBpp0074103	7227.FBpp0076540	0.0
7227.FBpp0071058	7227.FBpp0305065	0.0
7227.FBpp0293282	7227.FBpp0081654	0.0
7227.FBpp0302784	7227.FBpp0302705	0.0
7227.FBpp0071136	7227.FBpp0074087	0.0
7227.FBpp0075759	7227.FBpp0085007	0.0
7227.FBpp0305622	7227.FBpp0301047	0.0
7227.FBpp0304077	7227.FBpp0082246	0.0
7227.FBpp0084135	7227.FBpp0290925	0.0
7227.FBpp0083860	7227.FBpp0301702	0.0
7227.FBpp0086904	7227.FBpp0293421	0.0
7227.FBpp0084510	7227.FBpp0088783	0.0
7227.FBpp0078799	7227.FBpp0079500	0.0
7227.FBpp0084985	7227.FBpp0086068	0.0
7227.FBpp0112070	7227.FBpp0289094	0.0
7227.FBpp0297716	7227.FBpp0075245	0.0
7227.FBpp0074907	7227.FBpp0288693	0.0
7227.FBpp0292071	7227.FBpp0072576	0.0
7227.FBpp0301218	7227.FBpp0074382	0.0
7227.FBpp0303604	7227.FBpp0081240	0.0
7227.FBpp0080907	7227.FBpp0303462	0.0
7227.FBpp0289919	7227.FBpp0070953	0.0
7227.FBpp0289912	7227.FBpp0293249	0.0
7227.FBpp0084985	7227.FBpp0301159	0.0
7227.FBpp0304290	7227.FBpp0082746	0.0
7227.FBpp0305902	7227.FBpp0080506	0.0
7227.FBpp0073649	7227.FBpp0297069	0.0
7227.FBpp0081545	7227.FBpp0073198	0.0
7227.FBpp0089169	7227.FBpp0078337	0.0
7227.FBpp0082108	7227.FBpp0290496	0.0
7227.FBpp0080031	7227.FBpp0078089	0.0
7227.FBpp0305955	7227.FBpp0291384	0.0
7227.FBpp0302602	7227.FBpp0302704	0.0
7227.FBpp0074608	7227.FBpp0300428	0.0
7227.FBpp0078428	7227.FBpp0291990	0.0
7227.FBpp0293877	7227.FBpp0084155	0.0
7227.FBpp0100004	7227.FBpp0304615	0.0
7227.FBpp0288973	7227.FBpp0074259	0.0
7227.FBpp0084732	7227.FBpp0084985	0.0
7227.FBpp0085852	7227.FBpp0300797	0.0
7227.FBpp0112198	7227.FBpp0088436	0.0
7227.FBpp0305999	7227.FBpp0300653	0.0
7227.FBpp0298004	7227.FBpp0288762	0.0
7227.FBpp0291989	7227.FBpp0073806	0.0
7227.FBpp0089024	7227.FBpp0112423	0.0
7227.FBpp0086509	7227.FBpp0072569	0.0
7227.FBpp0084525	7227.FBpp0086752	0.0
7227.FBpp0290184	7227.FBpp0075983	0.0
7227.FBpp0081342	7227.FBpp0071278	0.0
7227.FBpp0083026	7227.FBpp0300938	0.0
7227.FBpp0078994	7227.FBpp0083397	0.0
7227.FBpp0086881	7227.FBpp0089108	0.0
7227.FBpp0289539	7227.FBpp0301155	0.0
7227.FBpp0086219	7227.FBpp0305582	0.0
7227.FBpp0304445	7227.FBpp0086289	0.0
7227.FBpp0085023	7227.FBpp0075338	0.0
7227.FBpp0112047	7227.FBpp0075550	0.0
7227.FBpp0292059	7227.FBpp0080738	0.0
7227.FBpp0297761	7227.FBpp0300668	0.0
7227.FBpp0075483	7227.FBpp0079782	0.0
7227.FBpp0083188	7227.FBpp0084864	0.0
7227.FBpp0082148	7227.FBpp0086082	0.0
7227.FBpp0301834	7227.FBpp0082625	0.0
7227.FBpp0084170	7227.FBpp0072401	0.0
7227.FBpp0304616	7227.FBpp0080763	0.0
7227.FBpp0076567	7227.FBpp0071738	0.0
7227.FBpp0301961	7227.FBpp0304688	0.0
7227.FBpp0082350	7227.FBpp0076923	0.0
7227.FBpp0071588	7227.FBpp0089012	0.0
7227.FBpp0297193	7227.FBpp0086089	0.0
7227.FBpp0086524	7227.FBpp0083293	0.0
7227.FBpp0076837	7227.FBpp0075913	0.0
7227.FBpp0113013	7227.FBpp0073740	0.0
7227.FBpp0077620	7227.FBpp0306155	0.0
7227.FBpp0072104	7227.FBpp0071688	0.0
7227.FBpp0078997	7227.FBpp0087570	0.0
7227.FBpp0099860	7227.FBpp0080822	0.0
7227.FBpp0077608	7227.FBpp0288405	0.0
7227.FBpp0085394	7227.FBpp0071759	0.0
7227.FBpp0297636	7227.FBpp0100026	0.0
7227.FBpp0086912	7227.FBpp0084983	0.0
7227.FBpp0071327	7227.FBpp0074139	0.0
7227.FBpp0075922	7227.FBpp0305737	0.0
7227.FBpp0297578	7227.FBpp0073145	0.0
7227.FBpp0305547	7227.FBpp0080537	0.0
7227.FBpp0083082	7227.FBpp0079094	0.0
7227.FBpp0070942	7227.FBpp0304492	0.0
7227.FBpp0304799	7227.FBpp0301957	0.0
7227.FBpp0304124	7227.FBpp0304891	0.0
7227.FBpp0071450	7227.FBpp0291005	0.0
7227.FBpp0085171	7227.FBpp0080872	0.0
7227.FBpp0304296	7227.FBpp0070078	0.0
7227.FBpp0289883	7227.FBpp0303911	0.0
7227.FBpp0076609	7227.FBpp0271837	0.0
7227.FBpp0078776	7227.FBpp0083824	0.0
7227.FBpp0080331	7227.FBpp0073151	0.0
7227.FBpp0083263	7227.FBpp0078976	0.0
7227.FBpp0297188	7227.FBpp0071516	0.0
7227.FBpp0084848	7227.FBpp0112153	0.0
7227.FBpp0099725	7227.FBpp0090973	0.0
7227.FBpp0303415	7227.FBpp0079653	0.0
7227.FBpp0079138	7227.FBpp0111384	0.0
7227.FBpp0099736	7227.FBpp0074459	0.0
7227.FBpp0303935	7227.FBpp0072184	0.0
7227.FBpp0088120	7227.FBpp0079850	0.0
7227.FBpp0271860	7227.FBpp0083936	0.0
7227.FBpp0074222	7227.FBpp0302838	0.0
7227.FBpp0084450	7227.FBpp0077478	0.0
7227.FBpp0071356	7227.FBpp0075215	0.0
7227.FBpp0304397	7227.FBpp0072593	0.0
7227.FBpp0077893	7227.FBpp0073874	0.0
7227.FBpp0080113	7227.FBpp0088337	0.0
7227.FBpp0304659	7227.FBpp0086721	0.0
7227.FBpp0074658	7227.FBpp0303745	0.0
7227.FBpp0081167	7227.FBpp0297146	0.0
7227.FBpp0075332	7227.FBpp0087168	0.0
7227.FBpp0072446	7227.FBpp0290716	0.0
7227.FBpp0081693	7227.FBpp0084360	0.0
7227.FBpp0291482	7227.FBpp0290578	0.0
7227.FBpp0078057	7227.FBpp0078315	0.0
7227.FBpp0305212	7227.FBpp0304349	0.0
7227.FBpp0085783	7227.FBpp0078885	0.0
7227.FBpp0291968	7227.FBpp0087609	0.0
7227.FBpp0076715	7227.FBpp0079395	0.0
7227.FBpp0076942	7227.FBpp0112992	0.0
7227.FBpp0075343	7227.FBpp0301775	0.0
7227.FBpp0082693	7227.FBpp0086091	0.0
7227.FBpp0304937	7227.FBpp0305025	0.0
7227.FBpp0292255	7227.FBpp0075930	0.0
7227.FBpp0303338	7227.FBpp0305067	0.0
7227.FBpp0303680	7227.FBpp0075559	0.0
7227.FBpp0087787	7227.FBpp0072777	0.0
7227.FBpp0083342	7227.FBpp0076375	0.0
7227.FBpp0075999	7227.FBpp0080229	0.0
7227.FBpp0304450	7227.FBpp0302640	0.0
7227.FBpp0301124	7227.FBpp0296986	0.0
7227.FBpp0088130	7227.FBpp0290092	0.0
7227.FBpp0291622	7227.FBpp0304752	0.0
7227.FBpp0078893	7227.FBpp0087168	0.0
7227.FBpp0099502	7227.FBpp0082591	0.0
7227.FBpp0081192	7227.FBpp0076472	0.0
7227.FBpp0291687	7227.FBpp0292342	0.0
7227.FBpp0074518	7227.FBpp0079833	0.0
7227.FBpp0305099	7227.FBpp0091001	0.0
7227.FBpp0305294	7227.FBpp0077101	0.0
7227.FBpp0075168	7227.FBpp0080907	0.0
7227.FBpp0305753	7227.FBpp0087189	0.0
7227.FBpp0084846	7227.FBpp0100125	0.0
7227.FBpp0086055	7227.FBpp0073411	0.0
7227.FBpp0302953	7227.FBpp0075559	0.0
7227.FBpp0084015	7227.FBpp0112140	0.0
7227.FBpp0289553	7227.FBpp0113069	0.0
7227.FBpp0111485	7227.FBpp0073754	0.0
7227.FBpp0085319	7227.FBpp0086082	0.0
7227.FBpp0086156	7227.FBpp0082895	0.0
7227.FBpp0083006	7227.FBpp0078764	0.0
7227.FBpp0085296	7227.FBpp0079153	0.0
7227.FBpp0083088	7227.FBpp0110324	0.0
7227.FBpp0070992	7227.FBpp0271697	0.0
7227.FBpp0079471	7227.FBpp0080652	0.0
7227.FBpp0078578	7227.FBpp0297148	0.0
7227.FBpp0071291	7227.FBpp0080936	0.0
7227.FBpp0077158	7227.FBpp0301775	0.0
7227.FBpp0293958	7227.FBpp0074200	0.0
7227.FBpp0291757	7227.FBpp0077060	0.0
7227.FBpp0302569	7227.FBpp0083355	0.0
7227.FBpp0112244	7227.FBpp0074633	0.0
7227.FBpp0081787	7227.FBpp0088670	0.0
7227.FBpp0077250	7227.FBpp0110229	0.0
7227.FBpp0082745	7227.FBpp0072847	0.0
7227.FBpp0075857	7227.FBpp0090973	0.0
7227.FBpp0088873	7227.FBpp0290648	0.0
7227.FBpp0082681	7227.FBpp0086515	0.0
7227.FBpp0300323	7227.FBpp0079590	0.0
7227.FBpp0289770	7227.FBpp0072597	0.0
7227.FBpp0289723	7227.FBpp0306198	0.0
7227.FBpp0111442	7227.FBpp0079224	0.0
7227.FBpp0303840	7227.FBpp0087089	0.0
7227.FBpp0087321	7227.FBpp0300867	0.0
7227.FBpp0075940	7227.FBpp0081098	0.0
7227.FBpp0080446	7227.FBpp0305236	0.0
7227.FBpp0304501	7227.FBpp0288657	0.0
7227.FBpp0076375	7227.FBpp0079869	0.0
7227.FBpp0077366	7227.FBpp0074033	0.0
7227.FBpp0305590	7227.FBpp0288907	0.0
7227.FBpp0297596	7227.FBpp0087675	0.0
7227.FBpp0073572	7227.FBpp0076635	0.0
7227.FBpp0081792	7227.FBpp0073962	0.0
7227.FBpp0072050	7227.FBpp0087117	0.0
7227.FBpp0072925	7227.FBpp0085109	0.0
7227.FBpp0304767	7227.FBpp0076451	0.0
7227.FBpp0290168	7227.FBpp0078128	0.0
7227.FBpp0305897	7227.FBpp0301082	0.0
7227.FBpp0292025	7227.FBpp0301834	0.0
7227.FBpp0077099	7227.FBpp0082657	0.0
7227.FBpp0293386	7227.FBpp0072188	0.0
7227.FBpp0303899	7227.FBpp0302838	0.0
7227.FBpp0079173	7227.FBpp0072710	0.0
7227.FBpp0088048	7227.FBpp0077322	0.0
7227.FBpp0081866	7227.FBpp0304809	0.0
7227.FBpp0075827	7227.FBpp0081978	0.0
7227.FBpp0289222	7227.FBpp0085389	0.0
7227.FBpp0075288	7227.FBpp0291943	0.0
7227.FBpp0079127	7227.FBpp0073039	0.0
7227.FBpp0293061	7227.FBpp0084150	0.0
7227.FBpp0083797	7227.FBpp0303634	0.0
7227.FBpp0304852	7227.FBpp0082998	0.0
7227.FBpp0087659	7227.FBpp0080188	0.0
7227.FBpp0078648	7227.FBpp0304713	0.0
7227.FBpp0087299	7227.FBpp0088498	0.0
7227.FBpp0111684	7227.FBpp0084975	0.0
7227.FBpp0088146	7227.FBpp0075946	0.0
7227.FBpp0081555	7227.FBpp0300457	0.0
7227.FBpp0072102	7227.FBpp0300443	0.0
7227.FBpp0112306	7227.FBpp0297709	0.0
7227.FBpp0292353	7227.FBpp0297363	0.0
7227.FBpp0074176	7227.FBpp0076598	0.0
7227.FBpp0084436	7227.FBpp0300552	0.0
7227.FBpp0290996	7227.FBpp0082907	0.0
7227.FBpp0085115	7227.FBpp0303976	0.0
7227.FBpp0077877	7227.FBpp0301042	0.0
7227.FBpp0080584	7227.FBpp0292902	0.0
7227.FBpp0289919	7227.FBpp0084107	0.0
7227.FBpp0078898	7227.FBpp0086879	0.0
7227.FBpp0086010	7227.FBpp0303019	0.0
7227.FBpp0083641	7227.FBpp0088630	0.0
7227.FBpp0297228	7227.FBpp0077156	0.0
7227.FBpp0073779	7227.FBpp0303622	0.0
7227.FBpp0086066	7227.FBpp0079863	0.0
7227.FBpp0072233	7227.FBpp0077259	0.0
7227.FBpp0071301	7227.FBpp0078001	0.0
7227.FBpp0078799	7227.FBpp0290914	0.0
7227.FBpp0271691	7227.FBpp0303581	0.0
7227.FBpp0073869	7227.FBpp0305881	0.0
7227.FBpp0076670	7227.FBpp0303253	0.0
7227.FBpp0297067	7227.FBpp0292473	0.0
7227.FBpp0077131	7227.FBpp0289670	0.0
7227.FBpp0305244	7227.FBpp0292384	0.0
7227.FBpp0084397	7227.FBpp0070939	0.0
7227.FBpp0072723	7227.FBpp0082688	0.0
7227.FBpp0301016	7227.FBpp0297554	0.0
7227.FBpp0077846	7227.FBpp0075141	0.0
7227.FBpp0084866	7227.FBpp0079548	0.0
7227.FBpp0290174	7227.FBpp0305103	0.0
7227.FBpp0085915	7227.FBpp0076043	0.0
7227.FBpp0075881	7227.FBpp0084199	0.0
7227.FBpp0079427	7227.FBpp0072381	0.0
7227.FBpp0086071	7227.FBpp0304813	0.0
7227.FBpp0290754	7227.FBpp0073895	0.0
7227.FBpp0076388	7227.FBpp0071639	0.0
7227.FBpp0083733	7227.FBpp0083694	0.0
7227.FBpp0302687	7227.FBpp0079737	0.0
7227.FBpp0083732	7227.FBpp0074920	0.0
7227.FBpp0305588	7227.FBpp0300553	0.0
7227.FBpp0075849	7227.FBpp0078066	0.0
7227.FBpp0076740	7227.FBpp0081978	0.0
7227.FBpp0074581	7227.FBpp0076546	0.0
7227.FBpp0302759	7227.FBpp0086426	0.0
7227.FBpp0074352	7227.FBpp0271901	0.0
7227.FBpp0084363	7227.FBpp0089316	0.0
7227.FBpp0290008	7227.FBpp0110592	0.0
7227.FBpp0079912	7227.FBpp0072977	0.0
7227.FBpp0112047	7227.FBpp0083388	0.0
7227.FBpp0078741	7227.FBpp0082525	0.0
7227.FBpp0086741	7227.FBpp0081098	0.0
7227.FBpp0301151	7227.FBpp0303850	0.0
7227.FBpp0079716	7227.FBpp0070279	0.0
7227.FBpp0301212	7227.FBpp0301961	0.0
7227.FBpp0292350	7227.FBpp0113057	0.0
7227.FBpp0304183	7227.FBpp0082996	0.0
7227.FBpp0303976	7227.FBpp0087367	0.0
7227.FBpp0087844	7227.FBpp0290208	0.0
7227.FBpp0290937	7227.FBpp0292932	0.0
7227.FBpp0099776	7227.FBpp0294016	0.0
7227.FBpp0087889	7227.FBpp0305850	0.0
7227.FBpp0300411	7227.FBpp0290755	0.0
7227.FBpp0291039	7227.FBpp0290069	0.0
7227.FBpp0087141	7227.FBpp0111581	0.0
7227.FBpp0085665	7227.FBpp0079828	0.0
7227.FBpp0292060	7227.FBpp0304135	0.0
7227.FBpp0087844	7227.FBpp0297283	0.0
7227.FBpp0111401	7227.FBpp0082589	0.0
7227.FBpp0293190	7227.FBpp0289423	0.0
7227.FBpp0078110	7227.FBpp0111674	0.0
7227.FBpp0288782	7227.FBpp0079791	0.0
7227.FBpp0293192	7227.FBpp0289880	0.0
7227.FBpp0074116	7227.FBpp0085865	0.0
7227.FBpp0300980	7227.FBpp0305210	0.0
7227.FBpp0086244	7227.FBpp0075651	0.0
7227.FBpp0074658	7227.FBpp0079860	0.0
7227.FBpp0112188	7227.FBpp0077629	0.0
7227.FBpp0305834	7227.FBpp0088676	0.0
7227.FBpp0077295	7227.FBpp0306007	0.0
7227.FBpp0112103	7227.FBpp0077271	0.0
7227.FBpp0302772	7227.FBpp0071802	0.0
7227.FBpp0300990	7227.FBpp0291085	0.0
7227.FBpp0297707	7227.FBpp0078101	0.0
7227.FBpp0080202	7227.FBpp0297948	0.0
7227.FBpp0072545	7227.FBpp0304201	0.0
7227.FBpp0082233	7227.FBpp0086971	0.0
7227.FBpp0296941	7227.FBpp0073158	0.0
7227.FBpp0289415	7227.FBpp0072608	0.0
7227.FBpp0082027	7227.FBpp0301274	0.0
7227.FBpp0078933	7227.FBpp0088213	0.0
7227.FBpp0087167	7227.FBpp0082719	0.0
7227.FBpp0078967	7227.FBpp0086323	0.0
7227.FBpp0292329	7227.FBpp0300394	0.0
7227.FBpp0074400	7227.FBpp0082361	0.0
7227.FBpp0084787	7227.FBpp0085822	0.0
7227.FBpp0080759	7227.FBpp0271928	0.0
7227.FBpp0290772	7227.FBpp0088980	0.0
7227.FBpp0084138	7227.FBpp0075141	0.0
7227.FBpp0077059	7227.FBpp0083946	0.0
7227.FBpp0082778	7227.FBpp0082077	0.0
7227.FBpp0300859	7227.FBpp0079406	0.0
7227.FBpp0077312	7227.FBpp0073681	0.0
7227.FBpp0304732	7227.FBpp0088371	0.0
7227.FBpp0303555	7227.FBpp0302942	0.0
7227.FBpp0297765	7227.FBpp0070348	0.0
7227.FBpp0079589	7227.FBpp0291361	0.0
7227.FBpp0076621	7227.FBpp0076685	0.0
7227.FBpp0083616	7227.FBpp0083983	0.0
7227.FBpp0088777	7227.FBpp0086787	0.0
7227.FBpp0291714	7227.FBpp0073520	0.0
7227.FBpp0072130	7227.FBpp0086525	0.0
7227.FBpp0073771	7227.FBpp0070842	0.0
7227.FBpp0303376	7227.FBpp0084549	0.0
7227.FBpp0070543	7227.FBpp0303718	0.0
7227.FBpp0306231	7227.FBpp0290419	0.0
7227.FBpp0088123	7227.FBpp0303780	0.0
7227.FBpp0291561	7227.FBpp0074638	0.0
7227.FBpp0088927	7227.FBpp0303531	0.0
7227.FBpp0077627	7227.FBpp0087961	0.0
7227.FBpp0071092	7227.FBpp0080422	0.0
7227.FBpp0073040	7227.FBpp0078678	0.0
7227.FBpp0083584	7227.FBpp0078006	0.0
7227.FBpp0083149	7227.FBpp0071129	0.0
7227.FBpp0099482	7227.FBpp0088285	0.0
7227.FBpp0292203	7227.FBpp0073088	0.0
7227.FBpp0292143	7227.FBpp0080583	0.0
7227.FBpp0080053	7227.FBpp0293421	0.0
7227.FBpp0070726	7227.FBpp0111436	0.0
7227.FBpp0077636	7227.FBpp0304236	0.0
7227.FBpp0303303	7227.FBpp0085115	0.0
7227.FBpp0292107	7227.FBpp0293430	0.0
7227.FBpp0072545	7227.FBpp0111848	0.0
7227.FBpp0070356	7227.FBpp0303035	0.0
7227.FBpp0074484	7227.FBpp0297076	0.0
7227.FBpp0083341	7227.FBpp0289382	0.0
7227.FBpp0301733	7227.FBpp0072173	0.0
7227.FBpp0082778	7227.FBpp0079578	0.0
7227.FBpp0076965	7227.FBpp0302581	0.0
7227.FBpp0303309	7227.FBpp0080154	0.0
7227.FBpp0304069	7227.FBpp0082867	0.0
7227.FBpp0290228	7227.FBpp0292840	0.0
7227.FBpp0290082	7227.FBpp0071177	0.0
7227.FBpp0082719	7227.FBpp0111439	0.0
7227.FBpp0071082	7227.FBpp0075880	0.0
7227.FBpp0078807	7227.FBpp0303535	0.0
7227.FBpp0073134	7227.FBpp0305334	0.0
7227.FBpp0303531	7227.FBpp0087286	0.0
7227.FBpp0076009	7227.FBpp0293590	0.0
7227.FBpp0293748	7227.FBpp0084977	0.0
7227.FBpp0088995	7227.FBpp0303135	0.0
7227.FBpp0072232	7227.FBpp0072162	0.0
7227.FBpp0070609	7227.FBpp0301799	0.0
7227.FBpp0080956	7227.FBpp0073328	0.0
7227.FBpp0084449	7227.FBpp0077500	0.0
7227.FBpp0077367	7227.FBpp0301154	0.0
7227.FBpp0112198	7227.FBpp0074095	0.0
7227.FBpp0292796	7227.FBpp0072379	0.0
7227.FBpp0304574	7227.FBpp0070992	0.0
7227.FBpp0288685	7227.FBpp0091107	0.0
7227.FBpp0080855	7227.FBpp0082062	0.0
7227.FBpp0084848	7227.FBpp0304349	0.0
7227.FBpp0084344	7227.FBpp0085236	0.0
7227.FBpp0290118	7227.FBpp0081593	0.0
7227.FBpp0080904	7227.FBpp0082046	0.0
7227.FBpp0290548	7227.FBpp0289548	0.0
7227.FBpp0081722	7227.FBpp0084902	0.0
7227.FBpp0305076	7227.FBpp0305105	0.0
7227.FBpp0079790	7227.FBpp0082549	0.0
7227.FBpp0088337	7227.FBpp0082163	0.0
7227.FBpp0292371	7227.FBpp0305173	0.0
7227.FBpp0083048	7227.FBpp0288693	0.0
7227.FBpp0077598	7227.FBpp0303280	0.0
7227.FBpp0111738	7227.FBpp0304342	0.0
7227.FBpp0112180	7227.FBpp0070875	0.0
7227.FBpp0301108	7227.FBpp0099608	0.0
7227.FBpp0086405	7227.FBpp0293950	0.0
7227.FBpp0072003	7227.FBpp0292772	0.0
7227.FBpp0306161	7227.FBpp0087029	0.0
7227.FBpp0297709	7227.FBpp0086851	0.0
7227.FBpp0305772	7227.FBpp0304501	0.0
7227.FBpp0075267	7227.FBpp0079309	0.0
7227.FBpp0084507	7227.FBpp0300457	0.0
7227.FBpp0083763	7227.FBpp0291321	0.0
7227.FBpp0085491	7227.FBpp0077742	0.0
7227.FBpp0087648	7227.FBpp0290166	0.0
7227.FBpp0290421	7227.FBpp0073108	0.0
7227.FBpp0082108	7227.FBpp0300440	0.0
7227.FBpp0111717	7227.FBpp0073870	0.0
7227.FBpp0074248	7227.FBpp0085300	0.0
7227.FBpp0091094	7227.FBpp0112323	0.0
7227.FBpp0301845	7227.FBpp0081197	0.0
7227.FBpp0072299	7227.FBpp0303512	0.0
7227.FBpp0077428	7227.FBpp0289943	0.0
7227.FBpp0077356	7227.FBpp0070170	0.0
7227.FBpp0080317	7227.FBpp0089085	0.0
7227.FBpp0305582	7227.FBpp0087770	0.0
7227.FBpp0291597	7227.FBpp0304596	0.0
7227.FBpp0086323	7227.FBpp0073944	0.0
7227.FBpp0303241	7227.FBpp0086567	0.0
7227.FBpp0072201	7227.FBpp0080917	0.0
7227.FBpp0111308	7227.FBpp0075876	0.0
7227.FBpp0303326	7227.FBpp0078101	0.0
7227.FBpp0293287	7227.FBpp0111385	0.0
7227.FBpp0082784	7227.FBpp0077878	0.0
7227.FBpp0085999	7227.FBpp0086056	0.0
7227.FBpp0083488	7227.FBpp0289355	0.0
7227.FBpp0304183	7227.FBpp0082576	0.0
7227.FBpp0084919	7227.FBpp0078733	0.0
7227.FBpp0080298	7227.FBpp0290341	0.0
7227.FBpp0080870	7227.FBpp0293782	0.0
7227.FBpp0292196	7227.FBpp0085014	0.0
7227.FBpp0290032	7227.FBpp0112339	0.0
7227.FBpp0297493	7227.FBpp0087257	0.0
7227.FBpp0073059	7227.FBpp0302543	0.0
7227.FBpp0076335	7227.FBpp0084039	0.0
7227.FBpp0292017	7227.FBpp0083337	0.0
7227.FBpp0077703	7227.FBpp0082412	0.0
7227.FBpp0084852	7227.FBpp0302888	0.0
7227.FBpp0300453	7227.FBpp0076546	0.0
7227.FBpp0305568	7227.FBpp0081722	0.0
7227.FBpp0075585	7227.FBpp0080111	0.0
7227.FBpp0079372	7227.FBpp0078736	0.0
7227.FBpp0306146	7227.FBpp0081492	0.0
7227.FBpp0086071	7227.FBpp0303711	0.0
7227.FBpp0291258	7227.FBpp0087793	0.0
7227.FBpp0077937	7227.FBpp0085304	0.0
7227.FBpp0081448	7227.FBpp0071734	0.0
7227.FBpp0077500	7227.FBpp0083655	0.0
7227.FBpp0084234	7227.FBpp0082016	0.0
7227.FBpp0082140	7227.FBpp0077050	0.0
7227.FBpp0290784	7227.FBpp0085893	0.0
7227.FBpp0306154	7227.FBpp0298288	0.0
7227.FBpp0292196	7227.FBpp0084429	0.0
7227.FBpp0075267	7227.FBpp0293428	0.0
7227.FBpp0289903	7227.FBpp0086049	0.0
7227.FBpp0071794	7227.FBpp0088676	0.0
7227.FBpp0070576	7227.FBpp0300891	0.0
7227.FBpp0084985	7227.FBpp0289179	0.0
7227.FBpp0305402	7227.FBpp0085149	0.0
7227.FBpp0303430	7227.FBpp0084267	0.0
7227.FBpp0080865	7227.FBpp0076303	0.0
7227.FBpp0304391	7227.FBpp0297548	0.0
7227.FBpp0077382	7227.FBpp0071484	0.0
7227.FBpp0074808	7227.FBpp0072640	0.0
7227.FBpp0085077	7227.FBpp0078867	0.0
7227.FBpp0076998	7227.FBpp0087887	0.0
7227.FBpp0079380	7227.FBpp0074602	0.0
7227.FBpp0290383	7227.FBpp0082545	0.0
7227.FBpp0075074	7227.FBpp0084346	0.0
7227.FBpp0085783	7227.FBpp0292508	0.0
7227.FBpp0083719	7227.FBpp0291046	0.0
7227.FBpp0078873	7227.FBpp0304759	0.0
7227.FBpp0088002	7227.FBpp0086851	0.0
7227.FBpp0304788	7227.FBpp0082695	0.0
7227.FBpp0305484	7227.FBpp0090943	0.0
7227.FBpp0072269	7227.FBpp0304747	0.0
7227.FBpp0294042	7227.FBpp0099902	0.0
7227.FBpp0071702	7227.FBpp0087762	0.0
7227.FBpp0304393	7227.FBpp0305430	0.0
7227.FBpp0086661	7227.FBpp0291509	0.0
7227.FBpp0073564	7227.FBpp0071741	0.0
7227.FBpp0086870	7227.FBpp0305674	0.0
7227.FBpp0079525	7227.FBpp0290401	0.0
7227.FBpp0304576	7227.FBpp0087713	0.0
7227.FBpp0080541	7227.FBpp0087353	0.0
7227.FBpp0111521	7227.FBpp0078631	0.0
7227.FBpp0083206	7227.FBpp0297282	0.0
7227.FBpp0304316	7227.FBpp0087204	0.0
7227.FBpp0075349	7227.FBpp0087636	0.0
7227.FBpp0099453	7227.FBpp0078263	0.0
7227.FBpp0082856	7227.FBpp0304878	0.0
7227.FBpp0085015	7227.FBpp0079813	0.0
7227.FBpp0099403	7227.FBpp0074105	0.0
7227.FBpp0100140	7227.FBpp0271771	0.0
7227.FBpp0290890	7227.FBpp0111335	0.0
7227.FBpp0076595	7227.FBpp0303252	0.0
7227.FBpp0075118	7227.FBpp0289286	0.0
7227.FBpp0289867	7227.FBpp0271901	0.0
7227.FBpp0074253	7227.FBpp0078391	0.0
7227.FBpp0271912	7227.FBpp0076169	0.0
7227.FBpp0084333	7227.FBpp0084453	0.0
7227.FBpp0089109	7227.FBpp0082996	0.0
7227.FBpp0078229	7227.FBpp0304201	0.0
7227.FBpp0087876	7227.FBpp0077406	0.0
7227.FBpp0292440	7227.FBpp0077290	0.0
7227.FBpp0084328	7227.FBpp0087785	0.0
7227.FBpp0073031	7227.FBpp0304248	0.0
7227.FBpp0076314	7227.FBpp0086138	0.0
7227.FBpp0091062	7227.FBpp0292153	0.0
7227.FBpp0111475	7227.FBpp0297095	0.0
7227.FBpp0083338	7227.FBpp0085489	0.0
7227.FBpp0084329	7227.FBpp0072853	0.0
7227.FBpp0084466	7227.FBpp0304473	0.0
7227.FBpp0088522	7227.FBpp0080880	0.0
7227.FBpp0110170	7227.FBpp0079573	0.0
7227.FBpp0075120	7227.FBpp0075580	0.0
7227.FBpp0081946	7227.FBpp0072784	0.0
7227.FBpp0292832	7227.FBpp0297902	0.0
7227.FBpp0072401	7227.FBpp0083599	0.0
7227.FBpp0084881	7227.FBpp0085486	0.0
7227.FBpp0292792	7227.FBpp0080872	0.0
7227.FBpp0071323	7227.FBpp0070845	0.0
7227.FBpp0288522	7227.FBpp0306034	0.0
7227.FBpp0074936	7227.FBpp0292931	0.0
7227.FBpp0088146	7227.FBpp0305269	0.0
7227.FBpp0080096	7227.FBpp0081907	0.0
7227.FBpp0305164	7227.FBpp0079541	0.0
7227.FBpp0076997	7227.FBpp0084119	0.0
7227.FBpp0077564	7227.FBpp0293210	0.0
7227.FBpp0289453	7227.FBpp0305825	0.0
7227.FBpp0303023	7227.FBpp0300394	0.0
7227.FBpp0078561	7227.FBpp0099552	0.0
7227.FBpp0072960	7227.FBpp0302969	0.0
7227.FBpp0072927	7227.FBpp0084970	0.0
7227.FBpp0074325	7227.FBpp0301801	0.0
7227.FBpp0300957	7227.FBpp0086583	0.0
7227.FBpp0072609	7227.FBpp0293716	0.0
7227.FBpp0075875	7227.FBpp0077073	0.0
7227.FBpp0074571	7227.FBpp0082154	0.0
7227.FBpp0070770	7227.FBpp0305544	0.0
7227.FBpp0085419	7227.FBpp0305009	0.0
7227.FBpp0073590	7227.FBpp0290265	0.0
7227.FBpp0289670	7227.FBpp0304954	0.0
7227.FBpp0080598	7227.FBpp0290402	0.0
7227.FBpp0081484	7227.FBpp0088410	0.0
7227.FBpp0302591	7227.FBpp0294016	0.0
7227.FBpp0289459	7227.FBpp0075585	0.0
7227.FBpp0081868	7227.FBpp0081668	0.0
7227.FBpp0303612	7227.FBpp0070513	0.0
7227.FBpp0082127	7227.FBpp0293527	0.0
7227.FBpp0290495	7227.FBpp0303025	0.0
7227.FBpp0088002	7227.FBpp0099913	0.0
7227.FBpp0075437	7227.FBpp0085393	0.0
7227.FBpp0070249	7227.FBpp0074429	0.0
7227.FBpp0090985	7227.FBpp0084165	0.0
7227.FBpp0289270	7227.FBpp0073649	0.0
7227.FBpp0072750	7227.FBpp0288563	0.0
7227.FBpp0293283	7227.FBpp0083293	0.0
7227.FBpp0078577	7227.FBpp0305607	0.0
7227.FBpp0073449	7227.FBpp0085132	0.0
7227.FBpp0088213	7227.FBpp0290727	0.0
7227.FBpp0090963	7227.FBpp0304474	0.0
7227.FBpp0072557	7227.FBpp0073111	0.0
7227.FBpp0291762	7227.FBpp0072697	0.0
7227.FBpp0112229	7227.FBpp0301160	0.0
7227.FBpp0304268	7227.FBpp0070325	0.0
7227.FBpp0084550	7227.FBpp0087769	0.0
7227.FBpp0074607	7227.FBpp0075644	0.0
7227.FBpp0271758	7227.FBpp0071661	0.0
7227.FBpp0070131	7227.FBpp0073770	0.0
7227.FBpp0112015	7227.FBpp0082626	0.0
7227.FBpp0088908	7227.FBpp0292772	0.0
7227.FBpp0292067	7227.FBpp0072287	0.0
7227.FBpp0076703	7227.FBpp0085460	0.0
7227.FBpp0072247	7227.FBpp0074633	0.0
7227.FBpp0081552	7227.FBpp0303013	0.0
7227.FBpp0079355	7227.FBpp0297142	0.0
7227.FBpp0291519	7227.FBpp0293428	0.0
7227.FBpp0304751	7227.FBpp0072880	0.0
7227.FBpp0290309	7227.FBpp0099481	0.0
7227.FBpp0072247	7227.FBpp0085818	0.0
7227.FBpp0085021	7227.FBpp0073555	0.0
7227.FBpp0086152	7227.FBpp0081185	0.0
7227.FBpp0080520	7227.FBpp0084260	0.0
7227.FBpp0082134	7227.FBpp0087505	0.0
7227.FBpp0089077	7227.FBpp0072145	0.0
7227.FBpp0298271	7227.FBpp0091117	0.0
7227.FBpp0071929	7227.FBpp0079988	0.0
7227.FBpp0078864	7227.FBpp0288828	0.0
7227.FBpp0305212	7227.FBpp0073376	0.0
7227.FBpp0111639	7227.FBpp0113067	0.0
7227.FBpp0296985	7227.FBpp0077893	0.0
7227.FBpp0085038	7227.FBpp0079295	0.0
7227.FBpp0298273	7227.FBpp0082379	0.0
7227.FBpp0082659	7227.FBpp0077581	0.0
7227.FBpp0074099	7227.FBpp0082737	0.0
7227.FBpp0083923	7227.FBpp0073986	0.0
7227.FBpp0083389	7227.FBpp0078923	0.0
7227.FBpp0085376	7227.FBpp0078799	0.0
7227.FBpp0303779	7227.FBpp0078428	0.0
7227.FBpp0290509	7227.FBpp0288481	0.0
7227.FBpp0088864	7227.FBpp0304984	0.0
7227.FBpp0073379	7227.FBpp0087318	0.0
7227.FBpp0087737	7227.FBpp0271897	0.0
7227.FBpp0111662	7227.FBpp0085559	0.0
7227.FBpp0099545	7227.FBpp0111644	0.0
7227.FBpp0306232	7227.FBpp0086535	0.0
7227.FBpp0292132	7227.FBpp0087056	0.0
7227.FBpp0112352	7227.FBpp0088978	0.0
7227.FBpp0079752	7227.FBpp0289153	0.0
7227.FBpp0304804	7227.FBpp0083629	0.0
7227.FBpp0305294	7227.FBpp0079652	0.0
7227.FBpp0073005	7227.FBpp0303912	0.0
7227.FBpp0073520	7227.FBpp0100114	0.0
7227.FBpp0087346	7227.FBpp0083135	0.0
7227.FBpp0078006	7227.FBpp0291603	0.0
7227.FBpp0091075	7227.FBpp0084084	0.0
7227.FBpp0084505	7227.FBpp0290092	0.0
7227.FBpp0079274	7227.FBpp0300165	0.0
7227.FBpp0306216	7227.FBpp0080635	0.0
7227.FBpp0078252	7227.FBpp0084525	0.0
7227.FBpp0072172	7227.FBpp0291747	0.0
7227.FBpp0304077	7227.FBpp0076904	0.0
7227.FBpp0083415	7227.FBpp0291188	0.0
7227.FBpp0087757	7227.FBpp0074425	0.0
7227.FBpp0075881	7227.FBpp0293430	0.0
7227.FBpp0089077	7227.FBpp0297927	0.0
7227.FBpp0305994	7227.FBpp0288434	0.0
7227.FBpp0293684	7227.FBpp0289485	0.0
7227.FBpp0088079	7227.FBpp0304685	0.0
7227.FBpp0088525	7227.FBpp0082247	0.0
7227.FBpp0304732	7227.FBpp0085325	0.0
7227.FBpp0075556	7227.FBpp0291417	0.0
7227.FBpp0072205	7227.FBpp0297529	0.0
7227.FBpp0301604	7227.FBpp0297575	0.0
7227.FBpp0289812	7227.FBpp0303116	0.0
7227.FBpp0083823	7227.FBpp0081068	0.0
7227.FBpp0303218	7227.FBpp0086168	0.0
7227.FBpp0072482	7227.FBpp0292453	0.0
7227.FBpp0112035	7227.FBpp0071169	0.0
7227.FBpp0070176	7227.FBpp0087033	0.0
7227.FBpp0085365	7227.FBpp0083646	0.0
7227.FBpp0085643	7227.FBpp0072531	0.0
7227.FBpp0081414	7227.FBpp0080094	0.0
7227.FBpp0298014	7227.FBpp0288524	0.0
7227.FBpp0289557	7227.FBpp0077775	0.0
7227.FBpp0072926	7227.FBpp0305552	0.0
7227.FBpp0293119	7227.FBpp0082189	0.0
7227.FBpp0081332	7227.FBpp0078331	0.0
7227.FBpp0082025	7227.FBpp0088665	0.0
7227.FBpp0070199	7227.FBpp0303212	0.0
7227.FBpp0292334	7227.FBpp0072287	0.0
7227.FBpp0303386	7227.FBpp0074035	0.0
7227.FBpp0072482	7227.FBpp0077378	0.0
7227.FBpp0079716	7227.FBpp0073518	0.0
7227.FBpp0080119	7227.FBpp0084570	0.0
7227.FBpp0074034	7227.FBpp0300794	0.0
7227.FBpp0077448	7227.FBpp0082536	0.0
7227.FBpp0110144	7227.FBpp0074470	0.0
7227.FBpp0091063	7227.FBpp0070856	0.0
7227.FBpp0291497	7227.FBpp0086044	0.0
7227.FBpp0080448	7227.FBpp0077479	0.0
7227.FBpp0088079	7227.FBpp0301714	0.0
7227.FBpp0087668	7227.FBpp0073475	0.0
7227.FBpp0071550	7227.FBpp0072723	0.0
7227.FBpp0302694	7227.FBpp0298023	0.0
7227.FBpp0294016	7227.FBpp0300164	0.0
7227.FBpp0088216	7227.FBpp0100169	0.0
7227.FBpp0077618	7227.FBpp0086530	0.0
7227.FBpp0298023	7227.FBpp0305738	0.0
7227.FBpp0071254	7227.FBpp0081844	0.0
7227.FBpp0072469	7227.FBpp0085624	0.0
7227.FBpp0081388	7227.FBpp0073561	0.0
7227.FBpp0080260	7227.FBpp0085089	0.0
7227.FBpp0083540	7227.FBpp0087259	0.0
7227.FBpp0081304	7227.FBpp0072346	0.0
7227.FBpp0077094	7227.FBpp0070162	0.0
7227.FBpp0099837	7227.FBpp0113137	0.0
7227.FBpp0077322	7227.FBpp0301801	0.0
7227.FBpp0070277	7227.FBpp0302703	0.0
7227.FBpp0303387	7227.FBpp0293485	0.0
7227.FBpp0074456	7227.FBpp0072660	0.0
7227.FBpp0289080	7227.FBpp0078422	0.0
7227.FBpp0078298	7227.FBpp0075250	0.0
7227.FBpp0080604	7227.FBpp0086432	0.0
7227.FBpp0085039	7227.FBpp0292479	0.0
7227.FBpp0290262	7227.FBpp0072063	0.0
7227.FBpp0072894	7227.FBpp0081199	0.0
7227.FBpp0078678	7227.FBpp0291115	0.0
7227.FBpp0271906	7227.FBpp0075195	0.0
7227.FBpp0298014	7227.FBpp0085903	0.0
7227.FBpp0077637	7227.FBpp0072834	0.0
7227.FBpp0291564	7227.FBpp0077743	0.0
7227.FBpp0081335	7227.FBpp0071718	0.0
7227.FBpp0087963	7227.FBpp0078111	0.0
7227.FBpp0088843	7227.FBpp0071434	0.0
7227.FBpp0087297	7227.FBpp0293797	0.0
7227.FBpp0110170	7227.FBpp0292931	0.0
7227.FBpp0073222	7227.FBpp0079194	0.0
7227.FBpp0298369	7227.FBpp0297530	0.0
7227.FBpp0074484	7227.FBpp0084081	0.0
7227.FBpp0087190	7227.FBpp0303388	0.0
7227.FBpp0085528	7227.FBpp0072037	0.0
7227.FBpp0076258	7227.FBpp0289018	0.0
7227.FBpp0078684	7227.FBpp0076970	0.0
7227.FBpp0086113	7227.FBpp0305582	0.0
7227.FBpp0080244	7227.FBpp0082158	0.0
7227.FBpp0075600	7227.FBpp0072998	0.0
7227.FBpp0271956	7227.FBpp0075512	0.0
7227.FBpp0298009	7227.FBpp0078381	0.0
7227.FBpp0110309	7227.FBpp0099640	0.0
7227.FBpp0081631	7227.FBpp0078723	0.0
7227.FBpp0087285	7227.FBpp0290879	0.0
7227.FBpp0288973	7227.FBpp0305067	0.0
7227.FBpp0303388	7227.FBpp0293784	0.0
7227.FBpp0087213	7227.FBpp0071663	0.0
7227.FBpp0081930	7227.FBpp0080602	0.0
7227.FBpp0074564	7227.FBpp0300615	0.0
7227.FBpp0088531	7227.FBpp0099546	0.0
7227.FBpp0078112	7227.FBpp0302023	0.0
7227.FBpp0071062	7227.FBpp0303430	0.0
7227.FBpp0112922	7227.FBpp0289615	0.0
7227.FBpp0081239	7227.FBpp0073119	0.0
7227.FBpp0080111	7227.FBpp0074314	0.0
7227.FBpp0289954	7227.FBpp0076935	0.0
7227.FBpp0112043	7227.FBpp0304975	0.0
7227.FBpp0079185	7227.FBpp0078224	0.0
7227.FBpp0300311	7227.FBpp0076043	0.0
7227.FBpp0086488	7227.FBpp0111648	0.0
7227.FBpp0288644	7227.FBpp0083187	0.0
7227.FBpp0302561	7227.FBpp0074527	0.0
7227.FBpp0088858	7227.FBpp0077265	0.0
7227.FBpp0081533	7227.FBpp0076235	0.0
7227.FBpp0081766	7227.FBpp0113040	0.0
7227.FBpp0099986	7227.FBpp0087235	0.0
7227.FBpp0080368	7227.FBpp0079837	0.0
7227.FBpp0086068	7227.FBpp0291355	0.0
7227.FBpp0110220	7227.FBpp0292075	0.0
7227.FBpp0076622	7227.FBpp0085387	0.0
7227.FBpp0291394	7227.FBpp0088682	0.0
7227.FBpp0073210	7227.FBpp0083254	0.0
7227.FBpp0305868	7227.FBpp0074343	0.0
7227.FBpp0078057	7227.FBpp0297409	0.0
7227.FBpp0085947	7227.FBpp0075068	0.0
7227.FBpp0083501	7227.FBpp0303950	0.0
7227.FBpp0292990	7227.FBpp0291089	0.0
7227.FBpp0088437	7227.FBpp0293410	0.0
7227.FBpp0070950	7227.FBpp0075264	0.0
7227.FBpp0079250	7227.FBpp0291725	0.0
7227.FBpp0080975	7227.FBpp0073164	0.0
7227.FBpp0081713	7227.FBpp0070053	0.0
7227.FBpp0082451	7227.FBpp0072640	0.0
7227.FBpp0083672	7227.FBpp0087188	0.0
7227.FBpp0081189	7227.FBpp0087903	0.0
7227.FBpp0070199	7227.FBpp0077567	0.0
7227.FBpp0082639	7227.FBpp0070471	0.0
7227.FBpp0090990	7227.FBpp0271702	0.0
7227.FBpp0083678	7227.FBpp0072221	0.0
7227.FBpp0074849	7227.FBpp0072440	0.0
7227.FBpp0099862	7227.FBpp0076833	0.0
7227.FBpp0112122	7227.FBpp0087946	0.0
7227.FBpp0081197	7227.FBpp0289556	0.0
7227.FBpp0083646	7227.FBpp0081350	0.0
7227.FBpp0083299	7227.FBpp0301704	0.0
7227.FBpp0089234	7227.FBpp0080472	0.0
7227.FBpp0081134	7227.FBpp0111529	0.0
7227.FBpp0075904	7227.FBpp0081467	0.0
7227.FBpp0075903	7227.FBpp0088268	0.0
7227.FBpp0077294	7227.FBpp0293749	0.0
7227.FBpp0304077	7227.FBpp0078050	0.0
7227.FBpp0084028	7227.FBpp0111438	0.0
7227.FBpp0292400	7227.FBpp0071756	0.0
7227.FBpp0082022	7227.FBpp0305736	0.0
7227.FBpp0088423	7227.FBpp0079769	0.0
7227.FBpp0087360	7227.FBpp0112446	0.0
7227.FBpp0084579	7227.FBpp0078532	0.0
7227.FBpp0082029	7227.FBpp0084562	0.0
7227.FBpp0305313	7227.FBpp0302687	0.0
7227.FBpp0073140	7227.FBpp0302533	0.0
7227.FBpp0300180	7227.FBpp0076745	0.0
7227.FBpp0304410	7227.FBpp0111287	0.0
7227.FBpp0084447	7227.FBpp0078553	0.0
7227.FBpp0291347	7227.FBpp0304571	0.0
7227.FBpp0079218	7227.FBpp0303351	0.0
7227.FBpp0078743	7227.FBpp0071209	0.0
7227.FBpp0079445	7227.FBpp0083861	0.0
7227.FBpp0078754	7227.FBpp0289355	0.0
7227.FBpp0081391	7227.FBpp0293608	0.0
7227.FBpp0111306	7227.FBpp0087797	0.0
7227.FBpp0079919	7227.FBpp0112010	0.0
7227.FBpp0078997	7227.FBpp0081765	0.0
7227.FBpp0078911	7227.FBpp0072902	0.0
7227.FBpp0292902	7227.FBpp0082169	0.0
7227.FBpp0304202	7227.FBpp0074470	0.0
7227.FBpp0079235	7227.FBpp0289080	0.0
7227.FBpp0084521	7227.FBpp0072598	0.0
7227.FBpp0080382	7227.FBpp0078065	0.0
7227.FBpp0083959	7227.FBpp0072868	0.0
7227.FBpp0084268	7227.FBpp0100129	0.0
7227.FBpp0074822	7227.FBpp0290047	0.0
7227.FBpp0085056	7227.FBpp0075186	0.0
7227.FBpp0087797	7227.FBpp0077402	0.0
7227.FBpp0075801	7227.FBpp0077228	0.0
7227.FBpp0076825	7227.FBpp0084553	0.0
7227.FBpp0076544	7227.FBpp0070691	0.0
7227.FBpp0084113	7227.FBpp0076219	0.0
7227.FBpp0110588	7227.FBpp0111418	0.0
7227.FBpp0073975	7227.FBpp0074364	0.0
7227.FBpp0080661	7227.FBpp0085019	0.0
7227.FBpp0088960	7227.FBpp0081451	0.0
7227.FBpp0290578	7227.FBpp0070644	0.0
7227.FBpp0087353	7227.FBpp0087464	0.0
7227.FBpp0077636	7227.FBpp0072212	0.0
7227.FBpp0289252	7227.FBpp0305243	0.0
7227.FBpp0271729	7227.FBpp0076783	0.0
7227.FBpp0071532	7227.FBpp0077236	0.0
7227.FBpp0075051	7227.FBpp0085990	0.0
7227.FBpp0074103	7227.FBpp0084681	0.0
7227.FBpp0302580	7227.FBpp0076439	0.0
7227.FBpp0292035	7227.FBpp0304092	0.0
7227.FBpp0290957	7227.FBpp0071739	0.0
7227.FBpp0077813	7227.FBpp0112317	0.0
7227.FBpp0078554	7227.FBpp0080853	0.0
7227.FBpp0293184	7227.FBpp0291143	0.0
7227.FBpp0304788	7227.FBpp0298339	0.0
7227.FBpp0085797	7227.FBpp0073599	0.0
7227.FBpp0289094	7227.FBpp0073503	0.0
7227.FBpp0086719	7227.FBpp0071406	0.0
7227.FBpp0070208	7227.FBpp0086281	0.0
7227.FBpp0080293	7227.FBpp0293852	0.0
7227.FBpp0112207	7227.FBpp0074706	0.0
7227.FBpp0271791	7227.FBpp0111442	0.0
7227.FBpp0081820	7227.FBpp0305795	0.0
7227.FBpp0085065	7227.FBpp0073536	0.0
7227.FBpp0083502	7227.FBpp0077479	0.0
7227.FBpp0087236	7227.FBpp0084937	0.0
7227.FBpp0079712	7227.FBpp0076020	0.0
7227.FBpp0289860	7227.FBpp0305645	0.0
7227.FBpp0085334	7227.FBpp0072470	0.0
7227.FBpp0087224	7227.FBpp0300411	0.0
7227.FBpp0072130	7227.FBpp0297301	0.0
7227.FBpp0088814	7227.FBpp0077326	0.0
7227.FBpp0076459	7227.FBpp0086841	0.0
7227.FBpp0089130	7227.FBpp0082661	0.0
7227.FBpp0303776	7227.FBpp0303338	0.0
7227.FBpp0077668	7227.FBpp0084927	0.0
7227.FBpp0305590	7227.FBpp0074898	0.0
7227.FBpp0304587	7227.FBpp0288835	0.0
7227.FBpp0073154	7227.FBpp0086859	0.0
7227.FBpp0081333	7227.FBpp0290082	0.0
7227.FBpp0290996	7227.FBpp0072569	0.0
7227.FBpp0072312	7227.FBpp0074530	0.0
7227.FBpp0086324	7227.FBpp0088558	0.0
7227.FBpp0293609	7227.FBpp0304251	0.0
7227.FBpp0075759	7227.FBpp0085743	0.0
7227.FBpp0077295	7227.FBpp0084306	0.0
7227.FBpp0071956	7227.FBpp0297647	0.0
7227.FBpp0082216	7227.FBpp0301020	0.0
7227.FBpp0078760	7227.FBpp0078855	0.0
7227.FBpp0087815	7227.FBpp0113069	0.0
7227.FBpp0081521	7227.FBpp0301692	0.0
7227.FBpp0289517	7227.FBpp0305611	0.0
7227.FBpp0081886	7227.FBpp0297772	0.0
7227.FBpp0082707	7227.FBpp0080190	0.0
7227.FBpp0075736	7227.FBpp0079139	0.0
7227.FBpp0082467	7227.FBpp0290727	0.0
7227.FBpp0085419	7227.FBpp0087298	0.0
7227.FBpp0072307	7227.FBpp0079838	0.0
7227.FBpp0081074	7227.FBpp0293465	0.0
7227.FBpp0073771	7227.FBpp0087744	0.0
7227.FBpp0074918	7227.FBpp0082148	0.0
7227.FBpp0084307	7227.FBpp0070785	0.0
7227.FBpp0070383	7227.FBpp0085959	0.0
7227.FBpp0291554	7227.FBpp0070111	0.0
7227.FBpp0085052	7227.FBpp0292869	0.0
7227.FBpp0301831	7227.FBpp0080431	0.0
7227.FBpp0080684	7227.FBpp0303384	0.0
7227.FBpp0070305	7227.FBpp0077717	0.0
7227.FBpp0099765	7227.FBpp0081101	0.0
7227.FBpp0083450	7227.FBpp0292096	0.0
7227.FBpp0081868	7227.FBpp0078020	0.0
7227.FBpp0289453	7227.FBpp0300830	0.0
7227.FBpp0085549	7227.FBpp0084421	0.0
7227.FBpp0085737	7227.FBpp0072056	0.0
7227.FBpp0086021	7227.FBpp0082323	0.0
7227.FBpp0303355	7227.FBpp0084624	0.0
7227.FBpp0294027	7227.FBpp0088809	0.0
7227.FBpp0082576	7227.FBpp0073779	0.0
7227.FBpp0289150	7227.FBpp0084881	0.0
7227.FBpp0076622	7227.FBpp0075849	0.0
7227.FBpp0291076	7227.FBpp0072750	0.0
7227.FBpp0085639	7227.FBpp0083093	0.0
7227.FBpp0289669	7227.FBpp0072378	0.0
7227.FBpp0075759	7227.FBpp0289649	0.0
7227.FBpp0305570	7227.FBpp0290890	0.0
7227.FBpp0302635	7227.FBpp0305741	0.0
7227.FBpp0072082	7227.FBpp0303808	0.0
7227.FBpp0292253	7227.FBpp0076961	0.0
7227.FBpp0070531	7227.FBpp0081394	0.0
7227.FBpp0074679	7227.FBpp0290498	0.0
7227.FBpp0071547	7227.FBpp0292796	0.0
7227.FBpp0072999	7227.FBpp0298822	0.0
7227.FBpp0301831	7227.FBpp0304797	0.0
7227.FBpp0072322	7227.FBpp0083738	0.0
7227.FBpp0294022	7227.FBpp0088878	0.0
7227.FBpp0303587	7227.FBpp0083502	0.0
7227.FBpp0086691	7227.FBpp0082776	0.0
7227.FBpp0304770	7227.FBpp0086894	0.0
7227.FBpp0303321	7227.FBpp0081959	0.0
7227.FBpp0076359	7227.FBpp0085778	0.0
7227.FBpp0083729	7227.FBpp0078934	0.0
7227.FBpp0304025	7227.FBpp0086944	0.0
7227.FBpp0088641	7227.FBpp0082867	0.0
7227.FBpp0083117	7227.FBpp0289545	0.0
7227.FBpp0070158	7227.FBpp0305404	0.0
7227.FBpp0305219	7227.FBpp0081361	0.0
7227.FBpp0089401	7227.FBpp0078954	0.0
7227.FBpp0084690	7227.FBpp0085850	0.0
7227.FBpp0080904	7227.FBpp0073606	0.0
7227.FBpp0081434	7227.FBpp0082650	0.0
7227.FBpp0303988	7227.FBpp0083135	0.0
7227.FBpp0075276	7227.FBpp0082175	0.0
7227.FBpp0085642	7227.FBpp0112779	0.0
7227.FBpp0289473	7227.FBpp0304504	0.0
7227.FBpp0099998	7227.FBpp0303311	0.0
7227.FBpp0083861	7227.FBpp0087784	0.0
7227.FBpp0112384	7227.FBpp0087850	0.0
7227.FBpp0297866	7227.FBpp0297100	0.0
7227.FBpp0085662	7227.FBpp0083151	0.0
7227.FBpp0077077	7227.FBpp0087152	0.0
7227.FBpp0074571	7227.FBpp0290497	0.0
7227.FBpp0071954	7227.FBpp0079573	0.0
7227.FBpp0078631	7227.FBpp0070828	0.0
7227.FBpp0291574	7227.FBpp0300204	0.0
7227.FBpp0302613	7227.FBpp0305477	0.0
7227.FBpp0271946	7227.FBpp0075895	0.0
7227.FBpp0305741	7227.FBpp0078648	0.0
7227.FBpp0304500	7227.FBpp0086231	0.0
7227.FBpp0076678	7227.FBpp0075325	0.0
7227.FBpp0303239	7227.FBpp0071623	0.0
7227.FBpp0087152	7227.FBpp0099381	0.0
7227.FBpp0081641	7227.FBpp0087616	0.0
7227.FBpp0074518	7227.FBpp0087755	0.0
7227.FBpp0079488	7227.FBpp0086701	0.0
7227.FBpp0078329	7227.FBpp0076241	0.0
7227.FBpp0071442	7227.FBpp0078249	0.0
7227.FBpp0081314	7227.FBpp0078561	0.0
7227.FBpp0292024	7227.FBpp0074090	0.0
7227.FBpp0088370	7227.FBpp0070209	0.0
7227.FBpp0079102	7227.FBpp0289685	0.0
7227.FBpp0082650	7227.FBpp0099444	0.0
7227.FBpp0078450	7227.FBpp0081666	0.0
7227.FBpp0087656	7227.FBpp0076872	0.0
7227.FBpp0071406	7227.FBpp0074176	0.0
7227.FBpp0082997	7227.FBpp0071968	0.0
7227.FBpp0078279	7227.FBpp0082840	0.0
7227.FBpp0079699	7227.FBpp0081601	0.0
7227.FBpp0072062	7227.FBpp0076396	0.0
7227.FBpp0077932	7227.FBpp0083626	0.0
7227.FBpp0087784	7227.FBpp0081754	0.0
7227.FBpp0087767	7227.FBpp0099403	0.0
7227.FBpp0082198	7227.FBpp0089317	0.0
7227.FBpp0076936	7227.FBpp0071904	0.0
7227.FBpp0289352	7227.FBpp0085296	0.0
7227.FBpp0294016	7227.FBpp0085444	0.0
7227.FBpp0075348	7227.FBpp0091105	0.0
7227.FBpp0077350	7227.FBpp0078629	0.0
7227.FBpp0086055	7227.FBpp0091155	0.0
7227.FBpp0089092	7227.FBpp0293958	0.0
7227.FBpp0305904	7227.FBpp0290341	0.0
7227.FBpp0074984	7227.FBpp0077229	0.0
7227.FBpp0086000	7227.FBpp0082140	0.0
7227.FBpp0303461	7227.FBpp0082029	0.0
7227.FBpp0080915	7227.FBpp0084586	0.0
7227.FBpp0084152	7227.FBpp0303088	0.0
7227.FBpp0305210	7227.FBpp0073536	0.0
7227.FBpp0304007	7227.FBpp0083584	0.0
7227.FBpp0086571	7227.FBpp0289314	0.0
7227.FBpp0077532	7227.FBpp0077406	0.0
7227.FBpp0301799	7227.FBpp0302845	0.0
7227.FBpp0301217	7227.FBpp0305341	0.0
7227.FBpp0074470	7227.FBpp0089286	0.0
7227.FBpp0302532	7227.FBpp0080997	0.0
7227.FBpp0290347	7227.FBpp0303013	0.0
7227.FBpp0075384	7227.FBpp0080408	0.0
7227.FBpp0304635	7227.FBpp0071333	0.0
7227.FBpp0083471	7227.FBpp0079830	0.0
7227.FBpp0077037	7227.FBpp0071761	0.0
7227.FBpp0301612	7227.FBpp0288569	0.0
7227.FBpp0289185	7227.FBpp0071356	0.0
7227.FBpp0111793	7227.FBpp0290725	0.0
7227.FBpp0085042	7227.FBpp0086769	0.0
7227.FBpp0079759	7227.FBpp0297409	0.0
7227.FBpp0070676	7227.FBpp0079593	0.0
7227.FBpp0300637	7227.FBpp0289592	0.0
7227.FBpp0303235	7227.FBpp0080907	0.0
7227.FBpp0081658	7227.FBpp0085888	0.0
7227.FBpp0080732	7227.FBpp0099552	0.0
7227.FBpp0113001	7227.FBpp0080506	0.0
7227.FBpp0303562	7227.FBpp0077268	0.0
7227.FBpp0296949	7227.FBpp0086074	0.0
7227.FBpp0289176	7227.FBpp0301211	0.0
7227.FBpp0111404	7227.FBpp0084735	0.0
7227.FBpp0080437	7227.FBpp0289109	0.0
7227.FBpp0073668	7227.FBpp0305006	0.0
7227.FBpp0085021	7227.FBpp0084524	0.0
7227.FBpp0084363	7227.FBpp0079595	0.0
7227.FBpp0070538	7227.FBpp0074343	0.0
7227.FBpp0074655	7227.FBpp0291573	0.0
7227.FBpp0298045	7227.FBpp0070562	0.0
7227.FBpp0081138	7227.FBpp0076639	0.0
7227.FBpp0291865	7227.FBpp0079073	0.0
7227.FBpp0303355	7227.FBpp0082340	0.0
7227.FBpp0071547	7227.FBpp0291967	0.0
7227.FBpp0081179	7227.FBpp0078242	0.0
7227.FBpp0303819	7227.FBpp0078008	0.0
7227.FBpp0078778	7227.FBpp0085872	0.0
7227.FBpp0305732	7227.FBpp0075631	0.0
7227.FBpp0077682	7227.FBpp0112500	0.0
7227.FBpp0085634	7227.FBpp0300555	0.0
7227.FBpp0083813	7227.FBpp0112140	0.0
7227.FBpp0081324	7227.FBpp0073959	0.0
7227.FBpp0071381	7227.FBpp0305521	0.0
7227.FBpp0289976	7227.FBpp0110319	0.0
7227.FBpp0073959	7227.FBpp0077636	0.0
7227.FBpp0304068	7227.FBpp0071092	0.0
7227.FBpp0080143	7227.FBpp0089042	0.0
7227.FBpp0076542	7227.FBpp0079045	0.0
7227.FBpp0291459	7227.FBpp0292253	0.0
7227.FBpp0087632	7227.FBpp0292110	0.0
7227.FBpp0080947	7227.FBpp0075071	0.0
7227.FBpp0082638	7227.FBpp0291785	0.0
7227.FBpp0073416	7227.FBpp0082349	0.0
7227.FBpp0080302	7227.FBpp0087235	0.0
7227.FBpp0081598	7227.FBpp0082215	0.0
7227.FBpp0076607	7227.FBpp0072640	0.0
7227.FBpp0085774	7227.FBpp0074905	0.0
7227.FBpp0070542	7227.FBpp0292016	0.0
7227.FBpp0076437	7227.FBpp0301283	0.0
7227.FBpp0083397	7227.FBpp0297118	0.0
7227.FBpp0083911	7227.FBpp0302823	0.0
7227.FBpp0304061	7227.FBpp0070511	0.0
7227.FBpp0300974	7227.FBpp0099686	0.0
7227.FBpp0075429	7227.FBpp0071049	0.0
7227.FBpp0076625	7227.FBpp0080152	0.0
7227.FBpp0076329	7227.FBpp0070545	0.0
7227.FBpp0080421	7227.FBpp0079766	0.0
7227.FBpp0073503	7227.FBpp0073386	0.0
7227.FBpp0074893	7227.FBpp0071279	0.0
7227.FBpp0074451	7227.FBpp0076959	0.0
7227.FBpp0301145	7227.FBpp0304031	0.0
7227.FBpp0075141	7227.FBpp0292334	0.0
7227.FBpp0082127	7227.FBpp0111977	0.0
7227.FBpp0079610	7227.FBpp0073297	0.0
7227.FBpp0303082	7227.FBpp0300568	0.0
7227.FBpp0112118	7227.FBpp0110523	0.0
7227.FBpp0306000	7227.FBpp0070939	0.0
7227.FBpp0082676	7227.FBpp0081565	0.0
7227.FBpp0301713	7227.FBpp0077522	0.0
7227.FBpp0085129	7227.FBpp0078227	0.0
7227.FBpp0077909	7227.FBpp0071396	0.0
7227.FBpp0291725	7227.FBpp0071133	0.0
7227.FBpp0081681	7227.FBpp0081356	0.0
7227.FBpp0089289	7227.FBpp0088022	0.0
7227.FBpp0070878	7227.FBpp0292132	0.0
7227.FBpp0075829	7227.FBpp0100134	0.0
7227.FBpp0085540	7227.FBpp0081383	0.0
7227.FBpp0297736	7227.FBpp0290878	0.0
7227.FBpp0293079	7227.FBpp0297243	0.0
7227.FBpp0083341	7227.FBpp0089382	0.0
7227.FBpp0089166	7227.FBpp0304236	0.0
7227.FBpp0305731	7227.FBpp0303979	0.0
7227.FBpp0084015	7227.FBpp0083299	0.0
7227.FBpp0290174	7227.FBpp0112207	0.0
7227.FBpp0077722	7227.FBpp0292349	0.0
7227.FBpp0079366	7227.FBpp0070415	0.0
7227.FBpp0304645	7227.FBpp0085523	0.0
7227.FBpp0089246	7227.FBpp0293190	0.0
7227.FBpp0302001	7227.FBpp0085264	0.0
7227.FBpp0084427	7227.FBpp0076312	0.0
7227.FBpp0074519	7227.FBpp0074305	0.0
7227.FBpp0084915	7227.FBpp0291598	0.0
7227.FBpp0072385	7227.FBpp0079383	0.0
7227.FBpp0099812	7227.FBpp0078122	0.0
7227.FBpp0083149	7227.FBpp0302912	0.0
7227.FBpp0087970	7227.FBpp0071636	0.0
7227.FBpp0079829	7227.FBpp0079357	0.0
7227.FBpp0081037	7227.FBpp0076642	0.0
7227.FBpp0074212	7227.FBpp0113080	0.0
7227.FBpp0304911	7227.FBpp0079453	0.0
7227.FBpp0077683	7227.FBpp0081588	0.0
7227.FBpp0306054	7227.FBpp0074771	0.0
7227.FBpp0306219	7227.FBpp0302824	0.0
7227.FBpp0070912	7227.FBpp0099453	0.0
7227.FBpp0080387	7227.FBpp0289473	0.0
7227.FBpp0085466	7227.FBpp0300950	0.0
7227.FBpp0303385	7227.FBpp0086515	0.0
7227.FBpp0085042	7227.FBpp0077021	0.0
7227.FBpp0304312	7227.FBpp0288522	0.0
7227.FBpp0075113	7227.FBpp0074658	0.0
7227.FBpp0082077	7227.FBpp0303862	0.0
7227.FBpp0305610	7227.FBpp0288735	0.0
7227.FBpp0087569	7227.FBpp0089166	0.0
7227.FBpp0304313	7227.FBpp0289133	0.0
7227.FBpp0078936	7227.FBpp0085219	0.0
7227.FBpp0078272	7227.FBpp0080738	0.0
7227.FBpp0084311	7227.FBpp0072491	0.0
7227.FBpp0086385	7227.FBpp0301604	0.0
7227.FBpp0075833	7227.FBpp0291121	0.0
7227.FBpp0087286	7227.FBpp0075585	0.0
7227.FBpp0290653	7227.FBpp0073258	0.0
7227.FBpp0113040	7227.FBpp0082050	0.0
7227.FBpp0078531	7227.FBpp0110405	0.0
7227.FBpp0078759	7227.FBpp0082648	0.0
7227.FBpp0087253	7227.FBpp0073219	0.0
7227.FBpp0084557	7227.FBpp0305470	0.0
7227.FBpp0083265	7227.FBpp0083553	0.0
7227.FBpp0074668	7227.FBpp0306219	0.0
7227.FBpp0304330	7227.FBpp0071999	0.0
7227.FBpp0090985	7227.FBpp0112196	0.0
7227.FBpp0087952	7227.FBpp0074992	0.0
7227.FBpp0297205	7227.FBpp0084616	0.0
7227.FBpp0298349	7227.FBpp0072529	0.0
7227.FBpp0298281	7227.FBpp0291757	0.0
7227.FBpp0079791	7227.FBpp0302705	0.0
7227.FBpp0292621	7227.FBpp0289109	0.0
7227.FBpp0085634	7227.FBpp0110549	0.0
7227.FBpp0304431	7227.FBpp0076480	0.0
7227.FBpp0289266	7227.FBpp0071289	0.0
7227.FBpp0078302	7227.FBpp0086511	0.0
7227.FBpp0076265	7227.FBpp0100046	0.0
7227.FBpp0288660	7227.FBpp0076234	0.0
7227.FBpp0086082	7227.FBpp0086977	0.0
7227.FBpp0071293	7227.FBpp0086837	0.0
7227.FBpp0081170	7227.FBpp0087366	0.0
7227.FBpp0301212	7227.FBpp0077878	0.0
7227.FBpp0298045	7227.FBpp0086066	0.0
7227.FBpp0082770	7227.FBpp0083457	0.0
7227.FBpp0112061	7227.FBpp0110439	0.0
7227.FBpp0113073	7227.FBpp0075274	0.0
7227.FBpp0292111	7227.FBpp0082994	0.0
7227.FBpp0081763	7227.FBpp0077412	0.0
7227.FBpp0079272	7227.FBpp0072455	0.0
7227.FBpp0076462	7227.FBpp0082704	0.0
7227.FBpp0079709	7227.FBpp0112103	0.0
7227.FBpp0086487	7227.FBpp0289416	0.0
7227.FBpp0110309	7227.FBpp0076596	0.0
7227.FBpp0078987	7227.FBpp0305954	0.0
7227.FBpp0080467	7227.FBpp0085039	0.0
7227.FBpp0075875	7227.FBpp0085775	0.0
7227.FBpp0082221	7227.FBpp0083769	0.0
7227.FBpp0087656	7227.FBpp0086498	0.0
7227.FBpp0110071	7227.FBpp0300165	0.0
7227.FBpp0074485	7227.FBpp0084578	0.0
7227.FBpp0077245	7227.FBpp0289723	0.0
7227.FBpp0071015	7227.FBpp0080815	0.0
7227.FBpp0081638	7227.FBpp0072346	0.0
7227.FBpp0078864	7227.FBpp0087023	0.0
7227.FBpp0076338	7227.FBpp0073440	0.0
7227.FBpp0070035	7227.FBpp0294018	0.0
7227.FBpp0297229	7227.FBpp0110483	0.0
7227.FBpp0072231	7227.FBpp0083738	0.0
7227.FBpp0078111	7227.FBpp0079685	0.0
7227.FBpp0073388	7227.FBpp0302824	0.0
7227.FBpp0085681	7227.FBpp0081873	0.0
7227.FBpp0099726	7227.FBpp0074762	0.0
7227.FBpp0111270	7227.FBpp0079787	0.0
7227.FBpp0302608	7227.FBpp0088312	0.0
7227.FBpp0301610	7227.FBpp0111669	0.0
7227.FBpp0083342	7227.FBpp0074145	0.0
7227.FBpp0293851	7227.FBpp0085007	0.0
7227.FBpp0303605	7227.FBpp0078864	0.0
7227.FBpp0302052	7227.FBpp0074536	0.0
7227.FBpp0292034	7227.FBpp0081507	0.0
7227.FBpp0080754	7227.FBpp0305639	0.0
7227.FBpp0110582	7227.FBpp0075630	0.0
7227.FBpp0085815	7227.FBpp0073377	0.0
7227.FBpp0091051	7227.FBpp0293611	0.0
7227.FBpp0304788	7227.FBpp0075631	0.0
7227.FBpp0289528	7227.FBpp0080096	0.0
7227.FBpp0074529	7227.FBpp0087505	0.0
7227.FBpp0087495	7227.FBpp0083183	0.0
7227.FBpp0083582	7227.FBpp0297910	0.0
7227.FBpp0087909	7227.FBpp0081732	0.0
7227.FBpp0081984	7227.FBpp0075901	0.0
7227.FBpp0289579	7227.FBpp0072361	0.0
7227.FBpp0304471	7227.FBpp0083912	0.0
7227.FBpp0078111	7227.FBpp0289938	0.0
7227.FBpp0084543	7227.FBpp0297408	0.0
7227.FBpp0289355	7227.FBpp0302904	0.0
7227.FBpp0304455	7227.FBpp0082412	0.0
7227.FBpp0081565	7227.FBpp0077480	0.0
7227.FBpp0075114	7227.FBpp0086107	0.0
7227.FBpp0290045	7227.FBpp0070180	0.0
7227.FBpp0086205	7227.FBpp0077360	0.0
7227.FBpp0297882	7227.FBpp0081585	0.0
7227.FBpp0074811	7227.FBpp0073151	0.0
7227.FBpp0077573	7227.FBpp0304828	0.0
7227.FBpp0073638	7227.FBpp0074658	0.0
7227.FBpp0085802	7227.FBpp0300671	0.0
7227.FBpp0079512	7227.FBpp0082076	0.0
7227.FBpp0081476	7227.FBpp0304372	0.0
7227.FBpp0087793	7227.FBpp0072341	0.0
7227.FBpp0305521	7227.FBpp0304018	0.0
7227.FBpp0071145	7227.FBpp0290431	0.0
7227.FBpp0071214	7227.FBpp0082987	0.0
7227.FBpp0078834	7227.FBpp0084243	0.0
7227.FBpp0302656	7227.FBpp0086177	0.0
7227.FBpp0073219	7227.FBpp0302023	0.0
7227.FBpp0073526	7227.FBpp0303310	0.0
7227.FBpp0079374	7227.FBpp0082361	0.0
7227.FBpp0081164	7227.FBpp0086093	0.0
7227.FBpp0077866	7227.FBpp0080541	0.0
7227.FBpp0074955	7227.FBpp0304450	0.0
7227.FBpp0072643	7227.FBpp0082987	0.0
7227.FBpp0086001	7227.FBpp0079109	0.0
7227.FBpp0073600	7227.FBpp0075876	0.0
7227.FBpp0081575	7227.FBpp0305825	0.0
7227.FBpp0099400	7227.FBpp0077457	0.0
7227.FBpp0305400	7227.FBpp0074651	0.0
7227.FBpp0288765	7227.FBpp0077147	0.0
7227.FBpp0071297	7227.FBpp0088201	0.0
7227.FBpp0071106	7227.FBpp0088251	0.0
7227.FBpp0078688	7227.FBpp0075521	0.0
7227.FBpp0084977	7227.FBpp0292530	0.0
7227.FBpp0071845	7227.FBpp0083704	0.0
7227.FBpp0076240	7227.FBpp0305751	0.0
7227.FBpp0080762	7227.FBpp0070174	0.0
7227.FBpp0072793	7227.FBpp0084997	0.0
7227.FBpp0289132	7227.FBpp0075408	0.0
7227.FBpp0305009	7227.FBpp0306048	0.0
7227.FBpp0111407	7227.FBpp0082371	0.0
7227.FBpp0300671	7227.FBpp0304847	0.0
7227.FBpp0074222	7227.FBpp0087275	0.0
7227.FBpp0085623	7227.FBpp0073762	0.0
7227.FBpp0300912	7227.FBpp0071509	0.0
7227.FBpp0288746	7227.FBpp0074033	0.0
7227.FBpp0075176	7227.FBpp0112165	0.0
7227.FBpp0082904	7227.FBpp0087851	0.0
7227.FBpp0297407	7227.FBpp0084014	0.0
7227.FBpp0288501	7227.FBpp0072848	0.0
7227.FBpp0072116	7227.FBpp0086580	0.0
7227.FBpp0080838	7227.FBpp0070539	0.0
7227.FBpp0076885	7227.FBpp0288410	0.0
7227.FBpp0301185	7227.FBpp0072928	0.0
7227.FBpp0291907	7227.FBpp0305728	0.0
7227.FBpp0082784	7227.FBpp0073312	0.0
7227.FBpp0080094	7227.FBpp0291258	0.0
7227.FBpp0288562	7227.FBpp0086576	0.0
7227.FBpp0305735	7227.FBpp0091118	0.0
7227.FBpp0086653	7227.FBpp0099638	0.0
7227.FBpp0075713	7227.FBpp0077460	0.0
7227.FBpp0080536	7227.FBpp0074223	0.0
7227.FBpp0289968	7227.FBpp0072836	0.0
7227.FBpp0081845	7227.FBpp0086426	0.0
7227.FBpp0075640	7227.FBpp0078306	0.0
7227.FBpp0074301	7227.FBpp0293687	0.0
7227.FBpp0074077	7227.FBpp0304948	0.0
7227.FBpp0078634	7227.FBpp0081037	0.0
7227.FBpp0073872	7227.FBpp0078111	0.0
7227.FBpp0083846	7227.FBpp0073862	0.0
7227.FBpp0305388	7227.FBpp0081827	0.0
7227.FBpp0079492	7227.FBpp0291910	0.0
7227.FBpp0288762	7227.FBpp0089042	0.0
7227.FBpp0081723	7227.FBpp0091105	0.0
7227.FBpp0100045	7227.FBpp0086051	0.0
7227.FBpp0085745	7227.FBpp0073191	0.0
7227.FBpp0297219	7227.FBpp0083284	0.0
7227.FBpp0111590	7227.FBpp0077323	0.0
7227.FBpp0085611	7227.FBpp0290870	0.0
7227.FBpp0291785	7227.FBpp0112137	0.0
7227.FBpp0306005	7227.FBpp0293413	0.0
7227.FBpp0072850	7227.FBpp0074564	0.0
7227.FBpp0087424	7227.FBpp0110314	0.0
7227.FBpp0111830	7227.FBpp0082717	0.0
7227.FBpp0081096	7227.FBpp0289086	0.0
7227.FBpp0074882	7227.FBpp0291757	0.0
7227.FBpp0075895	7227.FBpp0080661	0.0
7227.FBpp0077322	7227.FBpp0085713	0.0
7227.FBpp0086687	7227.FBpp0303097	0.0
7227.FBpp0301703	7227.FBpp0075408	0.0
7227.FBpp0089400	7227.FBpp0076576	0.0
7227.FBpp0081807	7227.FBpp0110418	0.0
7227.FBpp0081569	7227.FBpp0075951	0.0
7227.FBpp0087068	7227.FBpp0111759	0.0
7227.FBpp0291783	7227.FBpp0079090	0.0
7227.FBpp0292792	7227.FBpp0304138	0.0
7227.FBpp0079900	7227.FBpp0289807	0.0
7227.FBpp0079044	7227.FBpp0100181	0.0
7227.FBpp0300186	7227.FBpp0091133	0.0
7227.FBpp0306144	7227.FBpp0085296	0.0
7227.FBpp0082879	7227.FBpp0086301	0.0
7227.FBpp0079798	7227.FBpp0074425	0.0
7227.FBpp0076414	7227.FBpp0073329	0.0
7227.FBpp0083105	7227.FBpp0290087	0.0
7227.FBpp0301762	7227.FBpp0112473	0.0
7227.FBpp0091107	7227.FBpp0304706	0.0
7227.FBpp0072346	7227.FBpp0070639	0.0
7227.FBpp0084948	7227.FBpp0300651	0.0
7227.FBpp0083188	7227.FBpp0297767	0.0
7227.FBpp0078656	7227.FBpp0086997	0.0
7227.FBpp0091087	7227.FBpp0072598	0.0
7227.FBpp0074918	7227.FBpp0289970	0.0
7227.FBpp0070213	7227.FBpp0289413	0.0
7227.FBpp0085562	7227.FBpp0082289	0.0
7227.FBpp0303016	7227.FBpp0085112	0.0
7227.FBpp0290883	7227.FBpp0303950	0.0
7227.FBpp0304707	7227.FBpp0293576	0.0
7227.FBpp0071751	7227.FBpp0084930	0.0
7227.FBpp0297232	7227.FBpp0080740	0.0
7227.FBpp0087363	7227.FBpp0111316	0.0
7227.FBpp0292250	7227.FBpp0304324	0.0
7227.FBpp0082667	7227.FBpp0085094	0.0
7227.FBpp0099852	7227.FBpp0082173	0.0
7227.FBpp0288871	7227.FBpp0293116	0.0
7227.FBpp0087308	7227.FBpp0084306	0.0
7227.FBpp0302814	7227.FBpp0100182	0.0
7227.FBpp0288673	7227.FBpp0079687	0.0
7227.FBpp0080904	7227.FBpp0084947	0.0
7227.FBpp0271691	7227.FBpp0082361	0.0
7227.FBpp0099737	7227.FBpp0083969	0.0
7227.FBpp0086289	7227.FBpp0302902	0.0
7227.FBpp0294028	7227.FBpp0081268	0.0
7227.FBpp0075135	7227.FBpp0292215	0.0
7227.FBpp0083912	7227.FBpp0070874	0.0
7227.FBpp0297123	7227.FBpp0085501	0.0
7227.FBpp0305832	7227.FBpp0288524	0.0
7227.FBpp0099830	7227.FBpp0083731	0.0
7227.FBpp0086085	7227.FBpp0305938	0.0
7227.FBpp0292313	7227.FBpp0073128	0.0
7227.FBpp0076311	7227.FBpp0289553	0.0
7227.FBpp0072057	7227.FBpp0077278	0.0
7227.FBpp0300949	7227.FBpp0112491	0.0
7227.FBpp0304437	7227.FBpp0085014	0.0
7227.FBpp0078353	7227.FBpp0303094	0.0
7227.FBpp0300313	7227.FBpp0086495	0.0
7227.FBpp0302954	7227.FBpp0088201	0.0
7227.FBpp0290782	7227.FBpp0087679	0.0
7227.FBpp0073874	7227.FBpp0082471	0.0
7227.FBpp0082536	7227.FBpp0075003	0.0
7227.FBpp0083397	7227.FBpp0071676	0.0
7227.FBpp0078707	7227.FBpp0076444	0.0
7227.FBpp0303976	7227.FBpp0074425	0.0
7227.FBpp0290875	7227.FBpp0292329	0.0
7227.FBpp0291227	7227.FBpp0072646	0.0
7227.FBpp0099713	7227.FBpp0071114	0.0
7227.FBpp0077966	7227.FBpp0289649	0.0
7227.FBpp0304026	7227.FBpp0099909	0.0
7227.FBpp0081751	7227.FBpp0112087	0.0
7227.FBpp0070117	7227.FBpp0289663	0.0
7227.FBpp0084613	7227.FBpp0081868	0.0
7227.FBpp0292016	7227.FBpp0291465	0.0
7227.FBpp0071763	7227.FBpp0070943	0.0
7227.FBpp0087095	7227.FBpp0073690	0.0
7227.FBpp0070434	7227.FBpp0077282	0.0
7227.FBpp0087410	7227.FBpp0099865	0.0
7227.FBpp0293281	7227.FBpp0078808	0.0
7227.FBpp0070511	7227.FBpp0072312	0.0
7227.FBpp0079377	7227.FBpp0084980	0.0
7227.FBpp0305839	7227.FBpp0100172	0.0
7227.FBpp0070710	7227.FBpp0306007	0.0
7227.FBpp0075919	7227.FBpp0302550	0.0
7227.FBpp0074918	7227.FBpp0077336	0.0
7227.FBpp0078513	7227.FBpp0085801	0.0
7227.FBpp0085633	7227.FBpp0289405	0.0
7227.FBpp0297906	7227.FBpp0072116	0.0
7227.FBpp0088533	7227.FBpp0302784	0.0
7227.FBpp0292361	7227.FBpp0071474	0.0
7227.FBpp0073761	7227.FBpp0291681	0.0
7227.FBpp0084221	7227.FBpp0084429	0.0
7227.FBpp0297184	7227.FBpp0085111	0.0
7227.FBpp0290311	7227.FBpp0080660	0.0
7227.FBpp0290126	7227.FBpp0079734	0.0
7227.FBpp0082985	7227.FBpp0072385	0.0
7227.FBpp0099724	7227.FBpp0301139	0.0
7227.FBpp0073079	7227.FBpp0300563	0.0
7227.FBpp0302704	7227.FBpp0076970	0.0
7227.FBpp0293287	7227.FBpp0086355	0.0
7227.FBpp0073164	7227.FBpp0083997	0.0
7227.FBpp0071169	7227.FBpp0082525	0.0
7227.FBpp0305820	7227.FBpp0303554	0.0
7227.FBpp0089107	7227.FBpp0075290	0.0
7227.FBpp0084640	7227.FBpp0271901	0.0
7227.FBpp0083817	7227.FBpp0077957	0.0
7227.FBpp0085300	7227.FBpp0077311	0.0
7227.FBpp0293068	7227.FBpp0289539	0.0
7227.FBpp0293435	7227.FBpp0301150	0.0
7227.FBpp0088436	7227.FBpp0305619	0.0
7227.FBpp0083115	7227.FBpp0290979	0.0
7227.FBpp0304312	7227.FBpp0077643	0.0
7227.FBpp0074118	7227.FBpp0303604	0.0
7227.FBpp0305671	7227.FBpp0078427	0.0
7227.FBpp0290037	7227.FBpp0289970	0.0
7227.FBpp0084024	7227.FBpp0077882	0.0
7227.FBpp0090947	7227.FBpp0071576	0.0
7227.FBpp0292371	7227.FBpp0087365	0.0
7227.FBpp0288830	7227.FBpp0089300	0.0
7227.FBpp0288459	7227.FBpp0304918	0.0
7227.FBpp0089176	7227.FBpp0111675	0.0
7227.FBpp0303710	7227.FBpp0086859	0.0
7227.FBpp0302860	7227.FBpp0071909	0.0
7227.FBpp0305065	7227.FBpp0304023	0.0
7227.FBpp0301082	7227.FBpp0075995	0.0
7227.FBpp0303946	7227.FBpp0305939	0.0
7227.FBpp0080169	7227.FBpp0073849	0.0
7227.FBpp0089328	7227.FBpp0302581	0.0
7227.FBpp0082737	7227.FBpp0087068	0.0
7227.FBpp0304466	7227.FBpp0078757	0.0
7227.FBpp0089208	7227.FBpp0305341	0.0
7227.FBpp0076117	7227.FBpp0300565	0.0
7227.FBpp0297891	7227.FBpp0083109	0.0
7227.FBpp0112080	7227.FBpp0079864	0.0
7227.FBpp0080018	7227.FBpp0111776	0.0
7227.FBpp0081160	7227.FBpp0080401	0.0
7227.FBpp0088816	7227.FBpp0085164	0.0
7227.FBpp0079361	7227.FBpp0302656	0.0
7227.FBpp0303097	7227.FBpp0305733	0.0
7227.FBpp0082767	7227.FBpp0070666	0.0
7227.FBpp0072836	7227.FBpp0291143	0.0
7227.FBpp0080943	7227.FBpp0291495	0.0
7227.FBpp0070367	7227.FBpp0072082	0.0
7227.FBpp0085818	7227.FBpp0289510	0.0
7227.FBpp0099476	7227.FBpp0305032	0.0
7227.FBpp0079640	7227.FBpp0084837	0.0
7227.FBpp0289716	7227.FBpp0304096	0.0
7227.FBpp0112047	7227.FBpp0072920	0.0
7227.FBpp0077520	7227.FBpp0070325	0.0
7227.FBpp0084088	7227.FBpp0078614	0.0
7227.FBpp0076906	7227.FBpp0099812	0.0
7227.FBpp0077245	7227.FBpp0074200	0.0
7227.FBpp0085490	7227.FBpp0301061	0.0
7227.FBpp0294040	7227.FBpp0085893	0.0
7227.FBpp0078008	7227.FBpp0071082	0.0
7227.FBpp0303790	7227.FBpp0070623	0.0
7227.FBpp0293576	7227.FBpp0289729	0.0
7227.FBpp0304474	7227.FBpp0082050	0.0
7227.FBpp0070209	7227.FBpp0078242	0.0
7227.FBpp0070282	7227.FBpp0085171	0.0
7227.FBpp0112288	7227.FBpp0088605	0.0
7227.FBpp0073081	7227.FBpp0081311	0.0
7227.FBpp0289664	7227.FBpp0303991	0.0
7227.FBpp0073796	7227.FBpp0099690	0.0
7227.FBpp0304798	7227.FBpp0305205	0.0
7227.FBpp0085798	7227.FBpp0305552	0.0
7227.FBpp0081342	7227.FBpp0289095	0.0
7227.FBpp0072184	7227.FBpp0085977	0.0
7227.FBpp0075946	7227.FBpp0085405	0.0
7227.FBpp0079264	7227.FBpp0078895	0.0
7227.FBpp0072061	7227.FBpp0086078	0.0
7227.FBpp0085150	7227.FBpp0081528	0.0
7227.FBpp0083142	7227.FBpp0293470	0.0
7227.FBpp0079053	7227.FBpp0087797	0.0
7227.FBpp0304568	7227.FBpp0071291	0.0
7227.FBpp0077160	7227.FBpp0076827	0.0
7227.FBpp0294028	7227.FBpp0084932	0.0
7227.FBpp0073665	7227.FBpp0087258	0.0
7227.FBpp0290773	7227.FBpp0080604	0.0
7227.FBpp0291184	7227.FBpp0079878	0.0
7227.FBpp0082349	7227.FBpp0111937	0.0
7227.FBpp0078655	7227.FBpp0290849	0.0
7227.FBpp0305999	7227.FBpp0088741	0.0
7227.FBpp0080467	7227.FBpp0073750	0.0
7227.FBpp0290205	7227.FBpp0112469	0.0
7227.FBpp0073127	7227.FBpp0084846	0.0
7227.FBpp0088683	7227.FBpp0086962	0.0
7227.FBpp0300185	7227.FBpp0086530	0.0
7227.FBpp0300164	7227.FBpp0088641	0.0
7227.FBpp0084225	7227.FBpp0074530	0.0
7227.FBpp0082214	7227.FBpp0077550	0.0
7227.FBpp0291479	7227.FBpp0081931	0.0
7227.FBpp0070039	7227.FBpp0072083	0.0
7227.FBpp0288667	7227.FBpp0072353	0.0
7227.FBpp0081845	7227.FBpp0303856	0.0
7227.FBpp0086614	7227.FBpp0074779	0.0
7227.FBpp0077079	7227.FBpp0304810	0.0
7227.FBpp0303390	7227.FBpp0111814	0.0
7227.FBpp0080211	7227.FBpp0071356	0.0
7227.FBpp0082371	7227.FBpp0293651	0.0
7227.FBpp0082377	7227.FBpp0100184	0.0
7227.FBpp0083477	7227.FBpp0078111	0.0
7227.FBpp0084316	7227.FBpp0074565	0.0
7227.FBpp0076388	7227.FBpp0072334	0.0
7227.FBpp0110229	7227.FBpp0112215	0.0
7227.FBpp0305865	7227.FBpp0289931	0.0
7227.FBpp0077910	7227.FBpp0082688	0.0
7227.FBpp0079590	7227.FBpp0074105	0.0
7227.FBpp0302942	7227.FBpp0111337	0.0
7227.FBpp0297940	7227.FBpp0302541	0.0
7227.FBpp0087277	7227.FBpp0081959	0.0
7227.FBpp0305362	7227.FBpp0110327	0.0
7227.FBpp0293521	7227.FBpp0080414	0.0
7227.FBpp0297943	7227.FBpp0073316	0.0
7227.FBpp0082149	7227.FBpp0303348	0.0
7227.FBpp0305272	7227.FBpp0301845	0.0
7227.FBpp0289531	7227.FBpp0079521	0.0
7227.FBpp0088843	7227.FBpp0072979	0.0
7227.FBpp0111294	7227.FBpp0074868	0.0
7227.FBpp0111977	7227.FBpp0300801	0.0
7227.FBpp0079073	7227.FBpp0071636	0.0
7227.FBpp0088910	7227.FBpp0082877	0.0
7227.FBpp0085505	7227.FBpp0291139	0.0
7227.FBpp0110475	7227.FBpp0076396	0.0
7227.FBpp0082575	7227.FBpp0290495	0.0
7227.FBpp0087204	7227.FBpp0074706	0.0
7227.FBpp0303108	7227.FBpp0289480	0.0
7227.FBpp0083889	7227.FBpp0076762	0.0
7227.FBpp0271812	7227.FBpp0289595	0.0
7227.FBpp0083415	7227.FBpp0077713	0.0
7227.FBpp0088552	7227.FBpp0289155	0.0
7227.FBpp0073084	7227.FBpp0296986	0.0
7227.FBpp0083056	7227.FBpp0074850	0.0
7227.FBpp0297127	7227.FBpp0076948	0.0
7227.FBpp0291384	7227.FBpp0088491	0.0
7227.FBpp0112167	7227.FBpp0075985	0.0
7227.FBpp0289770	7227.FBpp0293005	0.0
7227.FBpp0297927	7227.FBpp0091132	0.0
7227.FBpp0080848	7227.FBpp0298833	0.0
7227.FBpp0071214	7227.FBpp0075065	0.0
7227.FBpp0289819	7227.FBpp0085505	0.0
7227.FBpp0077173	7227.FBpp0083798	0.0
7227.FBpp0081414	7227.FBpp0304561	0.0
7227.FBpp0074346	7227.FBpp0087994	0.0
7227.FBpp0082113	7227.FBpp0300162	0.0
7227.FBpp0070407	7227.FBpp0290418	0.0
7227.FBpp0099966	7227.FBpp0293256	0.0
7227.FBpp0079900	7227.FBpp0086429	0.0
7227.FBpp0086910	7227.FBpp0078708	0.0
7227.FBpp0080838	7227.FBpp0072987	0.0
7227.FBpp0087478	7227.FBpp0304261	0.0
7227.FBpp0298009	7227.FBpp0301702	0.0
7227.FBpp0293958	7227.FBpp0298343	0.0
7227.FBpp0071356	7227.FBpp0075247	0.0
7227.FBpp0072850	7227.FBpp0305136	0.0
7227.FBpp0081807	7227.FBpp0088777	0.0
7227.FBpp0082317	7227.FBpp0084840	0.0
7227.FBpp0078799	7227.FBpp0271877	0.0
7227.FBpp0078303	7227.FBpp0071223	0.0
7227.FBpp0304248	7227.FBpp0304892	0.0
7227.FBpp0304671	7227.FBpp0071174	0.0
7227.FBpp0303088	7227.FBpp0082838	0.0
7227.FBpp0291061	7227.FBpp0081319	0.0
7227.FBpp0087029	7227.FBpp0289303	0.0
7227.FBpp0086103	7227.FBpp0112118	0.0
7227.FBpp0111395	7227.FBpp0305037	0.0
7227.FBpp0110266	7227.FBpp0306231	0.0
7227.FBpp0084293	7227.FBpp0080609	0.0
7227.FBpp0298342	7227.FBpp0079437	0.0
7227.FBpp0082140	7227.FBpp0082627	0.0
7227.FBpp0079055	7227.FBpp0075612	0.0
7227.FBpp0075917	7227.FBpp0111738	0.0
7227.FBpp0099481	7227.FBpp0086572	0.0
7227.FBpp0073385	7227.FBpp0297146	0.0
7227.FBpp0087524	7227.FBpp0290048	0.0
7227.FBpp0072975	7227.FBpp0070858	0.0
7227.FBpp0303526	7227.FBpp0074821	0.0
7227.FBpp0087114	7227.FBpp0110185	0.0
7227.FBpp0083463	7227.FBpp0082413	0.0
7227.FBpp0110561	7227.FBpp0079320	0.0
7227.FBpp0297417	7227.FBpp0077074	0.0
7227.FBpp0082127	7227.FBpp0078017	0.0
7227.FBpp0083436	7227.FBpp0304657	0.0
7227.FBpp0301689	7227.FBpp0072702	0.0
7227.FBpp0289330	7227.FBpp0077598	0.0
7227.FBpp0083244	7227.FBpp0089304	0.0
7227.FBpp0112127	7227.FBpp0290476	0.0
7227.FBpp0072649	7227.FBpp0296988	0.0
7227.FBpp0080359	7227.FBpp0086881	0.0
7227.FBpp0292666	7227.FBpp0077448	0.0
7227.FBpp0077910	7227.FBpp0074325	0.0
7227.FBpp0070532	7227.FBpp0271928	0.0
7227.FBpp0079068	7227.FBpp0305477	0.0
7227.FBpp0086372	7227.FBpp0071624	0.0
7227.FBpp0079419	7227.FBpp0301821	0.0
7227.FBpp0080429	7227.FBpp0290930	0.0
7227.FBpp0302823	7227.FBpp0293068	0.0
7227.FBpp0297098	7227.FBpp0071761	0.0
7227.FBpp0077059	7227.FBpp0111662	0.0
7227.FBpp0084674	7227.FBpp0084450	0.0
7227.FBpp0071550	7227.FBpp0084286	0.0
7227.FBpp0076617	7227.FBpp0070870	0.0
7227.FBpp0082784	7227.FBpp0075437	0.0
7227.FBpp0303780	7227.FBpp0076265	0.0
7227.FBpp0074058	7227.FBpp0288972	0.0
7227.FBpp0074139	7227.FBpp0078174	0.0
7227.FBpp0112196	7227.FBpp0292263	0.0
7227.FBpp0084549	7227.FBpp0297925	0.0
7227.FBpp0301692	7227.FBpp0292396	0.0
7227.FBpp0293226	7227.FBpp0070286	0.0
7227.FBpp0100166	7227.FBpp0081503	0.0
7227.FBpp0079661	7227.FBpp0112550	0.0
7227.FBpp0084416	7227.FBpp0080845	0.0
7227.FBpp0076665	7227.FBpp0081145	0.0
7227.FBpp0303797	7227.FBpp0111843	0.0
7227.FBpp0081507	7227.FBpp0085007	0.0
7227.FBpp0292463	7227.FBpp0080901	0.0
7227.FBpp0086857	7227.FBpp0292160	0.0
7227.FBpp0071507	7227.FBpp0075128	0.0
7227.FBpp0085868	7227.FBpp0084316	0.0
7227.FBpp0085885	7227.FBpp0293279	0.0
7227.FBpp0074907	7227.FBpp0076440	0.0
7227.FBpp0085485	7227.FBpp0070885	0.0
7227.FBpp0078967	7227.FBpp0071650	0.0
7227.FBpp0290191	7227.FBpp0302829	0.0
7227.FBpp0074443	7227.FBpp0302796	0.0
7227.FBpp0081254	7227.FBpp0074790	0.0
7227.FBpp0070639	7227.FBpp0073576	0.0
7227.FBpp0080727	7227.FBpp0084999	0.0
7227.FBpp0080293	7227.FBpp0081101	0.0
7227.FBpp0082574	7227.FBpp0087496	0.0
7227.FBpp0291022	7227.FBpp0080259	0.0
7227.FBpp0077204	7227.FBpp0071977	0.0
7227.FBpp0296940	7227.FBpp0079912	0.0
7227.FBpp0088331	7227.FBpp0078054	0.0
7227.FBpp0080784	7227.FBpp0086804	0.0
7227.FBpp0073065	7227.FBpp0293194	0.0
7227.FBpp0073293	7227.FBpp0300667	0.0
7227.FBpp0088641	7227.FBpp0306034	0.0
7227.FBpp0099892	7227.FBpp0087818	0.0
7227.FBpp0089107	7227.FBpp0078470	0.0
7227.FBpp0080945	7227.FBpp0080421	0.0
7227.FBpp0099484	7227.FBpp0302644	0.0
7227.FBpp0078678	7227.FBpp0079481	0.0
7227.FBpp0110260	7227.FBpp0072653	0.0
7227.FBpp0075195	7227.FBpp0075382	0.0
7227.FBpp0271852	7227.FBpp0091123	0.0
7227.FBpp0112492	7227.FBpp0072767	0.0
7227.FBpp0288372	7227.FBpp0290093	0.0
7227.FBpp0079968	7227.FBpp0084816	0.0
7227.FBpp0070772	7227.FBpp0084959	0.0
7227.FBpp0289415	7227.FBpp0085132	0.0
7227.FBpp0077555	7227.FBpp0082191	0.0
7227.FBpp0087477	7227.FBpp0303120	0.0
7227.FBpp0074975	7227.FBpp0111327	0.0
7227.FBpp0289307	7227.FBpp0079737	0.0
7227.FBpp0293068	7227.FBpp0082272	0.0
7227.FBpp0112239	7227.FBpp0302813	0.0
7227.FBpp0088910	7227.FBpp0077539	0.0
7227.FBpp0289127	7227.FBpp0304525	0.0
7227.FBpp0077462	7227.FBpp0300175	0.0
7227.FBpp0305095	7227.FBpp0081047	0.0
7227.FBpp0289464	7227.FBpp0083273	0.0
7227.FBpp0074909	7227.FBpp0071184	0.0
7227.FBpp0304843	7227.FBpp0303084	0.0
7227.FBpp0291415	7227.FBpp0070180	0.0
7227.FBpp0080520	7227.FBpp0078673	0.0
7227.FBpp0082723	7227.FBpp0072609	0.0
7227.FBpp0077356	7227.FBpp0084813	0.0
7227.FBpp0077158	7227.FBpp0077924	0.0
7227.FBpp0071679	7227.FBpp0289435	0.0
7227.FBpp0082582	7227.FBpp0074142	0.0
7227.FBpp0302672	7227.FBpp0078321	0.0
7227.FBpp0079500	7227.FBpp0072546	0.0
7227.FBpp0290475	7227.FBpp0111475	0.0
7227.FBpp0303119	7227.FBpp0088002	0.0
7227.FBpp0291785	7227.FBpp0074801	0.0
7227.FBpp0289971	7227.FBpp0300651	0.0
7227.FBpp0298367	7227.FBpp0289938	0.0
7227.FBpp0087910	7227.FBpp0112011	0.0
7227.FBpp0305938	7227.FBpp0110319	0.0
7227.FBpp0297401	7227.FBpp0074901	0.0
7227.FBpp0071998	7227.FBpp0072871	0.0
7227.FBpp0112541	7227.FBpp0077909	0.0
7227.FBpp0292329	7227.FBpp0100004	0.0
7227.FBpp0088274	7227.FBpp0303792	0.0
7227.FBpp0084258	7227.FBpp0087452	0.0
7227.FBpp0292887	7227.FBpp0112101	0.0
7227.FBpp0077944	7227.FBpp0070325	0.0
7227.FBpp0083244	7227.FBpp0071536	0.0
7227.FBpp0288815	7227.FBpp0086276	0.0
7227.FBpp0290377	7227.FBpp0088318	0.0
7227.FBpp0082206	7227.FBpp0079389	0.0
7227.FBpp0305765	7227.FBpp0289864	0.0
7227.FBpp0304755	7227.FBpp0079538	0.0
7227.FBpp0077602	7227.FBpp0073140	0.0
7227.FBpp0086902	7227.FBpp0076250	0.0
7227.FBpp0291725	7227.FBpp0305475	0.0
7227.FBpp0079943	7227.FBpp0112169	0.0
7227.FBpp0084383	7227.FBpp0089417	0.0
7227.FBpp0078370	7227.FBpp0290419	0.0
7227.FBpp0079289	7227.FBpp0303850	0.0
7227.FBpp0086994	7227.FBpp0074429	0.0
7227.FBpp0079472	7227.FBpp0070323	0.0
7227.FBpp0083857	7227.FBpp0110198	0.0
7227.FBpp0082185	7227.FBpp0079746	0.0
7227.FBpp0073518	7227.FBpp0074892	0.0
7227.FBpp0303207	7227.FBpp0088691	0.0
7227.FBpp0086332	7227.FBpp0296983	0.0
7227.FBpp0289053	7227.FBpp0303697	0.0
7227.FBpp0292777	7227.FBpp0099401	0.0
7227.FBpp0079543	7227.FBpp0083327	0.0
7227.FBpp0076580	7227.FBpp0305303	0.0
7227.FBpp0074614	7227.FBpp0086572	0.0
7227.FBpp0086426	7227.FBpp0070790	0.0
7227.FBpp0293485	7227.FBpp0079419	0.0
7227.FBpp0084814	7227.FBpp0292484	0.0
7227.FBpp0079578	7227.FBpp0291747	0.0
7227.FBpp0083078	7227.FBpp0304467	0.0
7227.FBpp0081846	7227.FBpp0303872	0.0
7227.FBpp0292348	7227.FBpp0082987	0.0
7227.FBpp0082830	7227.FBpp0090991	0.0
7227.FBpp0090951	7227.FBpp0304181	0.0
7227.FBpp0070208	7227.FBpp0304238	0.0
7227.FBpp0302927	7227.FBpp0075284	0.0
7227.FBpp0084373	7227.FBpp0079881	0.0
7227.FBpp0071674	7227.FBpp0087458	0.0
7227.FBpp0091129	7227.FBpp0086907	0.0
7227.FBpp0303247	7227.FBpp0305749	0.0
7227.FBpp0072262	7227.FBpp0288673	0.0
7227.FBpp0072142	7227.FBpp0074745	0.0
7227.FBpp0087656	7227.FBpp0304263	0.0
7227.FBpp0303561	7227.FBpp0087467	0.0
7227.FBpp0081413	7227.FBpp0288834	0.0
7227.FBpp0074608	7227.FBpp0083219	0.0
7227.FBpp0077249	7227.FBpp0099525	0.0
7227.FBpp0301703	7227.FBpp0290208	0.0
7227.FBpp0078599	7227.FBpp0076567	0.0
7227.FBpp0085904	7227.FBpp0085672	0.0
7227.FBpp0077816	7227.FBpp0293540	0.0
7227.FBpp0111358	7227.FBpp0083410	0.0
7227.FBpp0302686	7227.FBpp0087885	0.0
7227.FBpp0086614	7227.FBpp0074836	0.0
7227.FBpp0078496	7227.FBpp0289413	0.0
7227.FBpp0070915	7227.FBpp0076352	0.0
7227.FBpp0084267	7227.FBpp0085259	0.0
7227.FBpp0290242	7227.FBpp0088664	0.0
7227.FBpp0291427	7227.FBpp0079012	0.0
7227.FBpp0079719	7227.FBpp0291987	0.0
7227.FBpp0082839	7227.FBpp0297098	0.0
7227.FBpp0083711	7227.FBpp0080997	0.0
7227.FBpp0077638	7227.FBpp0301775	0.0
7227.FBpp0070726	7227.FBpp0077043	0.0
7227.FBpp0289816	7227.FBpp0072598	0.0
7227.FBpp0071138	7227.FBpp0300655	0.0
7227.FBpp0071663	7227.FBpp0301995	0.0
7227.FBpp0111318	7227.FBpp0078575	0.0
7227.FBpp0291184	7227.FBpp0083219	0.0
7227.FBpp0074969	7227.FBpp0305266	0.0
7227.FBpp0083646	7227.FBpp0078020	0.0
7227.FBpp0305350	7227.FBpp0078776	0.0
7227.FBpp0083267	7227.FBpp0087634	0.0
7227.FBpp0078467	7227.FBpp0072381	0.0
7227.FBpp0078984	7227.FBpp0112093	0.0
7227.FBpp0305448	7227.FBpp0073079	0.0
7227.FBpp0077643	7227.FBpp0291509	0.0
7227.FBpp0112035	7227.FBpp0080942	0.0
7227.FBpp0291987	7227.FBpp0076827	0.0
7227.FBpp0083263	7227.FBpp0074745	0.0
7227.FBpp0075571	7227.FBpp0085486	0.0
7227.FBpp0289369	7227.FBpp0077930	0.0
7227.FBpp0080671	7227.FBpp0083463	0.0
7227.FBpp0271927	7227.FBpp0305217	0.0
7227.FBpp0291104	7227.FBpp0074085	0.0
7227.FBpp0089409	7227.FBpp0079912	0.0
7227.FBpp0099493	7227.FBpp0070202	0.0
7227.FBpp0071974	7227.FBpp0099434	0.0
7227.FBpp0076678	7227.FBpp0297064	0.0
7227.FBpp0292357	7227.FBpp0079829	0.0
7227.FBpp0077763	7227.FBpp0305930	0.0
7227.FBpp0301023	7227.FBpp0071584	0.0
7227.FBpp0111643	7227.FBpp0087922	0.0
7227.FBpp0082136	7227.FBpp0301551	0.0
7227.FBpp0291904	7227.FBpp0072815	0.0
7227.FBpp0077250	7227.FBpp0305954	0.0
7227.FBpp0072505	7227.FBpp0289928	0.0
7227.FBpp0289653	7227.FBpp0111738	0.0
7227.FBpp0110498	7227.FBpp0091102	0.0
7227.FBpp0074119	7227.FBpp0079661	0.0
7227.FBpp0071149	7227.FBpp0293415	0.0
7227.FBpp0075256	7227.FBpp0076990	0.0
7227.FBpp0071922	7227.FBpp0289246	0.0
7227.FBpp0071356	7227.FBpp0288960	0.0
7227.FBpp0289971	7227.FBpp0075862	0.0
7227.FBpp0070199	7227.FBpp0082104	0.0
7227.FBpp0074415	7227.FBpp0074841	0.0
7227.FBpp0074929	7227.FBpp0075507	0.0
7227.FBpp0077735	7227.FBpp0297924	0.0
7227.FBpp0087346	7227.FBpp0305425	0.0
7227.FBpp0074051	7227.FBpp0297360	0.0
7227.FBpp0305224	7227.FBpp0110141	0.0
7227.FBpp0301584	7227.FBpp0080086	0.0
7227.FBpp0078996	7227.FBpp0111643	0.0
7227.FBpp0072885	7227.FBpp0089011	0.0
7227.FBpp0079472	7227.FBpp0084165	0.0
7227.FBpp0290045	7227.FBpp0086580	0.0
7227.FBpp0089184	7227.FBpp0289157	0.0
7227.FBpp0086604	7227.FBpp0112320	0.0
7227.FBpp0073950	7227.FBpp0080510	0.0
7227.FBpp0083925	7227.FBpp0079859	0.0
7227.FBpp0070350	7227.FBpp0083857	0.0
7227.FBpp0085014	7227.FBpp0072870	0.0
7227.FBpp0086926	7227.FBpp0071344	0.0
7227.FBpp0087355	7227.FBpp0289286	0.0
7227.FBpp0112403	7227.FBpp0304166	0.0
7227.FBpp0082050	7227.FBpp0075426	0.0
7227.FBpp0297519	7227.FBpp0080799	0.0
7227.FBpp0086552	7227.FBpp0290496	0.0
7227.FBpp0290580	7227.FBpp0075941	0.0
7227.FBpp0087824	7227.FBpp0075251	0.0
7227.FBpp0088311	7227.FBpp0079154	0.0
7227.FBpp0088274	7227.FBpp0271776	0.0
7227.FBpp0071301	7227.FBpp0076011	0.0
7227.FBpp0291229	7227.FBpp0111285	0.0
7227.FBpp0291475	7227.FBpp0291865	0.0
7227.FBpp0070079	7227.FBpp0077172	0.0
7227.FBpp0078978	7227.FBpp0076937	0.0
7227.FBpp0077464	7227.FBpp0076872	0.0
7227.FBpp0075932	7227.FBpp0303785	0.0
7227.FBpp0087571	7227.FBpp0078893	0.0
7227.FBpp0072497	7227.FBpp0084933	0.0
7227.FBpp0076407	7227.FBpp0086244	0.0
7227.FBpp0073740	7227.FBpp0301195	0.0
7227.FBpp0080721	7227.FBpp0074930	0.0
7227.FBpp0305079	7227.FBpp0083544	0.0
7227.FBpp0086470	7227.FBpp0070842	0.0
7227.FBpp0292730	7227.FBpp0074758	0.0
7227.FBpp0081214	7227.FBpp0089286	0.0
7227.FBpp0086985	7227.FBpp0083502	0.0
7227.FBpp0290938	7227.FBpp0291059	0.0
7227.FBpp0088017	7227.FBpp0078237	0.0
7227.FBpp0112424	7227.FBpp0086015	0.0
7227.FBpp0298382	7227.FBpp0303056	0.0
7227.FBpp0078310	7227.FBpp0085902	0.0
7227.FBpp0070787	7227.FBpp0075264	0.0
7227.FBpp0082688	7227.FBpp0087633	0.0
7227.FBpp0073238	7227.FBpp0288457	0.0
7227.FBpp0087610	7227.FBpp0112021	0.0
7227.FBpp0073804	7227.FBpp0082700	0.0
7227.FBpp0079197	7227.FBpp0293440	0.0
7227.FBpp0305092	7227.FBpp0079088	0.0
7227.FBpp0070162	7227.FBpp0079057	0.0
7227.FBpp0288975	7227.FBpp0087448	0.0
7227.FBpp0303243	7227.FBpp0289369	0.0
7227.FBpp0078761	7227.FBpp0291559	0.0
7227.FBpp0070530	7227.FBpp0288408	0.0
7227.FBpp0084354	7227.FBpp0085460	0.0
7227.FBpp0079453	7227.FBpp0298011	0.0
7227.FBpp0289314	7227.FBpp0075257	0.0
7227.FBpp0111347	7227.FBpp0297575	0.0
7227.FBpp0293287	7227.FBpp0070654	0.0
7227.FBpp0073862	7227.FBpp0074136	0.0
7227.FBpp0290195	7227.FBpp0077412	0.0
7227.FBpp0100168	7227.FBpp0291063	0.0
7227.FBpp0071873	7227.FBpp0070247	0.0
7227.FBpp0271862	7227.FBpp0087033	0.0
7227.FBpp0290913	7227.FBpp0078808	0.0
7227.FBpp0301983	7227.FBpp0071620	0.0
7227.FBpp0073561	7227.FBpp0305012	0.0
7227.FBpp0072660	7227.FBpp0075111	0.0
7227.FBpp0073681	7227.FBpp0304960	0.0
7227.FBpp0080997	7227.FBpp0072325	0.0
7227.FBpp0072425	7227.FBpp0072233	0.0
7227.FBpp0083628	7227.FBpp0082569	0.0
7227.FBpp0078677	7227.FBpp0077382	0.0
7227.FBpp0089139	7227.FBpp0110554	0.0
7227.FBpp0088871	7227.FBpp0306144	0.0
7227.FBpp0074927	7227.FBpp0075833	0.0
7227.FBpp0300672	7227.FBpp0303084	0.0
7227.FBpp0073093	7227.FBpp0082494	0.0
7227.FBpp0087331	7227.FBpp0070942	0.0
7227.FBpp0086780	7227.FBpp0297927	0.0
7227.FBpp0077400	7227.FBpp0084293	0.0
7227.FBpp0301002	7227.FBpp0081668	0.0
7227.FBpp0087717	7227.FBpp0078174	0.0
7227.FBpp0070285	7227.FBpp0290509	0.0
7227.FBpp0110229	7227.FBpp0081076	0.0
7227.FBpp0078510	7227.FBpp0110170	0.0
7227.FBpp0079983	7227.FBpp0291967	0.0
7227.FBpp0088445	7227.FBpp0081588	0.0
7227.FBpp0072425	7227.FBpp0288999	0.0
7227.FBpp0073690	7227.FBpp0071978	0.0
7227.FBpp0088002	7227.FBpp0305246	0.0
7227.FBpp0081101	7227.FBpp0297359	0.0
7227.FBpp0297417	7227.FBpp0292932	0.0
7227.FBpp0074090	7227.FBpp0304344	0.0
7227.FBpp0305086	7227.FBpp0293436	0.0
7227.FBpp0110168	7227.FBpp0082904	0.0
7227.FBpp0084503	7227.FBpp0079271	0.0
7227.FBpp0080297	7227.FBpp0112122	0.0
7227.FBpp0084999	7227.FBpp0292990	0.0
7227.FBpp0073849	7227.FBpp0084312	0.0
7227.FBpp0076902	7227.FBpp0073379	0.0
7227.FBpp0084939	7227.FBpp0078487	0.0
7227.FBpp0302860	7227.FBpp0076847	0.0
7227.FBpp0078485	7227.FBpp0099875	0.0
7227.FBpp0077651	7227.FBpp0305098	0.0
7227.FBpp0088616	7227.FBpp0297436	0.0
7227.FBpp0085150	7227.FBpp0304491	0.0
7227.FBpp0082383	7227.FBpp0089364	0.0
7227.FBpp0305503	7227.FBpp0077995	0.0
7227.FBpp0078891	7227.FBpp0112124	0.0
7227.FBpp0300204	7227.FBpp0075880	0.0
7227.FBpp0087534	7227.FBpp0074527	0.0
7227.FBpp0071216	7227.FBpp0084023	0.0
7227.FBpp0073202	7227.FBpp0070697	0.0
7227.FBpp0291677	7227.FBpp0076089	0.0
7227.FBpp0072061	7227.FBpp0302960	0.0
7227.FBpp0082451	7227.FBpp0112191	0.0
7227.FBpp0083157	7227.FBpp0075130	0.0
7227.FBpp0078174	7227.FBpp0084241	0.0
7227.FBpp0075642	7227.FBpp0271751	0.0
7227.FBpp0084629	7227.FBpp0298046	0.0
7227.FBpp0304942	7227.FBpp0077259	0.0
7227.FBpp0076567	7227.FBpp0303956	0.0
7227.FBpp0091059	7227.FBpp0079528	0.0
7227.FBpp0084616	7227.FBpp0113054	0.0
7227.FBpp0076831	7227.FBpp0303554	0.0
7227.FBpp0300909	7227.FBpp0305957	0.0
7227.FBpp0079010	7227.FBpp0074222	0.0
7227.FBpp0086280	7227.FBpp0300911	0.0
7227.FBpp0305851	7227.FBpp0074607	0.0
7227.FBpp0292520	7227.FBpp0072207	0.0
7227.FBpp0300925	7227.FBpp0074085	0.0
7227.FBpp0080542	7227.FBpp0085505	0.0
7227.FBpp0074909	7227.FBpp0083896	0.0
7227.FBpp0084613	7227.FBpp0086083	0.0
7227.FBpp0288655	7227.FBpp0304001	0.0
7227.FBpp0081986	7227.FBpp0291979	0.0
7227.FBpp0291764	7227.FBpp0086552	0.0
7227.FBpp0110439	7227.FBpp0292143	0.0
7227.FBpp0303878	7227.FBpp0073266	0.0
7227.FBpp0112826	7227.FBpp0078614	0.0
7227.FBpp0303125	7227.FBpp0083471	0.0
7227.FBpp0304371	7227.FBpp0087690	0.0
7227.FBpp0290412	7227.FBpp0085131	0.0
7227.FBpp0084808	7227.FBpp0291004	0.0
7227.FBpp0088682	7227.FBpp0074465	0.0
7227.FBpp0291604	7227.FBpp0079001	0.0
7227.FBpp0300325	7227.FBpp0305954	0.0
7227.FBpp0086691	7227.FBpp0100056	0.0
7227.FBpp0079746	7227.FBpp0079243	0.0
7227.FBpp0100069	7227.FBpp0289366	0.0
7227.FBpp0306007	7227.FBpp0304573	0.0
7227.FBpp0289092	7227.FBpp0289626	0.0
7227.FBpp0072170	7227.FBpp0111482	0.0
7227.FBpp0085461	7227.FBpp0305582	0.0
7227.FBpp0303695	7227.FBpp0301829	0.0
7227.FBpp0073418	7227.FBpp0290755	0.0
7227.FBpp0083900	7227.FBpp0071626	0.0
7227.FBpp0082681	7227.FBpp0075074	0.0
7227.FBpp0304026	7227.FBpp0080248	0.0
7227.FBpp0087182	7227.FBpp0305977	0.0
7227.FBpp0070367	7227.FBpp0291068	0.0
7227.FBpp0111973	7227.FBpp0088691	0.0
7227.FBpp0078787	7227.FBpp0076099	0.0
7227.FBpp0292621	7227.FBpp0292119	0.0
7227.FBpp0077037	7227.FBpp0085718	0.0
7227.FBpp0083968	7227.FBpp0085039	0.0
7227.FBpp0080177	7227.FBpp0291433	0.0
7227.FBpp0088120	7227.FBpp0111976	0.0
7227.FBpp0291632	7227.FBpp0077701	0.0
7227.FBpp0303147	7227.FBpp0304703	0.0
7227.FBpp0084909	7227.FBpp0080468	0.0
7227.FBpp0087616	7227.FBpp0088569	0.0
7227.FBpp0072129	7227.FBpp0291561	0.0
7227.FBpp0081335	7227.FBpp0302734	0.0
7227.FBpp0303090	7227.FBpp0086323	0.0
7227.FBpp0082708	7227.FBpp0291464	0.0
7227.FBpp0290715	7227.FBpp0078375	0.0
7227.FBpp0083984	7227.FBpp0289459	0.0
7227.FBpp0074429	7227.FBpp0079589	0.0
7227.FBpp0303475	7227.FBpp0288434	0.0
7227.FBpp0086289	7227.FBpp0082046	0.0
7227.FBpp0303005	7227.FBpp0071379	0.0
7227.FBpp0293996	7227.FBpp0301994	0.0
7227.FBpp0083313	7227.FBpp0079860	0.0
7227.FBpp0080407	7227.FBpp0071816	0.0
7227.FBpp0088525	7227.FBpp0073151	0.0
7227.FBpp0290270	7227.FBpp0099981	0.0
7227.FBpp0074015	7227.FBpp0290586	0.0
7227.FBpp0086767	7227.FBpp0291736	0.0
7227.FBpp0074711	7227.FBpp0074556	0.0
7227.FBpp0085107	7227.FBpp0087088	0.0
7227.FBpp0086525	7227.FBpp0290315	0.0
7227.FBpp0078776	7227.FBpp0303456	0.0
7227.FBpp0110110	7227.FBpp0076783	0.0
7227.FBpp0304811	7227.FBpp0071321	0.0
7227.FBpp0288712	7227.FBpp0305205	0.0
7227.FBpp0304703	7227.FBpp0289053	0.0
7227.FBpp0291473	7227.FBpp0086055	0.0
7227.FBpp0081539	7227.FBpp0304436	0.0
7227.FBpp0082316	7227.FBpp0071732	0.0
7227.FBpp0087825	7227.FBpp0079589	0.0
7227.FBpp0071170	7227.FBpp0088070	0.0
7227.FBpp0086001	7227.FBpp0080970	0.0
7227.FBpp0075151	7227.FBpp0078577	0.0
7227.FBpp0099380	7227.FBpp0289450	0.0
7227.FBpp0304754	7227.FBpp0081669	0.0
7227.FBpp0087311	7227.FBpp0297636	0.0
7227.FBpp0078487	7227.FBpp0304566	0.0
7227.FBpp0084594	7227.FBpp0112288	0.0
7227.FBpp0084938	7227.FBpp0074536	0.0
7227.FBpp0075699	7227.FBpp0112922	0.0
7227.FBpp0289092	7227.FBpp0074028	0.0
7227.FBpp0084849	7227.FBpp0303512	0.0
7227.FBpp0306199	7227.FBpp0080401	0.0
7227.FBpp0076359	7227.FBpp0300790	0.0
7227.FBpp0077218	7227.FBpp0290667	0.0
7227.FBpp0302864	7227.FBpp0087860	0.0
7227.FBpp0086649	7227.FBpp0290611	0.0
7227.FBpp0305990	7227.FBpp0071082	0.0
7227.FBpp0070616	7227.FBpp0111412	0.0
7227.FBpp0076966	7227.FBpp0076790	0.0
7227.FBpp0084719	7227.FBpp0083043	0.0
7227.FBpp0076937	7227.FBpp0099873	0.0
7227.FBpp0291449	7227.FBpp0088285	0.0
7227.FBpp0304501	7227.FBpp0113058	0.0
7227.FBpp0084152	7227.FBpp0304082	0.0
7227.FBpp0288871	7227.FBpp0071953	0.0
7227.FBpp0082639	7227.FBpp0291559	0.0
7227.FBpp0289653	7227.FBpp0072546	0.0
7227.FBpp0290109	7227.FBpp0303728	0.0
7227.FBpp0297507	7227.FBpp0303149	0.0
7227.FBpp0297755	7227.FBpp0303058	0.0
7227.FBpp0077101	7227.FBpp0082238	0.0
7227.FBpp0074051	7227.FBpp0083583	0.0
7227.FBpp0290170	7227.FBpp0083338	0.0
7227.FBpp0081584	7227.FBpp0305859	0.0
7227.FBpp0085258	7227.FBpp0083970	0.0
7227.FBpp0289196	7227.FBpp0112964	0.0
7227.FBpp0070471	7227.FBpp0088841	0.0
7227.FBpp0075257	7227.FBpp0292869	0.0
7227.FBpp0297399	7227.FBpp0089095	0.0
7227.FBpp0075259	7227.FBpp0304380	0.0
7227.FBpp0084735	7227.FBpp0081179	0.0
7227.FBpp0072531	7227.FBpp0086094	0.0
7227.FBpp0289970	7227.FBpp0112496	0.0
7227.FBpp0079951	7227.FBpp0099890	0.0
7227.FBpp0303875	7227.FBpp0271852	0.0
7227.FBpp0099545	7227.FBpp0290431	0.0
7227.FBpp0289405	7227.FBpp0290712	0.0
7227.FBpp0071176	7227.FBpp0079525	0.0
7227.FBpp0087878	7227.FBpp0082733	0.0
7227.FBpp0288380	7227.FBpp0290068	0.0
7227.FBpp0297444	7227.FBpp0111680	0.0
7227.FBpp0081861	7227.FBpp0112077	0.0
7227.FBpp0083531	7227.FBpp0077749	0.0
7227.FBpp0302928	7227.FBpp0110242	0.0
7227.FBpp0099612	7227.FBpp0079474	0.0
7227.FBpp0081551	7227.FBpp0078781	0.0
7227.FBpp0304372	7227.FBpp0078098	0.0
7227.FBpp0087047	7227.FBpp0289266	0.0
7227.FBpp0078395	7227.FBpp0303475	0.0
7227.FBpp0080602	7227.FBpp0086871	0.0
7227.FBpp0088123	7227.FBpp0070209	0.0
7227.FBpp0306007	7227.FBpp0099678	0.0
7227.FBpp0076389	7227.FBpp0074437	0.0
7227.FBpp0073971	7227.FBpp0073848	0.0
7227.FBpp0288722	7227.FBpp0085046	0.0
7227.FBpp0072232	7227.FBpp0290498	0.0
7227.FBpp0088499	7227.FBpp0074203	0.0
7227.FBpp0300312	7227.FBpp0080914	0.0
7227.FBpp0293135	7227.FBpp0303189	0.0
7227.FBpp0087924	7227.FBpp0084894	0.0
7227.FBpp0100129	7227.FBpp0292605	0.0
7227.FBpp0306233	7227.FBpp0100172	0.0
7227.FBpp0078214	7227.FBpp0072952	0.0
7227.FBpp0087826	7227.FBpp0078337	0.0
7227.FBpp0087624	7227.FBpp0297910	0.0
7227.FBpp0289679	7227.FBpp0074145	0.0
7227.FBpp0085643	7227.FBpp0291021	0.0
7227.FBpp0078922	7227.FBpp0082236	0.0
7227.FBpp0100120	7227.FBpp0303867	0.0
7227.FBpp0289637	7227.FBpp0084529	0.0
7227.FBpp0112099	7227.FBpp0070843	0.0
7227.FBpp0087887	7227.FBpp0072658	0.0
7227.FBpp0072851	7227.FBpp0082582	0.0
7227.FBpp0302796	7227.FBpp0075180	0.0
7227.FBpp0083434	7227.FBpp0112997	0.0
7227.FBpp0079586	7227.FBpp0079683	0.0
7227.FBpp0072401	7227.FBpp0073642	0.0
7227.FBpp0112779	7227.FBpp0304798	0.0
7227.FBpp0080595	7227.FBpp0290094	0.0
7227.FBpp0087458	7227.FBpp0297135	0.0
7227.FBpp0289806	7227.FBpp0271773	0.0
7227.FBpp0303872	7227.FBpp0074961	0.0
7227.FBpp0078448	7227.FBpp0082413	0.0
7227.FBpp0304873	7227.FBpp0073642	0.0
7227.FBpp0074752	7227.FBpp0304570	0.0
7227.FBpp0070831	7227.FBpp0301800	0.0
7227.FBpp0301789	7227.FBpp0300892	0.0
7227.FBpp0078936	7227.FBpp0301748	0.0
7227.FBpp0075384	7227.FBpp0086893	0.0
7227.FBpp0079716	7227.FBpp0087186	0.0
7227.FBpp0073111	7227.FBpp0085818	0.0
7227.FBpp0305173	7227.FBpp0078054	0.0
7227.FBpp0070802	7227.FBpp0087826	0.0
7227.FBpp0293959	7227.FBpp0302684	0.0
7227.FBpp0075035	7227.FBpp0087353	0.0
7227.FBpp0288853	7227.FBpp0079824	0.0
7227.FBpp0292347	7227.FBpp0074706	0.0
7227.FBpp0080393	7227.FBpp0291414	0.0
7227.FBpp0084635	7227.FBpp0083457	0.0
7227.FBpp0077645	7227.FBpp0088445	0.0
7227.FBpp0080409	7227.FBpp0080631	0.0
7227.FBpp0071055	7227.FBpp0302541	0.0
7227.FBpp0075829	7227.FBpp0072928	0.0
7227.FBpp0083030	7227.FBpp0082238	0.0
7227.FBpp0085624	7227.FBpp0081593	0.0
7227.FBpp0073947	7227.FBpp0084084	0.0
7227.FBpp0078821	7227.FBpp0081484	0.0
7227.FBpp0081563	7227.FBpp0290092	0.0
7227.FBpp0297076	7227.FBpp0306041	0.0
7227.FBpp0081488	7227.FBpp0075983	0.0
7227.FBpp0073804	7227.FBpp0079408	0.0
7227.FBpp0071018	7227.FBpp0074369	0.0
7227.FBpp0088371	7227.FBpp0303782	0.0
7227.FBpp0305639	7227.FBpp0075467	0.0
7227.FBpp0078050	7227.FBpp0081989	0.0
7227.FBpp0089408	7227.FBpp0297300	0.0
7227.FBpp0305590	7227.FBpp0072170	0.0
7227.FBpp0081204	7227.FBpp0083488	0.0
7227.FBpp0089243	7227.FBpp0076245	0.0
7227.FBpp0074314	7227.FBpp0083033	0.0
7227.FBpp0290200	7227.FBpp0301145	0.0
7227.FBpp0289556	7227.FBpp0087934	0.0
7227.FBpp0076226	7227.FBpp0289307	0.0
7227.FBpp0290315	7227.FBpp0078877	0.0
7227.FBpp0288936	7227.FBpp0305350	0.0
7227.FBpp0089004	7227.FBpp0077813	0.0
7227.FBpp0088877	7227.FBpp0077106	0.0
7227.FBpp0089406	7227.FBpp0071626	0.0
7227.FBpp0072382	7227.FBpp0078885	0.0
7227.FBpp0305216	7227.FBpp0303925	0.0
7227.FBpp0083766	7227.FBpp0075811	0.0
7227.FBpp0071550	7227.FBpp0302766	0.0
7227.FBpp0304422	7227.FBpp0087890	0.0
7227.FBpp0298004	7227.FBpp0300957	0.0
7227.FBpp0289216	7227.FBpp0083663	0.0
7227.FBpp0078645	7227.FBpp0303462	0.0
7227.FBpp0070083	7227.FBpp0073162	0.0
7227.FBpp0292340	7227.FBpp0288975	0.0
7227.FBpp0089109	7227.FBpp0099517	0.0
7227.FBpp0100169	7227.FBpp0071127	0.0
7227.FBpp0073347	7227.FBpp0076621	0.0
7227.FBpp0303839	7227.FBpp0070028	0.0
7227.FBpp0071759	7227.FBpp0073504	0.0
7227.FBpp0087023	7227.FBpp0079723	0.0
7227.FBpp0070374	7227.FBpp0071403	0.0
7227.FBpp0077326	7227.FBpp0087027	0.0
7227.FBpp0084680	7227.FBpp0084363	0.0
7227.FBpp0086525	7227.FBpp0297113	0.0
7227.FBpp0070465	7227.FBpp0081754	0.0
7227.FBpp0293881	7227.FBpp0078670	0.0
7227.FBpp0081817	7227.FBpp0302703	0.0
7227.FBpp0303090	7227.FBpp0078111	0.0
7227.FBpp0087152	7227.FBpp0305165	0.0
7227.FBpp0072965	7227.FBpp0291642	0.0
7227.FBpp0073670	7227.FBpp0290032	0.0
7227.FBpp0080577	7227.FBpp0072072	0.0
7227.FBpp0289430	7227.FBpp0099866	0.0
7227.FBpp0070955	7227.FBpp0301174	0.0
7227.FBpp0085822	7227.FBpp0074205	0.0
7227.FBpp0304910	7227.FBpp0081404	0.0
7227.FBpp0077411	7227.FBpp0290362	0.0
7227.FBpp0081430	7227.FBpp0075688	0.0
7227.FBpp0302814	7227.FBpp0086773	0.0
7227.FBpp0082016	7227.FBpp0071756	0.0
7227.FBpp0074443	7227.FBpp0304437	0.0
7227.FBpp0305136	7227.FBpp0071968	0.0
7227.FBpp0077930	7227.FBpp0077245	0.0
7227.FBpp0300877	7227.FBpp0083075	0.0
7227.FBpp0081931	7227.FBpp0084462	0.0
7227.FBpp0289413	7227.FBpp0073869	0.0
7227.FBpp0076348	7227.FBpp0070831	0.0
7227.FBpp0082475	7227.FBpp0074045	0.0
7227.FBpp0081585	7227.FBpp0271694	0.0
7227.FBpp0077462	7227.FBpp0111475	0.0
7227.FBpp0298016	7227.FBpp0084388	0.0
7227.FBpp0070655	7227.FBpp0079389	0.0
7227.FBpp0084229	7227.FBpp0077755	0.0
7227.FBpp0075003	7227.FBpp0070609	0.0
7227.FBpp0081176	7227.FBpp0300928	0.0
7227.FBpp0084939	7227.FBpp0078554	0.0
7227.FBpp0071442	7227.FBpp0073618	0.0
7227.FBpp0087025	7227.FBpp0080582	0.0
7227.FBpp0089360	7227.FBpp0112131	0.0
7227.FBpp0088862	7227.FBpp0086372	0.0
7227.FBpp0305430	7227.FBpp0303719	0.0
7227.FBpp0079505	7227.FBpp0073119	0.0
7227.FBpp0303313	7227.FBpp0085325	0.0
7227.FBpp0302602	7227.FBpp0077545	0.0
7227.FBpp0303212	7227.FBpp0300966	0.0
7227.FBpp0073386	7227.FBpp0302761	0.0
7227.FBpp0077059	7227.FBpp0305814	0.0
7227.FBpp0289178	7227.FBpp0100134	0.0
7227.FBpp0086062	7227.FBpp0070939	0.0
7227.FBpp0110197	7227.FBpp0271814	0.0
7227.FBpp0300909	7227.FBpp0074177	0.0
7227.FBpp0087375	7227.FBpp0290177	0.0
7227.FBpp0303234	7227.FBpp0293437	0.0
7227.FBpp0303034	7227.FBpp0075735	0.0
7227.FBpp0293134	7227.FBpp0084577	0.0
7227.FBpp0086907	7227.FBpp0291023	0.0
7227.FBpp0087089	7227.FBpp0111291	0.0
7227.FBpp0290432	7227.FBpp0081404	0.0
7227.FBpp0111417	7227.FBpp0305474	0.0
7227.FBpp0075630	7227.FBpp0075834	0.0
7227.FBpp0302813	7227.FBpp0290877	0.0
7227.FBpp0291646	7227.FBpp0074369	0.0
7227.FBpp0289672	7227.FBpp0077717	0.0
7227.FBpp0289816	7227.FBpp0288936	0.0
7227.FBpp0081631	7227.FBpp0112440	0.0
7227.FBpp0078593	7227.FBpp0087375	0.0
7227.FBpp0070385	7227.FBpp0075576	0.0
7227.FBpp0073485	7227.FBpp0110498	0.0
7227.FBpp0077005	7227.FBpp0294009	0.0
7227.FBpp0111485	7227.FBpp0293345	0.0
7227.FBpp0303194	7227.FBpp0304972	0.0
7227.FBpp0083506	7227.FBpp0077322	0.0
7227.FBpp0070999	7227.FBpp0075488	0.0
7227.FBpp0305093	7227.FBpp0070423	0.0
7227.FBpp0075668	7227.FBpp0074850	0.0
7227.FBpp0291943	7227.FBpp0087068	0.0
7227.FBpp0074586	7227.FBpp0289303	0.0
7227.FBpp0292035	7227.FBpp0074547	0.0
7227.FBpp0289184	7227.FBpp0089109	0.0
7227.FBpp0070180	7227.FBpp0070844	0.0
7227.FBpp0291911	7227.FBpp0099996	0.0
7227.FBpp0089003	7227.FBpp0291347	0.0
7227.FBpp0075738	7227.FBpp0111438	0.0
7227.FBpp0082127	7227.FBpp0083951	0.0
7227.FBpp0289793	7227.FBpp0075737	0.0
7227.FBpp0289489	7227.FBpp0303526	0.0
7227.FBpp0083792	7227.FBpp0288746	0.0
7227.FBpp0077363	7227.FBpp0078828	0.0
7227.FBpp0082979	7227.FBpp0084117	0.0
7227.FBpp0085404	7227.FBpp0112188	0.0
7227.FBpp0290955	7227.FBpp0303582	0.0
7227.FBpp0293345	7227.FBpp0306045	0.0
7227.FBpp0099574	7227.FBpp0072893	0.0
7227.FBpp0113067	7227.FBpp0087626	0.0
7227.FBpp0297231	7227.FBpp0304616	0.0
7227.FBpp0089174	7227.FBpp0077704	0.0
7227.FBpp0290965	7227.FBpp0088005	0.0
7227.FBpp0302782	7227.FBpp0099877	0.0
7227.FBpp0087879	7227.FBpp0083377	0.0
7227.FBpp0084189	7227.FBpp0289968	0.0
7227.FBpp0079593	7227.FBpp0084579	0.0
7227.FBpp0111838	7227.FBpp0078815	0.0
7227.FBpp0112540	7227.FBpp0079526	0.0
7227.FBpp0288390	7227.FBpp0304410	0.0
7227.FBpp0070585	7227.FBpp0290832	0.0
7227.FBpp0099918	7227.FBpp0080275	0.0
7227.FBpp0297536	7227.FBpp0289053	0.0
7227.FBpp0083355	7227.FBpp0074034	0.0
7227.FBpp0076011	7227.FBpp0082323	0.0
7227.FBpp0290197	7227.FBpp0079968	0.0
7227.FBpp0084813	7227.FBpp0302822	0.0
7227.FBpp0077607	7227.FBpp0291241	0.0
7227.FBpp0303058	7227.FBpp0080895	0.0
7227.FBpp0077869	7227.FBpp0086236	0.0
7227.FBpp0111308	7227.FBpp0290560	0.0
7227.FBpp0070967	7227.FBpp0084527	0.0
7227.FBpp0084001	7227.FBpp0297409	0.0
7227.FBpp0073523	7227.FBpp0073276	0.0
7227.FBpp0291713	7227.FBpp0089077	0.0
7227.FBpp0289733	7227.FBpp0292455	0.0
7227.FBpp0086881	7227.FBpp0078815	0.0
7227.FBpp0306221	7227.FBpp0085814	0.0
7227.FBpp0304120	7227.FBpp0073208	0.0
7227.FBpp0085056	7227.FBpp0076767	0.0
7227.FBpp0305850	7227.FBpp0303243	0.0
7227.FBpp0085477	7227.FBpp0086070	0.0
7227.FBpp0074015	7227.FBpp0084726	0.0
7227.FBpp0089318	7227.FBpp0076877	0.0
7227.FBpp0303669	7227.FBpp0111792	0.0
7227.FBpp0290195	7227.FBpp0080894	0.0
7227.FBpp0072219	7227.FBpp0290085	0.0
7227.FBpp0087023	7227.FBpp0304263	0.0
7227.FBpp0071934	7227.FBpp0089413	0.0
7227.FBpp0288830	7227.FBpp0290194	0.0
7227.FBpp0091094	7227.FBpp0077946	0.0
7227.FBpp0297777	7227.FBpp0081830	0.0
7227.FBpp0074848	7227.FBpp0112167	0.0
7227.FBpp0088510	7227.FBpp0099486	0.0
7227.FBpp0291559	7227.FBpp0086570	0.0
7227.FBpp0071354	7227.FBpp0111863	0.0
7227.FBpp0075859	7227.FBpp0301751	0.0
7227.FBpp0111861	7227.FBpp0082328	0.0
7227.FBpp0071246	7227.FBpp0112541	0.0
7227.FBpp0077922	7227.FBpp0078867	0.0
7227.FBpp0070942	7227.FBpp0072969	0.0
7227.FBpp0082666	7227.FBpp0111523	0.0
7227.FBpp0293581	7227.FBpp0086042	0.0
7227.FBpp0073888	7227.FBpp0072497	0.0
7227.FBpp0079357	7227.FBpp0079866	0.0
7227.FBpp0071423	7227.FBpp0080577	0.0
7227.FBpp0085115	7227.FBpp0077470	0.0
7227.FBpp0083081	7227.FBpp0111843	0.0
7227.FBpp0086468	7227.FBpp0074513	0.0
7227.FBpp0078970	7227.FBpp0086175	0.0
7227.FBpp0304687	7227.FBpp0305403	0.0
7227.FBpp0073191	7227.FBpp0076100	0.0
7227.FBpp0091151	7227.FBpp0112306	0.0
7227.FBpp0302762	7227.FBpp0293429	0.0
7227.FBpp0078153	7227.FBpp0289922	0.0
7227.FBpp0074796	7227.FBpp0087979	0.0
7227.FBpp0086683	7227.FBpp0073041	0.0
7227.FBpp0099493	7227.FBpp0078448	0.0
7227.FBpp0085011	7227.FBpp0079248	0.0
7227.FBpp0087818	7227.FBpp0074887	0.0
7227.FBpp0075774	7227.FBpp0303711	0.0
7227.FBpp0087485	7227.FBpp0304979	0.0
7227.FBpp0075195	7227.FBpp0084795	0.0
7227.FBpp0070530	7227.FBpp0079948	0.0
7227.FBpp0087452	7227.FBpp0082065	0.0
7227.FBpp0076026	7227.FBpp0082361	0.0
7227.FBpp0303737	7227.FBpp0305175	0.0
7227.FBpp0082124	7227.FBpp0289521	0.0
7227.FBpp0293520	7227.FBpp0086552	0.0
7227.FBpp0292132	7227.FBpp0075187	0.0
7227.FBpp0289971	7227.FBpp0071675	0.0
7227.FBpp0290548	7227.FBpp0070616	0.0
7227.FBpp0297289	7227.FBpp0303117	0.0
7227.FBpp0076644	7227.FBpp0289634	0.0
7227.FBpp0080385	7227.FBpp0088902	0.0
7227.FBpp0297113	7227.FBpp0080094	0.0
7227.FBpp0111332	7227.FBpp0079721	0.0
7227.FBpp0290782	7227.FBpp0297232	0.0
7227.FBpp0074640	7227.FBpp0071700	0.0
7227.FBpp0084401	7227.FBpp0297742	0.0
7227.FBpp0080790	7227.FBpp0081400	0.0
7227.FBpp0089144	7227.FBpp0081638	0.0
7227.FBpp0070194	7227.FBpp0289238	0.0
7227.FBpp0077523	7227.FBpp0303896	0.0
7227.FBpp0085394	7227.FBpp0073347	0.0
7227.FBpp0080507	7227.FBpp0079590	0.0
7227.FBpp0075215	7227.FBpp0074108	0.0
7227.FBpp0083712	7227.FBpp0290184	0.0
7227.FBpp0070751	7227.FBpp0088969	0.0
7227.FBpp0071423	7227.FBpp0081751	0.0
7227.FBpp0073459	7227.FBpp0076767	0.0
7227.FBpp0087289	7227.FBpp0072166	0.0
7227.FBpp0086970	7227.FBpp0077900	0.0
7227.FBpp0302657	7227.FBpp0301980	0.0
7227.FBpp0085226	7227.FBpp0076994	0.0
7227.FBpp0078848	7227.FBpp0305476	0.0
7227.FBpp0087637	7227.FBpp0075692	0.0
7227.FBpp0079069	7227.FBpp0112127	0.0
7227.FBpp0082724	7227.FBpp0086685	0.0
7227.FBpp0075168	7227.FBpp0074898	0.0
7227.FBpp0289370	7227.FBpp0074708	0.0
7227.FBpp0288878	7227.FBpp0289688	0.0
7227.FBpp0086552	7227.FBpp0074116	0.0
7227.FBpp0086372	7227.FBpp0297636	0.0
7227.FBpp0297135	7227.FBpp0076240	0.0
7227.FBpp0073651	7227.FBpp0303028	0.0
7227.FBpp0113045	7227.FBpp0087651	0.0
7227.FBpp0077716	7227.FBpp0305875	0.0
7227.FBpp0086057	7227.FBpp0078694	0.0
7227.FBpp0303351	7227.FBpp0080385	0.0
7227.FBpp0071824	7227.FBpp0302014	0.0
7227.FBpp0085742	7227.FBpp0290048	0.0
7227.FBpp0085935	7227.FBpp0291089	0.0
7227.FBpp0082301	7227.FBpp0290990	0.0
7227.FBpp0071198	7227.FBpp0111314	0.0
7227.FBpp0083082	7227.FBpp0085743	0.0
7227.FBpp0099434	7227.FBpp0111803	0.0
7227.FBpp0076608	7227.FBpp0290703	0.0
7227.FBpp0073210	7227.FBpp0302014	0.0
7227.FBpp0085904	7227.FBpp0292826	0.0
7227.FBpp0099909	7227.FBpp0075135	0.0
7227.FBpp0091154	7227.FBpp0291523	0.0
7227.FBpp0305308	7227.FBpp0075212	0.0
7227.FBpp0085561	7227.FBpp0079631	0.0
7227.FBpp0292131	7227.FBpp0100079	0.0
7227.FBpp0088037	7227.FBpp0302857	0.0
7227.FBpp0296951	7227.FBpp0085227	0.0
7227.FBpp0300615	7227.FBpp0071774	0.0
7227.FBpp0292249	7227.FBpp0088242	0.0
7227.FBpp0298016	7227.FBpp0290122	0.0
7227.FBpp0290099	7227.FBpp0070953	0.0
7227.FBpp0304372	7227.FBpp0304138	0.0
7227.FBpp0300232	7227.FBpp0088146	0.0
7227.FBpp0112547	7227.FBpp0080031	0.0
7227.FBpp0088605	7227.FBpp0111442	0.0
7227.FBpp0080051	7227.FBpp0288481	0.0
7227.FBpp0071449	7227.FBpp0078160	0.0
7227.FBpp0077688	7227.FBpp0110439	0.0
7227.FBpp0305833	7227.FBpp0080604	0.0
7227.FBpp0306063	7227.FBpp0305226	0.0
7227.FBpp0085027	7227.FBpp0081866	0.0
7227.FBpp0289320	7227.FBpp0289235	0.0
7227.FBpp0303604	7227.FBpp0302607	0.0
7227.FBpp0070840	7227.FBpp0071532	0.0
7227.FBpp0081064	7227.FBpp0100120	0.0
7227.FBpp0091075	7227.FBpp0291597	0.0
7227.FBpp0070434	7227.FBpp0304384	0.0
7227.FBpp0072097	7227.FBpp0072473	0.0
7227.FBpp0072849	7227.FBpp0302028	0.0
7227.FBpp0306232	7227.FBpp0305022	0.0
7227.FBpp0111475	7227.FBpp0078812	0.0
7227.FBpp0293540	7227.FBpp0084914	0.0
7227.FBpp0088129	7227.FBpp0074868	0.0
7227.FBpp0078260	7227.FBpp0304263	0.0
7227.FBpp0087206	7227.FBpp0074776	0.0
7227.FBpp0076567	7227.FBpp0290715	0.0
7227.FBpp0073691	7227.FBpp0301950	0.0
7227.FBpp0080604	7227.FBpp0304587	0.0
7227.FBpp0303835	7227.FBpp0079544	0.0
7227.FBpp0088029	7227.FBpp0081732	0.0
7227.FBpp0072596	7227.FBpp0301155	0.0
7227.FBpp0084221	7227.FBpp0082650	0.0
7227.FBpp0088499	7227.FBpp0079500	0.0
7227.FBpp0072610	7227.FBpp0074984	0.0
7227.FBpp0071625	7227.FBpp0113001	0.0
7227.FBpp0078218	7227.FBpp0082370	0.0
7227.FBpp0289086	7227.FBpp0306161	0.0
7227.FBpp0079247	7227.FBpp0080029	0.0
7227.FBpp0304706	7227.FBpp0078670	0.0
7227.FBpp0078471	7227.FBpp0293358	0.0
7227.FBpp0083766	7227.FBpp0077391	0.0
7227.FBpp0076635	7227.FBpp0079093	0.0
7227.FBpp0289286	7227.FBpp0084520	0.0
7227.FBpp0303947	7227.FBpp0084812	0.0
7227.FBpp0079250	7227.FBpp0291404	0.0
7227.FBpp0089406	7227.FBpp0070790	0.0
7227.FBpp0084040	7227.FBpp0289590	0.0
7227.FBpp0076767	7227.FBpp0086817	0.0
7227.FBpp0291017	7227.FBpp0077567	0.0
7227.FBpp0271712	7227.FBpp0084450	0.0
7227.FBpp0084022	7227.FBpp0087448	0.0
7227.FBpp0293685	7227.FBpp0073269	0.0
7227.FBpp0305878	7227.FBpp0078684	0.0
7227.FBpp0075112	7227.FBpp0082666	0.0
7227.FBpp0085880	7227.FBpp0080051	0.0
7227.FBpp0077850	7227.FBpp0303194	0.0
7227.FBpp0091042	7227.FBpp0303538	0.0
7227.FBpp0080577	7227.FBpp0306054	0.0
7227.FBpp0088148	7227.FBpp0087610	0.0
7227.FBpp0071838	7227.FBpp0073286	0.0
7227.FBpp0082195	7227.FBpp0297235	0.0
7227.FBpp0110318	7227.FBpp0084310	0.0
7227.FBpp0292621	7227.FBpp0082845	0.0
7227.FBpp0293226	7227.FBpp0081545	0.0
7227.FBpp0074663	7227.FBpp0078306	0.0
7227.FBpp0300415	7227.FBpp0300877	0.0
7227.FBpp0303780	7227.FBpp0071831	0.0
7227.FBpp0078599	7227.FBpp0289982	0.0
7227.FBpp0070725	7227.FBpp0084796	0.0
7227.FBpp0290420	7227.FBpp0289506	0.0
7227.FBpp0070392	7227.FBpp0303956	0.0
7227.FBpp0080039	7227.FBpp0112198	0.0
7227.FBpp0303342	7227.FBpp0110283	0.0
7227.FBpp0084449	7227.FBpp0086682	0.0
7227.FBpp0072281	7227.FBpp0305033	0.0
7227.FBpp0078018	7227.FBpp0077933	0.0
7227.FBpp0085575	7227.FBpp0072319	0.0
7227.FBpp0072257	7227.FBpp0078911	0.0
7227.FBpp0081159	7227.FBpp0078496	0.0
7227.FBpp0076241	7227.FBpp0297405	0.0
7227.FBpp0079058	7227.FBpp0077082	0.0
7227.FBpp0290779	7227.FBpp0110223	0.0
7227.FBpp0087364	7227.FBpp0072569	0.0
7227.FBpp0078691	7227.FBpp0087160	0.0
7227.FBpp0088908	7227.FBpp0305589	0.0
7227.FBpp0073377	7227.FBpp0075309	0.0
7227.FBpp0083654	7227.FBpp0304960	0.0
7227.FBpp0078872	7227.FBpp0075964	0.0
7227.FBpp0305012	7227.FBpp0086083	0.0
7227.FBpp0085491	7227.FBpp0083626	0.0
7227.FBpp0291046	7227.FBpp0088871	0.0
7227.FBpp0305544	7227.FBpp0304057	0.0
7227.FBpp0078774	7227.FBpp0288491	0.0
7227.FBpp0304564	7227.FBpp0083767	0.0
7227.FBpp0080409	7227.FBpp0291022	0.0
7227.FBpp0070682	7227.FBpp0080388	0.0
7227.FBpp0075115	7227.FBpp0080705	0.0
7227.FBpp0300749	7227.FBpp0073508	0.0
7227.FBpp0075676	7227.FBpp0288828	0.0
7227.FBpp0297870	7227.FBpp0079970	0.0
7227.FBpp0294016	7227.FBpp0082964	0.0
7227.FBpp0112496	7227.FBpp0076571	0.0
7227.FBpp0302531	7227.FBpp0290477	0.0
7227.FBpp0084505	7227.FBpp0070507	0.0
7227.FBpp0288659	7227.FBpp0071934	0.0
7227.FBpp0081534	7227.FBpp0071756	0.0
7227.FBpp0291766	7227.FBpp0070466	0.0
7227.FBpp0080587	7227.FBpp0304390	0.0
7227.FBpp0070758	7227.FBpp0070953	0.0
7227.FBpp0087725	7227.FBpp0110167	0.0
7227.FBpp0111361	7227.FBpp0082279	0.0
7227.FBpp0074552	7227.FBpp0301831	0.0
7227.FBpp0073447	7227.FBpp0305495	0.0
7227.FBpp0087647	7227.FBpp0074975	0.0
7227.FBpp0070482	7227.FBpp0075440	0.0
7227.FBpp0297289	7227.FBpp0071952	0.0
7227.FBpp0304799	7227.FBpp0073040	0.0
7227.FBpp0080721	7227.FBpp0071813	0.0
7227.FBpp0271813	7227.FBpp0292110	0.0
7227.FBpp0111410	7227.FBpp0100181	0.0
7227.FBpp0080708	7227.FBpp0305728	0.0
7227.FBpp0074758	7227.FBpp0078006	0.0
7227.FBpp0111316	7227.FBpp0087023	0.0
7227.FBpp0293509	7227.FBpp0288793	0.0
7227.FBpp0083033	7227.FBpp0070078	0.0
7227.FBpp0303760	7227.FBpp0078312	0.0
7227.FBpp0073922	7227.FBpp0112180	0.0
7227.FBpp0082575	7227.FBpp0078553	0.0
7227.FBpp0087308	7227.FBpp0084434	0.0
7227.FBpp0306188	7227.FBpp0085611	0.0
7227.FBpp0304078	7227.FBpp0073778	0.0
7227.FBpp0302772	7227.FBpp0290069	0.0
7227.FBpp0086646	7227.FBpp0081528	0.0
7227.FBpp0289800	7227.FBpp0112811	0.0
7227.FBpp0086132	7227.FBpp0078006	0.0
7227.FBpp0087182	7227.FBpp0304788	0.0
7227.FBpp0290993	7227.FBpp0070934	0.0
7227.FBpp0073449	7227.FBpp0074741	0.0
7227.FBpp0081324	7227.FBpp0080391	0.0
7227.FBpp0082625	7227.FBpp0304387	0.0
7227.FBpp0303035	7227.FBpp0111339	0.0
7227.FBpp0084449	7227.FBpp0089041	0.0
7227.FBpp0077972	7227.FBpp0289416	0.0
7227.FBpp0087037	7227.FBpp0087681	0.0
7227.FBpp0081569	7227.FBpp0075091	0.0
7227.FBpp0072038	7227.FBpp0077567	0.0
7227.FBpp0292980	7227.FBpp0288481	0.0
7227.FBpp0304566	7227.FBpp0085043	0.0
7227.FBpp0072675	7227.FBpp0292887	0.0
7227.FBpp0074820	7227.FBpp0289196	0.0
7227.FBpp0085678	7227.FBpp0077627	0.0
7227.FBpp0293226	7227.FBpp0304135	0.0
7227.FBpp0302678	7227.FBpp0271694	0.0
7227.FBpp0085220	7227.FBpp0084909	0.0
7227.FBpp0084852	7227.FBpp0292443	0.0
7227.FBpp0077361	7227.FBpp0079540	0.0
7227.FBpp0076117	7227.FBpp0085562	0.0
7227.FBpp0288746	7227.FBpp0300795	0.0
7227.FBpp0077753	7227.FBpp0081138	0.0
7227.FBpp0085171	7227.FBpp0085109	0.0
7227.FBpp0304876	7227.FBpp0088551	0.0
7227.FBpp0099485	7227.FBpp0080738	0.0
7227.FBpp0301822	7227.FBpp0303194	0.0
7227.FBpp0076462	7227.FBpp0076942	0.0
7227.FBpp0091138	7227.FBpp0076559	0.0
7227.FBpp0077705	7227.FBpp0081328	0.0
7227.FBpp0304482	7227.FBpp0070993	0.0
7227.FBpp0110220	7227.FBpp0085802	0.0
7227.FBpp0099965	7227.FBpp0298014	0.0
7227.FBpp0087961	7227.FBpp0304410	0.0
7227.FBpp0301839	7227.FBpp0074548	0.0
7227.FBpp0084719	7227.FBpp0070724	0.0
7227.FBpp0289146	7227.FBpp0099518	0.0
7227.FBpp0070361	7227.FBpp0291038	0.0
7227.FBpp0078944	7227.FBpp0301124	0.0
7227.FBpp0072524	7227.FBpp0303728	0.0
7227.FBpp0082661	7227.FBpp0301751	0.0
7227.FBpp0076556	7227.FBpp0079309	0.0
7227.FBpp0088436	7227.FBpp0079987	0.0
7227.FBpp0072607	7227.FBpp0071279	0.0
7227.FBpp0079458	7227.FBpp0291914	0.0
7227.FBpp0297502	7227.FBpp0306226	0.0
7227.FBpp0293750	7227.FBpp0293441	0.0
7227.FBpp0074120	7227.FBpp0074962	0.0
7227.FBpp0078331	7227.FBpp0303376	0.0
7227.FBpp0081457	7227.FBpp0076011	0.0
7227.FBpp0305226	7227.FBpp0084542	0.0
7227.FBpp0084684	7227.FBpp0073558	0.0
7227.FBpp0072943	7227.FBpp0070170	0.0
7227.FBpp0076015	7227.FBpp0303488	0.0
7227.FBpp0082845	7227.FBpp0076407	0.0
7227.FBpp0071259	7227.FBpp0086736	0.0
7227.FBpp0080791	7227.FBpp0304349	0.0
7227.FBpp0303788	7227.FBpp0288415	0.0
7227.FBpp0304947	7227.FBpp0076571	0.0
7227.FBpp0113058	7227.FBpp0071663	0.0
7227.FBpp0085042	7227.FBpp0078987	0.0
7227.FBpp0079849	7227.FBpp0083739	0.0
7227.FBpp0083397	7227.FBpp0084435	0.0
7227.FBpp0070526	7227.FBpp0086155	0.0
7227.FBpp0291139	7227.FBpp0071547	0.0
7227.FBpp0304323	7227.FBpp0303950	0.0
7227.FBpp0073111	7227.FBpp0075257	0.0
7227.FBpp0289236	7227.FBpp0077957	0.0
7227.FBpp0301849	7227.FBpp0289248	0.0
7227.FBpp0085455	7227.FBpp0300836	0.0
7227.FBpp0087367	7227.FBpp0070131	0.0
7227.FBpp0081989	7227.FBpp0290641	0.0
7227.FBpp0301801	7227.FBpp0288546	0.0
7227.FBpp0076411	7227.FBpp0084553	0.0
7227.FBpp0072022	7227.FBpp0073358	0.0
7227.FBpp0296983	7227.FBpp0303719	0.0
7227.FBpp0291629	7227.FBpp0076442	0.0
7227.FBpp0306054	7227.FBpp0076230	0.0
7227.FBpp0071177	7227.FBpp0084014	0.0
7227.FBpp0290131	7227.FBpp0072595	0.0
7227.FBpp0304501	7227.FBpp0081800	0.0
7227.FBpp0080742	7227.FBpp0082136	0.0
7227.FBpp0099875	7227.FBpp0080408	0.0
7227.FBpp0070513	7227.FBpp0071106	0.0
7227.FBpp0075742	7227.FBpp0305176	0.0
7227.FBpp0292068	7227.FBpp0081376	0.0
7227.FBpp0081179	7227.FBpp0077779	0.0
7227.FBpp0112176	7227.FBpp0083007	0.0
7227.FBpp0077037	7227.FBpp0087761	0.0
7227.FBpp0077618	7227.FBpp0083264	0.0
7227.FBpp0074120	7227.FBpp0083267	0.0
7227.FBpp0083254	7227.FBpp0271812	0.0
7227.FBpp0076282	7227.FBpp0080943	0.0
7227.FBpp0289590	7227.FBpp0305582	0.0
7227.FBpp0293877	7227.FBpp0303079	0.0
7227.FBpp0305165	7227.FBpp0082068	0.0
7227.FBpp0077930	7227.FBpp0071174	0.0
7227.FBpp0293426	7227.FBpp0292854	0.0
7227.FBpp0083266	7227.FBpp0305865	0.0
7227.FBpp0288699	7227.FBpp0086953	0.0
7227.FBpp0070656	7227.FBpp0084733	0.0
7227.FBpp0072530	7227.FBpp0293996	0.0
7227.FBpp0070383	7227.FBpp0301957	0.0
7227.FBpp0087412	7227.FBpp0084003	0.0
7227.FBpp0099423	7227.FBpp0297196	0.0
7227.FBpp0085815	7227.FBpp0073962	0.0
7227.FBpp0091151	7227.FBpp0084635	0.0
7227.FBpp0290990	7227.FBpp0076124	0.0
7227.FBpp0290751	7227.FBpp0289615	0.0
7227.FBpp0081946	7227.FBpp0288637	0.0
7227.FBpp0303041	7227.FBpp0074352	0.0
7227.FBpp0087909	7227.FBpp0072311	0.0
7227.FBpp0070431	7227.FBpp0088546	0.0
7227.FBpp0304812	7227.FBpp0085034	0.0
7227.FBpp0081167	7227.FBpp0301689	0.0
7227.FBpp0305740	7227.FBpp0072547	0.0
7227.FBpp0079361	7227.FBpp0071832	0.0
7227.FBpp0111284	7227.FBpp0077572	0.0
7227.FBpp0271777	7227.FBpp0085878	0.0
7227.FBpp0302746	7227.FBpp0290265	0.0
7227.FBpp0293954	7227.FBpp0290034	0.0
7227.FBpp0297746	7227.FBpp0297870	0.0
7227.FBpp0082070	7227.FBpp0074683	0.0
7227.FBpp0291355	7227.FBpp0089174	0.0
7227.FBpp0292842	7227.FBpp0303971	0.0
7227.FBpp0289860	7227.FBpp0083299	0.0
7227.FBpp0080685	7227.FBpp0099602	0.0
7227.FBpp0088525	7227.FBpp0087297	0.0
7227.FBpp0296964	7227.FBpp0290788	0.0
7227.FBpp0086737	7227.FBpp0081231	0.0
7227.FBpp0083743	7227.FBpp0289298	0.0
7227.FBpp0301843	7227.FBpp0085134	0.0
7227.FBpp0289649	7227.FBpp0087035	0.0
7227.FBpp0088242	7227.FBpp0075620	0.0
7227.FBpp0087376	7227.FBpp0082333	0.0
7227.FBpp0076874	7227.FBpp0070786	0.0
7227.FBpp0085109	7227.FBpp0080235	0.0
7227.FBpp0086902	7227.FBpp0085624	0.0
7227.FBpp0088004	7227.FBpp0297709	0.0
7227.FBpp0303107	7227.FBpp0288735	0.0
7227.FBpp0305119	7227.FBpp0110438	0.0
7227.FBpp0082485	7227.FBpp0082216	0.0
7227.FBpp0292520	7227.FBpp0303878	0.0
7227.FBpp0083395	7227.FBpp0300556	0.0
7227.FBpp0076533	7227.FBpp0073447	0.0
7227.FBpp0087477	7227.FBpp0071873	0.0
7227.FBpp0084442	7227.FBpp0081547	0.0
7227.FBpp0077864	7227.FBpp0305103	0.0
7227.FBpp0291598	7227.FBpp0074614	0.0
7227.FBpp0111637	7227.FBpp0073961	0.0
7227.FBpp0074085	7227.FBpp0290746	0.0
7227.FBpp0290617	7227.FBpp0288657	0.0
7227.FBpp0079072	7227.FBpp0077173	0.0
7227.FBpp0304491	7227.FBpp0304293	0.0
7227.FBpp0086972	7227.FBpp0078381	0.0
7227.FBpp0071465	7227.FBpp0085375	0.0
7227.FBpp0084795	7227.FBpp0079752	0.0
7227.FBpp0073558	7227.FBpp0290412	0.0
7227.FBpp0078027	7227.FBpp0085373	0.0
7227.FBpp0289132	7227.FBpp0304391	0.0
7227.FBpp0305141	7227.FBpp0088208	0.0
7227.FBpp0071845	7227.FBpp0292252	0.0
7227.FBpp0088557	7227.FBpp0084382	0.0
7227.FBpp0084045	7227.FBpp0083839	0.0
7227.FBpp0293164	7227.FBpp0071365	0.0
7227.FBpp0082483	7227.FBpp0088118	0.0
7227.FBpp0085407	7227.FBpp0085666	0.0
7227.FBpp0082215	7227.FBpp0304970	0.0
7227.FBpp0082155	7227.FBpp0072311	0.0
7227.FBpp0077362	7227.FBpp0075074	0.0
7227.FBpp0087464	7227.FBpp0081382	0.0
7227.FBpp0289982	7227.FBpp0303861	0.0
7227.FBpp0304795	7227.FBpp0085866	0.0
7227.FBpp0112188	7227.FBpp0076582	0.0
7227.FBpp0300567	7227.FBpp0084923	0.0
7227.FBpp0087551	7227.FBpp0290087	0.0
7227.FBpp0112469	7227.FBpp0077158	0.0
7227.FBpp0084894	7227.FBpp0073785	0.0
7227.FBpp0301789	7227.FBpp0070894	0.0
7227.FBpp0083474	7227.FBpp0085544	0.0
7227.FBpp0305448	7227.FBpp0111771	0.0
7227.FBpp0080450	7227.FBpp0077962	0.0
7227.FBpp0079919	7227.FBpp0302825	0.0
7227.FBpp0293662	7227.FBpp0304129	0.0
7227.FBpp0072745	7227.FBpp0088647	0.0
7227.FBpp0297405	7227.FBpp0078128	0.0
7227.FBpp0070997	7227.FBpp0086604	0.0
7227.FBpp0297277	7227.FBpp0084948	0.0
7227.FBpp0290379	7227.FBpp0073838	0.0
7227.FBpp0085797	7227.FBpp0081328	0.0
7227.FBpp0289962	7227.FBpp0305266	0.0
7227.FBpp0082549	7227.FBpp0070607	0.0
7227.FBpp0076043	7227.FBpp0289813	0.0
7227.FBpp0305135	7227.FBpp0290861	0.0
7227.FBpp0305994	7227.FBpp0084667	0.0
7227.FBpp0070976	7227.FBpp0271927	0.0
7227.FBpp0305970	7227.FBpp0302697	0.0
7227.FBpp0304185	7227.FBpp0086926	0.0
7227.FBpp0072928	7227.FBpp0083501	0.0
7227.FBpp0071681	7227.FBpp0292624	0.0
7227.FBpp0297441	7227.FBpp0088017	0.0
7227.FBpp0099380	7227.FBpp0071058	0.0
7227.FBpp0271525	7227.FBpp0076922	0.0
7227.FBpp0080121	7227.FBpp0072529	0.0
7227.FBpp0074739	7227.FBpp0073975	0.0
7227.FBpp0111308	7227.FBpp0087467	0.0
7227.FBpp0076763	7227.FBpp0078898	0.0
7227.FBpp0091063	7227.FBpp0305753	0.0
7227.FBpp0082856	7227.FBpp0303807	0.0
7227.FBpp0086055	7227.FBpp0297493	0.0
7227.FBpp0070567	7227.FBpp0088279	0.0
7227.FBpp0082719	7227.FBpp0081241	0.0
7227.FBpp0091096	7227.FBpp0076348	0.0
7227.FBpp0071897	7227.FBpp0083327	0.0
7227.FBpp0081305	7227.FBpp0080402	0.0
7227.FBpp0072834	7227.FBpp0082521	0.0
7227.FBpp0071333	7227.FBpp0072382	0.0
7227.FBpp0300423	7227.FBpp0111439	0.0
7227.FBpp0072435	7227.FBpp0076833	0.0
7227.FBpp0071290	7227.FBpp0078737	0.0
7227.FBpp0086936	7227.FBpp0084427	0.0
7227.FBpp0080765	7227.FBpp0112084	0.0
7227.FBpp0074400	7227.FBpp0303056	0.0
7227.FBpp0083881	7227.FBpp0074586	0.0
7227.FBpp0271846	7227.FBpp0080135	0.0
7227.FBpp0070994	7227.FBpp0079339	0.0
7227.FBpp0081451	7227.FBpp0074289	0.0
7227.FBpp0289806	7227.FBpp0291865	0.0
7227.FBpp0288424	7227.FBpp0087981	0.0
7227.FBpp0300164	7227.FBpp0297827	0.0
7227.FBpp0304645	7227.FBpp0300558	0.0
7227.FBpp0082591	7227.FBpp0070471	0.0
7227.FBpp0292868	7227.FBpp0291113	0.0
7227.FBpp0077311	7227.FBpp0075575	0.0
7227.FBpp0073112	7227.FBpp0292793	0.0
7227.FBpp0289509	7227.FBpp0075118	0.0
7227.FBpp0292858	7227.FBpp0304437	0.0
7227.FBpp0074683	7227.FBpp0072112	0.0
7227.FBpp0071463	7227.FBpp0288569	0.0
7227.FBpp0290170	7227.FBpp0082040	0.0
7227.FBpp0077945	7227.FBpp0087613	0.0
7227.FBpp0112148	7227.FBpp0305772	0.0
7227.FBpp0293653	7227.FBpp0088525	0.0
7227.FBpp0075326	7227.FBpp0303218	0.0
7227.FBpp0076117	7227.FBpp0085128	0.0
7227.FBpp0293538	7227.FBpp0070628	0.0
7227.FBpp0288563	7227.FBpp0074472	0.0
7227.FBpp0072119	7227.FBpp0306154	0.0
7227.FBpp0091088	7227.FBpp0294022	0.0
7227.FBpp0084306	7227.FBpp0081589	0.0
7227.FBpp0305146	7227.FBpp0112439	0.0
7227.FBpp0077231	7227.FBpp0076928	0.0
7227.FBpp0302984	7227.FBpp0305117	0.0
7227.FBpp0074597	7227.FBpp0305085	0.0
7227.FBpp0293446	7227.FBpp0086010	0.0
7227.FBpp0111312	7227.FBpp0292730	0.0
7227.FBpp0099812	7227.FBpp0084457	0.0
7227.FBpp0304323	7227.FBpp0081833	0.0
7227.FBpp0071776	7227.FBpp0079598	0.0
7227.FBpp0080342	7227.FBpp0293281	0.0
7227.FBpp0076329	7227.FBpp0084807	0.0
7227.FBpp0081189	7227.FBpp0077478	0.0
7227.FBpp0110475	7227.FBpp0084646	0.0
7227.FBpp0112215	7227.FBpp0305135	0.0
7227.FBpp0291979	7227.FBpp0091001	0.0
7227.FBpp0081907	7227.FBpp0112326	0.0
7227.FBpp0297644	7227.FBpp0111404	0.0
7227.FBpp0072643	7227.FBpp0073415	0.0
7227.FBpp0075259	7227.FBpp0078554	0.0
7227.FBpp0297370	7227.FBpp0293124	0.0
7227.FBpp0289793	7227.FBpp0291371	0.0
7227.FBpp0085415	7227.FBpp0112306	0.0
7227.FBpp0091080	7227.FBpp0084881	0.0
7227.FBpp0110452	7227.FBpp0297199	0.0
7227.FBpp0080822	7227.FBpp0303623	0.0
7227.FBpp0087321	7227.FBpp0078064	0.0
7227.FBpp0080120	7227.FBpp0082661	0.0
7227.FBpp0080215	7227.FBpp0070934	0.0
7227.FBpp0291449	7227.FBpp0079650	0.0
7227.FBpp0071182	7227.FBpp0288818	0.0
7227.FBpp0080680	7227.FBpp0085300	0.0
7227.FBpp0296950	7227.FBpp0291241	0.0
7227.FBpp0080207	7227.FBpp0076015	0.0
7227.FBpp0076936	7227.FBpp0290422	0.0
7227.FBpp0082134	7227.FBpp0304009	0.0
7227.FBpp0081145	7227.FBpp0071468	0.0
7227.FBpp0305978	7227.FBpp0085642	0.0
7227.FBpp0078252	7227.FBpp0304570	0.0
7227.FBpp0078855	7227.FBpp0086961	0.0
7227.FBpp0084676	7227.FBpp0289731	0.0
7227.FBpp0082560	7227.FBpp0289303	0.0
7227.FBpp0288834	7227.FBpp0081982	0.0
7227.FBpp0083544	7227.FBpp0291548	0.0
7227.FBpp0075667	7227.FBpp0086687	0.0
7227.FBpp0290166	7227.FBpp0303601	0.0
7227.FBpp0288951	7227.FBpp0077600	0.0
7227.FBpp0304479	7227.FBpp0076312	0.0
7227.FBpp0290432	7227.FBpp0074657	0.0
7227.FBpp0289912	7227.FBpp0070084	0.0
7227.FBpp0301610	7227.FBpp0085501	0.0
7227.FBpp0075156	7227.FBpp0085160	0.0
7227.FBpp0304606	7227.FBpp0070851	0.0
7227.FBpp0291556	7227.FBpp0083737	0.0
7227.FBpp0110508	7227.FBpp0078381	0.0
7227.FBpp0075117	7227.FBpp0112387	0.0
7227.FBpp0077092	7227.FBpp0086629	0.0
7227.FBpp0289314	7227.FBpp0074095	0.0
7227.FBpp0302580	7227.FBpp0306074	0.0
7227.FBpp0083920	7227.FBpp0077109	0.0
7227.FBpp0081234	7227.FBpp0301611	0.0
7227.FBpp0075651	7227.FBpp0292603	0.0
7227.FBpp0074657	7227.FBpp0302796	0.0
7227.FBpp0289797	7227.FBpp0112374	0.0
7227.FBpp0072174	7227.FBpp0298367	0.0
7227.FBpp0076444	7227.FBpp0080586	0.0
7227.FBpp0072863	7227.FBpp0083704	0.0
7227.FBpp0301155	7227.FBpp0306188	0.0
7227.FBpp0083117	7227.FBpp0112293	0.0
7227.FBpp0085667	7227.FBpp0071174	0.0
7227.FBpp0290270	7227.FBpp0077484	0.0
7227.FBpp0302052	7227.FBpp0079248	0.0
7227.FBpp0305472	7227.FBpp0076861	0.0
7227.FBpp0113095	7227.FBpp0071398	0.0
7227.FBpp0087189	7227.FBpp0085784	0.0
7227.FBpp0076559	7227.FBpp0080031	0.0
7227.FBpp0288846	7227.FBpp0292021	0.0
7227.FBpp0074371	7227.FBpp0303474	0.0
7227.FBpp0077037	7227.FBpp0301082	0.0
7227.FBpp0302581	7227.FBpp0294016	0.0
7227.FBpp0303494	7227.FBpp0086818	0.0
7227.FBpp0086993	7227.FBpp0070546	0.0
7227.FBpp0297200	7227.FBpp0088645	0.0
7227.FBpp0304323	7227.FBpp0301829	0.0
7227.FBpp0084726	7227.FBpp0087941	0.0
7227.FBpp0292254	7227.FBpp0071149	0.0
7227.FBpp0110309	7227.FBpp0305009	0.0
7227.FBpp0070279	7227.FBpp0305086	0.0
7227.FBpp0099847	7227.FBpp0271751	0.0
7227.FBpp0083135	7227.FBpp0085115	0.0
7227.FBpp0305570	7227.FBpp0071138	0.0
7227.FBpp0082494	7227.FBpp0081047	0.0
7227.FBpp0289349	7227.FBpp0300744	0.0
7227.FBpp0084570	7227.FBpp0080418	0.0
7227.FBpp0289401	7227.FBpp0090943	0.0
7227.FBpp0289127	7227.FBpp0289266	0.0
7227.FBpp0084808	7227.FBpp0076579	0.0
7227.FBpp0080710	7227.FBpp0304506	0.0
7227.FBpp0075692	7227.FBpp0077361	0.0
7227.FBpp0076842	7227.FBpp0288834	0.0
7227.FBpp0297750	7227.FBpp0086443	0.0
7227.FBpp0079809	7227.FBpp0076388	0.0
7227.FBpp0075856	7227.FBpp0099852	0.0
7227.FBpp0078767	7227.FBpp0289245	0.0
7227.FBpp0077229	7227.FBpp0071694	0.0
7227.FBpp0078357	7227.FBpp0086156	0.0
7227.FBpp0076169	7227.FBpp0289407	0.0
7227.FBpp0305266	7227.FBpp0271846	0.0
7227.FBpp0073816	7227.FBpp0076250	0.0
7227.FBpp0074955	7227.FBpp0076338	0.0
7227.FBpp0074907	7227.FBpp0293798	0.0
7227.FBpp0306145	7227.FBpp0071210	0.0
7227.FBpp0306188	7227.FBpp0071214	0.0
7227.FBpp0293653	7227.FBpp0082380	0.0
7227.FBpp0081995	7227.FBpp0087360	0.0
7227.FBpp0080763	7227.FBpp0084852	0.0
7227.FBpp0082271	7227.FBpp0110506	0.0
7227.FBpp0099502	7227.FBpp0078337	0.0
7227.FBpp0300451	7227.FBpp0084150	0.0
7227.FBpp0088446	7227.FBpp0084241	0.0
7227.FBpp0304046	7227.FBpp0291405	0.0
7227.FBpp0084841	7227.FBpp0305472	0.0
7227.FBpp0291865	7227.FBpp0071959	0.0
7227.FBpp0077213	7227.FBpp0081995	0.0
7227.FBpp0290909	7227.FBpp0291021	0.0
7227.FBpp0301023	7227.FBpp0083338	0.0
7227.FBpp0079869	7227.FBpp0080870	0.0
7227.FBpp0288679	7227.FBpp0081073	0.0
7227.FBpp0291911	7227.FBpp0297419	0.0
7227.FBpp0291622	7227.FBpp0271845	0.0
7227.FBpp0087094	7227.FBpp0075088	0.0
7227.FBpp0084045	7227.FBpp0078176	0.0
7227.FBpp0074552	7227.FBpp0079474	0.0
7227.FBpp0072784	7227.FBpp0072654	0.0
7227.FBpp0290342	7227.FBpp0078153	0.0
7227.FBpp0289053	7227.FBpp0091043	0.0
7227.FBpp0293748	7227.FBpp0301799	0.0
7227.FBpp0291507	7227.FBpp0078448	0.0
7227.FBpp0297370	7227.FBpp0086582	0.0
7227.FBpp0080394	7227.FBpp0077572	0.0
7227.FBpp0297419	7227.FBpp0087667	0.0
7227.FBpp0082738	7227.FBpp0072863	0.0
7227.FBpp0077945	7227.FBpp0089409	0.0
7227.FBpp0078673	7227.FBpp0076388	0.0
7227.FBpp0087788	7227.FBpp0304576	0.0
7227.FBpp0080008	7227.FBpp0075186	0.0
7227.FBpp0078656	7227.FBpp0087717	0.0
7227.FBpp0300443	7227.FBpp0087690	0.0
7227.FBpp0291229	7227.FBpp0111333	0.0
7227.FBpp0293861	7227.FBpp0088557	0.0
7227.FBpp0110412	7227.FBpp0288844	0.0
7227.FBpp0078024	7227.FBpp0306089	0.0
7227.FBpp0303942	7227.FBpp0111977	0.0
7227.FBpp0085505	7227.FBpp0305765	0.0
7227.FBpp0079172	7227.FBpp0076583	0.0
7227.FBpp0293190	7227.FBpp0078761	0.0
7227.FBpp0088773	7227.FBpp0086535	0.0
7227.FBpp0113005	7227.FBpp0292886	0.0
7227.FBpp0088066	7227.FBpp0297757	0.0
7227.FBpp0303988	7227.FBpp0076230	0.0
7227.FBpp0303355	7227.FBpp0077802	0.0
7227.FBpp0304788	7227.FBpp0088048	0.0
7227.FBpp0081504	7227.FBpp0085543	0.0
7227.FBpp0087115	7227.FBpp0088070	0.0
7227.FBpp0111314	7227.FBpp0072156	0.0
7227.FBpp0302642	7227.FBpp0081765	0.0
7227.FBpp0075833	7227.FBpp0290495	0.0
7227.FBpp0300454	7227.FBpp0086010	0.0
7227.FBpp0301783	7227.FBpp0086289	0.0
7227.FBpp0290870	7227.FBpp0291046	0.0
7227.FBpp0082907	7227.FBpp0290527	0.0
7227.FBpp0081796	7227.FBpp0304948	0.0
7227.FBpp0081751	7227.FBpp0290131	0.0
7227.FBpp0076263	7227.FBpp0089006	0.0
7227.FBpp0085423	7227.FBpp0085491	0.0
7227.FBpp0085393	7227.FBpp0076641	0.0
7227.FBpp0302639	7227.FBpp0077173	0.0
7227.FBpp0291262	7227.FBpp0070868	0.0
7227.FBpp0073867	7227.FBpp0087941	0.0
7227.FBpp0303630	7227.FBpp0082228	0.0
7227.FBpp0304349	7227.FBpp0074789	0.0
7227.FBpp0290262	7227.FBpp0074813	0.0
7227.FBpp0303585	7227.FBpp0305473	0.0
7227.FBpp0071271	7227.FBpp0289772	0.0
7227.FBpp0306145	7227.FBpp0080382	0.0
7227.FBpp0077362	7227.FBpp0077598	0.0
7227.FBpp0304687	7227.FBpp0290102	0.0
7227.FBpp0300554	7227.FBpp0082699	0.0
7227.FBpp0303704	7227.FBpp0303862	0.0
7227.FBpp0288767	7227.FBpp0292081	0.0
7227.FBpp0290008	7227.FBpp0077799	0.0
7227.FBpp0082696	7227.FBpp0302700	0.0
7227.FBpp0297405	7227.FBpp0112319	0.0
7227.FBpp0078872	7227.FBpp0081002	0.0
7227.FBpp0303334	7227.FBpp0079539	0.0
7227.FBpp0081672	7227.FBpp0084273	0.0
7227.FBpp0078991	7227.FBpp0083246	0.0
7227.FBpp0099625	7227.FBpp0297420	0.0
7227.FBpp0083477	7227.FBpp0290095	0.0
7227.FBpp0305538	7227.FBpp0291089	0.0
7227.FBpp0083863	7227.FBpp0076847	0.0
7227.FBpp0289901	7227.FBpp0303582	0.0
7227.FBpp0076314	7227.FBpp0303079	0.0
7227.FBpp0076646	7227.FBpp0082247	0.0
7227.FBpp0081491	7227.FBpp0091096	0.0
7227.FBpp0086314	7227.FBpp0289248	0.0
7227.FBpp0081098	7227.FBpp0088282	0.0
7227.FBpp0082767	7227.FBpp0083719	0.0
7227.FBpp0077713	7227.FBpp0291589	0.0
7227.FBpp0112291	7227.FBpp0081834	0.0
7227.FBpp0084578	7227.FBpp0291038	0.0
7227.FBpp0302838	7227.FBpp0111476	0.0
7227.FBpp0084119	7227.FBpp0083082	0.0
7227.FBpp0110223	7227.FBpp0088522	0.0
7227.FBpp0086851	7227.FBpp0081771	0.0
7227.FBpp0271717	7227.FBpp0079492	0.0
7227.FBpp0082947	7227.FBpp0080845	0.0
7227.FBpp0083690	7227.FBpp0084516	0.0
7227.FBpp0077867	7227.FBpp0075836	0.0
7227.FBpp0304375	7227.FBpp0071168	0.0
7227.FBpp0081986	7227.FBpp0083274	0.0
7227.FBpp0304290	7227.FBpp0079289	0.0
7227.FBpp0294018	7227.FBpp0290090	0.0
7227.FBpp0113001	7227.FBpp0291564	0.0
7227.FBpp0112541	7227.FBpp0071535	0.0
7227.FBpp0110131	7227.FBpp0112043	0.0
7227.FBpp0305354	7227.FBpp0074288	0.0
7227.FBpp0084381	7227.FBpp0303206	0.0
7227.FBpp0305696	7227.FBpp0086000	0.0
7227.FBpp0112403	7227.FBpp0072691	0.0
7227.FBpp0305695	7227.FBpp0070563	0.0
7227.FBpp0078160	7227.FBpp0290177	0.0
7227.FBpp0302541	7227.FBpp0086958	0.0
7227.FBpp0081593	7227.FBpp0074930	0.0
7227.FBpp0077857	7227.FBpp0099799	0.0
7227.FBpp0086902	7227.FBpp0088037	0.0
7227.FBpp0304437	7227.FBpp0298822	0.0
7227.FBpp0290701	7227.FBpp0082706	0.0
7227.FBpp0302746	7227.FBpp0303489	0.0
7227.FBpp0091067	7227.FBpp0080317	0.0
7227.FBpp0297727	7227.FBpp0290901	0.0
7227.FBpp0099596	7227.FBpp0087831	0.0
7227.FBpp0086957	7227.FBpp0087940	0.0
7227.FBpp0071998	7227.FBpp0305875	0.0
7227.FBpp0112127	7227.FBpp0087475	0.0
7227.FBpp0072965	7227.FBpp0077059	0.0
7227.FBpp0300896	7227.FBpp0071553	0.0
7227.FBpp0303310	7227.FBpp0086944	0.0
7227.FBpp0076480	7227.FBpp0289734	0.0
7227.FBpp0084039	7227.FBpp0071681	0.0
7227.FBpp0083961	7227.FBpp0111674	0.0
7227.FBpp0080001	7227.FBpp0076837	0.0
7227.FBpp0085623	7227.FBpp0078482	0.0
7227.FBpp0292603	7227.FBpp0081085	0.0
7227.FBpp0082035	7227.FBpp0300164	0.0
7227.FBpp0291646	7227.FBpp0070306	0.0
7227.FBpp0292260	7227.FBpp0072920	0.0
7227.FBpp0084113	7227.FBpp0072257	0.0
7227.FBpp0086515	7227.FBpp0088701	0.0
7227.FBpp0303835	7227.FBpp0297756	0.0
7227.FBpp0088018	7227.FBpp0302703	0.0
7227.FBpp0073922	7227.FBpp0289938	0.0
7227.FBpp0305291	7227.FBpp0070122	0.0
7227.FBpp0302942	7227.FBpp0289888	0.0
7227.FBpp0301046	7227.FBpp0289245	0.0
7227.FBpp0087123	7227.FBpp0291687	0.0
7227.FBpp0087236	7227.FBpp0077559	0.0
7227.FBpp0083007	7227.FBpp0085552	0.0
7227.FBpp0081573	7227.FBpp0074990	0.0
7227.FBpp0306005	7227.FBpp0080621	0.0
7227.FBpp0305538	7227.FBpp0079907	0.0
7227.FBpp0079548	7227.FBpp0083991	0.0
7227.FBpp0077433	7227.FBpp0078437	0.0
7227.FBpp0071127	7227.FBpp0077816	0.0
7227.FBpp0078448	7227.FBpp0111276	0.0
7227.FBpp0073023	7227.FBpp0079913	0.0
7227.FBpp0289972	7227.FBpp0074431	0.0
7227.FBpp0291433	7227.FBpp0088864	0.0
7227.FBpp0075652	7227.FBpp0304969	0.0
7227.FBpp0089361	7227.FBpp0072691	0.0
7227.FBpp0301743	7227.FBpp0289971	0.0
7227.FBpp0088651	7227.FBpp0079088	0.0
7227.FBpp0083474	7227.FBpp0072135	0.0
7227.FBpp0083672	7227.FBpp0086898	0.0
7227.FBpp0083160	7227.FBpp0079475	0.0
7227.FBpp0300329	7227.FBpp0290487	0.0
7227.FBpp0293437	7227.FBpp0081842	0.0
7227.FBpp0289873	7227.FBpp0078553	0.0
7227.FBpp0077690	7227.FBpp0072278	0.0
7227.FBpp0304298	7227.FBpp0304873	0.0
7227.FBpp0087847	7227.FBpp0070481	0.0
7227.FBpp0293957	7227.FBpp0111306	0.0
7227.FBpp0077059	7227.FBpp0087363	0.0
7227.FBpp0071999	7227.FBpp0071210	0.0
7227.FBpp0111814	7227.FBpp0302678	0.0
7227.FBpp0085904	7227.FBpp0072789	0.0
7227.FBpp0073974	7227.FBpp0083694	0.0
7227.FBpp0076902	7227.FBpp0300560	0.0
7227.FBpp0086729	7227.FBpp0297532	0.0
7227.FBpp0079427	7227.FBpp0289377	0.0
7227.FBpp0071509	7227.FBpp0076996	0.0
7227.FBpp0075180	7227.FBpp0075875	0.0
7227.FBpp0077993	7227.FBpp0076235	0.0
7227.FBpp0305066	7227.FBpp0079856	0.0
7227.FBpp0112035	7227.FBpp0072880	0.0
7227.FBpp0304523	7227.FBpp0081204	0.0
7227.FBpp0080302	7227.FBpp0099902	0.0
7227.FBpp0087825	7227.FBpp0271780	0.0
7227.FBpp0087503	7227.FBpp0077792	0.0
7227.FBpp0084113	7227.FBpp0085822	0.0
7227.FBpp0085177	7227.FBpp0087473	0.0
7227.FBpp0080591	7227.FBpp0073771	0.0
7227.FBpp0304288	7227.FBpp0076450	0.0
7227.FBpp0071055	7227.FBpp0072247	0.0
7227.FBpp0113035	7227.FBpp0080190	0.0
7227.FBpp0305592	7227.FBpp0302904	0.0
7227.FBpp0078032	7227.FBpp0082153	0.0
7227.FBpp0290642	7227.FBpp0304377	0.0
7227.FBpp0086593	7227.FBpp0304323	0.0
7227.FBpp0305010	7227.FBpp0077233	0.0
7227.FBpp0290716	7227.FBpp0076777	0.0
7227.FBpp0091151	7227.FBpp0086522	0.0
7227.FBpp0077405	7227.FBpp0082679	0.0
7227.FBpp0297927	7227.FBpp0305655	0.0
7227.FBpp0301837	7227.FBpp0301617	0.0
7227.FBpp0112070	7227.FBpp0085062	0.0
7227.FBpp0091011	7227.FBpp0079687	0.0
7227.FBpp0304852	7227.FBpp0303562	0.0
7227.FBpp0074663	7227.FBpp0075066	0.0
7227.FBpp0303891	7227.FBpp0070542	0.0
7227.FBpp0081638	7227.FBpp0075988	0.0
7227.FBpp0071771	7227.FBpp0083881	0.0
7227.FBpp0083381	7227.FBpp0084209	0.0
7227.FBpp0083795	7227.FBpp0075683	0.0
7227.FBpp0086895	7227.FBpp0072425	0.0
7227.FBpp0271785	7227.FBpp0304979	0.0
7227.FBpp0303587	7227.FBpp0081482	0.0
7227.FBpp0292977	7227.FBpp0293648	0.0
7227.FBpp0072378	7227.FBpp0302969	0.0
7227.FBpp0305120	7227.FBpp0089130	0.0
7227.FBpp0301560	7227.FBpp0298023	0.0
7227.FBpp0304260	7227.FBpp0070084	0.0
7227.FBpp0291171	7227.FBpp0291607	0.0
7227.FBpp0087365	7227.FBpp0089289	0.0
7227.FBpp0073222	7227.FBpp0293794	0.0
7227.FBpp0077600	7227.FBpp0112217	0.0
7227.FBpp0290374	7227.FBpp0111581	0.0
7227.FBpp0070360	7227.FBpp0080245	0.0
7227.FBpp0288648	7227.FBpp0075935	0.0
7227.FBpp0078531	7227.FBpp0083583	0.0
7227.FBpp0099909	7227.FBpp0084282	0.0
7227.FBpp0087843	7227.FBpp0072531	0.0
7227.FBpp0081108	7227.FBpp0078050	0.0
7227.FBpp0304954	7227.FBpp0083036	0.0
7227.FBpp0292055	7227.FBpp0077231	0.0
7227.FBpp0083330	7227.FBpp0078689	0.0
7227.FBpp0303805	7227.FBpp0084305	0.0
7227.FBpp0075801	7227.FBpp0075018	0.0
7227.FBpp0081571	7227.FBpp0079787	0.0
7227.FBpp0084929	7227.FBpp0076000	0.0
7227.FBpp0087624	7227.FBpp0112049	0.0
7227.FBpp0072467	7227.FBpp0271924	0.0
7227.FBpp0075018	7227.FBpp0292902	0.0
7227.FBpp0302694	7227.FBpp0072378	0.0
7227.FBpp0078944	7227.FBpp0300433	0.0
7227.FBpp0074429	7227.FBpp0305978	0.0
7227.FBpp0081001	7227.FBpp0070155	0.0
7227.FBpp0111863	7227.FBpp0085989	0.0
7227.FBpp0112409	7227.FBpp0078247	0.0
7227.FBpp0303601	7227.FBpp0070671	0.0
7227.FBpp0082987	7227.FBpp0291139	0.0
7227.FBpp0303789	7227.FBpp0112323	0.0
7227.FBpp0302953	7227.FBpp0070511	0.0
7227.FBpp0301102	7227.FBpp0271861	0.0
7227.FBpp0080757	7227.FBpp0087799	0.0
7227.FBpp0297928	7227.FBpp0301101	0.0
7227.FBpp0302569	7227.FBpp0302547	0.0
7227.FBpp0070802	7227.FBpp0301704	0.0
7227.FBpp0075087	7227.FBpp0081457	0.0
7227.FBpp0288706	7227.FBpp0072076	0.0
7227.FBpp0110102	7227.FBpp0304016	0.0
7227.FBpp0084814	7227.FBpp0087278	0.0
7227.FBpp0078128	7227.FBpp0072965	0.0
7227.FBpp0081539	7227.FBpp0289416	0.0
7227.FBpp0302792	7227.FBpp0081704	0.0
7227.FBpp0112988	7227.FBpp0298301	0.0
7227.FBpp0077683	7227.FBpp0074179	0.0
7227.FBpp0080676	7227.FBpp0074927	0.0
7227.FBpp0304129	7227.FBpp0083337	0.0
7227.FBpp0288697	7227.FBpp0074940	0.0
7227.FBpp0291994	7227.FBpp0070576	0.0
7227.FBpp0073866	7227.FBpp0080414	0.0
7227.FBpp0073151	7227.FBpp0288481	0.0
7227.FBpp0293822	7227.FBpp0083942	0.0
7227.FBpp0083825	7227.FBpp0305099	0.0
7227.FBpp0074796	7227.FBpp0083942	0.0
7227.FBpp0301180	7227.FBpp0075276	0.0
7227.FBpp0086968	7227.FBpp0079682	0.0
7227.FBpp0304872	7227.FBpp0070530	0.0
7227.FBpp0099794	7227.FBpp0084759	0.0
7227.FBpp0086879	7227.FBpp0081442	0.0
7227.FBpp0072221	7227.FBpp0293717	0.0
7227.FBpp0079044	7227.FBpp0083890	0.0
7227.FBpp0292075	7227.FBpp0288451	0.0
7227.FBpp0300659	7227.FBpp0077747	0.0
7227.FBpp0077092	7227.FBpp0304482	0.0
7227.FBpp0078130	7227.FBpp0077975	0.0
7227.FBpp0078787	7227.FBpp0291006	0.0
7227.FBpp0076559	7227.FBpp0100146	0.0
7227.FBpp0082911	7227.FBpp0100010	0.0
7227.FBpp0082843	7227.FBpp0077629	0.0
7227.FBpp0292382	7227.FBpp0291743	0.0
7227.FBpp0271907	7227.FBpp0081434	0.0
7227.FBpp0099980	7227.FBpp0073531	0.0
7227.FBpp0086082	7227.FBpp0288715	0.0
7227.FBpp0292099	7227.FBpp0300312	0.0
7227.FBpp0078312	7227.FBpp0291781	0.0
7227.FBpp0081482	7227.FBpp0303328	0.0
7227.FBpp0304611	7227.FBpp0072608	0.0
7227.FBpp0080553	7227.FBpp0292067	0.0
7227.FBpp0090980	7227.FBpp0087785	0.0
7227.FBpp0291259	7227.FBpp0073202	0.0
7227.FBpp0070750	7227.FBpp0086082	0.0
7227.FBpp0302639	7227.FBpp0304607	0.0
7227.FBpp0087311	7227.FBpp0303326	0.0
7227.FBpp0303392	7227.FBpp0078104	0.0
7227.FBpp0100045	7227.FBpp0304075	0.0
7227.FBpp0305828	7227.FBpp0070307	0.0
7227.FBpp0111881	7227.FBpp0112092	0.0
7227.FBpp0088970	7227.FBpp0083986	0.0
7227.FBpp0076849	7227.FBpp0071082	0.0
7227.FBpp0288424	7227.FBpp0305502	0.0
7227.FBpp0300323	7227.FBpp0291473	0.0
7227.FBpp0079504	7227.FBpp0071769	0.0
7227.FBpp0088514	7227.FBpp0303205	0.0
7227.FBpp0112248	7227.FBpp0288953	0.0
7227.FBpp0301576	7227.FBpp0079830	0.0
7227.FBpp0085802	7227.FBpp0083160	0.0
7227.FBpp0089020	7227.FBpp0076000	0.0
7227.FBpp0112283	7227.FBpp0297519	0.0
7227.FBpp0292023	7227.FBpp0077021	0.0
7227.FBpp0293957	7227.FBpp0080026	0.0
7227.FBpp0072009	7227.FBpp0288871	0.0
7227.FBpp0293626	7227.FBpp0289245	0.0
7227.FBpp0305599	7227.FBpp0082386	0.0
7227.FBpp0111439	7227.FBpp0288525	0.0
7227.FBpp0070198	7227.FBpp0070383	0.0
7227.FBpp0110102	7227.FBpp0082579	0.0
7227.FBpp0078553	7227.FBpp0083538	0.0
7227.FBpp0084332	7227.FBpp0073477	0.0
7227.FBpp0112084	7227.FBpp0111412	0.0
7227.FBpp0074529	7227.FBpp0303498	0.0
7227.FBpp0291519	7227.FBpp0086469	0.0
7227.FBpp0113095	7227.FBpp0087784	0.0
7227.FBpp0289349	7227.FBpp0076785	0.0
7227.FBpp0290667	7227.FBpp0076476	0.0
7227.FBpp0085113	7227.FBpp0086843	0.0
7227.FBpp0081911	7227.FBpp0086062	0.0
7227.FBpp0073995	7227.FBpp0293581	0.0
7227.FBpp0077659	7227.FBpp0074868	0.0
7227.FBpp0081505	7227.FBpp0305269	0.0
7227.FBpp0085365	7227.FBpp0289442	0.0
7227.FBpp0087206	7227.FBpp0076583	0.0
7227.FBpp0083134	7227.FBpp0088331	0.0
7227.FBpp0290041	7227.FBpp0292154	0.0
7227.FBpp0076777	7227.FBpp0075352	0.0
7227.FBpp0082582	7227.FBpp0080907	0.0
7227.FBpp0304158	7227.FBpp0303702	0.0
7227.FBpp0075373	7227.FBpp0074403	0.0
7227.FBpp0088144	7227.FBpp0086097	0.0
7227.FBpp0086044	7227.FBpp0271814	0.0
7227.FBpp0078191	7227.FBpp0087277	0.0
7227.FBpp0304659	7227.FBpp0077705	0.0
7227.FBpp0087192	7227.FBpp0077536	0.0
7227.FBpp0305836	7227.FBpp0081249	0.0
7227.FBpp0099434	7227.FBpp0072553	0.0
7227.FBpp0074223	7227.FBpp0076300	0.0
7227.FBpp0290467	7227.FBpp0293723	0.0
7227.FBpp0085868	7227.FBpp0080360	0.0
7227.FBpp0077843	7227.FBpp0079682	0.0
7227.FBpp0304262	7227.FBpp0071553	0.0
7227.FBpp0302609	7227.FBpp0111858	0.0
7227.FBpp0304379	7227.FBpp0073529	0.0
7227.FBpp0304314	7227.FBpp0083949	0.0
7227.FBpp0079138	7227.FBpp0070885	0.0
7227.FBpp0084810	7227.FBpp0077074	0.0
7227.FBpp0290233	7227.FBpp0076990	0.0
7227.FBpp0288999	7227.FBpp0075274	0.0
7227.FBpp0079702	7227.FBpp0289330	0.0
7227.FBpp0303311	7227.FBpp0082994	0.0
7227.FBpp0306091	7227.FBpp0072597	0.0
7227.FBpp0075935	7227.FBpp0297945	0.0
7227.FBpp0293236	7227.FBpp0073358	0.0
7227.FBpp0082022	7227.FBpp0293413	0.0
7227.FBpp0289503	7227.FBpp0086015	0.0
7227.FBpp0290957	7227.FBpp0303956	0.0
7227.FBpp0289506	7227.FBpp0111738	0.0
7227.FBpp0081331	7227.FBpp0087321	0.0
7227.FBpp0082880	7227.FBpp0297391	0.0
7227.FBpp0297719	7227.FBpp0078266	0.0
7227.FBpp0070282	7227.FBpp0080732	0.0
7227.FBpp0087529	7227.FBpp0292072	0.0
7227.FBpp0082312	7227.FBpp0086466	0.0
7227.FBpp0293788	7227.FBpp0082776	0.0
7227.FBpp0071424	7227.FBpp0303491	0.0
7227.FBpp0073944	7227.FBpp0303313	0.0
7227.FBpp0084864	7227.FBpp0074513	0.0
7227.FBpp0302623	7227.FBpp0077359	0.0
7227.FBpp0305538	7227.FBpp0293660	0.0
7227.FBpp0079912	7227.FBpp0082591	0.0
7227.FBpp0081236	7227.FBpp0080290	0.0
7227.FBpp0071001	7227.FBpp0086601	0.0
7227.FBpp0110565	7227.FBpp0083825	0.0
7227.FBpp0110223	7227.FBpp0303728	0.0
7227.FBpp0072404	7227.FBpp0071321	0.0
7227.FBpp0305226	7227.FBpp0084919	0.0
7227.FBpp0085626	7227.FBpp0083962	0.0
7227.FBpp0075685	7227.FBpp0082699	0.0
7227.FBpp0304120	7227.FBpp0074199	0.0
7227.FBpp0291519	7227.FBpp0073386	0.0
7227.FBpp0303491	7227.FBpp0088057	0.0
7227.FBpp0301845	7227.FBpp0301182	0.0
7227.FBpp0292891	7227.FBpp0081371	0.0
7227.FBpp0085042	7227.FBpp0304471	0.0
7227.FBpp0305123	7227.FBpp0078949	0.0
7227.FBpp0085227	7227.FBpp0304806	0.0
7227.FBpp0085745	7227.FBpp0290278	0.0
7227.FBpp0290722	7227.FBpp0112244	0.0
7227.FBpp0271860	7227.FBpp0070605	0.0
7227.FBpp0080707	7227.FBpp0303097	0.0
7227.FBpp0088438	7227.FBpp0070603	0.0
7227.FBpp0079634	7227.FBpp0088075	0.0
7227.FBpp0078433	7227.FBpp0303321	0.0
7227.FBpp0086516	7227.FBpp0084877	0.0
7227.FBpp0290365	7227.FBpp0083254	0.0
7227.FBpp0080586	7227.FBpp0084831	0.0
7227.FBpp0083149	7227.FBpp0078391	0.0
7227.FBpp0083985	7227.FBpp0079395	0.0
7227.FBpp0293175	7227.FBpp0081399	0.0
7227.FBpp0078929	7227.FBpp0082599	0.0
7227.FBpp0303862	7227.FBpp0078273	0.0
7227.FBpp0083891	7227.FBpp0087448	0.0
7227.FBpp0293134	7227.FBpp0073221	0.0
7227.FBpp0070043	7227.FBpp0306188	0.0
7227.FBpp0070396	7227.FBpp0305496	0.0
7227.FBpp0082016	7227.FBpp0070696	0.0
7227.FBpp0076687	7227.FBpp0073276	0.0
7227.FBpp0081442	7227.FBpp0085784	0.0
7227.FBpp0070371	7227.FBpp0082696	0.0
7227.FBpp0111739	7227.FBpp0074575	0.0
7227.FBpp0112216	7227.FBpp0306206	0.0
7227.FBpp0305937	7227.FBpp0112323	0.0
7227.FBpp0075855	7227.FBpp0082810	0.0
7227.FBpp0304878	7227.FBpp0079694	0.0
7227.FBpp0085867	7227.FBpp0071692	0.0
7227.FBpp0078774	7227.FBpp0071747	0.0
7227.FBpp0076109	7227.FBpp0110421	0.0
7227.FBpp0303221	7227.FBpp0304486	0.0
7227.FBpp0290370	7227.FBpp0082925	0.0
7227.FBpp0303901	7227.FBpp0073800	0.0
7227.FBpp0084491	7227.FBpp0298041	0.0
7227.FBpp0289954	7227.FBpp0099736	0.0
7227.FBpp0271956	7227.FBpp0089042	0.0
7227.FBpp0070676	7227.FBpp0083975	0.0
7227.FBpp0079308	7227.FBpp0082880	0.0
7227.FBpp0087186	7227.FBpp0072467	0.0
7227.FBpp0305245	7227.FBpp0075182	0.0
7227.FBpp0099640	7227.FBpp0087311	0.0
7227.FBpp0079503	7227.FBpp0112288	0.0
7227.FBpp0085466	7227.FBpp0306231	0.0
7227.FBpp0297066	7227.FBpp0073962	0.0
7227.FBpp0291459	7227.FBpp0075688	0.0
7227.FBpp0089140	7227.FBpp0305010	0.0
7227.FBpp0075292	7227.FBpp0083302	0.0
7227.FBpp0087977	7227.FBpp0083846	0.0
7227.FBpp0076282	7227.FBpp0088276	0.0
7227.FBpp0111309	7227.FBpp0293950	0.0
7227.FBpp0075384	7227.FBpp0111909	0.0
7227.FBpp0305037	7227.FBpp0078258	0.0
7227.FBpp0305185	7227.FBpp0292114	0.0
7227.FBpp0084170	7227.FBpp0081995	0.0
7227.FBpp0073895	7227.FBpp0300428	0.0
7227.FBpp0088637	7227.FBpp0081329	0.0
7227.FBpp0072601	7227.FBpp0091161	0.0
7227.FBpp0088571	7227.FBpp0074687	0.0
7227.FBpp0292048	7227.FBpp0079388	0.0
7227.FBpp0074637	7227.FBpp0071669	0.0
7227.FBpp0305216	7227.FBpp0112050	0.0
7227.FBpp0084814	7227.FBpp0086509	0.0
7227.FBpp0099568	7227.FBpp0080947	0.0
7227.FBpp0077678	7227.FBpp0086818	0.0
7227.FBpp0110197	7227.FBpp0073740	0.0
7227.FBpp0073636	7227.FBpp0081631	0.0
7227.FBpp0089247	7227.FBpp0304296	0.0
7227.FBpp0084635	7227.FBpp0077831	0.0
7227.FBpp0293345	7227.FBpp0074099	0.0
7227.FBpp0080039	7227.FBpp0082232	0.0
7227.FBpp0086932	7227.FBpp0074756	0.0
7227.FBpp0078787	7227.FBpp0100169	0.0
7227.FBpp0290032	7227.FBpp0070616	0.0
7227.FBpp0071741	7227.FBpp0088816	0.0
7227.FBpp0081505	7227.FBpp0303232	0.0
7227.FBpp0293431	7227.FBpp0084567	0.0
7227.FBpp0070955	7227.FBpp0075141	0.0
7227.FBpp0303023	7227.FBpp0083752	0.0
7227.FBpp0075400	7227.FBpp0290012	0.0
7227.FBpp0297716	7227.FBpp0091102	0.0
7227.FBpp0292891	7227.FBpp0079525	0.0
7227.FBpp0080516	7227.FBpp0303936	0.0
7227.FBpp0084525	7227.FBpp0076776	0.0
7227.FBpp0081036	7227.FBpp0289532	0.0
7227.FBpp0303776	7227.FBpp0072892	0.0
7227.FBpp0291646	7227.FBpp0111830	0.0
7227.FBpp0111328	7227.FBpp0078113	0.0
7227.FBpp0091027	7227.FBpp0303946	0.0
7227.FBpp0077107	7227.FBpp0086049	0.0
7227.FBpp0078218	7227.FBpp0305010	0.0
7227.FBpp0111989	7227.FBpp0293518	0.0
7227.FBpp0091077	7227.FBpp0074434	0.0
7227.FBpp0079637	7227.FBpp0304803	0.0
7227.FBpp0077144	7227.FBpp0072203	0.0
7227.FBpp0110497	7227.FBpp0293358	0.0
7227.FBpp0073650	7227.FBpp0080474	0.0
7227.FBpp0303843	7227.FBpp0086474	0.0
7227.FBpp0083376	7227.FBpp0088645	0.0
7227.FBpp0291781	7227.FBpp0078987	0.0
7227.FBpp0293652	7227.FBpp0088676	0.0
7227.FBpp0290586	7227.FBpp0070241	0.0
7227.FBpp0089016	7227.FBpp0079787	0.0
7227.FBpp0112216	7227.FBpp0081226	0.0
7227.FBpp0290428	7227.FBpp0070573	0.0
7227.FBpp0082433	7227.FBpp0081928	0.0
7227.FBpp0110592	7227.FBpp0077559	0.0
7227.FBpp0297923	7227.FBpp0073664	0.0
7227.FBpp0084914	7227.FBpp0086280	0.0
7227.FBpp0078398	7227.FBpp0082459	0.0
7227.FBpp0088569	7227.FBpp0087253	0.0
7227.FBpp0087286	7227.FBpp0072881	0.0
7227.FBpp0088218	7227.FBpp0087332	0.0
7227.FBpp0078357	7227.FBpp0113061	0.0
7227.FBpp0072476	7227.FBpp0304882	0.0
7227.FBpp0079438	7227.FBpp0297239	0.0
7227.FBpp0297943	7227.FBpp0300995	0.0
7227.FBpp0073680	7227.FBpp0271729	0.0
7227.FBpp0073421	7227.FBpp0302635	0.0
7227.FBpp0082169	7227.FBpp0289810	0.0
7227.FBpp0074122	7227.FBpp0082328	0.0
7227.FBpp0304557	7227.FBpp0112348	0.0
7227.FBpp0296940	7227.FBpp0289646	0.0
7227.FBpp0078093	7227.FBpp0291551	0.0
7227.FBpp0290432	7227.FBpp0071251	0.0
7227.FBpp0080061	7227.FBpp0090963	0.0
7227.FBpp0112035	7227.FBpp0073761	0.0
7227.FBpp0111448	7227.FBpp0083984	0.0
7227.FBpp0081246	7227.FBpp0072145	0.0
7227.FBpp0111438	7227.FBpp0085784	0.0
7227.FBpp0289901	7227.FBpp0084196	0.0
7227.FBpp0305562	7227.FBpp0084574	0.0
7227.FBpp0290233	7227.FBpp0082600	0.0
7227.FBpp0089184	7227.FBpp0086928	0.0
7227.FBpp0302792	7227.FBpp0078949	0.0
7227.FBpp0086583	7227.FBpp0079243	0.0
7227.FBpp0086289	7227.FBpp0073466	0.0
7227.FBpp0087757	7227.FBpp0304137	0.0
7227.FBpp0086967	7227.FBpp0083057	0.0
7227.FBpp0297084	7227.FBpp0112021	0.0
7227.FBpp0304482	7227.FBpp0079362	0.0
7227.FBpp0083951	7227.FBpp0083763	0.0
7227.FBpp0081848	7227.FBpp0074172	0.0
7227.FBpp0099944	7227.FBpp0084383	0.0
7227.FBpp0071718	7227.FBpp0073034	0.0
7227.FBpp0077591	7227.FBpp0111858	0.0
7227.FBpp0077591	7227.FBpp0084918	0.0
7227.FBpp0076930	7227.FBpp0301108	0.0
7227.FBpp0297890	7227.FBpp0088144	0.0
7227.FBpp0077598	7227.FBpp0288947	0.0
7227.FBpp0305726	7227.FBpp0297928	0.0
7227.FBpp0076680	7227.FBpp0089361	0.0
7227.FBpp0112476	7227.FBpp0304595	0.0
7227.FBpp0293415	7227.FBpp0074940	0.0
7227.FBpp0083432	7227.FBpp0086853	0.0
7227.FBpp0088641	7227.FBpp0084923	0.0
7227.FBpp0082708	7227.FBpp0071279	0.0
7227.FBpp0076538	7227.FBpp0288522	0.0
7227.FBpp0089304	7227.FBpp0082859	0.0
7227.FBpp0081497	7227.FBpp0305236	0.0
7227.FBpp0076940	7227.FBpp0071018	0.0
7227.FBpp0099499	7227.FBpp0304086	0.0
7227.FBpp0079123	7227.FBpp0077875	0.0
7227.FBpp0076168	7227.FBpp0304589	0.0
7227.FBpp0071505	7227.FBpp0087887	0.0
7227.FBpp0070562	7227.FBpp0082079	0.0
7227.FBpp0090961	7227.FBpp0077414	0.0
7227.FBpp0293860	7227.FBpp0086415	0.0
7227.FBpp0083752	7227.FBpp0081064	0.0
7227.FBpp0083488	7227.FBpp0072654	0.0
7227.FBpp0082464	7227.FBpp0077549	0.0
7227.FBpp0074300	7227.FBpp0296964	0.0
7227.FBpp0085778	7227.FBpp0083267	0.0
7227.FBpp0305462	7227.FBpp0304960	0.0
7227.FBpp0081569	7227.FBpp0074975	0.0
7227.FBpp0084785	7227.FBpp0302752	0.0
7227.FBpp0291415	7227.FBpp0304131	0.0
7227.FBpp0073329	7227.FBpp0289670	0.0
7227.FBpp0297719	7227.FBpp0085043	0.0
7227.FBpp0304713	7227.FBpp0086052	0.0
7227.FBpp0089304	7227.FBpp0297526	0.0
7227.FBpp0078024	7227.FBpp0087785	0.0
7227.FBpp0112118	7227.FBpp0077920	0.0
7227.FBpp0296984	7227.FBpp0075318	0.0
7227.FBpp0289202	7227.FBpp0301082	0.0
7227.FBpp0297297	7227.FBpp0086962	0.0
7227.FBpp0289986	7227.FBpp0091006	0.0
7227.FBpp0084866	7227.FBpp0087785	0.0
7227.FBpp0070173	7227.FBpp0293663	0.0
7227.FBpp0081791	7227.FBpp0297507	0.0
7227.FBpp0088525	7227.FBpp0075488	0.0
7227.FBpp0082903	7227.FBpp0291405	0.0
7227.FBpp0300795	7227.FBpp0076372	0.0
7227.FBpp0305189	7227.FBpp0291527	0.0
7227.FBpp0074253	7227.FBpp0305333	0.0
7227.FBpp0087025	7227.FBpp0077132	0.0
7227.FBpp0082227	7227.FBpp0079565	0.0
7227.FBpp0085319	7227.FBpp0290131	0.0
7227.FBpp0076265	7227.FBpp0303455	0.0
7227.FBpp0112425	7227.FBpp0112364	0.0
7227.FBpp0110205	7227.FBpp0300522	0.0
7227.FBpp0303206	7227.FBpp0298020	0.0
7227.FBpp0083779	7227.FBpp0111439	0.0
7227.FBpp0071934	7227.FBpp0290355	0.0
7227.FBpp0290586	7227.FBpp0297135	0.0
7227.FBpp0075791	7227.FBpp0088029	0.0
7227.FBpp0071598	7227.FBpp0071809	0.0
7227.FBpp0304981	7227.FBpp0085460	0.0
7227.FBpp0289799	7227.FBpp0304900	0.0
7227.FBpp0111308	7227.FBpp0077683	0.0
7227.FBpp0292362	7227.FBpp0082279	0.0
7227.FBpp0076184	7227.FBpp0073093	0.0
7227.FBpp0301016	7227.FBpp0074090	0.0
7227.FBpp0082467	7227.FBpp0298046	0.0
7227.FBpp0083157	7227.FBpp0077160	0.0
7227.FBpp0085893	7227.FBpp0113047	0.0
7227.FBpp0293154	7227.FBpp0071330	0.0
7227.FBpp0111739	7227.FBpp0085526	0.0
7227.FBpp0099395	7227.FBpp0078046	0.0
7227.FBpp0076008	7227.FBpp0075848	0.0
7227.FBpp0083455	7227.FBpp0289649	0.0
7227.FBpp0297899	7227.FBpp0075324	0.0
7227.FBpp0078099	7227.FBpp0082326	0.0
7227.FBpp0072716	7227.FBpp0087103	0.0
7227.FBpp0297297	7227.FBpp0082560	0.0
7227.FBpp0084983	7227.FBpp0111412	0.0
7227.FBpp0289355	7227.FBpp0292253	0.0
7227.FBpp0305927	7227.FBpp0305619	0.0
7227.FBpp0072784	7227.FBpp0082927	0.0
7227.FBpp0085977	7227.FBpp0297611	0.0
7227.FBpp0084339	7227.FBpp0271947	0.0
7227.FBpp0083839	7227.FBpp0076848	0.0
7227.FBpp0086926	7227.FBpp0076350	0.0
7227.FBpp0083434	7227.FBpp0071975	0.0
7227.FBpp0083330	7227.FBpp0076312	0.0
7227.FBpp0085676	7227.FBpp0076837	0.0
7227.FBpp0070158	7227.FBpp0297636	0.0
7227.FBpp0077405	7227.FBpp0071975	0.0
7227.FBpp0289150	7227.FBpp0073154	0.0
7227.FBpp0111447	7227.FBpp0077158	0.0
7227.FBpp0083605	7227.FBpp0082719	0.0
7227.FBpp0306054	7227.FBpp0080135	0.0
7227.FBpp0070194	7227.FBpp0083974	0.0
7227.FBpp0290092	7227.FBpp0088701	0.0
7227.FBpp0076544	7227.FBpp0099473	0.0
7227.FBpp0085775	7227.FBpp0075055	0.0
7227.FBpp0290509	7227.FBpp0087127	0.0
7227.FBpp0110482	7227.FBpp0085721	0.0
7227.FBpp0072956	7227.FBpp0086107	0.0
7227.FBpp0099395	7227.FBpp0080520	0.0
7227.FBpp0079773	7227.FBpp0072118	0.0
7227.FBpp0071589	7227.FBpp0303477	0.0
7227.FBpp0074829	7227.FBpp0297746	0.0
7227.FBpp0089241	7227.FBpp0291642	0.0
7227.FBpp0113004	7227.FBpp0297828	0.0
7227.FBpp0082851	7227.FBpp0080450	0.0
7227.FBpp0292453	7227.FBpp0084902	0.0
7227.FBpp0303097	7227.FBpp0078756	0.0
7227.FBpp0078291	7227.FBpp0071562	0.0
7227.FBpp0297532	7227.FBpp0297229	0.0
7227.FBpp0300877	7227.FBpp0089093	0.0
7227.FBpp0305751	7227.FBpp0291361	0.0
7227.FBpp0076201	7227.FBpp0082246	0.0
7227.FBpp0302967	7227.FBpp0083881	0.0
7227.FBpp0078885	7227.FBpp0289221	0.0
7227.FBpp0292008	7227.FBpp0074538	0.0
7227.FBpp0297896	7227.FBpp0300657	0.0
7227.FBpp0111447	7227.FBpp0087091	0.0
7227.FBpp0084076	7227.FBpp0086332	0.0
7227.FBpp0071794	7227.FBpp0293232	0.0
7227.FBpp0079576	7227.FBpp0074516	0.0
7227.FBpp0305585	7227.FBpp0072603	0.0
7227.FBpp0306233	7227.FBpp0085023	0.0
7227.FBpp0292018	7227.FBpp0290170	0.0
7227.FBpp0087922	7227.FBpp0305007	0.0
7227.FBpp0079248	7227.FBpp0072437	0.0
7227.FBpp0088505	7227.FBpp0074638	0.0
7227.FBpp0075331	7227.FBpp0077521	0.0
7227.FBpp0085390	7227.FBpp0072967	0.0
7227.FBpp0072333	7227.FBpp0289759	0.0
7227.FBpp0083498	7227.FBpp0079881	0.0
7227.FBpp0087940	7227.FBpp0071956	0.0
7227.FBpp0080383	7227.FBpp0301147	0.0
7227.FBpp0080235	7227.FBpp0293723	0.0
7227.FBpp0088260	7227.FBpp0088866	0.0
7227.FBpp0303400	7227.FBpp0075911	0.0
7227.FBpp0080667	7227.FBpp0291705	0.0
7227.FBpp0288410	7227.FBpp0079325	0.0
7227.FBpp0291264	7227.FBpp0293852	0.0
7227.FBpp0081197	7227.FBpp0111771	0.0
7227.FBpp0290285	7227.FBpp0088004	0.0
7227.FBpp0090962	7227.FBpp0301577	0.0
7227.FBpp0071894	7227.FBpp0079932	0.0
7227.FBpp0111771	7227.FBpp0288563	0.0
7227.FBpp0086174	7227.FBpp0076040	0.0
7227.FBpp0085107	7227.FBpp0290725	0.0
7227.FBpp0073731	7227.FBpp0079667	0.0
7227.FBpp0293592	7227.FBpp0084894	0.0
7227.FBpp0084456	7227.FBpp0083658	0.0
7227.FBpp0293748	7227.FBpp0072221	0.0
7227.FBpp0078253	7227.FBpp0087571	0.0
7227.FBpp0075887	7227.FBpp0074834	0.0
7227.FBpp0073132	7227.FBpp0070828	0.0
7227.FBpp0072877	7227.FBpp0083905	0.0
7227.FBpp0079304	7227.FBpp0086855	0.0
7227.FBpp0079057	7227.FBpp0305930	0.0
7227.FBpp0079634	7227.FBpp0077002	0.0
7227.FBpp0304501	7227.FBpp0289873	0.0
7227.FBpp0083823	7227.FBpp0085375	0.0
7227.FBpp0085489	7227.FBpp0077468	0.0
7227.FBpp0089416	7227.FBpp0076015	0.0
7227.FBpp0112387	7227.FBpp0077552	0.0
7227.FBpp0304947	7227.FBpp0084475	0.0
7227.FBpp0291065	7227.FBpp0305226	0.0
7227.FBpp0081506	7227.FBpp0086516	0.0
7227.FBpp0078899	7227.FBpp0305839	0.0
7227.FBpp0304607	7227.FBpp0099888	0.0
7227.FBpp0087224	7227.FBpp0289967	0.0
7227.FBpp0070831	7227.FBpp0084505	0.0
7227.FBpp0302564	7227.FBpp0301159	0.0
7227.FBpp0078706	7227.FBpp0297286	0.0
7227.FBpp0077290	7227.FBpp0300841	0.0
7227.FBpp0080090	7227.FBpp0292904	0.0
7227.FBpp0082856	7227.FBpp0301180	0.0
7227.FBpp0070964	7227.FBpp0078198	0.0
7227.FBpp0291861	7227.FBpp0079090	0.0
7227.FBpp0075331	7227.FBpp0303554	0.0
7227.FBpp0077070	7227.FBpp0086575	0.0
7227.FBpp0074443	7227.FBpp0075178	0.0
7227.FBpp0297193	7227.FBpp0293518	0.0
7227.FBpp0305020	7227.FBpp0289225	0.0
7227.FBpp0084808	7227.FBpp0297391	0.0
7227.FBpp0289415	7227.FBpp0085721	0.0
7227.FBpp0079766	7227.FBpp0088430	0.0
7227.FBpp0075488	7227.FBpp0079086	0.0
7227.FBpp0071763	7227.FBpp0089307	0.0
7227.FBpp0290586	7227.FBpp0072425	0.0
7227.FBpp0085935	7227.FBpp0079548	0.0
7227.FBpp0076725	7227.FBpp0082314	0.0
7227.FBpp0076286	7227.FBpp0302761	0.0
7227.FBpp0084375	7227.FBpp0082778	0.0
7227.FBpp0074677	7227.FBpp0084630	0.0
7227.FBpp0297405	7227.FBpp0293723	0.0
7227.FBpp0291415	7227.FBpp0293956	0.0
7227.FBpp0089208	7227.FBpp0086970	0.0
7227.FBpp0303310	7227.FBpp0090945	0.0
7227.FBpp0303348	7227.FBpp0083441	0.0
7227.FBpp0087052	7227.FBpp0291264	0.0
7227.FBpp0076080	7227.FBpp0070446	0.0
7227.FBpp0076906	7227.FBpp0296951	0.0
7227.FBpp0303538	7227.FBpp0303758	0.0
7227.FBpp0079915	7227.FBpp0083148	0.0
7227.FBpp0112440	7227.FBpp0292393	0.0
7227.FBpp0075901	7227.FBpp0082979	0.0
7227.FBpp0074349	7227.FBpp0305212	0.0
7227.FBpp0087286	7227.FBpp0078868	0.0
7227.FBpp0302819	7227.FBpp0074804	0.0
7227.FBpp0082778	7227.FBpp0291714	0.0
7227.FBpp0086494	7227.FBpp0082602	0.0
7227.FBpp0086650	7227.FBpp0080008	0.0
7227.FBpp0289058	7227.FBpp0085108	0.0
7227.FBpp0072117	7227.FBpp0071831	0.0
7227.FBpp0071449	7227.FBpp0301689	0.0
7227.FBpp0087636	7227.FBpp0304416	0.0
7227.FBpp0084202	7227.FBpp0085835	0.0
7227.FBpp0292155	7227.FBpp0100166	0.0
7227.FBpp0083302	7227.FBpp0085485	0.0
7227.FBpp0086021	7227.FBpp0303956	0.0
7227.FBpp0293190	7227.FBpp0110454	0.0
7227.FBpp0070563	7227.FBpp0290253	0.0
7227.FBpp0074623	7227.FBpp0081138	0.0
7227.FBpp0072956	7227.FBpp0071170	0.0
7227.FBpp0303976	7227.FBpp0304104	0.0
7227.FBpp0077662	7227.FBpp0082329	0.0
7227.FBpp0081809	7227.FBpp0070872	0.0
7227.FBpp0291541	7227.FBpp0293997	0.0
7227.FBpp0086235	7227.FBpp0291638	0.0
7227.FBpp0076848	7227.FBpp0070327	0.0
7227.FBpp0087096	7227.FBpp0291681	0.0
7227.FBpp0077170	7227.FBpp0301102	0.0
7227.FBpp0292193	7227.FBpp0070697	0.0
7227.FBpp0079900	7227.FBpp0071809	0.0
7227.FBpp0088910	7227.FBpp0083634	0.0
7227.FBpp0099888	7227.FBpp0071450	0.0
7227.FBpp0084796	7227.FBpp0076648	0.0
7227.FBpp0081416	7227.FBpp0305366	0.0
7227.FBpp0298046	7227.FBpp0099486	0.0
7227.FBpp0072224	7227.FBpp0306063	0.0
7227.FBpp0291491	7227.FBpp0080109	0.0
7227.FBpp0076346	7227.FBpp0296968	0.0
7227.FBpp0072971	7227.FBpp0111337	0.0
7227.FBpp0300964	7227.FBpp0084522	0.0
7227.FBpp0079445	7227.FBpp0300672	0.0
7227.FBpp0071675	7227.FBpp0303719	0.0
7227.FBpp0086233	7227.FBpp0084149	0.0
7227.FBpp0289184	7227.FBpp0082805	0.0
7227.FBpp0304030	7227.FBpp0290362	0.0
7227.FBpp0073781	7227.FBpp0076269	0.0
7227.FBpp0075264	7227.FBpp0304811	0.0
7227.FBpp0081794	7227.FBpp0305592	0.0
7227.FBpp0082377	7227.FBpp0082869	0.0
7227.FBpp0300925	7227.FBpp0293997	0.0
7227.FBpp0076314	7227.FBpp0297542	0.0
7227.FBpp0076554	7227.FBpp0289113	0.0
7227.FBpp0075570	7227.FBpp0305588	0.0
7227.FBpp0087848	7227.FBpp0071263	0.0
7227.FBpp0074896	7227.FBpp0081254	0.0
7227.FBpp0078064	7227.FBpp0293538	0.0
7227.FBpp0089184	7227.FBpp0089244	0.0
7227.FBpp0075773	7227.FBpp0085150	0.0
7227.FBpp0291762	7227.FBpp0087613	0.0
7227.FBpp0297767	7227.FBpp0303778	0.0
7227.FBpp0077065	7227.FBpp0297075	0.0
7227.FBpp0080341	7227.FBpp0080224	0.0
7227.FBpp0293796	7227.FBpp0070268	0.0
7227.FBpp0070953	7227.FBpp0297289	0.0
7227.FBpp0112004	7227.FBpp0075140	0.0
7227.FBpp0070039	7227.FBpp0073505	0.0
7227.FBpp0304041	7227.FBpp0087029	0.0
7227.FBpp0080401	7227.FBpp0085050	0.0
7227.FBpp0305224	7227.FBpp0082340	0.0
7227.FBpp0081467	7227.FBpp0071094	0.0
7227.FBpp0072553	7227.FBpp0305236	0.0
7227.FBpp0088371	7227.FBpp0304975	0.0
7227.FBpp0091129	7227.FBpp0088814	0.0
7227.FBpp0088835	7227.FBpp0071832	0.0
7227.FBpp0075735	7227.FBpp0085814	0.0
7227.FBpp0083763	7227.FBpp0087903	0.0
7227.FBpp0291519	7227.FBpp0081533	0.0
7227.FBpp0304321	7227.FBpp0085052	0.0
7227.FBpp0289828	7227.FBpp0072607	0.0
7227.FBpp0077233	7227.FBpp0111484	0.0
7227.FBpp0079554	7227.FBpp0084028	0.0
7227.FBpp0079162	7227.FBpp0075455	0.0
7227.FBpp0304810	7227.FBpp0304298	0.0
7227.FBpp0300795	7227.FBpp0099920	0.0
7227.FBpp0112191	7227.FBpp0083952	0.0
7227.FBpp0082812	7227.FBpp0085405	0.0
7227.FBpp0112979	7227.FBpp0100153	0.0
7227.FBpp0084397	7227.FBpp0087094	0.0
7227.FBpp0304486	7227.FBpp0070942	0.0
7227.FBpp0306183	7227.FBpp0303518	0.0
7227.FBpp0297530	7227.FBpp0085327	0.0
7227.FBpp0075223	7227.FBpp0302761	0.0
7227.FBpp0291142	7227.FBpp0293275	0.0
7227.FBpp0076199	7227.FBpp0073475	0.0
7227.FBpp0081404	7227.FBpp0074976	0.0
7227.FBpp0303691	7227.FBpp0087971	0.0
7227.FBpp0304597	7227.FBpp0110194	0.0
7227.FBpp0071104	7227.FBpp0298027	0.0
7227.FBpp0070079	7227.FBpp0072418	0.0
7227.FBpp0082965	7227.FBpp0293653	0.0
7227.FBpp0300204	7227.FBpp0072476	0.0
7227.FBpp0111487	7227.FBpp0088145	0.0
7227.FBpp0078017	7227.FBpp0072497	0.0
7227.FBpp0292440	7227.FBpp0074349	0.0
7227.FBpp0085549	7227.FBpp0084553	0.0
7227.FBpp0291385	7227.FBpp0291861	0.0
7227.FBpp0071434	7227.FBpp0303677	0.0
7227.FBpp0072119	7227.FBpp0077896	0.0
7227.FBpp0297407	7227.FBpp0304694	0.0
7227.FBpp0080907	7227.FBpp0077638	0.0
7227.FBpp0078554	7227.FBpp0085050	0.0
7227.FBpp0305095	7227.FBpp0082830	0.0
7227.FBpp0075284	7227.FBpp0088910	0.0
7227.FBpp0091063	7227.FBpp0073785	0.0
7227.FBpp0297706	7227.FBpp0305066	0.0
7227.FBpp0072799	7227.FBpp0086073	0.0
7227.FBpp0072967	7227.FBpp0289489	0.0
7227.FBpp0071431	7227.FBpp0073459	0.0
7227.FBpp0078680	7227.FBpp0079622	0.0
7227.FBpp0301216	7227.FBpp0290129	0.0
7227.FBpp0292793	7227.FBpp0078949	0.0
7227.FBpp0301689	7227.FBpp0300182	0.0
7227.FBpp0087994	7227.FBpp0077271	0.0
7227.FBpp0074772	7227.FBpp0079197	0.0
7227.FBpp0079628	7227.FBpp0088216	0.0
7227.FBpp0111803	7227.FBpp0292249	0.0
7227.FBpp0290866	7227.FBpp0074329	0.0
7227.FBpp0303942	7227.FBpp0082236	0.0
7227.FBpp0087530	7227.FBpp0077476	0.0
7227.FBpp0291038	7227.FBpp0082413	0.0
7227.FBpp0084059	7227.FBpp0099966	0.0
7227.FBpp0079766	7227.FBpp0099875	0.0
7227.FBpp0075600	7227.FBpp0304033	0.0
7227.FBpp0302686	7227.FBpp0077460	0.0
7227.FBpp0078038	7227.FBpp0112031	0.0
7227.FBpp0111326	7227.FBpp0070671	0.0
7227.FBpp0072653	7227.FBpp0082154	0.0
7227.FBpp0088145	7227.FBpp0111738	0.0
7227.FBpp0304104	7227.FBpp0084862	0.0
7227.FBpp0306041	7227.FBpp0292055	0.0
7227.FBpp0294009	7227.FBpp0306063	0.0
7227.FBpp0100020	7227.FBpp0303708	0.0
7227.FBpp0085526	7227.FBpp0089262	0.0
7227.FBpp0081101	7227.FBpp0078944	0.0
7227.FBpp0073270	7227.FBpp0074427	0.0
7227.FBpp0297742	7227.FBpp0071894	0.0
7227.FBpp0303935	7227.FBpp0304754	0.0
7227.FBpp0304709	7227.FBpp0073620	0.0
7227.FBpp0301750	7227.FBpp0071006	0.0
7227.FBpp0289800	7227.FBpp0290129	0.0
7227.FBpp0072691	7227.FBpp0084165	0.0
7227.FBpp0112366	7227.FBpp0293684	0.0
7227.FBpp0083707	7227.FBpp0077366	0.0
7227.FBpp0303334	7227.FBpp0081098	0.0
7227.FBpp0289780	7227.FBpp0305852	0.0
7227.FBpp0077521	7227.FBpp0081076	0.0
7227.FBpp0088526	7227.FBpp0304491	0.0
7227.FBpp0077155	7227.FBpp0072898	0.0
7227.FBpp0079197	7227.FBpp0084999	0.0
7227.FBpp0074136	7227.FBpp0301994	0.0
7227.FBpp0083506	7227.FBpp0080944	0.0
7227.FBpp0087590	7227.FBpp0078648	0.0
7227.FBpp0070751	7227.FBpp0072893	0.0
7227.FBpp0073500	7227.FBpp0082453	0.0
7227.FBpp0088174	7227.FBpp0081722	0.0
7227.FBpp0073330	7227.FBpp0297507	0.0
7227.FBpp0292477	7227.FBpp0080468	0.0
7227.FBpp0293154	7227.FBpp0079372	0.0
7227.FBpp0070673	7227.FBpp0078858	0.0
7227.FBpp0290611	7227.FBpp0291017	0.0
7227.FBpp0292307	7227.FBpp0111327	0.0
7227.FBpp0297221	7227.FBpp0301750	0.0
7227.FBpp0078091	7227.FBpp0305146	0.0
7227.FBpp0297770	7227.FBpp0072820	0.0
7227.FBpp0083293	7227.FBpp0301823	0.0
7227.FBpp0081197	7227.FBpp0070943	0.0
7227.FBpp0291188	7227.FBpp0074179	0.0
7227.FBpp0086762	7227.FBpp0077854	0.0
7227.FBpp0083986	7227.FBpp0087478	0.0
7227.FBpp0290482	7227.FBpp0074431	0.0
7227.FBpp0073153	7227.FBpp0305009	0.0
7227.FBpp0297112	7227.FBpp0070710	0.0
7227.FBpp0072595	7227.FBpp0084735	0.0
7227.FBpp0297231	7227.FBpp0075598	0.0
7227.FBpp0291496	7227.FBpp0078400	0.0
7227.FBpp0085249	7227.FBpp0290890	0.0
7227.FBpp0303691	7227.FBpp0298381	0.0
7227.FBpp0077945	7227.FBpp0087318	0.0
7227.FBpp0082247	7227.FBpp0080536	0.0
7227.FBpp0290565	7227.FBpp0288972	0.0
7227.FBpp0072116	7227.FBpp0070209	0.0
7227.FBpp0304581	7227.FBpp0305585	0.0
7227.FBpp0077078	7227.FBpp0086344	0.0
7227.FBpp0071738	7227.FBpp0080468	0.0
7227.FBpp0288950	7227.FBpp0084506	0.0
7227.FBpp0086818	7227.FBpp0304733	0.0
7227.FBpp0082475	7227.FBpp0082349	0.0
7227.FBpp0082153	7227.FBpp0076383	0.0
7227.FBpp0086909	7227.FBpp0301545	0.0
7227.FBpp0077114	7227.FBpp0079595	0.0
7227.FBpp0086083	7227.FBpp0071129	0.0
7227.FBpp0078706	7227.FBpp0080872	0.0
7227.FBpp0083048	7227.FBpp0081823	0.0
7227.FBpp0081061	7227.FBpp0293240	0.0
7227.FBpp0289453	7227.FBpp0080496	0.0
7227.FBpp0078821	7227.FBpp0084309	0.0
7227.FBpp0073379	7227.FBpp0111684	0.0
7227.FBpp0271789	7227.FBpp0088035	0.0
7227.FBpp0071281	7227.FBpp0271791	0.0
7227.FBpp0293609	7227.FBpp0078676	0.0
7227.FBpp0083923	7227.FBpp0112192	0.0
7227.FBpp0086767	7227.FBpp0088491	0.0
7227.FBpp0289196	7227.FBpp0289651	0.0
7227.FBpp0303512	7227.FBpp0293334	0.0
7227.FBpp0088017	7227.FBpp0071129	0.0
7227.FBpp0082778	7227.FBpp0099502	0.0
7227.FBpp0292018	7227.FBpp0079610	0.0
7227.FBpp0084362	7227.FBpp0288767	0.0
7227.FBpp0080259	7227.FBpp0074129	0.0
7227.FBpp0293008	7227.FBpp0297076	0.0
7227.FBpp0085023	7227.FBpp0298822	0.0
7227.FBpp0110147	7227.FBpp0072886	0.0
7227.FBpp0083970	7227.FBpp0074429	0.0
7227.FBpp0111660	7227.FBpp0081138	0.0
7227.FBpp0074429	7227.FBpp0084001	0.0
7227.FBpp0303832	7227.FBpp0088877	0.0
7227.FBpp0078733	7227.FBpp0083540	0.0
7227.FBpp0303838	7227.FBpp0294023	0.0
7227.FBpp0077305	7227.FBpp0079658	0.0
7227.FBpp0305244	7227.FBpp0090985	0.0
7227.FBpp0303925	7227.FBpp0080094	0.0
7227.FBpp0083538	7227.FBpp0076776	0.0
7227.FBpp0074369	7227.FBpp0075857	0.0
7227.FBpp0112092	7227.FBpp0086443	0.0
7227.FBpp0071102	7227.FBpp0072052	0.0
7227.FBpp0290559	7227.FBpp0081236	0.0
7227.FBpp0082591	7227.FBpp0084583	0.0
7227.FBpp0074294	7227.FBpp0082132	0.0
7227.FBpp0075561	7227.FBpp0071617	0.0
7227.FBpp0070542	7227.FBpp0099477	0.0
7227.FBpp0077682	7227.FBpp0082017	0.0
7227.FBpp0271847	7227.FBpp0293196	0.0
7227.FBpp0081242	7227.FBpp0083946	0.0
7227.FBpp0079983	7227.FBpp0293721	0.0
7227.FBpp0071251	7227.FBpp0112826	0.0
7227.FBpp0077448	7227.FBpp0079293	0.0
7227.FBpp0077591	7227.FBpp0073740	0.0
7227.FBpp0070112	7227.FBpp0072074	0.0
7227.FBpp0292509	7227.FBpp0070538	0.0
7227.FBpp0071174	7227.FBpp0291417	0.0
7227.FBpp0074629	7227.FBpp0271927	0.0
7227.FBpp0088533	7227.FBpp0292198	0.0
7227.FBpp0091005	7227.FBpp0077670	0.0
7227.FBpp0086610	7227.FBpp0079366	0.0
7227.FBpp0081464	7227.FBpp0077950	0.0
7227.FBpp0291560	7227.FBpp0073781	0.0
7227.FBpp0085989	7227.FBpp0087360	0.0
7227.FBpp0081802	7227.FBpp0301020	0.0
7227.FBpp0087613	7227.FBpp0084307	0.0
7227.FBpp0084808	7227.FBpp0071809	0.0
7227.FBpp0292792	7227.FBpp0292605	0.0
7227.FBpp0080947	7227.FBpp0290172	0.0
7227.FBpp0290511	7227.FBpp0077933	0.0
7227.FBpp0304707	7227.FBpp0079354	0.0
7227.FBpp0076352	7227.FBpp0079233	0.0
7227.FBpp0303415	7227.FBpp0084933	0.0
7227.FBpp0079232	7227.FBpp0303078	0.0
7227.FBpp0082728	7227.FBpp0072072	0.0
7227.FBpp0288973	7227.FBpp0081333	0.0
7227.FBpp0291167	7227.FBpp0077775	0.0
7227.FBpp0082153	7227.FBpp0078988	0.0
7227.FBpp0081834	7227.FBpp0302760	0.0
7227.FBpp0081428	7227.FBpp0304298	0.0
7227.FBpp0084722	7227.FBpp0083489	0.0
7227.FBpp0305475	7227.FBpp0099538	0.0
7227.FBpp0304294	7227.FBpp0305123	0.0
7227.FBpp0305404	7227.FBpp0072215	0.0
7227.FBpp0077250	7227.FBpp0292021	0.0
7227.FBpp0301762	7227.FBpp0081787	0.0
7227.FBpp0070277	7227.FBpp0083307	0.0
7227.FBpp0080901	7227.FBpp0291566	0.0
7227.FBpp0300184	7227.FBpp0080984	0.0
7227.FBpp0080920	7227.FBpp0306026	0.0
7227.FBpp0072378	7227.FBpp0086069	0.0
7227.FBpp0073746	7227.FBpp0304377	0.0
7227.FBpp0071625	7227.FBpp0072842	0.0
7227.FBpp0300673	7227.FBpp0087037	0.0
7227.FBpp0072030	7227.FBpp0292339	0.0
7227.FBpp0300313	7227.FBpp0304075	0.0
7227.FBpp0074660	7227.FBpp0079897	0.0
7227.FBpp0304397	7227.FBpp0076686	0.0
7227.FBpp0080989	7227.FBpp0300553	0.0
7227.FBpp0087297	7227.FBpp0081579	0.0
7227.FBpp0297435	7227.FBpp0086312	0.0
7227.FBpp0289150	7227.FBpp0080736	0.0
7227.FBpp0083441	7227.FBpp0083400	0.0
7227.FBpp0298381	7227.FBpp0083605	0.0
7227.FBpp0099646	7227.FBpp0078858	0.0
7227.FBpp0078208	7227.FBpp0302695	0.0
7227.FBpp0087994	7227.FBpp0289846	0.0
7227.FBpp0075084	7227.FBpp0303214	0.0
7227.FBpp0078496	7227.FBpp0288655	0.0
7227.FBpp0084849	7227.FBpp0076997	0.0
7227.FBpp0110141	7227.FBpp0099453	0.0
7227.FBpp0071430	7227.FBpp0082391	0.0
7227.FBpp0077878	7227.FBpp0290081	0.0
7227.FBpp0289532	7227.FBpp0074382	0.0
7227.FBpp0301061	7227.FBpp0082219	0.0
7227.FBpp0305496	7227.FBpp0293164	0.0
7227.FBpp0083981	7227.FBpp0074017	0.0
7227.FBpp0086355	7227.FBpp0300443	0.0
7227.FBpp0086967	7227.FBpp0074677	0.0
7227.FBpp0304314	7227.FBpp0074400	0.0
7227.FBpp0088103	7227.FBpp0086509	0.0
7227.FBpp0083719	7227.FBpp0071802	0.0
7227.FBpp0070530	7227.FBpp0086346	0.0
7227.FBpp0075595	7227.FBpp0290990	0.0
7227.FBpp0083330	7227.FBpp0099873	0.0
7227.FBpp0084018	7227.FBpp0297712	0.0
7227.FBpp0305676	7227.FBpp0087940	0.0
7227.FBpp0086995	7227.FBpp0080141	0.0
7227.FBpp0085150	7227.FBpp0305791	0.0
7227.FBpp0288958	7227.FBpp0086406	0.0
7227.FBpp0303760	7227.FBpp0290617	0.0
7227.FBpp0304107	7227.FBpp0289179	0.0
7227.FBpp0087031	7227.FBpp0086858	0.0
7227.FBpp0076785	7227.FBpp0084454	0.0
7227.FBpp0305233	7227.FBpp0083893	0.0
7227.FBpp0078607	7227.FBpp0072853	0.0
7227.FBpp0078009	7227.FBpp0293609	0.0
7227.FBpp0304958	7227.FBpp0305422	0.0
7227.FBpp0078395	7227.FBpp0082701	0.0
7227.FBpp0303697	7227.FBpp0074665	0.0
7227.FBpp0303827	7227.FBpp0087412	0.0
7227.FBpp0070086	7227.FBpp0075112	0.0
7227.FBpp0291359	7227.FBpp0086957	0.0
7227.FBpp0074758	7227.FBpp0085581	0.0
7227.FBpp0271818	7227.FBpp0271924	0.0
7227.FBpp0304685	7227.FBpp0079012	0.0
7227.FBpp0289916	7227.FBpp0086517	0.0
7227.FBpp0306188	7227.FBpp0082238	0.0
7227.FBpp0078764	7227.FBpp0305348	0.0
7227.FBpp0304294	7227.FBpp0079699	0.0
7227.FBpp0087406	7227.FBpp0292831	0.0
7227.FBpp0078122	7227.FBpp0289677	0.0
7227.FBpp0081036	7227.FBpp0303942	0.0
7227.FBpp0082415	7227.FBpp0081412	0.0
7227.FBpp0288377	7227.FBpp0083610	0.0
7227.FBpp0304473	7227.FBpp0078437	0.0
7227.FBpp0082244	7227.FBpp0112202	0.0
7227.FBpp0086702	7227.FBpp0070993	0.0
7227.FBpp0080838	7227.FBpp0306000	0.0
7227.FBpp0082877	7227.FBpp0089361	0.0
7227.FBpp0076963	7227.FBpp0084949	0.0
7227.FBpp0088864	7227.FBpp0304911	0.0
7227.FBpp0072083	7227.FBpp0305163	0.0
7227.FBpp0301753	7227.FBpp0085613	0.0
7227.FBpp0083855	7227.FBpp0111820	0.0
7227.FBpp0086432	7227.FBpp0087485	0.0
7227.FBpp0080667	7227.FBpp0076380	0.0
7227.FBpp0082859	7227.FBpp0301153	0.0
7227.FBpp0289366	7227.FBpp0081268	0.0
7227.FBpp0077259	7227.FBpp0079438	0.0
7227.FBpp0084457	7227.FBpp0083571	0.0
7227.FBpp0083934	7227.FBpp0076119	0.0
7227.FBpp0303819	7227.FBpp0111473	0.0
7227.FBpp0301283	7227.FBpp0303108	0.0
7227.FBpp0290017	7227.FBpp0305119	0.0
7227.FBpp0078170	7227.FBpp0070656	0.0
7227.FBpp0304911	7227.FBpp0292342	0.0
7227.FBpp0306178	7227.FBpp0085989	0.0
7227.FBpp0086721	7227.FBpp0305957	0.0
7227.FBpp0087485	7227.FBpp0303194	0.0
7227.FBpp0070284	7227.FBpp0291167	0.0
7227.FBpp0073027	7227.FBpp0081374	0.0
7227.FBpp0290746	7227.FBpp0074800	0.0
7227.FBpp0076936	7227.FBpp0302703	0.0
7227.FBpp0070999	7227.FBpp0072914	0.0
7227.FBpp0083712	7227.FBpp0111375	0.0
7227.FBpp0083502	7227.FBpp0072285	0.0
7227.FBpp0080322	7227.FBpp0081845	0.0
7227.FBpp0070513	7227.FBpp0075580	0.0
7227.FBpp0075128	7227.FBpp0305176	0.0
7227.FBpp0305733	7227.FBpp0085084	0.0
7227.FBpp0075308	7227.FBpp0290343	0.0
7227.FBpp0084427	7227.FBpp0112262	0.0
7227.FBpp0076553	7227.FBpp0074832	0.0
7227.FBpp0071688	7227.FBpp0084383	0.0
7227.FBpp0288713	7227.FBpp0303942	0.0
7227.FBpp0071285	7227.FBpp0082289	0.0
7227.FBpp0304172	7227.FBpp0083732	0.0
7227.FBpp0088812	7227.FBpp0083934	0.0
7227.FBpp0305432	7227.FBpp0076464	0.0
7227.FBpp0082752	7227.FBpp0292398	0.0
7227.FBpp0111291	7227.FBpp0087491	0.0
7227.FBpp0077282	7227.FBpp0300457	0.0
7227.FBpp0074801	7227.FBpp0305595	0.0
7227.FBpp0111641	7227.FBpp0080894	0.0
7227.FBpp0084186	7227.FBpp0078122	0.0
7227.FBpp0111422	7227.FBpp0076263	0.0
7227.FBpp0071469	7227.FBpp0293279	0.0
7227.FBpp0306190	7227.FBpp0290487	0.0
7227.FBpp0293190	7227.FBpp0075151	0.0
7227.FBpp0302844	7227.FBpp0086909	0.0
7227.FBpp0073804	7227.FBpp0291479	0.0
7227.FBpp0078831	7227.FBpp0293883	0.0
7227.FBpp0085501	7227.FBpp0302592	0.0
7227.FBpp0086944	7227.FBpp0083406	0.0
7227.FBpp0089234	7227.FBpp0300659	0.0
7227.FBpp0074284	7227.FBpp0296933	0.0
7227.FBpp0087769	7227.FBpp0304439	0.0
7227.FBpp0086946	7227.FBpp0082582	0.0
7227.FBpp0072311	7227.FBpp0085295	0.0
7227.FBpp0081846	7227.FBpp0074672	0.0
7227.FBpp0075187	7227.FBpp0081902	0.0
7227.FBpp0078237	7227.FBpp0075571	0.0
7227.FBpp0071498	7227.FBpp0290883	0.0
7227.FBpp0289047	7227.FBpp0074907	0.0
7227.FBpp0088357	7227.FBpp0297153	0.0
7227.FBpp0084022	7227.FBpp0076653	0.0
7227.FBpp0305189	7227.FBpp0298352	0.0
7227.FBpp0293685	7227.FBpp0100159	0.0
7227.FBpp0085463	7227.FBpp0083578	0.0
7227.FBpp0081588	7227.FBpp0304557	0.0
7227.FBpp0073088	7227.FBpp0076383	0.0
7227.FBpp0089361	7227.FBpp0083512	0.0
7227.FBpp0303719	7227.FBpp0292150	0.0
7227.FBpp0085393	7227.FBpp0077673	0.0
7227.FBpp0086238	7227.FBpp0077740	0.0
7227.FBpp0071075	7227.FBpp0079813	0.0
7227.FBpp0075449	7227.FBpp0305123	0.0
7227.FBpp0077213	7227.FBpp0081383	0.0
7227.FBpp0079634	7227.FBpp0070760	0.0
7227.FBpp0080119	7227.FBpp0300961	0.0
7227.FBpp0084918	7227.FBpp0085821	0.0
7227.FBpp0077233	7227.FBpp0081850	0.0
7227.FBpp0086432	7227.FBpp0083889	0.0
7227.FBpp0112922	7227.FBpp0077813	0.0
7227.FBpp0071449	7227.FBpp0073104	0.0
7227.FBpp0081547	7227.FBpp0073376	0.0
7227.FBpp0084355	7227.FBpp0075493	0.0
7227.FBpp0302796	7227.FBpp0084447	0.0
7227.FBpp0077157	7227.FBpp0085801	0.0
7227.FBpp0084232	7227.FBpp0303207	0.0
7227.FBpp0082079	7227.FBpp0078828	0.0
7227.FBpp0083202	7227.FBpp0085111	0.0
7227.FBpp0070051	7227.FBpp0086855	0.0
7227.FBpp0073352	7227.FBpp0078302	0.0
7227.FBpp0291640	7227.FBpp0076315	0.0
7227.FBpp0085192	7227.FBpp0288835	0.0
7227.FBpp0305224	7227.FBpp0078865	0.0
7227.FBpp0080000	7227.FBpp0113058	0.0
7227.FBpp0289416	7227.FBpp0301617	0.0
7227.FBpp0292666	7227.FBpp0077259	0.0
7227.FBpp0100168	7227.FBpp0300552	0.0
7227.FBpp0111677	7227.FBpp0110406	0.0
7227.FBpp0087484	7227.FBpp0079849	0.0
7227.FBpp0086445	7227.FBpp0086902	0.0
7227.FBpp0071759	7227.FBpp0084949	0.0
7227.FBpp0099608	7227.FBpp0304416	0.0
7227.FBpp0111362	7227.FBpp0072074	0.0
7227.FBpp0304828	7227.FBpp0073143	0.0
7227.FBpp0086593	7227.FBpp0076680	0.0
7227.FBpp0086337	7227.FBpp0084646	0.0
7227.FBpp0070976	7227.FBpp0099546	0.0
7227.FBpp0296951	7227.FBpp0304767	0.0
7227.FBpp0087104	7227.FBpp0296984	0.0
7227.FBpp0303947	7227.FBpp0070285	0.0
7227.FBpp0293518	7227.FBpp0305861	0.0
7227.FBpp0293997	7227.FBpp0088337	0.0
7227.FBpp0078917	7227.FBpp0073222	0.0
7227.FBpp0080472	7227.FBpp0075187	0.0
7227.FBpp0078915	7227.FBpp0112384	0.0
7227.FBpp0077470	7227.FBpp0086428	0.0
7227.FBpp0303827	7227.FBpp0082877	0.0
7227.FBpp0077448	7227.FBpp0288969	0.0
7227.FBpp0080850	7227.FBpp0070213	0.0
7227.FBpp0087094	7227.FBpp0288871	0.0
7227.FBpp0292806	7227.FBpp0085665	0.0
7227.FBpp0289473	7227.FBpp0099690	0.0
7227.FBpp0297866	7227.FBpp0071675	0.0
7227.FBpp0091074	7227.FBpp0083792	0.0
7227.FBpp0073292	7227.FBpp0072057	0.0
7227.FBpp0087535	7227.FBpp0079524	0.0
7227.FBpp0297554	7227.FBpp0292105	0.0
7227.FBpp0083634	7227.FBpp0304975	0.0
7227.FBpp0072767	7227.FBpp0303802	0.0
7227.FBpp0079943	7227.FBpp0289895	0.0
7227.FBpp0084341	7227.FBpp0304478	0.0
7227.FBpp0086314	7227.FBpp0292515	0.0
7227.FBpp0075894	7227.FBpp0112263	0.0
7227.FBpp0291714	7227.FBpp0084453	0.0
7227.FBpp0077572	7227.FBpp0086953	0.0
7227.FBpp0289527	7227.FBpp0080305	0.0
7227.FBpp0082644	7227.FBpp0300973	0.0
7227.FBpp0078128	7227.FBpp0080480	0.0
7227.FBpp0070299	7227.FBpp0075088	0.0
7227.FBpp0085080	7227.FBpp0304849	0.0
7227.FBpp0084399	7227.FBpp0085623	0.0
7227.FBpp0290355	7227.FBpp0070790	0.0
7227.FBpp0111579	7227.FBpp0073223	0.0
7227.FBpp0091075	7227.FBpp0084221	0.0
7227.FBpp0075115	7227.FBpp0077930	0.0
7227.FBpp0072050	7227.FBpp0085597	0.0
7227.FBpp0088954	7227.FBpp0085888	0.0
7227.FBpp0082793	7227.FBpp0077018	0.0
7227.FBpp0089141	7227.FBpp0078829	0.0
7227.FBpp0292153	7227.FBpp0079519	0.0
7227.FBpp0083813	7227.FBpp0074289	0.0
7227.FBpp0087747	7227.FBpp0293269	0.0
7227.FBpp0074585	7227.FBpp0082877	0.0
7227.FBpp0081654	7227.FBpp0290813	0.0
7227.FBpp0083738	7227.FBpp0086332	0.0
7227.FBpp0288686	7227.FBpp0086721	0.0
7227.FBpp0289371	7227.FBpp0305723	0.0
7227.FBpp0070209	7227.FBpp0087642	0.0
7227.FBpp0271517	7227.FBpp0083222	0.0
7227.FBpp0305444	7227.FBpp0083813	0.0
7227.FBpp0083032	7227.FBpp0290775	0.0
7227.FBpp0304530	7227.FBpp0085901	0.0
7227.FBpp0091133	7227.FBpp0293538	0.0
7227.FBpp0085888	7227.FBpp0073740	0.0
7227.FBpp0073555	7227.FBpp0099483	0.0
7227.FBpp0070111	7227.FBpp0074046	0.0
7227.FBpp0291765	7227.FBpp0081732	0.0
7227.FBpp0070877	7227.FBpp0070784	0.0
7227.FBpp0289733	7227.FBpp0071998	0.0
7227.FBpp0087911	7227.FBpp0071246	0.0
7227.FBpp0303429	7227.FBpp0289503	0.0
7227.FBpp0303263	7227.FBpp0087610	0.0
7227.FBpp0080320	7227.FBpp0085373	0.0
7227.FBpp0292040	7227.FBpp0071133	0.0
7227.FBpp0289247	7227.FBpp0099944	0.0
7227.FBpp0081497	7227.FBpp0080934	0.0
7227.FBpp0302820	7227.FBpp0083187	0.0
7227.FBpp0070844	7227.FBpp0304687	0.0
7227.FBpp0292511	7227.FBpp0084346	0.0
7227.FBpp0085218	7227.FBpp0303755	0.0
7227.FBpp0086841	7227.FBpp0076965	0.0
7227.FBpp0303604	7227.FBpp0075564	0.0
7227.FBpp0301139	7227.FBpp0297548	0.0
7227.FBpp0089300	7227.FBpp0071676	0.0
7227.FBpp0079824	7227.FBpp0302642	0.0
7227.FBpp0082859	7227.FBpp0084473	0.0
7227.FBpp0298287	7227.FBpp0302844	0.0
7227.FBpp0070131	7227.FBpp0292057	0.0
7227.FBpp0086204	7227.FBpp0075140	0.0
7227.FBpp0075078	7227.FBpp0079719	0.0
7227.FBpp0082068	7227.FBpp0293441	0.0
7227.FBpp0084024	7227.FBpp0099898	0.0
7227.FBpp0086068	7227.FBpp0300230	0.0
7227.FBpp0074142	7227.FBpp0077858	0.0
7227.FBpp0304022	7227.FBpp0082965	0.0
7227.FBpp0088452	7227.FBpp0304762	0.0
7227.FBpp0070079	7227.FBpp0073740	0.0
7227.FBpp0289146	7227.FBpp0085869	0.0
7227.FBpp0075983	7227.FBpp0070642	0.0
7227.FBpp0290355	7227.FBpp0073448	0.0
7227.FBpp0070260	7227.FBpp0289808	0.0
7227.FBpp0113031	7227.FBpp0076969	0.0
7227.FBpp0305733	7227.FBpp0088370	0.0
7227.FBpp0297095	7227.FBpp0077923	0.0
7227.FBpp0074660	7227.FBpp0297572	0.0
7227.FBpp0079272	7227.FBpp0084225	0.0
7227.FBpp0292621	7227.FBpp0070955	0.0
7227.FBpp0288463	7227.FBpp0082591	0.0
7227.FBpp0086968	7227.FBpp0305226	0.0
7227.FBpp0076234	7227.FBpp0304078	0.0
7227.FBpp0297906	7227.FBpp0070792	0.0
7227.FBpp0293687	7227.FBpp0297767	0.0
7227.FBpp0073806	7227.FBpp0083628	0.0
7227.FBpp0111486	7227.FBpp0079628	0.0
7227.FBpp0071092	7227.FBpp0289810	0.0
7227.FBpp0080762	7227.FBpp0078735	0.0
7227.FBpp0079123	7227.FBpp0080643	0.0
7227.FBpp0289912	7227.FBpp0072595	0.0
7227.FBpp0072865	7227.FBpp0083663	0.0
7227.FBpp0072402	7227.FBpp0306180	0.0
7227.FBpp0070628	7227.FBpp0112077	0.0
7227.FBpp0290859	7227.FBpp0081552	0.0
7227.FBpp0074179	7227.FBpp0083861	0.0
7227.FBpp0305878	7227.FBpp0073785	0.0
7227.FBpp0289095	7227.FBpp0112156	0.0
7227.FBpp0297937	7227.FBpp0297990	0.0
7227.FBpp0304593	7227.FBpp0088144	0.0
7227.FBpp0111376	7227.FBpp0077922	0.0
7227.FBpp0291375	7227.FBpp0070158	0.0
7227.FBpp0075618	7227.FBpp0081325	0.0
7227.FBpp0297277	7227.FBpp0077523	0.0
7227.FBpp0085559	7227.FBpp0076009	0.0
7227.FBpp0077520	7227.FBpp0300974	0.0
7227.FBpp0072578	7227.FBpp0079704	0.0
7227.FBpp0289303	7227.FBpp0297904	0.0
7227.FBpp0080382	7227.FBpp0074331	0.0
7227.FBpp0292541	7227.FBpp0077204	0.0
7227.FBpp0080423	7227.FBpp0305005	0.0
7227.FBpp0111567	7227.FBpp0082508	0.0
7227.FBpp0072879	7227.FBpp0076359	0.0
7227.FBpp0071999	7227.FBpp0112462	0.0
7227.FBpp0078607	7227.FBpp0087316	0.0
7227.FBpp0297772	7227.FBpp0077022	0.0
7227.FBpp0292075	7227.FBpp0070350	0.0
7227.FBpp0077680	7227.FBpp0300522	0.0
7227.FBpp0084667	7227.FBpp0301703	0.0
7227.FBpp0292353	7227.FBpp0303321	0.0
7227.FBpp0071541	7227.FBpp0289355	0.0
7227.FBpp0112922	7227.FBpp0306026	0.0
7227.FBpp0076783	7227.FBpp0111682	0.0
7227.FBpp0289707	7227.FBpp0112099	0.0
7227.FBpp0087981	7227.FBpp0087127	0.0
7227.FBpp0112286	7227.FBpp0079086	0.0
7227.FBpp0077704	7227.FBpp0078092	0.0
7227.FBpp0074087	7227.FBpp0077643	0.0
7227.FBpp0082863	7227.FBpp0085869	0.0
7227.FBpp0297661	7227.FBpp0082467	0.0
7227.FBpp0297123	7227.FBpp0296952	0.0
7227.FBpp0077532	7227.FBpp0290075	0.0
7227.FBpp0080997	7227.FBpp0084521	0.0
7227.FBpp0297221	7227.FBpp0292479	0.0
7227.FBpp0288524	7227.FBpp0080448	0.0
7227.FBpp0072826	7227.FBpp0301283	0.0
7227.FBpp0292260	7227.FBpp0078009	0.0
7227.FBpp0085128	7227.FBpp0076234	0.0
7227.FBpp0074365	7227.FBpp0292887	0.0
7227.FBpp0289303	7227.FBpp0305729	0.0
7227.FBpp0073558	7227.FBpp0070953	0.0
7227.FBpp0302823	7227.FBpp0080062	0.0
7227.FBpp0083441	7227.FBpp0070151	0.0
7227.FBpp0083630	7227.FBpp0077848	0.0
7227.FBpp0082401	7227.FBpp0304611	0.0
7227.FBpp0071176	7227.FBpp0099860	0.0
7227.FBpp0070511	7227.FBpp0099889	0.0
7227.FBpp0112164	7227.FBpp0291533	0.0
7227.FBpp0302984	7227.FBpp0303088	0.0
7227.FBpp0073397	7227.FBpp0305216	0.0
7227.FBpp0073448	7227.FBpp0074172	0.0
7227.FBpp0086346	7227.FBpp0304393	0.0
7227.FBpp0305548	7227.FBpp0081152	0.0
7227.FBpp0077050	7227.FBpp0085065	0.0
7227.FBpp0297075	7227.FBpp0072957	0.0
7227.FBpp0099847	7227.FBpp0291562	0.0
7227.FBpp0288514	7227.FBpp0293072	0.0
7227.FBpp0303629	7227.FBpp0303151	0.0
7227.FBpp0078395	7227.FBpp0077753	0.0
7227.FBpp0111680	7227.FBpp0074087	0.0
7227.FBpp0075264	7227.FBpp0300934	0.0
7227.FBpp0293720	7227.FBpp0302039	0.0
7227.FBpp0081551	7227.FBpp0085390	0.0
7227.FBpp0075044	7227.FBpp0081503	0.0
7227.FBpp0293186	7227.FBpp0078432	0.0
7227.FBpp0085947	7227.FBpp0078676	0.0
7227.FBpp0077900	7227.FBpp0072895	0.0
7227.FBpp0080135	7227.FBpp0075104	0.0
7227.FBpp0073777	7227.FBpp0087052	0.0
7227.FBpp0304201	7227.FBpp0291022	0.0
7227.FBpp0091141	7227.FBpp0288451	0.0
7227.FBpp0072776	7227.FBpp0300790	0.0
7227.FBpp0078274	7227.FBpp0304373	0.0
7227.FBpp0291146	7227.FBpp0071609	0.0
7227.FBpp0078575	7227.FBpp0304251	0.0
7227.FBpp0291393	7227.FBpp0088442	0.0
7227.FBpp0296981	7227.FBpp0083678	0.0
7227.FBpp0072248	7227.FBpp0076010	0.0
7227.FBpp0082241	7227.FBpp0300957	0.0
7227.FBpp0077077	7227.FBpp0084399	0.0
7227.FBpp0071277	7227.FBpp0083145	0.0
7227.FBpp0074910	7227.FBpp0290456	0.0
7227.FBpp0113082	7227.FBpp0076872	0.0
7227.FBpp0291239	7227.FBpp0071307	0.0
7227.FBpp0079335	7227.FBpp0081014	0.0
7227.FBpp0301701	7227.FBpp0303489	0.0
7227.FBpp0288503	7227.FBpp0074205	0.0
7227.FBpp0293822	7227.FBpp0293437	0.0
7227.FBpp0080422	7227.FBpp0073173	0.0
7227.FBpp0085164	7227.FBpp0071954	0.0
7227.FBpp0304486	7227.FBpp0288503	0.0
7227.FBpp0087917	7227.FBpp0076961	0.0
7227.FBpp0083007	7227.FBpp0083687	0.0
7227.FBpp0290191	7227.FBpp0079943	0.0
7227.FBpp0087532	7227.FBpp0297763	0.0
7227.FBpp0077831	7227.FBpp0084934	0.0
7227.FBpp0084862	7227.FBpp0080920	0.0
7227.FBpp0081234	7227.FBpp0304290	0.0
7227.FBpp0099481	7227.FBpp0099737	0.0
7227.FBpp0085113	7227.FBpp0304878	0.0
7227.FBpp0289556	7227.FBpp0070158	0.0
7227.FBpp0087968	7227.FBpp0087275	0.0
7227.FBpp0070507	7227.FBpp0304644	0.0
7227.FBpp0078298	7227.FBpp0304082	0.0
7227.FBpp0289503	7227.FBpp0099403	0.0
7227.FBpp0304597	7227.FBpp0087091	0.0
7227.FBpp0304523	7227.FBpp0298349	0.0
7227.FBpp0074679	7227.FBpp0303283	0.0
7227.FBpp0076481	7227.FBpp0081181	0.0
7227.FBpp0294003	7227.FBpp0293959	0.0
7227.FBpp0074548	7227.FBpp0078379	0.0
7227.FBpp0111309	7227.FBpp0085839	0.0
7227.FBpp0082739	7227.FBpp0110205	0.0
7227.FBpp0293281	7227.FBpp0072943	0.0
7227.FBpp0074635	7227.FBpp0089393	0.0
7227.FBpp0076558	7227.FBpp0071949	0.0
7227.FBpp0081524	7227.FBpp0289018	0.0
7227.FBpp0293661	7227.FBpp0110275	0.0
7227.FBpp0289297	7227.FBpp0077275	0.0
7227.FBpp0297407	7227.FBpp0072304	0.0
7227.FBpp0112469	7227.FBpp0079829	0.0
7227.FBpp0073114	7227.FBpp0088510	0.0
7227.FBpp0086312	7227.FBpp0305611	0.0
7227.FBpp0087410	7227.FBpp0076790	0.0
7227.FBpp0086752	7227.FBpp0080850	0.0
7227.FBpp0085669	7227.FBpp0301042	0.0
7227.FBpp0305622	7227.FBpp0086157	0.0
7227.FBpp0297235	7227.FBpp0292252	0.0
7227.FBpp0070199	7227.FBpp0081108	0.0
7227.FBpp0288936	7227.FBpp0111412	0.0
7227.FBpp0111476	7227.FBpp0076360	0.0
7227.FBpp0081236	7227.FBpp0289592	0.0
7227.FBpp0293936	7227.FBpp0073770	0.0
7227.FBpp0289613	7227.FBpp0083295	0.0
7227.FBpp0077869	7227.FBpp0304162	0.0
7227.FBpp0083966	7227.FBpp0110131	0.0
7227.FBpp0099546	7227.FBpp0073906	0.0
7227.FBpp0079304	7227.FBpp0304270	0.0
7227.FBpp0080658	7227.FBpp0084251	0.0
7227.FBpp0084138	7227.FBpp0100029	0.0
7227.FBpp0111439	7227.FBpp0073523	0.0
7227.FBpp0082157	7227.FBpp0072571	0.0
7227.FBpp0110220	7227.FBpp0112010	0.0
7227.FBpp0083117	7227.FBpp0086905	0.0
7227.FBpp0079878	7227.FBpp0303840	0.0
7227.FBpp0297655	7227.FBpp0070595	0.0
7227.FBpp0083946	7227.FBpp0085535	0.0
7227.FBpp0073466	7227.FBpp0086853	0.0
7227.FBpp0083126	7227.FBpp0072868	0.0
7227.FBpp0085533	7227.FBpp0080480	0.0
7227.FBpp0086292	7227.FBpp0091075	0.0
7227.FBpp0070979	7227.FBpp0075063	0.0
7227.FBpp0112244	7227.FBpp0290487	0.0
7227.FBpp0091107	7227.FBpp0073836	0.0
7227.FBpp0070005	7227.FBpp0297503	0.0
7227.FBpp0079276	7227.FBpp0292018	0.0
7227.FBpp0111505	7227.FBpp0074842	0.0
7227.FBpp0076572	7227.FBpp0289670	0.0
7227.FBpp0304002	7227.FBpp0078581	0.0
7227.FBpp0082840	7227.FBpp0304138	0.0
7227.FBpp0091125	7227.FBpp0071431	0.0
7227.FBpp0288424	7227.FBpp0289590	0.0
7227.FBpp0073708	7227.FBpp0086787	0.0
7227.FBpp0305164	7227.FBpp0086219	0.0
7227.FBpp0087609	7227.FBpp0291638	0.0
7227.FBpp0300974	7227.FBpp0077871	0.0
7227.FBpp0290204	7227.FBpp0305404	0.0
7227.FBpp0079992	7227.FBpp0110266	0.0
7227.FBpp0077306	7227.FBpp0303107	0.0
7227.FBpp0113031	7227.FBpp0071718	0.0
7227.FBpp0076231	7227.FBpp0100168	0.0
7227.FBpp0293950	7227.FBpp0077026	0.0
7227.FBpp0086583	7227.FBpp0078727	0.0
7227.FBpp0081851	7227.FBpp0293440	0.0
7227.FBpp0297579	7227.FBpp0289598	0.0
7227.FBpp0081661	7227.FBpp0302859	0.0
7227.FBpp0099612	7227.FBpp0303401	0.0
7227.FBpp0300311	7227.FBpp0070710	0.0
7227.FBpp0071977	7227.FBpp0110421	0.0
7227.FBpp0077805	7227.FBpp0099840	0.0
7227.FBpp0112118	7227.FBpp0099563	0.0
7227.FBpp0293796	7227.FBpp0304294	0.0
7227.FBpp0082773	7227.FBpp0290274	0.0
7227.FBpp0099952	7227.FBpp0297390	0.0
7227.FBpp0084624	7227.FBpp0081202	0.0
7227.FBpp0073140	7227.FBpp0091045	0.0
7227.FBpp0290131	7227.FBpp0079709	0.0
7227.FBpp0078245	7227.FBpp0084344	0.0
7227.FBpp0074248	7227.FBpp0079977	0.0
7227.FBpp0073252	7227.FBpp0073588	0.0
7227.FBpp0303055	7227.FBpp0080248	0.0
7227.FBpp0078467	7227.FBpp0079829	0.0
7227.FBpp0089382	7227.FBpp0077018	0.0
7227.FBpp0076015	7227.FBpp0298044	0.0
7227.FBpp0083860	7227.FBpp0289968	0.0
7227.FBpp0072435	7227.FBpp0289528	0.0
7227.FBpp0087681	7227.FBpp0084138	0.0
7227.FBpp0110167	7227.FBpp0076221	0.0
7227.FBpp0074051	7227.FBpp0076490	0.0
7227.FBpp0079374	7227.FBpp0293788	0.0
7227.FBpp0083157	7227.FBpp0070055	0.0
7227.FBpp0082060	7227.FBpp0076478	0.0
7227.FBpp0088269	7227.FBpp0091054	0.0
7227.FBpp0291022	7227.FBpp0077521	0.0
7227.FBpp0070305	7227.FBpp0070831	0.0
7227.FBpp0073098	7227.FBpp0070614	0.0
7227.FBpp0081694	7227.FBpp0300798	0.0
7227.FBpp0300938	7227.FBpp0304237	0.0
7227.FBpp0293407	7227.FBpp0084876	0.0
7227.FBpp0073839	7227.FBpp0071307	0.0
7227.FBpp0087793	7227.FBpp0300232	0.0
7227.FBpp0292157	7227.FBpp0304393	0.0
7227.FBpp0083629	7227.FBpp0294039	0.0
7227.FBpp0073221	7227.FBpp0080393	0.0
7227.FBpp0086338	7227.FBpp0070050	0.0
7227.FBpp0111304	7227.FBpp0070368	0.0
7227.FBpp0084570	7227.FBpp0291636	0.0
7227.FBpp0300455	7227.FBpp0084283	0.0
7227.FBpp0306217	7227.FBpp0076002	0.0
7227.FBpp0072258	7227.FBpp0077018	0.0
7227.FBpp0070503	7227.FBpp0300615	0.0
7227.FBpp0070751	7227.FBpp0071541	0.0
7227.FBpp0070464	7227.FBpp0073526	0.0
7227.FBpp0079613	7227.FBpp0112165	0.0
7227.FBpp0078315	7227.FBpp0100129	0.0
7227.FBpp0072007	7227.FBpp0293663	0.0
7227.FBpp0291681	7227.FBpp0085461	0.0
7227.FBpp0083738	7227.FBpp0077250	0.0
7227.FBpp0292361	7227.FBpp0292097	0.0
7227.FBpp0080373	7227.FBpp0290045	0.0
7227.FBpp0072793	7227.FBpp0085131	0.0
7227.FBpp0111792	7227.FBpp0076430	0.0
7227.FBpp0075288	7227.FBpp0087333	0.0
7227.FBpp0080811	7227.FBpp0088877	0.0
7227.FBpp0078160	7227.FBpp0304082	0.0
7227.FBpp0290418	7227.FBpp0290086	0.0
7227.FBpp0303356	7227.FBpp0290965	0.0
7227.FBpp0073173	7227.FBpp0079871	0.0
7227.FBpp0080120	7227.FBpp0080947	0.0
7227.FBpp0074892	7227.FBpp0291699	0.0
7227.FBpp0084446	7227.FBpp0081435	0.0
7227.FBpp0081849	7227.FBpp0082491	0.0
7227.FBpp0099799	7227.FBpp0291491	0.0
7227.FBpp0074179	7227.FBpp0297205	0.0
7227.FBpp0110565	7227.FBpp0112948	0.0
7227.FBpp0078227	7227.FBpp0072902	0.0
7227.FBpp0111475	7227.FBpp0083949	0.0
7227.FBpp0072731	7227.FBpp0297666	0.0
7227.FBpp0075291	7227.FBpp0085264	0.0
7227.FBpp0289413	7227.FBpp0081873	0.0
7227.FBpp0083698	7227.FBpp0078727	0.0
7227.FBpp0072720	7227.FBpp0073393	0.0
7227.FBpp0304355	7227.FBpp0071672	0.0
7227.FBpp0071263	7227.FBpp0071924	0.0
7227.FBpp0083861	7227.FBpp0079109	0.0
7227.FBpp0291537	7227.FBpp0305791	0.0
7227.FBpp0077302	7227.FBpp0087887	0.0
7227.FBpp0088533	7227.FBpp0082399	0.0
7227.FBpp0085698	7227.FBpp0305574	0.0
7227.FBpp0300394	7227.FBpp0086107	0.0
7227.FBpp0082326	7227.FBpp0083537	0.0
7227.FBpp0087023	7227.FBpp0087900	0.0
7227.FBpp0290653	7227.FBpp0297407	0.0
7227.FBpp0306188	7227.FBpp0300657	0.0
7227.FBpp0070697	7227.FBpp0306221	0.0
7227.FBpp0305432	7227.FBpp0083506	0.0
7227.FBpp0076225	7227.FBpp0292903	0.0
7227.FBpp0084816	7227.FBpp0302541	0.0
7227.FBpp0083582	7227.FBpp0079384	0.0
7227.FBpp0305092	7227.FBpp0113027	0.0
7227.FBpp0079355	7227.FBpp0075267	0.0
7227.FBpp0288424	7227.FBpp0082947	0.0
7227.FBpp0085404	7227.FBpp0079327	0.0
7227.FBpp0110571	7227.FBpp0076119	0.0
7227.FBpp0113029	7227.FBpp0111269	0.0
7227.FBpp0078685	7227.FBpp0071288	0.0
7227.FBpp0290415	7227.FBpp0079248	0.0
7227.FBpp0084985	7227.FBpp0075790	0.0
7227.FBpp0082066	7227.FBpp0081840	0.0
7227.FBpp0085581	7227.FBpp0080388	0.0
7227.FBpp0099401	7227.FBpp0111675	0.0
7227.FBpp0291523	7227.FBpp0099715	0.0
7227.FBpp0084375	7227.FBpp0088524	0.0
7227.FBpp0078705	7227.FBpp0304290	0.0
7227.FBpp0084918	7227.FBpp0080855	0.0
7227.FBpp0304306	7227.FBpp0290279	0.0
7227.FBpp0072201	7227.FBpp0087733	0.0
7227.FBpp0081076	7227.FBpp0089141	0.0
7227.FBpp0085597	7227.FBpp0301621	0.0
7227.FBpp0300453	7227.FBpp0089419	0.0
7227.FBpp0303630	7227.FBpp0071794	0.0
7227.FBpp0079505	7227.FBpp0074530	0.0
7227.FBpp0072815	7227.FBpp0080553	0.0
7227.FBpp0072383	7227.FBpp0081460	0.0
7227.FBpp0070791	7227.FBpp0074126	0.0
7227.FBpp0076595	7227.FBpp0083149	0.0
7227.FBpp0078531	7227.FBpp0080420	0.0
7227.FBpp0081324	7227.FBpp0077157	0.0
7227.FBpp0081101	7227.FBpp0076034	0.0
7227.FBpp0081392	7227.FBpp0088884	0.0
7227.FBpp0291573	7227.FBpp0070772	0.0
7227.FBpp0074791	7227.FBpp0290616	0.0
7227.FBpp0086731	7227.FBpp0290832	0.0
7227.FBpp0111863	7227.FBpp0087843	0.0
7227.FBpp0082158	7227.FBpp0100012	0.0
7227.FBpp0082369	7227.FBpp0111407	0.0
7227.FBpp0304397	7227.FBpp0111273	0.0
7227.FBpp0110515	7227.FBpp0303456	0.0
7227.FBpp0082329	7227.FBpp0084985	0.0
7227.FBpp0073064	7227.FBpp0070888	0.0
7227.FBpp0271769	7227.FBpp0085317	0.0
7227.FBpp0305740	7227.FBpp0304374	0.0
7227.FBpp0291421	7227.FBpp0070213	0.0
7227.FBpp0082540	7227.FBpp0080751	0.0
7227.FBpp0070360	7227.FBpp0293782	0.0
7227.FBpp0099481	7227.FBpp0080740	0.0
7227.FBpp0088312	7227.FBpp0301783	0.0
7227.FBpp0289584	7227.FBpp0088683	0.0
7227.FBpp0086577	7227.FBpp0291475	0.0
7227.FBpp0085220	7227.FBpp0071323	0.0
7227.FBpp0088269	7227.FBpp0077541	0.0
7227.FBpp0070140	7227.FBpp0302578	0.0
7227.FBpp0079207	7227.FBpp0078687	0.0
7227.FBpp0086837	7227.FBpp0088564	0.0
7227.FBpp0072425	7227.FBpp0081766	0.0
7227.FBpp0079913	7227.FBpp0303946	0.0
7227.FBpp0078636	7227.FBpp0080913	0.0
7227.FBpp0072765	7227.FBpp0075400	0.0
7227.FBpp0291347	7227.FBpp0089419	0.0
7227.FBpp0075265	7227.FBpp0089413	0.0
7227.FBpp0111285	7227.FBpp0074882	0.0
7227.FBpp0303911	7227.FBpp0290270	0.0
7227.FBpp0087956	7227.FBpp0074085	0.0
7227.FBpp0075964	7227.FBpp0084045	0.0
7227.FBpp0306063	7227.FBpp0074790	0.0
7227.FBpp0084578	7227.FBpp0080595	0.0
7227.FBpp0070760	7227.FBpp0301180	0.0
7227.FBpp0083113	7227.FBpp0076156	0.0
7227.FBpp0079264	7227.FBpp0290277	0.0
7227.FBpp0084868	7227.FBpp0081428	0.0
7227.FBpp0071403	7227.FBpp0303313	0.0
7227.FBpp0088035	7227.FBpp0078170	0.0
7227.FBpp0072440	7227.FBpp0302824	0.0
7227.FBpp0085561	7227.FBpp0297591	0.0
7227.FBpp0289772	7227.FBpp0099545	0.0
7227.FBpp0088318	7227.FBpp0080684	0.0
7227.FBpp0082451	7227.FBpp0072691	0.0
7227.FBpp0070176	7227.FBpp0305108	0.0
7227.FBpp0086996	7227.FBpp0111378	0.0
7227.FBpp0292458	7227.FBpp0074941	0.0
7227.FBpp0293877	7227.FBpp0073023	0.0
7227.FBpp0076438	7227.FBpp0079828	0.0
7227.FBpp0303321	7227.FBpp0087959	0.0
7227.FBpp0083502	7227.FBpp0304301	0.0
7227.FBpp0080024	7227.FBpp0078922	0.0
7227.FBpp0305904	7227.FBpp0074990	0.0
7227.FBpp0073905	7227.FBpp0291082	0.0
7227.FBpp0304007	7227.FBpp0300180	0.0
7227.FBpp0077259	7227.FBpp0085678	0.0
7227.FBpp0271715	7227.FBpp0076959	0.0
7227.FBpp0085157	7227.FBpp0071332	0.0
7227.FBpp0070083	7227.FBpp0301827	0.0
7227.FBpp0081598	7227.FBpp0073605	0.0
7227.FBpp0300323	7227.FBpp0305736	0.0
7227.FBpp0077576	7227.FBpp0071763	0.0
7227.FBpp0289219	7227.FBpp0113067	0.0
7227.FBpp0290784	7227.FBpp0082371	0.0
7227.FBpp0077360	7227.FBpp0075265	0.0
7227.FBpp0076081	7227.FBpp0076430	0.0
7227.FBpp0293082	7227.FBpp0079197	0.0
7227.FBpp0297989	7227.FBpp0084719	0.0
7227.FBpp0073606	7227.FBpp0303942	0.0
7227.FBpp0078027	7227.FBpp0077974	0.0
7227.FBpp0085021	7227.FBpp0070511	0.0
7227.FBpp0099845	7227.FBpp0305012	0.0
7227.FBpp0077682	7227.FBpp0091084	0.0
7227.FBpp0087714	7227.FBpp0086344	0.0
7227.FBpp0077864	7227.FBpp0304694	0.0
7227.FBpp0073385	7227.FBpp0293606	0.0
7227.FBpp0292024	7227.FBpp0305622	0.0
7227.FBpp0071358	7227.FBpp0077779	0.0
7227.FBpp0088873	7227.FBpp0072895	0.0
7227.FBpp0071845	7227.FBpp0075180	0.0
7227.FBpp0072040	7227.FBpp0071161	0.0
7227.FBpp0300391	7227.FBpp0084477	0.0
7227.FBpp0071450	7227.FBpp0292508	0.0
7227.FBpp0304612	7227.FBpp0083752	0.0
7227.FBpp0082877	7227.FBpp0084609	0.0
7227.FBpp0086129	7227.FBpp0088371	0.0
7227.FBpp0072228	7227.FBpp0082830	0.0
7227.FBpp0087488	7227.FBpp0076100	0.0
7227.FBpp0271861	7227.FBpp0082859	0.0
7227.FBpp0089243	7227.FBpp0303491	0.0
7227.FBpp0089135	7227.FBpp0086582	0.0
7227.FBpp0076767	7227.FBpp0074910	0.0
7227.FBpp0087229	7227.FBpp0088417	0.0
7227.FBpp0303236	7227.FBpp0289685	0.0
7227.FBpp0300160	7227.FBpp0076451	0.0
7227.FBpp0084427	7227.FBpp0073590	0.0
7227.FBpp0091109	7227.FBpp0082412	0.0
7227.FBpp0304009	7227.FBpp0288377	0.0
7227.FBpp0088862	7227.FBpp0083798	0.0
7227.FBpp0088808	7227.FBpp0086292	0.0
7227.FBpp0070144	7227.FBpp0079546	0.0
7227.FBpp0077866	7227.FBpp0111338	0.0
7227.FBpp0289545	7227.FBpp0071584	0.0
7227.FBpp0077037	7227.FBpp0072960	0.0
7227.FBpp0305722	7227.FBpp0304570	0.0
7227.FBpp0079528	7227.FBpp0291781	0.0
7227.FBpp0291499	7227.FBpp0293540	0.0
7227.FBpp0086219	7227.FBpp0082215	0.0
7227.FBpp0082458	7227.FBpp0072473	0.0
7227.FBpp0077785	7227.FBpp0070899	0.0
7227.FBpp0081314	7227.FBpp0083217	0.0
7227.FBpp0305904	7227.FBpp0081867	0.0
7227.FBpp0085023	7227.FBpp0301995	0.0
7227.FBpp0074530	7227.FBpp0072920	0.0
7227.FBpp0293356	7227.FBpp0304947	0.0
7227.FBpp0303023	7227.FBpp0072892	0.0
7227.FBpp0081715	7227.FBpp0077753	0.0
7227.FBpp0071379	7227.FBpp0086762	0.0
7227.FBpp0083863	7227.FBpp0084586	0.0
7227.FBpp0075829	7227.FBpp0297229	0.0
7227.FBpp0305614	7227.FBpp0305729	0.0
7227.FBpp0072224	7227.FBpp0082985	0.0
7227.FBpp0087979	7227.FBpp0297716	0.0
7227.FBpp0112035	7227.FBpp0072401	0.0
7227.FBpp0070137	7227.FBpp0289708	0.0
7227.FBpp0290088	7227.FBpp0076080	0.0
7227.FBpp0081650	7227.FBpp0085669	0.0
7227.FBpp0082535	7227.FBpp0099725	0.0
7227.FBpp0085119	7227.FBpp0290428	0.0
7227.FBpp0301147	7227.FBpp0086329	0.0
7227.FBpp0088000	7227.FBpp0077763	0.0
7227.FBpp0289634	7227.FBpp0087286	0.0
7227.FBpp0086157	7227.FBpp0076906	0.0
7227.FBpp0086127	7227.FBpp0298349	0.0
7227.FBpp0301083	7227.FBpp0291622	0.0
7227.FBpp0085623	7227.FBpp0303526	0.0
7227.FBpp0084902	7227.FBpp0289178	0.0
7227.FBpp0085479	7227.FBpp0303351	0.0
7227.FBpp0112187	7227.FBpp0080953	0.0
7227.FBpp0082065	7227.FBpp0303359	0.0
7227.FBpp0083015	7227.FBpp0301020	0.0
7227.FBpp0304703	7227.FBpp0082035	0.0
7227.FBpp0083358	7227.FBpp0110205	0.0
7227.FBpp0290716	7227.FBpp0089309	0.0
7227.FBpp0078592	7227.FBpp0079909	0.0
7227.FBpp0084933	7227.FBpp0084135	0.0
7227.FBpp0300830	7227.FBpp0086801	0.0
7227.FBpp0082525	7227.FBpp0086912	0.0
7227.FBpp0074500	7227.FBpp0293592	0.0
7227.FBpp0305612	7227.FBpp0306188	0.0
7227.FBpp0078420	7227.FBpp0302762	0.0
7227.FBpp0078949	7227.FBpp0271847	0.0
7227.FBpp0080211	7227.FBpp0301046	0.0
7227.FBpp0079458	7227.FBpp0083653	0.0
7227.FBpp0292932	7227.FBpp0301014	0.0
7227.FBpp0271911	7227.FBpp0083327	0.0
7227.FBpp0099846	7227.FBpp0072510	0.0
7227.FBpp0099660	7227.FBpp0073649	0.0
7227.FBpp0072940	7227.FBpp0304492	0.0
7227.FBpp0078689	7227.FBpp0291543	0.0
7227.FBpp0291747	7227.FBpp0080976	0.0
7227.FBpp0082101	7227.FBpp0072230	0.0
7227.FBpp0082221	7227.FBpp0291025	0.0
7227.FBpp0076372	7227.FBpp0083654	0.0
7227.FBpp0110412	7227.FBpp0300391	0.0
7227.FBpp0072839	7227.FBpp0291430	0.0
7227.FBpp0077878	7227.FBpp0085150	0.0
7227.FBpp0305586	7227.FBpp0070481	0.0
7227.FBpp0112027	7227.FBpp0085109	0.0
7227.FBpp0080642	7227.FBpp0071383	0.0
7227.FBpp0085146	7227.FBpp0085375	0.0
7227.FBpp0304329	7227.FBpp0082214	0.0
7227.FBpp0293079	7227.FBpp0087250	0.0
7227.FBpp0077683	7227.FBpp0087793	0.0
7227.FBpp0296968	7227.FBpp0305547	0.0
7227.FBpp0293684	7227.FBpp0304981	0.0
7227.FBpp0292008	7227.FBpp0081384	0.0
7227.FBpp0301600	7227.FBpp0088148	0.0
7227.FBpp0074906	7227.FBpp0304046	0.0
7227.FBpp0303710	7227.FBpp0079641	0.0
7227.FBpp0075071	7227.FBpp0078539	0.0
7227.FBpp0088841	7227.FBpp0087290	0.0
7227.FBpp0088555	7227.FBpp0305978	0.0
7227.FBpp0301846	7227.FBpp0072553	0.0
7227.FBpp0073986	7227.FBpp0297948	0.0
7227.FBpp0073281	7227.FBpp0073129	0.0
7227.FBpp0292602	7227.FBpp0289485	0.0
7227.FBpp0075511	7227.FBpp0077622	0.0
7227.FBpp0085642	7227.FBpp0084023	0.0
7227.FBpp0070026	7227.FBpp0291726	0.0
7227.FBpp0301600	7227.FBpp0086756	0.0
7227.FBpp0085042	7227.FBpp0078643	0.0
7227.FBpp0080685	7227.FBpp0071675	0.0
7227.FBpp0080395	7227.FBpp0087235	0.0
7227.FBpp0082770	7227.FBpp0087648	0.0
7227.FBpp0082699	7227.FBpp0077722	0.0
7227.FBpp0088645	7227.FBpp0302829	0.0
7227.FBpp0080656	7227.FBpp0300180	0.0
7227.FBpp0077268	7227.FBpp0305012	0.0
7227.FBpp0070000	7227.FBpp0078038	0.0
7227.FBpp0112337	7227.FBpp0271717	0.0
7227.FBpp0084937	7227.FBpp0071138	0.0
7227.FBpp0083189	7227.FBpp0082987	0.0
7227.FBpp0071844	7227.FBpp0112323	0.0
7227.FBpp0086126	7227.FBpp0305782	0.0
7227.FBpp0074962	7227.FBpp0084315	0.0
7227.FBpp0072971	7227.FBpp0088337	0.0
7227.FBpp0300556	7227.FBpp0086593	0.0
7227.FBpp0085821	7227.FBpp0292400	0.0
7227.FBpp0076424	7227.FBpp0305654	0.0
7227.FBpp0099542	7227.FBpp0072473	0.0
7227.FBpp0298346	7227.FBpp0070371	0.0
7227.FBpp0084082	7227.FBpp0100182	0.0
7227.FBpp0079913	7227.FBpp0086535	0.0
7227.FBpp0077031	7227.FBpp0301079	0.0
7227.FBpp0085468	7227.FBpp0304445	0.0
7227.FBpp0291914	7227.FBpp0084227	0.0
7227.FBpp0086549	7227.FBpp0084995	0.0
7227.FBpp0082666	7227.FBpp0079598	0.0
7227.FBpp0073027	7227.FBpp0300185	0.0
7227.FBpp0074509	7227.FBpp0111929	0.0
7227.FBpp0302624	7227.FBpp0084674	0.0
7227.FBpp0080414	7227.FBpp0082812	0.0
7227.FBpp0091054	7227.FBpp0078427	0.0
7227.FBpp0110309	7227.FBpp0079798	0.0
7227.FBpp0081185	7227.FBpp0072383	0.0
7227.FBpp0087667	7227.FBpp0076286	0.0
7227.FBpp0080053	7227.FBpp0076209	0.0
7227.FBpp0086525	7227.FBpp0303214	0.0
7227.FBpp0291259	7227.FBpp0089387	0.0
7227.FBpp0288743	7227.FBpp0074598	0.0
7227.FBpp0083672	7227.FBpp0072671	0.0
7227.FBpp0288505	7227.FBpp0073762	0.0
7227.FBpp0088040	7227.FBpp0290069	0.0
7227.FBpp0302696	7227.FBpp0081560	0.0
7227.FBpp0072227	7227.FBpp0085029	0.0
7227.FBpp0074516	7227.FBpp0083376	0.0
7227.FBpp0301958	7227.FBpp0076339	0.0
7227.FBpp0078592	7227.FBpp0290356	0.0
7227.FBpp0082064	7227.FBpp0289370	0.0
7227.FBpp0075113	7227.FBpp0074607	0.0
7227.FBpp0303195	7227.FBpp0081372	0.0
7227.FBpp0305622	7227.FBpp0079609	0.0
7227.FBpp0082507	7227.FBpp0301182	0.0
7227.FBpp0085639	7227.FBpp0075348	0.0
7227.FBpp0080765	7227.FBpp0071873	0.0
7227.FBpp0078239	7227.FBpp0081632	0.0
7227.FBpp0074129	7227.FBpp0075088	0.0
7227.FBpp0306089	7227.FBpp0070431	0.0
7227.FBpp0079372	7227.FBpp0303591	0.0
7227.FBpp0084785	7227.FBpp0086839	0.0
7227.FBpp0086141	7227.FBpp0305005	0.0
7227.FBpp0073849	7227.FBpp0110327	0.0
7227.FBpp0298020	7227.FBpp0291037	0.0
7227.FBpp0290775	7227.FBpp0086633	0.0
7227.FBpp0071599	7227.FBpp0086052	0.0
7227.FBpp0292024	7227.FBpp0293386	0.0
7227.FBpp0083630	7227.FBpp0088812	0.0
7227.FBpp0099776	7227.FBpp0303476	0.0
7227.FBpp0086126	7227.FBpp0072386	0.0
7227.FBpp0072071	7227.FBpp0080342	0.0
7227.FBpp0079595	7227.FBpp0301105	0.0
7227.FBpp0085277	7227.FBpp0293592	0.0
7227.FBpp0085959	7227.FBpp0082342	0.0
7227.FBpp0304954	7227.FBpp0301020	0.0
7227.FBpp0083502	7227.FBpp0288686	0.0
7227.FBpp0078035	7227.FBpp0080331	0.0
7227.FBpp0290484	7227.FBpp0303804	0.0
7227.FBpp0100079	7227.FBpp0305189	0.0
7227.FBpp0290419	7227.FBpp0289590	0.0
7227.FBpp0077786	7227.FBpp0078353	0.0
7227.FBpp0304770	7227.FBpp0085027	0.0
7227.FBpp0084462	7227.FBpp0081557	0.0
7227.FBpp0086803	7227.FBpp0290242	0.0
7227.FBpp0080947	7227.FBpp0088026	0.0
7227.FBpp0291108	7227.FBpp0074941	0.0
7227.FBpp0076994	7227.FBpp0301617	0.0
7227.FBpp0301576	7227.FBpp0071970	0.0
7227.FBpp0075951	7227.FBpp0070940	0.0
7227.FBpp0072205	7227.FBpp0072285	0.0
7227.FBpp0079349	7227.FBpp0077305	0.0
7227.FBpp0305034	7227.FBpp0073018	0.0
7227.FBpp0073829	7227.FBpp0072162	0.0
7227.FBpp0073542	7227.FBpp0075752	0.0
7227.FBpp0079495	7227.FBpp0087235	0.0
7227.FBpp0083678	7227.FBpp0088598	0.0
7227.FBpp0088900	7227.FBpp0304287	0.0
7227.FBpp0291023	7227.FBpp0071441	0.0
7227.FBpp0110498	7227.FBpp0086406	0.0
7227.FBpp0289410	7227.FBpp0088034	0.0
7227.FBpp0291779	7227.FBpp0075461	0.0
7227.FBpp0304267	7227.FBpp0073796	0.0
7227.FBpp0077629	7227.FBpp0071993	0.0
7227.FBpp0078844	7227.FBpp0297992	0.0
7227.FBpp0086569	7227.FBpp0071314	0.0
7227.FBpp0079124	7227.FBpp0086001	0.0
7227.FBpp0306192	7227.FBpp0081101	0.0
7227.FBpp0080721	7227.FBpp0086429	0.0
7227.FBpp0078400	7227.FBpp0081273	0.0
7227.FBpp0071094	7227.FBpp0293607	0.0
7227.FBpp0305611	7227.FBpp0082702	0.0
7227.FBpp0073143	7227.FBpp0075667	0.0
7227.FBpp0290367	7227.FBpp0070631	0.0
7227.FBpp0302614	7227.FBpp0078245	0.0
7227.FBpp0071463	7227.FBpp0291109	0.0
7227.FBpp0083512	7227.FBpp0111482	0.0
7227.FBpp0302618	7227.FBpp0305138	0.0
7227.FBpp0086648	7227.FBpp0084842	0.0
7227.FBpp0300428	7227.FBpp0070628	0.0
7227.FBpp0077492	7227.FBpp0075644	0.0
7227.FBpp0081416	7227.FBpp0297221	0.0
7227.FBpp0084583	7227.FBpp0305473	0.0
7227.FBpp0072697	7227.FBpp0074215	0.0
7227.FBpp0070277	7227.FBpp0087607	0.0
7227.FBpp0084893	7227.FBpp0085338	0.0
7227.FBpp0084149	7227.FBpp0071293	0.0
7227.FBpp0071808	7227.FBpp0078607	0.0
7227.FBpp0291073	7227.FBpp0305723	0.0
7227.FBpp0088532	7227.FBpp0305098	0.0
7227.FBpp0088164	7227.FBpp0300969	0.0
7227.FBpp0077800	7227.FBpp0075932	0.0
7227.FBpp0290825	7227.FBpp0293194	0.0
7227.FBpp0112374	7227.FBpp0080106	0.0
7227.FBpp0081599	7227.FBpp0073018	0.0
7227.FBpp0304069	7227.FBpp0070939	0.0
7227.FBpp0080157	7227.FBpp0081959	0.0
7227.FBpp0084930	7227.FBpp0305009	0.0
7227.FBpp0291610	7227.FBpp0297188	0.0
7227.FBpp0292302	7227.FBpp0083860	0.0
7227.FBpp0075667	7227.FBpp0099500	0.0
7227.FBpp0294009	7227.FBpp0078376	0.0
7227.FBpp0087051	7227.FBpp0112010	0.0
7227.FBpp0100166	7227.FBpp0076200	0.0
7227.FBpp0297503	7227.FBpp0083893	0.0
7227.FBpp0077370	7227.FBpp0080120	0.0
7227.FBpp0071138	7227.FBpp0074913	0.0
7227.FBpp0100079	7227.FBpp0072161	0.0
7227.FBpp0085259	7227.FBpp0100181	0.0
7227.FBpp0076131	7227.FBpp0073864	0.0
7227.FBpp0291688	7227.FBpp0290137	0.0
7227.FBpp0084268	7227.FBpp0088648	0.0
7227.FBpp0291993	7227.FBpp0084543	0.0
7227.FBpp0112540	7227.FBpp0304096	0.0
7227.FBpp0081207	7227.FBpp0079339	0.0
7227.FBpp0298042	7227.FBpp0291415	0.0
7227.FBpp0091089	7227.FBpp0110242	0.0
7227.FBpp0073769	7227.FBpp0081704	0.0
7227.FBpp0076235	7227.FBpp0300458	0.0
7227.FBpp0302912	7227.FBpp0082468	0.0
7227.FBpp0292113	7227.FBpp0071992	0.0
7227.FBpp0088741	7227.FBpp0084381	0.0
7227.FBpp0087206	7227.FBpp0305754	0.0
7227.FBpp0086074	7227.FBpp0303260	0.0
7227.FBpp0073869	7227.FBpp0079859	0.0
7227.FBpp0075985	7227.FBpp0079813	0.0
7227.FBpp0110223	7227.FBpp0074856	0.0
7227.FBpp0289219	7227.FBpp0074906	0.0
7227.FBpp0072386	7227.FBpp0087804	0.0
7227.FBpp0083607	7227.FBpp0085134	0.0
7227.FBpp0079576	7227.FBpp0303486	0.0
7227.FBpp0072311	7227.FBpp0088500	0.0
7227.FBpp0077205	7227.FBpp0290115	0.0
7227.FBpp0074344	7227.FBpp0072257	0.0
7227.FBpp0079539	7227.FBpp0070780	0.0
7227.FBpp0303280	7227.FBpp0086648	0.0
7227.FBpp0289708	7227.FBpp0081246	0.0
7227.FBpp0077701	7227.FBpp0080575	0.0
7227.FBpp0080290	7227.FBpp0083488	0.0
7227.FBpp0071216	7227.FBpp0082925	0.0
7227.FBpp0077032	7227.FBpp0305654	0.0
7227.FBpp0074382	7227.FBpp0070079	0.0
7227.FBpp0080488	7227.FBpp0111316	0.0
7227.FBpp0113004	7227.FBpp0078668	0.0
7227.FBpp0289150	7227.FBpp0083569	0.0
7227.FBpp0112988	7227.FBpp0083801	0.0
7227.FBpp0088078	7227.FBpp0077157	0.0
7227.FBpp0073641	7227.FBpp0078980	0.0
7227.FBpp0074142	7227.FBpp0079566	0.0
7227.FBpp0076622	7227.FBpp0091059	0.0
7227.FBpp0079593	7227.FBpp0290293	0.0
7227.FBpp0071696	7227.FBpp0071998	0.0
7227.FBpp0078065	7227.FBpp0072203	0.0
7227.FBpp0293863	7227.FBpp0084458	0.0
7227.FBpp0290560	7227.FBpp0087294	0.0
7227.FBpp0302752	7227.FBpp0110406	0.0
7227.FBpp0075078	7227.FBpp0082638	0.0
7227.FBpp0086567	7227.FBpp0082812	0.0
7227.FBpp0305851	7227.FBpp0099932	0.0
7227.FBpp0086690	7227.FBpp0086426	0.0
7227.FBpp0300560	7227.FBpp0089135	0.0
7227.FBpp0071441	7227.FBpp0304321	0.0
7227.FBpp0081235	7227.FBpp0075380	0.0
7227.FBpp0087779	7227.FBpp0303035	0.0
7227.FBpp0082739	7227.FBpp0082358	0.0
7227.FBpp0083654	7227.FBpp0100012	0.0
7227.FBpp0082895	7227.FBpp0288961	0.0
7227.FBpp0303950	7227.FBpp0305196	0.0
7227.FBpp0083984	7227.FBpp0087092	0.0
7227.FBpp0303127	7227.FBpp0302814	0.0
7227.FBpp0078516	7227.FBpp0089303	0.0
7227.FBpp0084641	7227.FBpp0084846	0.0
7227.FBpp0077156	7227.FBpp0072467	0.0
7227.FBpp0085033	7227.FBpp0082907	0.0
7227.FBpp0088841	7227.FBpp0289975	0.0
7227.FBpp0289552	7227.FBpp0078402	0.0
7227.FBpp0080121	7227.FBpp0088856	0.0
7227.FBpp0078331	7227.FBpp0303634	0.0
7227.FBpp0083160	7227.FBpp0074519	0.0
7227.FBpp0073471	7227.FBpp0291146	0.0
7227.FBpp0086392	7227.FBpp0076872	0.0
7227.FBpp0112103	7227.FBpp0304574	0.0
7227.FBpp0070656	7227.FBpp0293287	0.0
7227.FBpp0080663	7227.FBpp0088955	0.0
7227.FBpp0288762	7227.FBpp0291713	0.0
7227.FBpp0305836	7227.FBpp0074955	0.0
7227.FBpp0304706	7227.FBpp0072731	0.0
7227.FBpp0302618	7227.FBpp0085160	0.0
7227.FBpp0073119	7227.FBpp0076538	0.0
7227.FBpp0073895	7227.FBpp0074113	0.0
7227.FBpp0292458	7227.FBpp0074762	0.0
7227.FBpp0077031	7227.FBpp0086392	0.0
7227.FBpp0304574	7227.FBpp0086572	0.0
7227.FBpp0305977	7227.FBpp0076078	0.0
7227.FBpp0080302	7227.FBpp0086702	0.0
7227.FBpp0088500	7227.FBpp0084429	0.0
7227.FBpp0304499	7227.FBpp0077864	0.0
7227.FBpp0082911	7227.FBpp0271861	0.0
7227.FBpp0289338	7227.FBpp0089218	0.0
7227.FBpp0289651	7227.FBpp0072381	0.0
7227.FBpp0081189	7227.FBpp0290242	0.0
7227.FBpp0290741	7227.FBpp0082301	0.0
7227.FBpp0075265	7227.FBpp0071588	0.0
7227.FBpp0291107	7227.FBpp0087287	0.0
7227.FBpp0078239	7227.FBpp0075065	0.0
7227.FBpp0291261	7227.FBpp0086347	0.0
7227.FBpp0075168	7227.FBpp0076314	0.0
7227.FBpp0111989	7227.FBpp0291422	0.0
7227.FBpp0083222	7227.FBpp0305341	0.0
7227.FBpp0288834	7227.FBpp0303740	0.0
7227.FBpp0081403	7227.FBpp0073505	0.0
7227.FBpp0089286	7227.FBpp0112326	0.0
7227.FBpp0291095	7227.FBpp0290898	0.0
7227.FBpp0076651	7227.FBpp0083217	0.0
7227.FBpp0293463	7227.FBpp0084933	0.0
7227.FBpp0078675	7227.FBpp0073852	0.0
7227.FBpp0086484	7227.FBpp0078057	0.0
7227.FBpp0087529	7227.FBpp0077871	0.0
7227.FBpp0087464	7227.FBpp0077359	0.0
7227.FBpp0082773	7227.FBpp0099952	0.0
7227.FBpp0099444	7227.FBpp0082458	0.0
7227.FBpp0073940	7227.FBpp0072658	0.0
7227.FBpp0289232	7227.FBpp0074429	0.0
7227.FBpp0111717	7227.FBpp0300522	0.0
7227.FBpp0099728	7227.FBpp0088689	0.0
7227.FBpp0080322	7227.FBpp0081254	0.0
7227.FBpp0292035	7227.FBpp0083219	0.0
7227.FBpp0084521	7227.FBpp0080822	0.0
7227.FBpp0074782	7227.FBpp0302547	0.0
7227.FBpp0084382	7227.FBpp0089332	0.0
7227.FBpp0075564	7227.FBpp0083093	0.0
7227.FBpp0072242	7227.FBpp0088438	0.0
7227.FBpp0076225	7227.FBpp0081927	0.0
7227.FBpp0089360	7227.FBpp0072009	0.0
7227.FBpp0082979	7227.FBpp0072571	0.0
7227.FBpp0293154	7227.FBpp0078728	0.0
7227.FBpp0300912	7227.FBpp0071285	0.0
7227.FBpp0087254	7227.FBpp0087491	0.0
7227.FBpp0290125	7227.FBpp0077671	0.0
7227.FBpp0082316	7227.FBpp0303758	0.0
7227.FBpp0289584	7227.FBpp0071001	0.0
7227.FBpp0303596	7227.FBpp0084680	0.0
7227.FBpp0075790	7227.FBpp0099552	0.0
7227.FBpp0074122	7227.FBpp0085317	0.0
7227.FBpp0078834	7227.FBpp0302859	0.0
7227.FBpp0082173	7227.FBpp0304659	0.0
7227.FBpp0087651	7227.FBpp0073416	0.0
7227.FBpp0080935	7227.FBpp0073599	0.0
7227.FBpp0112207	7227.FBpp0305514	0.0
7227.FBpp0083355	7227.FBpp0300311	0.0
7227.FBpp0305753	7227.FBpp0292931	0.0
7227.FBpp0289968	7227.FBpp0289295	0.0
7227.FBpp0288668	7227.FBpp0089402	0.0
7227.FBpp0076567	7227.FBpp0075239	0.0
7227.FBpp0084344	7227.FBpp0111440	0.0
7227.FBpp0289271	7227.FBpp0305037	0.0
7227.FBpp0084613	7227.FBpp0086246	0.0
7227.FBpp0086273	7227.FBpp0072381	0.0
7227.FBpp0087310	7227.FBpp0304181	0.0
7227.FBpp0084421	7227.FBpp0085509	0.0
7227.FBpp0086967	7227.FBpp0086837	0.0
7227.FBpp0081854	7227.FBpp0075913	0.0
7227.FBpp0077407	7227.FBpp0082101	0.0
7227.FBpp0073731	7227.FBpp0303090	0.0
7227.FBpp0297927	7227.FBpp0074158	0.0
7227.FBpp0288668	7227.FBpp0079319	0.0
7227.FBpp0073264	7227.FBpp0289447	0.0
7227.FBpp0099568	7227.FBpp0073217	0.0
7227.FBpp0291757	7227.FBpp0083711	0.0
7227.FBpp0071129	7227.FBpp0082157	0.0
7227.FBpp0087838	7227.FBpp0099481	0.0
7227.FBpp0289536	7227.FBpp0297507	0.0
7227.FBpp0072926	7227.FBpp0112262	0.0
7227.FBpp0080367	7227.FBpp0081465	0.0
7227.FBpp0085509	7227.FBpp0291690	0.0
7227.FBpp0305173	7227.FBpp0071832	0.0
7227.FBpp0111308	7227.FBpp0303805	0.0
7227.FBpp0296933	7227.FBpp0070160	0.0
7227.FBpp0081982	7227.FBpp0306051	0.0
7227.FBpp0304026	7227.FBpp0081651	0.0
7227.FBpp0297153	7227.FBpp0084549	0.0
7227.FBpp0304025	7227.FBpp0290027	0.0
7227.FBpp0091155	7227.FBpp0072457	0.0
7227.FBpp0081449	7227.FBpp0078976	0.0
7227.FBpp0297097	7227.FBpp0297591	0.0
7227.FBpp0079160	7227.FBpp0072476	0.0
7227.FBpp0085490	7227.FBpp0110561	0.0
7227.FBpp0081670	7227.FBpp0087844	0.0
7227.FBpp0074913	7227.FBpp0099679	0.0
7227.FBpp0077552	7227.FBpp0297521	0.0
7227.FBpp0074581	7227.FBpp0091126	0.0
7227.FBpp0288958	7227.FBpp0080120	0.0
7227.FBpp0305143	7227.FBpp0292501	0.0
7227.FBpp0290341	7227.FBpp0074658	0.0
7227.FBpp0077910	7227.FBpp0080281	0.0
7227.FBpp0081650	7227.FBpp0074453	0.0
7227.FBpp0088208	7227.FBpp0074139	0.0
7227.FBpp0303623	7227.FBpp0083206	0.0
7227.FBpp0072646	7227.FBpp0080554	0.0
7227.FBpp0304891	7227.FBpp0099563	0.0
7227.FBpp0087558	7227.FBpp0088505	0.0
7227.FBpp0073191	7227.FBpp0081273	0.0
7227.FBpp0070562	7227.FBpp0076200	0.0
7227.FBpp0290751	7227.FBpp0111377	0.0
7227.FBpp0305671	7227.FBpp0080024	0.0
7227.FBpp0091108	7227.FBpp0071450	0.0
7227.FBpp0088499	7227.FBpp0077860	0.0
7227.FBpp0082746	7227.FBpp0291540	0.0
7227.FBpp0072206	7227.FBpp0070605	0.0
7227.FBpp0111440	7227.FBpp0070299	0.0
7227.FBpp0083694	7227.FBpp0088419	0.0
7227.FBpp0111469	7227.FBpp0080120	0.0
7227.FBpp0077051	7227.FBpp0300455	0.0
7227.FBpp0289419	7227.FBpp0083863	0.0
7227.FBpp0077603	7227.FBpp0099602	0.0
7227.FBpp0100184	7227.FBpp0079406	0.0
7227.FBpp0070673	7227.FBpp0300554	0.0
7227.FBpp0080495	7227.FBpp0290982	0.0
7227.FBpp0087681	7227.FBpp0076117	0.0
7227.FBpp0081834	7227.FBpp0100113	0.0
7227.FBpp0083080	7227.FBpp0073297	0.0
7227.FBpp0086691	7227.FBpp0290017	0.0
7227.FBpp0293186	7227.FBpp0083135	0.0
7227.FBpp0298281	7227.FBpp0075580	0.0
7227.FBpp0081606	7227.FBpp0081827	0.0
7227.FBpp0087096	7227.FBpp0079568	0.0
7227.FBpp0074135	7227.FBpp0290754	0.0
7227.FBpp0288838	7227.FBpp0301135	0.0
7227.FBpp0111858	7227.FBpp0078024	0.0
7227.FBpp0074536	7227.FBpp0081303	0.0
7227.FBpp0080025	7227.FBpp0088269	0.0
7227.FBpp0082880	7227.FBpp0300961	0.0
7227.FBpp0084419	7227.FBpp0070180	0.0
7227.FBpp0289972	7227.FBpp0300521	0.0
7227.FBpp0076168	7227.FBpp0072039	0.0
7227.FBpp0071168	7227.FBpp0303873	0.0
7227.FBpp0088558	7227.FBpp0075908	0.0
7227.FBpp0071138	7227.FBpp0301610	0.0
7227.FBpp0291347	7227.FBpp0070155	0.0
7227.FBpp0079475	7227.FBpp0082079	0.0
7227.FBpp0073600	7227.FBpp0099811	0.0
7227.FBpp0074285	7227.FBpp0293592	0.0
7227.FBpp0085792	7227.FBpp0290191	0.0
7227.FBpp0112256	7227.FBpp0084265	0.0
7227.FBpp0082282	7227.FBpp0297746	0.0
7227.FBpp0088529	7227.FBpp0075932	0.0
7227.FBpp0290373	7227.FBpp0079544	0.0
7227.FBpp0303677	7227.FBpp0089300	0.0
7227.FBpp0081962	7227.FBpp0079892	0.0
7227.FBpp0086253	7227.FBpp0071534	0.0
7227.FBpp0082574	7227.FBpp0080510	0.0
7227.FBpp0083662	7227.FBpp0078667	0.0
7227.FBpp0292110	7227.FBpp0086249	0.0
7227.FBpp0084583	7227.FBpp0072839	0.0
7227.FBpp0070758	7227.FBpp0080128	0.0
7227.FBpp0078018	7227.FBpp0289313	0.0
7227.FBpp0293591	7227.FBpp0083812	0.0
7227.FBpp0081962	7227.FBpp0077250	0.0
7227.FBpp0081226	7227.FBpp0302775	0.0
7227.FBpp0073538	7227.FBpp0085743	0.0
7227.FBpp0303693	7227.FBpp0086690	0.0
7227.FBpp0288735	7227.FBpp0087740	0.0
7227.FBpp0085029	7227.FBpp0076904	0.0
7227.FBpp0087968	7227.FBpp0070202	0.0
7227.FBpp0070725	7227.FBpp0070054	0.0
7227.FBpp0082391	7227.FBpp0290069	0.0
7227.FBpp0077361	7227.FBpp0099380	0.0
7227.FBpp0075857	7227.FBpp0082996	0.0
7227.FBpp0292670	7227.FBpp0081854	0.0
7227.FBpp0087900	7227.FBpp0292150	0.0
7227.FBpp0081069	7227.FBpp0111383	0.0
7227.FBpp0085376	7227.FBpp0087437	0.0
7227.FBpp0292474	7227.FBpp0076540	0.0
7227.FBpp0301153	7227.FBpp0289314	0.0
7227.FBpp0297097	7227.FBpp0084186	0.0
7227.FBpp0292347	7227.FBpp0080793	0.0
7227.FBpp0110141	7227.FBpp0075392	0.0
7227.FBpp0111404	7227.FBpp0300451	0.0
7227.FBpp0085050	7227.FBpp0271869	0.0
7227.FBpp0099728	7227.FBpp0297543	0.0
7227.FBpp0083630	7227.FBpp0071779	0.0
7227.FBpp0085812	7227.FBpp0077946	0.0
7227.FBpp0070791	7227.FBpp0078984	0.0
7227.FBpp0293108	7227.FBpp0085150	0.0
7227.FBpp0080259	7227.FBpp0074325	0.0
7227.FBpp0290090	7227.FBpp0304597	0.0
7227.FBpp0112027	7227.FBpp0078734	0.0
7227.FBpp0089408	7227.FBpp0111995	0.0
7227.FBpp0073416	7227.FBpp0084461	0.0
7227.FBpp0076576	7227.FBpp0084022	0.0
7227.FBpp0296960	7227.FBpp0290751	0.0
7227.FBpp0074019	7227.FBpp0085387	0.0
7227.FBpp0077944	7227.FBpp0083148	0.0
7227.FBpp0073486	7227.FBpp0078809	0.0
7227.FBpp0296928	7227.FBpp0082391	0.0
7227.FBpp0086067	7227.FBpp0099799	0.0
7227.FBpp0077147	7227.FBpp0305863	0.0
7227.FBpp0084968	7227.FBpp0071474	0.0
7227.FBpp0088445	7227.FBpp0112027	0.0
7227.FBpp0087083	7227.FBpp0303359	0.0
7227.FBpp0100177	7227.FBpp0077132	0.0
7227.FBpp0076459	7227.FBpp0084820	0.0
7227.FBpp0083203	7227.FBpp0073771	0.0
7227.FBpp0301109	7227.FBpp0306216	0.0
7227.FBpp0303613	7227.FBpp0086721	0.0
7227.FBpp0082329	7227.FBpp0305749	0.0
7227.FBpp0081931	7227.FBpp0075499	0.0
7227.FBpp0074672	7227.FBpp0100182	0.0
7227.FBpp0292130	7227.FBpp0088078	0.0
7227.FBpp0074756	7227.FBpp0302581	0.0
7227.FBpp0084381	7227.FBpp0082718	0.0
7227.FBpp0081978	7227.FBpp0302980	0.0
7227.FBpp0289500	7227.FBpp0291371	0.0
7227.FBpp0303677	7227.FBpp0082441	0.0
7227.FBpp0078655	7227.FBpp0070198	0.0
7227.FBpp0111850	7227.FBpp0080564	0.0
7227.FBpp0073061	7227.FBpp0076996	0.0
7227.FBpp0072598	7227.FBpp0303194	0.0
7227.FBpp0111284	7227.FBpp0087537	0.0
7227.FBpp0113069	7227.FBpp0076596	0.0
7227.FBpp0076909	7227.FBpp0099640	0.0
7227.FBpp0081849	7227.FBpp0290527	0.0
7227.FBpp0077993	7227.FBpp0075774	0.0
7227.FBpp0074789	7227.FBpp0297300	0.0
7227.FBpp0081241	7227.FBpp0087115	0.0
7227.FBpp0303714	7227.FBpp0073569	0.0
7227.FBpp0111383	7227.FBpp0290274	0.0
7227.FBpp0292071	7227.FBpp0112547	0.0
7227.FBpp0070967	7227.FBpp0075881	0.0
7227.FBpp0290495	7227.FBpp0077294	0.0
7227.FBpp0081601	7227.FBpp0081899	0.0
7227.FBpp0083780	7227.FBpp0290861	0.0
7227.FBpp0091013	7227.FBpp0304618	0.0
7227.FBpp0085561	7227.FBpp0301702	0.0
7227.FBpp0077705	7227.FBpp0084332	0.0
7227.FBpp0084355	7227.FBpp0085171	0.0
7227.FBpp0112995	7227.FBpp0071620	0.0
7227.FBpp0079377	7227.FBpp0070194	0.0
7227.FBpp0305619	7227.FBpp0071063	0.0
7227.FBpp0083936	7227.FBpp0087411	0.0
7227.FBpp0303693	7227.FBpp0291171	0.0
7227.FBpp0076490	7227.FBpp0089346	0.0
7227.FBpp0113067	7227.FBpp0086107	0.0
7227.FBpp0082433	7227.FBpp0079351	0.0
7227.FBpp0074513	7227.FBpp0091062	0.0
7227.FBpp0082200	7227.FBpp0085937	0.0
7227.FBpp0304251	7227.FBpp0080920	0.0
7227.FBpp0087215	7227.FBpp0074519	0.0
7227.FBpp0289677	7227.FBpp0083503	0.0
7227.FBpp0087530	7227.FBpp0075357	0.0
7227.FBpp0075835	7227.FBpp0082030	0.0
7227.FBpp0073770	7227.FBpp0088034	0.0
7227.FBpp0074599	7227.FBpp0304163	0.0
7227.FBpp0289954	7227.FBpp0085157	0.0
7227.FBpp0088419	7227.FBpp0080422	0.0
7227.FBpp0099728	7227.FBpp0080707	0.0
7227.FBpp0071194	7227.FBpp0073517	0.0
7227.FBpp0072866	7227.FBpp0271886	0.0
7227.FBpp0111669	7227.FBpp0099545	0.0
7227.FBpp0290011	7227.FBpp0291036	0.0
7227.FBpp0083912	7227.FBpp0083086	0.0
7227.FBpp0084406	7227.FBpp0086663	0.0
7227.FBpp0294009	7227.FBpp0078200	0.0
7227.FBpp0082924	7227.FBpp0099502	0.0
7227.FBpp0084557	7227.FBpp0082228	0.0
7227.FBpp0304395	7227.FBpp0293959	0.0
7227.FBpp0304248	7227.FBpp0079942	0.0
7227.FBpp0087605	7227.FBpp0089234	0.0
7227.FBpp0086155	7227.FBpp0076450	0.0
7227.FBpp0290861	7227.FBpp0070533	0.0
7227.FBpp0076553	7227.FBpp0085233	0.0
7227.FBpp0086982	7227.FBpp0083970	0.0
7227.FBpp0079988	7227.FBpp0305777	0.0
7227.FBpp0080419	7227.FBpp0306050	0.0
7227.FBpp0078467	7227.FBpp0292928	0.0
7227.FBpp0070260	7227.FBpp0070567	0.0
7227.FBpp0302601	7227.FBpp0300957	0.0
7227.FBpp0071050	7227.FBpp0078163	0.0
7227.FBpp0291004	7227.FBpp0082256	0.0
7227.FBpp0303311	7227.FBpp0305946	0.0
7227.FBpp0083920	7227.FBpp0075437	0.0
7227.FBpp0085034	7227.FBpp0113005	0.0
7227.FBpp0085533	7227.FBpp0082163	0.0
7227.FBpp0071240	7227.FBpp0303753	0.0
7227.FBpp0271896	7227.FBpp0082724	0.0
7227.FBpp0086522	7227.FBpp0292059	0.0
7227.FBpp0086804	7227.FBpp0305388	0.0
7227.FBpp0076490	7227.FBpp0082346	0.0
7227.FBpp0087483	7227.FBpp0083395	0.0
7227.FBpp0091114	7227.FBpp0291006	0.0
7227.FBpp0077094	7227.FBpp0076609	0.0
7227.FBpp0303120	7227.FBpp0089413	0.0
7227.FBpp0303455	7227.FBpp0072318	0.0
7227.FBpp0305784	7227.FBpp0305099	0.0
7227.FBpp0110161	7227.FBpp0075180	0.0
7227.FBpp0076725	7227.FBpp0076906	0.0
7227.FBpp0305636	7227.FBpp0080479	0.0
7227.FBpp0081236	7227.FBpp0078533	0.0
7227.FBpp0077885	7227.FBpp0289320	0.0
7227.FBpp0084837	7227.FBpp0080872	0.0
7227.FBpp0305205	7227.FBpp0083571	0.0
7227.FBpp0300521	7227.FBpp0074762	0.0
7227.FBpp0084832	7227.FBpp0072110	0.0
7227.FBpp0292605	7227.FBpp0073766	0.0
7227.FBpp0081352	7227.FBpp0302687	0.0
7227.FBpp0079057	7227.FBpp0079759	0.0
7227.FBpp0290228	7227.FBpp0076572	0.0
7227.FBpp0303232	7227.FBpp0076918	0.0
7227.FBpp0080245	7227.FBpp0076621	0.0
7227.FBpp0079069	7227.FBpp0112456	0.0
7227.FBpp0074618	7227.FBpp0085077	0.0
7227.FBpp0076533	7227.FBpp0303218	0.0
7227.FBpp0083711	7227.FBpp0290047	0.0
7227.FBpp0077924	7227.FBpp0290725	0.0
7227.FBpp0079475	7227.FBpp0289272	0.0
7227.FBpp0073217	7227.FBpp0303677	0.0
7227.FBpp0088773	7227.FBpp0080865	0.0
7227.FBpp0304127	7227.FBpp0289141	0.0
7227.FBpp0082869	7227.FBpp0305547	0.0
7227.FBpp0297519	7227.FBpp0083550	0.0
7227.FBpp0086343	7227.FBpp0074377	0.0
7227.FBpp0303674	7227.FBpp0305230	0.0
7227.FBpp0084421	7227.FBpp0304313	0.0
7227.FBpp0306206	7227.FBpp0297064	0.0
7227.FBpp0289963	7227.FBpp0304874	0.0
7227.FBpp0289678	7227.FBpp0075237	0.0
7227.FBpp0079361	7227.FBpp0071956	0.0
7227.FBpp0291113	7227.FBpp0087141	0.0
7227.FBpp0293176	7227.FBpp0076230	0.0
7227.FBpp0087576	7227.FBpp0099678	0.0
7227.FBpp0290489	7227.FBpp0072174	0.0
7227.FBpp0291713	7227.FBpp0075559	0.0
7227.FBpp0077370	7227.FBpp0305448	0.0
7227.FBpp0089107	7227.FBpp0085113	0.0
7227.FBpp0073977	7227.FBpp0305315	0.0
7227.FBpp0301847	7227.FBpp0087851	0.0
7227.FBpp0083125	7227.FBpp0085575	0.0
7227.FBpp0303785	7227.FBpp0070639	0.0
7227.FBpp0081344	7227.FBpp0075240	0.0
7227.FBpp0077864	7227.FBpp0071669	0.0
7227.FBpp0086107	7227.FBpp0301702	0.0
7227.FBpp0289301	7227.FBpp0289976	0.0
7227.FBpp0076559	7227.FBpp0111418	0.0
7227.FBpp0074106	7227.FBpp0086741	0.0
7227.FBpp0082497	7227.FBpp0085134	0.0
7227.FBpp0073485	7227.FBpp0302014	0.0
7227.FBpp0084982	7227.FBpp0086000	0.0
7227.FBpp0075561	7227.FBpp0077983	0.0
7227.FBpp0076642	7227.FBpp0303538	0.0
7227.FBpp0099538	7227.FBpp0070117	0.0
7227.FBpp0072049	7227.FBpp0071503	0.0
7227.FBpp0077367	7227.FBpp0293649	0.0
7227.FBpp0073418	7227.FBpp0079232	0.0
7227.FBpp0088818	7227.FBpp0075760	0.0
7227.FBpp0086168	7227.FBpp0073837	0.0
7227.FBpp0079983	7227.FBpp0071774	0.0
7227.FBpp0081848	7227.FBpp0298001	0.0
7227.FBpp0291073	7227.FBpp0081310	0.0
7227.FBpp0075067	7227.FBpp0304775	0.0
7227.FBpp0112135	7227.FBpp0082475	0.0
7227.FBpp0293246	7227.FBpp0086580	0.0
7227.FBpp0298833	7227.FBpp0073382	0.0
7227.FBpp0085038	7227.FBpp0084165	0.0
7227.FBpp0081889	7227.FBpp0111327	0.0
7227.FBpp0073027	7227.FBpp0070908	0.0
7227.FBpp0075559	7227.FBpp0081160	0.0
7227.FBpp0078203	7227.FBpp0305622	0.0
7227.FBpp0303388	7227.FBpp0070464	0.0
7227.FBpp0078427	7227.FBpp0070284	0.0
7227.FBpp0071779	7227.FBpp0071949	0.0
7227.FBpp0087589	7227.FBpp0297572	0.0
7227.FBpp0087760	7227.FBpp0087323	0.0
7227.FBpp0073065	7227.FBpp0083845	0.0
7227.FBpp0293244	7227.FBpp0291909	0.0
7227.FBpp0301152	7227.FBpp0088103	0.0
7227.FBpp0111333	7227.FBpp0084557	0.0
7227.FBpp0271852	7227.FBpp0078778	0.0
7227.FBpp0303591	7227.FBpp0086069	0.0
7227.FBpp0303674	7227.FBpp0086741	0.0
7227.FBpp0091125	7227.FBpp0083753	0.0
7227.FBpp0071886	7227.FBpp0082539	0.0
7227.FBpp0271912	7227.FBpp0073041	0.0
7227.FBpp0081305	7227.FBpp0072660	0.0
7227.FBpp0113056	7227.FBpp0084285	0.0
7227.FBpp0070396	7227.FBpp0290467	0.0
7227.FBpp0077366	7227.FBpp0079320	0.0
7227.FBpp0303135	7227.FBpp0078022	0.0
7227.FBpp0086804	7227.FBpp0111273	0.0
7227.FBpp0074776	7227.FBpp0297653	0.0
7227.FBpp0081059	7227.FBpp0304431	0.0
7227.FBpp0289800	7227.FBpp0083043	0.0
7227.FBpp0298354	7227.FBpp0291048	0.0
7227.FBpp0078698	7227.FBpp0085056	0.0
7227.FBpp0301608	7227.FBpp0083766	0.0
7227.FBpp0080707	7227.FBpp0078978	0.0
7227.FBpp0113003	7227.FBpp0080598	0.0
7227.FBpp0290473	7227.FBpp0297360	0.0
7227.FBpp0071761	7227.FBpp0079578	0.0
7227.FBpp0305957	7227.FBpp0305116	0.0
7227.FBpp0304474	7227.FBpp0112291	0.0
7227.FBpp0075245	7227.FBpp0086274	0.0
7227.FBpp0111484	7227.FBpp0289861	0.0
7227.FBpp0304331	7227.FBpp0080448	0.0
7227.FBpp0070661	7227.FBpp0085835	0.0
7227.FBpp0079251	7227.FBpp0074431	0.0
7227.FBpp0293134	7227.FBpp0304033	0.0
7227.FBpp0077050	7227.FBpp0078873	0.0
7227.FBpp0302977	7227.FBpp0078274	0.0
7227.FBpp0078263	7227.FBpp0078629	0.0
7227.FBpp0084088	7227.FBpp0072576	0.0
7227.FBpp0079189	7227.FBpp0070770	0.0
7227.FBpp0088878	7227.FBpp0081115	0.0
7227.FBpp0071213	7227.FBpp0082494	0.0
7227.FBpp0086346	7227.FBpp0111652	0.0
7227.FBpp0081807	7227.FBpp0291112	0.0
7227.FBpp0292018	7227.FBpp0086515	0.0
7227.FBpp0083742	7227.FBpp0074564	0.0
7227.FBpp0304999	7227.FBpp0087240	0.0
7227.FBpp0303843	7227.FBpp0070361	0.0
7227.FBpp0082412	7227.FBpp0292057	0.0
7227.FBpp0083057	7227.FBpp0293192	0.0
7227.FBpp0070153	7227.FBpp0082539	0.0
7227.FBpp0293956	7227.FBpp0080811	0.0
7227.FBpp0088056	7227.FBpp0304386	0.0
7227.FBpp0072007	7227.FBpp0084277	0.0
7227.FBpp0297992	7227.FBpp0078864	0.0
7227.FBpp0085376	7227.FBpp0070418	0.0
7227.FBpp0112131	7227.FBpp0085505	0.0
7227.FBpp0085425	7227.FBpp0112372	0.0
7227.FBpp0303396	7227.FBpp0078258	0.0
7227.FBpp0304530	7227.FBpp0084553	0.0
7227.FBpp0100130	7227.FBpp0074177	0.0
7227.FBpp0087924	7227.FBpp0100165	0.0
7227.FBpp0077231	7227.FBpp0079160	0.0
7227.FBpp0080721	7227.FBpp0087902	0.0
7227.FBpp0087188	7227.FBpp0293748	0.0
7227.FBpp0086977	7227.FBpp0077871	0.0
7227.FBpp0301106	7227.FBpp0072304	0.0
7227.FBpp0070199	7227.FBpp0291375	0.0
7227.FBpp0305388	7227.FBpp0112153	0.0
7227.FBpp0303018	7227.FBpp0085134	0.0
7227.FBpp0289256	7227.FBpp0078427	0.0
7227.FBpp0304583	7227.FBpp0293410	0.0
7227.FBpp0087848	7227.FBpp0084362	0.0
7227.FBpp0074955	7227.FBpp0075305	0.0
7227.FBpp0081788	7227.FBpp0083086	0.0
7227.FBpp0087909	7227.FBpp0292796	0.0
7227.FBpp0271810	7227.FBpp0081556	0.0
7227.FBpp0297719	7227.FBpp0074349	0.0
7227.FBpp0291482	7227.FBpp0081632	0.0
7227.FBpp0081754	7227.FBpp0293516	0.0
7227.FBpp0297360	7227.FBpp0084360	0.0
7227.FBpp0072435	7227.FBpp0075151	0.0
7227.FBpp0077995	7227.FBpp0086945	0.0
7227.FBpp0080855	7227.FBpp0292831	0.0
7227.FBpp0073641	7227.FBpp0110198	0.0
7227.FBpp0079233	7227.FBpp0305138	0.0
7227.FBpp0085634	7227.FBpp0300912	0.0
7227.FBpp0303306	7227.FBpp0293227	0.0
7227.FBpp0084914	7227.FBpp0087101	0.0
7227.FBpp0077983	7227.FBpp0080431	0.0
7227.FBpp0080142	7227.FBpp0079590	0.0
7227.FBpp0074892	7227.FBpp0074135	0.0
7227.FBpp0078548	7227.FBpp0087117	0.0
7227.FBpp0305086	7227.FBpp0075018	0.0
7227.FBpp0293192	7227.FBpp0077293	0.0
7227.FBpp0303311	7227.FBpp0301690	0.0
7227.FBpp0079475	7227.FBpp0085405	0.0
7227.FBpp0079525	7227.FBpp0071182	0.0
7227.FBpp0288743	7227.FBpp0078728	0.0
7227.FBpp0305836	7227.FBpp0086614	0.0
7227.FBpp0111660	7227.FBpp0303056	0.0
7227.FBpp0090943	7227.FBpp0079977	0.0
7227.FBpp0072383	7227.FBpp0081092	0.0
7227.FBpp0300830	7227.FBpp0289202	0.0
7227.FBpp0302902	7227.FBpp0300182	0.0
7227.FBpp0086251	7227.FBpp0087702	0.0
7227.FBpp0072750	7227.FBpp0080998	0.0
7227.FBpp0083299	7227.FBpp0083892	0.0
7227.FBpp0290177	7227.FBpp0085849	0.0
7227.FBpp0113009	7227.FBpp0076785	0.0
7227.FBpp0074466	7227.FBpp0081240	0.0
7227.FBpp0076265	7227.FBpp0084259	0.0
7227.FBpp0086684	7227.FBpp0300637	0.0
7227.FBpp0084149	7227.FBpp0291688	0.0
7227.FBpp0305418	7227.FBpp0077079	0.0
7227.FBpp0081231	7227.FBpp0292203	0.0
7227.FBpp0074180	7227.FBpp0289109	0.0
7227.FBpp0112550	7227.FBpp0085822	0.0
7227.FBpp0291375	7227.FBpp0297654	0.0
7227.FBpp0271697	7227.FBpp0087647	0.0
7227.FBpp0082540	7227.FBpp0078291	0.0
7227.FBpp0297548	7227.FBpp0086916	0.0
7227.FBpp0306091	7227.FBpp0291967	0.0
7227.FBpp0081236	7227.FBpp0298271	0.0
7227.FBpp0086537	7227.FBpp0289447	0.0
7227.FBpp0302609	7227.FBpp0074640	0.0
7227.FBpp0086570	7227.FBpp0292256	0.0
7227.FBpp0072000	7227.FBpp0271847	0.0
7227.FBpp0076317	7227.FBpp0079319	0.0
7227.FBpp0073725	7227.FBpp0297113	0.0
7227.FBpp0076928	7227.FBpp0099846	0.0
7227.FBpp0302531	7227.FBpp0087770	0.0
7227.FBpp0091111	7227.FBpp0293611	0.0
7227.FBpp0297124	7227.FBpp0289487	0.0
7227.FBpp0099974	7227.FBpp0086445	0.0
7227.FBpp0073746	7227.FBpp0083193	0.0
7227.FBpp0089286	7227.FBpp0071929	0.0
7227.FBpp0305546	7227.FBpp0288830	0.0
7227.FBpp0078499	7227.FBpp0111793	0.0
7227.FBpp0086153	7227.FBpp0293240	0.0
7227.FBpp0082179	7227.FBpp0290431	0.0
7227.FBpp0087862	7227.FBpp0086074	0.0
7227.FBpp0070097	7227.FBpp0082701	0.0
7227.FBpp0294040	7227.FBpp0083477	0.0
7227.FBpp0293236	7227.FBpp0087901	0.0
7227.FBpp0081195	7227.FBpp0305654	0.0
7227.FBpp0079568	7227.FBpp0071741	0.0
7227.FBpp0072717	7227.FBpp0293794	0.0
7227.FBpp0077486	7227.FBpp0075238	0.0
7227.FBpp0303856	7227.FBpp0099796	0.0
7227.FBpp0112122	7227.FBpp0074095	0.0
7227.FBpp0077567	7227.FBpp0086324	0.0
7227.FBpp0087757	7227.FBpp0091155	0.0
7227.FBpp0075117	7227.FBpp0079187	0.0
7227.FBpp0082062	7227.FBpp0086577	0.0
7227.FBpp0088885	7227.FBpp0289771	0.0
7227.FBpp0303790	7227.FBpp0079859	0.0
7227.FBpp0288960	7227.FBpp0305955	0.0
7227.FBpp0076240	7227.FBpp0076648	0.0
7227.FBpp0087524	7227.FBpp0305117	0.0
7227.FBpp0300443	7227.FBpp0085562	0.0
7227.FBpp0077033	7227.FBpp0072201	0.0
7227.FBpp0076237	7227.FBpp0290913	0.0
7227.FBpp0077292	7227.FBpp0084475	0.0
7227.FBpp0077683	7227.FBpp0302860	0.0
7227.FBpp0289382	7227.FBpp0083195	0.0
7227.FBpp0076608	7227.FBpp0297190	0.0
7227.FBpp0292098	7227.FBpp0077427	0.0
7227.FBpp0293021	7227.FBpp0110324	0.0
7227.FBpp0086488	7227.FBpp0082386	0.0
7227.FBpp0077476	7227.FBpp0083540	0.0
7227.FBpp0074099	7227.FBpp0085524	0.0
7227.FBpp0110197	7227.FBpp0091120	0.0
7227.FBpp0072657	7227.FBpp0074190	0.0
7227.FBpp0297923	7227.FBpp0111920	0.0
7227.FBpp0091080	7227.FBpp0304941	0.0
7227.FBpp0302569	7227.FBpp0074780	0.0
7227.FBpp0081305	7227.FBpp0088552	0.0
7227.FBpp0293246	7227.FBpp0073158	0.0
7227.FBpp0291370	7227.FBpp0305840	0.0
7227.FBpp0303313	7227.FBpp0080468	0.0
7227.FBpp0073756	7227.FBpp0087353	0.0
7227.FBpp0288834	7227.FBpp0082233	0.0
7227.FBpp0302809	7227.FBpp0084458	0.0
7227.FBpp0078681	7227.FBpp0074820	0.0
7227.FBpp0305389	7227.FBpp0078872	0.0
7227.FBpp0304610	7227.FBpp0074378	0.0
7227.FBpp0304457	7227.FBpp0076935	0.0
7227.FBpp0082221	7227.FBpp0303674	0.0
7227.FBpp0293073	7227.FBpp0290081	0.0
7227.FBpp0290784	7227.FBpp0301106	0.0
7227.FBpp0290467	7227.FBpp0076670	0.0
7227.FBpp0302857	7227.FBpp0289812	0.0
7227.FBpp0086904	7227.FBpp0080683	0.0
7227.FBpp0291022	7227.FBpp0304501	0.0
7227.FBpp0292355	7227.FBpp0075410	0.0
7227.FBpp0087156	7227.FBpp0297420	0.0
7227.FBpp0297750	7227.FBpp0110475	0.0
7227.FBpp0084794	7227.FBpp0111412	0.0
7227.FBpp0289184	7227.FBpp0081654	0.0
7227.FBpp0077078	7227.FBpp0292154	0.0
7227.FBpp0075390	7227.FBpp0078548	0.0
7227.FBpp0085425	7227.FBpp0081416	0.0
7227.FBpp0100079	7227.FBpp0075086	0.0
7227.FBpp0304713	7227.FBpp0306050	0.0
7227.FBpp0073264	7227.FBpp0085361	0.0
7227.FBpp0081651	7227.FBpp0077880	0.0
7227.FBpp0306194	7227.FBpp0087805	0.0
7227.FBpp0078278	7227.FBpp0072765	0.0
7227.FBpp0088902	7227.FBpp0071381	0.0
7227.FBpp0293384	7227.FBpp0082911	0.0
7227.FBpp0091027	7227.FBpp0304252	0.0
7227.FBpp0303112	7227.FBpp0305216	0.0
7227.FBpp0304566	7227.FBpp0087027	0.0
7227.FBpp0073643	7227.FBpp0082246	0.0
7227.FBpp0076621	7227.FBpp0303762	0.0
7227.FBpp0291909	7227.FBpp0290783	0.0
7227.FBpp0083574	7227.FBpp0288946	0.0
7227.FBpp0088630	7227.FBpp0304316	0.0
7227.FBpp0289861	7227.FBpp0297136	0.0
7227.FBpp0086604	7227.FBpp0088213	0.0
7227.FBpp0072805	7227.FBpp0080268	0.0
7227.FBpp0303952	7227.FBpp0084170	0.0
7227.FBpp0291747	7227.FBpp0293626	0.0
7227.FBpp0076773	7227.FBpp0081899	0.0
7227.FBpp0271906	7227.FBpp0084081	0.0
7227.FBpp0292329	7227.FBpp0110220	0.0
7227.FBpp0077603	7227.FBpp0081165	0.0
7227.FBpp0291264	7227.FBpp0087217	0.0
7227.FBpp0083952	7227.FBpp0301701	0.0
7227.FBpp0075859	7227.FBpp0303236	0.0
7227.FBpp0079622	7227.FBpp0112187	0.0
7227.FBpp0077383	7227.FBpp0291001	0.0
7227.FBpp0085106	7227.FBpp0305522	0.0
7227.FBpp0083677	7227.FBpp0294024	0.0
7227.FBpp0297441	7227.FBpp0291668	0.0
7227.FBpp0084529	7227.FBpp0305774	0.0
7227.FBpp0077584	7227.FBpp0289873	0.0
7227.FBpp0303630	7227.FBpp0086231	0.0
7227.FBpp0082723	7227.FBpp0290755	0.0
7227.FBpp0078743	7227.FBpp0306146	0.0
7227.FBpp0086685	7227.FBpp0086494	0.0
7227.FBpp0111473	7227.FBpp0071058	0.0
7227.FBpp0288415	7227.FBpp0291639	0.0
7227.FBpp0292252	7227.FBpp0300415	0.0
7227.FBpp0304263	7227.FBpp0112352	0.0
7227.FBpp0300655	7227.FBpp0271817	0.0
7227.FBpp0074269	7227.FBpp0112425	0.0
7227.FBpp0304783	7227.FBpp0301272	0.0
7227.FBpp0088599	7227.FBpp0290195	0.0
7227.FBpp0293993	7227.FBpp0070366	0.0
7227.FBpp0304549	7227.FBpp0079354	0.0
7227.FBpp0112093	7227.FBpp0082300	0.0
7227.FBpp0290048	7227.FBpp0085765	0.0
7227.FBpp0070751	7227.FBpp0072731	0.0
7227.FBpp0302956	7227.FBpp0086649	0.0
7227.FBpp0077406	7227.FBpp0111418	0.0
7227.FBpp0083852	7227.FBpp0078083	0.0
7227.FBpp0292309	7227.FBpp0073164	0.0
7227.FBpp0099403	7227.FBpp0303263	0.0
7227.FBpp0305579	7227.FBpp0292043	0.0
7227.FBpp0086417	7227.FBpp0111276	0.0
7227.FBpp0289811	7227.FBpp0070279	0.0
7227.FBpp0303147	7227.FBpp0077179	0.0
7227.FBpp0296983	7227.FBpp0087342	0.0
7227.FBpp0081884	7227.FBpp0086843	0.0
7227.FBpp0072853	7227.FBpp0078470	0.0
7227.FBpp0089107	7227.FBpp0288967	0.0
7227.FBpp0290495	7227.FBpp0080292	0.0
7227.FBpp0074487	7227.FBpp0071802	0.0
7227.FBpp0079882	7227.FBpp0290482	0.0
7227.FBpp0099852	7227.FBpp0293239	0.0
7227.FBpp0083503	7227.FBpp0085000	0.0
7227.FBpp0111771	7227.FBpp0074136	0.0
7227.FBpp0089318	7227.FBpp0076245	0.0
7227.FBpp0292560	7227.FBpp0075935	0.0
7227.FBpp0085791	7227.FBpp0073291	0.0
7227.FBpp0074378	7227.FBpp0084165	0.0
7227.FBpp0297636	7227.FBpp0081661	0.0
7227.FBpp0110242	7227.FBpp0086650	0.0
7227.FBpp0075772	7227.FBpp0079709	0.0
7227.FBpp0300979	7227.FBpp0075859	0.0
7227.FBpp0111347	7227.FBpp0081978	0.0
7227.FBpp0079327	7227.FBpp0303559	0.0
7227.FBpp0078872	7227.FBpp0070249	0.0
7227.FBpp0071659	7227.FBpp0082877	0.0
7227.FBpp0271885	7227.FBpp0079683	0.0
7227.FBpp0071285	7227.FBpp0075308	0.0
7227.FBpp0110319	7227.FBpp0077500	0.0
7227.FBpp0071730	7227.FBpp0071323	0.0
7227.FBpp0076448	7227.FBpp0071771	0.0
7227.FBpp0078533	7227.FBpp0070898	0.0
7227.FBpp0083813	7227.FBpp0083183	0.0
7227.FBpp0086153	7227.FBpp0081194	0.0
7227.FBpp0303137	7227.FBpp0076329	0.0
7227.FBpp0074679	7227.FBpp0073986	0.0
7227.FBpp0087106	7227.FBpp0071427	0.0
7227.FBpp0073740	7227.FBpp0087445	0.0
7227.FBpp0099713	7227.FBpp0291415	0.0
7227.FBpp0086083	7227.FBpp0070696	0.0
7227.FBpp0073384	7227.FBpp0073781	0.0
7227.FBpp0290616	7227.FBpp0292858	0.0
7227.FBpp0078035	7227.FBpp0080739	0.0
7227.FBpp0087350	7227.FBpp0089308	0.0
7227.FBpp0078021	7227.FBpp0073059	0.0
7227.FBpp0086904	7227.FBpp0081445	0.0
7227.FBpp0085000	7227.FBpp0075135	0.0
7227.FBpp0302591	7227.FBpp0083081	0.0
7227.FBpp0099625	7227.FBpp0075685	0.0
7227.FBpp0071639	7227.FBpp0305085	0.0
7227.FBpp0099596	7227.FBpp0291967	0.0
7227.FBpp0081197	7227.FBpp0075267	0.0
7227.FBpp0290029	7227.FBpp0076237	0.0
7227.FBpp0289133	7227.FBpp0083381	0.0
7227.FBpp0072303	7227.FBpp0304075	0.0
7227.FBpp0081536	7227.FBpp0303234	0.0
7227.FBpp0111932	7227.FBpp0080494	0.0
7227.FBpp0113041	7227.FBpp0084114	0.0
7227.FBpp0099679	7227.FBpp0300391	0.0
7227.FBpp0072870	7227.FBpp0112366	0.0
7227.FBpp0304878	7227.FBpp0302690	0.0
7227.FBpp0072497	7227.FBpp0083686	0.0
7227.FBpp0303899	7227.FBpp0073291	0.0
7227.FBpp0303835	7227.FBpp0082717	0.0
7227.FBpp0292560	7227.FBpp0290260	0.0
7227.FBpp0304466	7227.FBpp0291039	0.0
7227.FBpp0111519	7227.FBpp0076863	0.0
7227.FBpp0070622	7227.FBpp0289902	0.0
7227.FBpp0089405	7227.FBpp0091128	0.0
7227.FBpp0082104	7227.FBpp0290233	0.0
7227.FBpp0076552	7227.FBpp0083540	0.0
7227.FBpp0290089	7227.FBpp0297229	0.0
7227.FBpp0080598	7227.FBpp0087484	0.0
7227.FBpp0290228	7227.FBpp0077754	0.0
7227.FBpp0303702	7227.FBpp0073084	0.0
7227.FBpp0077875	7227.FBpp0077094	0.0
7227.FBpp0301582	7227.FBpp0078733	0.0
7227.FBpp0297319	7227.FBpp0077939	0.0
7227.FBpp0112164	7227.FBpp0289968	0.0
7227.FBpp0291573	7227.FBpp0294023	0.0
7227.FBpp0082346	7227.FBpp0074472	0.0
7227.FBpp0078079	7227.FBpp0083814	0.0
7227.FBpp0077278	7227.FBpp0297892	0.0
7227.FBpp0076429	7227.FBpp0290087	0.0
7227.FBpp0301047	7227.FBpp0072242	0.0
7227.FBpp0302624	7227.FBpp0087826	0.0
7227.FBpp0070860	7227.FBpp0306194	0.0
7227.FBpp0291494	7227.FBpp0302578	0.0
7227.FBpp0083206	7227.FBpp0293058	0.0
7227.FBpp0292932	7227.FBpp0084267	0.0
7227.FBpp0073948	7227.FBpp0076215	0.0
7227.FBpp0302969	7227.FBpp0302792	0.0
7227.FBpp0303869	7227.FBpp0086972	0.0
7227.FBpp0074745	7227.FBpp0070908	0.0
7227.FBpp0084308	7227.FBpp0074571	0.0
7227.FBpp0075384	7227.FBpp0091019	0.0
7227.FBpp0081457	7227.FBpp0290813	0.0
7227.FBpp0081242	7227.FBpp0291343	0.0
7227.FBpp0271847	7227.FBpp0074115	0.0
7227.FBpp0071194	7227.FBpp0077250	0.0
7227.FBpp0075794	7227.FBpp0303358	0.0
7227.FBpp0288661	7227.FBpp0099880	0.0
7227.FBpp0082124	7227.FBpp0076481	0.0
7227.FBpp0070655	7227.FBpp0076085	0.0
7227.FBpp0085887	7227.FBpp0081732	0.0
7227.FBpp0077436	7227.FBpp0303241	0.0
7227.FBpp0088884	7227.FBpp0080062	0.0
7227.FBpp0271769	7227.FBpp0112207	0.0
7227.FBpp0293431	7227.FBpp0085014	0.0
7227.FBpp0086614	7227.FBpp0300428	0.0
7227.FBpp0112185	7227.FBpp0291063	0.0
7227.FBpp0083125	7227.FBpp0072057	0.0
7227.FBpp0289582	7227.FBpp0073192	0.0
7227.FBpp0289109	7227.FBpp0081902	0.0
7227.FBpp0291173	7227.FBpp0084315	0.0
7227.FBpp0084452	7227.FBpp0292263	0.0
7227.FBpp0289408	7227.FBpp0112990	0.0
7227.FBpp0072229	7227.FBpp0076637	0.0
7227.FBpp0074172	7227.FBpp0290259	0.0
7227.FBpp0074984	7227.FBpp0291744	0.0
7227.FBpp0081361	7227.FBpp0072643	0.0
7227.FBpp0077784	7227.FBpp0112319	0.0
7227.FBpp0086702	7227.FBpp0306161	0.0
7227.FBpp0086280	7227.FBpp0087605	0.0
7227.FBpp0291355	7227.FBpp0112448	0.0
7227.FBpp0088421	7227.FBpp0082964	0.0
7227.FBpp0072921	7227.FBpp0079850	0.0
7227.FBpp0290715	7227.FBpp0078996	0.0
7227.FBpp0085388	7227.FBpp0074335	0.0
7227.FBpp0300166	7227.FBpp0292105	0.0
7227.FBpp0082713	7227.FBpp0084307	0.0
7227.FBpp0293108	7227.FBpp0292309	0.0
7227.FBpp0112425	7227.FBpp0085107	0.0
7227.FBpp0288837	7227.FBpp0071922	0.0
7227.FBpp0292332	7227.FBpp0077429	0.0
7227.FBpp0112055	7227.FBpp0082235	0.0
7227.FBpp0304077	7227.FBpp0303119	0.0
7227.FBpp0086470	7227.FBpp0112945	0.0
7227.FBpp0071111	7227.FBpp0080402	0.0
7227.FBpp0305476	7227.FBpp0089339	0.0
7227.FBpp0074415	7227.FBpp0300867	0.0
7227.FBpp0085812	7227.FBpp0074906	0.0
7227.FBpp0087740	7227.FBpp0073947	0.0
7227.FBpp0082309	7227.FBpp0099920	0.0
7227.FBpp0301801	7227.FBpp0070885	0.0
7227.FBpp0290979	7227.FBpp0294012	0.0
7227.FBpp0084288	7227.FBpp0306005	0.0
7227.FBpp0111848	7227.FBpp0081085	0.0
7227.FBpp0304379	7227.FBpp0305546	0.0
7227.FBpp0100129	7227.FBpp0089037	0.0
7227.FBpp0074248	7227.FBpp0290761	0.0
7227.FBpp0074874	7227.FBpp0075259	0.0
7227.FBpp0071075	7227.FBpp0078198	0.0
7227.FBpp0086571	7227.FBpp0082022	0.0
7227.FBpp0111793	7227.FBpp0112450	0.0
7227.FBpp0081952	7227.FBpp0081412	0.0
7227.FBpp0302822	7227.FBpp0076374	0.0
7227.FBpp0290253	7227.FBpp0111830	0.0
7227.FBpp0289771	7227.FBpp0290082	0.0
7227.FBpp0077599	7227.FBpp0110275	0.0
7227.FBpp0075187	7227.FBpp0271924	0.0
7227.FBpp0082490	7227.FBpp0074566	0.0
7227.FBpp0082964	7227.FBpp0302023	0.0
7227.FBpp0271773	7227.FBpp0081461	0.0
7227.FBpp0303462	7227.FBpp0072892	0.0
7227.FBpp0112131	7227.FBpp0070105	0.0
7227.FBpp0305599	7227.FBpp0078923	0.0
7227.FBpp0290011	7227.FBpp0305747	0.0
7227.FBpp0077471	7227.FBpp0289901	0.0
7227.FBpp0291523	7227.FBpp0302977	0.0
7227.FBpp0081476	7227.FBpp0081312	0.0
7227.FBpp0293798	7227.FBpp0100055	0.0
7227.FBpp0303063	7227.FBpp0071145	0.0
7227.FBpp0111642	7227.FBpp0070888	0.0
7227.FBpp0074368	7227.FBpp0292860	0.0
7227.FBpp0112779	7227.FBpp0301018	0.0
7227.FBpp0077448	7227.FBpp0297896	0.0
7227.FBpp0086001	7227.FBpp0303189	0.0
7227.FBpp0070612	7227.FBpp0084930	0.0
7227.FBpp0111285	7227.FBpp0111858	0.0
7227.FBpp0086055	7227.FBpp0088557	0.0
7227.FBpp0300567	7227.FBpp0296950	0.0
7227.FBpp0076970	7227.FBpp0072842	0.0
7227.FBpp0083563	7227.FBpp0304667	0.0
7227.FBpp0297192	7227.FBpp0072927	0.0
7227.FBpp0084268	7227.FBpp0086780	0.0
7227.FBpp0084416	7227.FBpp0078806	0.0
7227.FBpp0289780	7227.FBpp0292132	0.0
7227.FBpp0085515	7227.FBpp0072224	0.0
7227.FBpp0290773	7227.FBpp0303186	0.0
7227.FBpp0088773	7227.FBpp0290118	0.0
7227.FBpp0083410	7227.FBpp0075396	0.0
7227.FBpp0081683	7227.FBpp0291347	0.0
7227.FBpp0073099	7227.FBpp0087963	0.0
7227.FBpp0302912	7227.FBpp0271852	0.0
7227.FBpp0110319	7227.FBpp0300952	0.0
7227.FBpp0087117	7227.FBpp0080920	0.0
7227.FBpp0076571	7227.FBpp0303978	0.0
7227.FBpp0078643	7227.FBpp0113009	0.0
7227.FBpp0302656	7227.FBpp0071114	0.0
7227.FBpp0271753	7227.FBpp0300228	0.0
7227.FBpp0288806	7227.FBpp0088591	0.0
7227.FBpp0297920	7227.FBpp0306190	0.0
7227.FBpp0300555	7227.FBpp0083195	0.0
7227.FBpp0297572	7227.FBpp0082483	0.0
7227.FBpp0290170	7227.FBpp0091126	0.0
7227.FBpp0084505	7227.FBpp0070122	0.0
7227.FBpp0081465	7227.FBpp0081235	0.0
7227.FBpp0079300	7227.FBpp0083901	0.0
7227.FBpp0297755	7227.FBpp0293859	0.0
7227.FBpp0110561	7227.FBpp0071630	0.0
7227.FBpp0084674	7227.FBpp0078448	0.0
7227.FBpp0083189	7227.FBpp0111438	0.0
7227.FBpp0089175	7227.FBpp0077549	0.0
7227.FBpp0301799	7227.FBpp0301732	0.0
7227.FBpp0293250	7227.FBpp0110482	0.0
7227.FBpp0081100	7227.FBpp0075230	0.0
7227.FBpp0297706	7227.FBpp0089409	0.0
7227.FBpp0303253	7227.FBpp0113106	0.0
7227.FBpp0112125	7227.FBpp0301801	0.0
7227.FBpp0078699	7227.FBpp0085192	0.0
7227.FBpp0070921	7227.FBpp0303313	0.0
7227.FBpp0084665	7227.FBpp0081342	0.0
7227.FBpp0089303	7227.FBpp0084491	0.0
7227.FBpp0111359	7227.FBpp0072675	0.0
7227.FBpp0084114	7227.FBpp0083551	0.0
7227.FBpp0271698	7227.FBpp0305840	0.0
7227.FBpp0081601	7227.FBpp0074671	0.0
7227.FBpp0300551	7227.FBpp0084521	0.0
7227.FBpp0080680	7227.FBpp0074234	0.0
7227.FBpp0083630	7227.FBpp0290468	0.0
7227.FBpp0071063	7227.FBpp0305834	0.0
7227.FBpp0087411	7227.FBpp0288713	0.0
7227.FBpp0073134	7227.FBpp0297553	0.0
7227.FBpp0292305	7227.FBpp0291672	0.0
7227.FBpp0086818	7227.FBpp0078229	0.0
7227.FBpp0290859	7227.FBpp0294014	0.0
7227.FBpp0081787	7227.FBpp0292011	0.0
7227.FBpp0087570	7227.FBpp0070101	0.0
7227.FBpp0078093	7227.FBpp0087320	0.0
7227.FBpp0289967	7227.FBpp0076740	0.0
7227.FBpp0080868	7227.FBpp0289931	0.0
7227.FBpp0075505	7227.FBpp0089304	0.0
7227.FBpp0292393	7227.FBpp0302654	0.0
7227.FBpp0304236	7227.FBpp0088438	0.0
7227.FBpp0071999	7227.FBpp0111270	0.0
7227.FBpp0074234	7227.FBpp0079316	0.0
7227.FBpp0085849	7227.FBpp0077170	0.0
7227.FBpp0085619	7227.FBpp0088599	0.0
7227.FBpp0077194	7227.FBpp0297899	0.0
7227.FBpp0111318	7227.FBpp0304491	0.0
7227.FBpp0083698	7227.FBpp0290012	0.0
7227.FBpp0085667	7227.FBpp0288390	0.0
7227.FBpp0083006	7227.FBpp0075113	0.0
7227.FBpp0289408	7227.FBpp0082880	0.0
7227.FBpp0305872	7227.FBpp0289330	0.0
7227.FBpp0291089	7227.FBpp0088000	0.0
7227.FBpp0078796	7227.FBpp0111852	0.0
7227.FBpp0074253	7227.FBpp0072651	0.0
7227.FBpp0079694	7227.FBpp0086649	0.0
7227.FBpp0071383	7227.FBpp0079667	0.0
7227.FBpp0112077	7227.FBpp0291013	0.0
7227.FBpp0084155	7227.FBpp0083056	0.0
7227.FBpp0301585	7227.FBpp0304781	0.0
7227.FBpp0086244	7227.FBpp0297239	0.0
7227.FBpp0076554	7227.FBpp0084282	0.0
7227.FBpp0071979	7227.FBpp0292966	0.0
7227.FBpp0305312	7227.FBpp0302569	0.0
7227.FBpp0111669	7227.FBpp0074929	0.0
7227.FBpp0086281	7227.FBpp0078224	0.0
7227.FBpp0077500	7227.FBpp0110071	0.0
7227.FBpp0078741	7227.FBpp0303078	0.0
7227.FBpp0100153	7227.FBpp0112463	0.0
7227.FBpp0087760	7227.FBpp0081551	0.0
7227.FBpp0289170	7227.FBpp0086648	0.0
7227.FBpp0082154	7227.FBpp0072925	0.0
7227.FBpp0085923	7227.FBpp0289799	0.0
7227.FBpp0291562	7227.FBpp0080684	0.0
7227.FBpp0303243	7227.FBpp0073270	0.0
7227.FBpp0072322	7227.FBpp0303793	0.0
7227.FBpp0071468	7227.FBpp0112210	0.0
7227.FBpp0082484	7227.FBpp0084958	0.0
7227.FBpp0073796	7227.FBpp0289320	0.0
7227.FBpp0304595	7227.FBpp0073641	0.0
7227.FBpp0110229	7227.FBpp0076156	0.0
7227.FBpp0076350	7227.FBpp0077003	0.0
7227.FBpp0289196	7227.FBpp0290617	0.0
7227.FBpp0073552	7227.FBpp0079833	0.0
7227.FBpp0085466	7227.FBpp0071141	0.0
7227.FBpp0297282	7227.FBpp0079650	0.0
7227.FBpp0112011	7227.FBpp0088691	0.0
7227.FBpp0070908	7227.FBpp0070241	0.0
7227.FBpp0084024	7227.FBpp0083852	0.0
7227.FBpp0077878	7227.FBpp0292043	0.0
7227.FBpp0070538	7227.FBpp0290825	0.0
7227.FBpp0086720	7227.FBpp0304380	0.0
7227.FBpp0081638	7227.FBpp0082818	0.0
7227.FBpp0073750	7227.FBpp0304797	0.0
7227.FBpp0081562	7227.FBpp0070790	0.0
7227.FBpp0088118	7227.FBpp0084542	0.0
7227.FBpp0087633	7227.FBpp0288878	0.0
7227.FBpp0085259	7227.FBpp0074139	0.0
7227.FBpp0076923	7227.FBpp0288844	0.0
7227.FBpp0091132	7227.FBpp0072304	0.0
7227.FBpp0288908	7227.FBpp0072022	0.0
7227.FBpp0291011	7227.FBpp0290369	0.0
7227.FBpp0305592	7227.FBpp0080732	0.0
7227.FBpp0080423	7227.FBpp0291016	0.0
7227.FBpp0087613	7227.FBpp0073302	0.0
7227.FBpp0292024	7227.FBpp0082738	0.0
7227.FBpp0089244	7227.FBpp0076200	0.0
7227.FBpp0288957	7227.FBpp0291757	0.0
7227.FBpp0074606	7227.FBpp0077972	0.0
7227.FBpp0076410	7227.FBpp0079759	0.0
7227.FBpp0303946	7227.FBpp0085765	0.0
7227.FBpp0271846	7227.FBpp0271712	0.0
7227.FBpp0113012	7227.FBpp0082984	0.0
7227.FBpp0074629	7227.FBpp0080495	0.0
7227.FBpp0293256	7227.FBpp0082703	0.0
7227.FBpp0084135	7227.FBpp0301619	0.0
7227.FBpp0305163	7227.FBpp0071598	0.0
7227.FBpp0087647	7227.FBpp0111448	0.0
7227.FBpp0290374	7227.FBpp0082699	0.0
7227.FBpp0288522	7227.FBpp0086443	0.0
7227.FBpp0290486	7227.FBpp0079235	0.0
7227.FBpp0085150	7227.FBpp0074095	0.0
7227.FBpp0089377	7227.FBpp0073281	0.0
7227.FBpp0111858	7227.FBpp0080039	0.0
7227.FBpp0073291	7227.FBpp0077969	0.0
7227.FBpp0112908	7227.FBpp0082924	0.0
7227.FBpp0083548	7227.FBpp0112469	0.0
7227.FBpp0304948	7227.FBpp0291632	0.0
7227.FBpp0071532	7227.FBpp0088578	0.0
7227.FBpp0099880	7227.FBpp0072030	0.0
7227.FBpp0288974	7227.FBpp0081332	0.0
7227.FBpp0073098	7227.FBpp0074415	0.0
7227.FBpp0291688	7227.FBpp0294009	0.0
7227.FBpp0076538	7227.FBpp0080448	0.0
7227.FBpp0290727	7227.FBpp0085119	0.0
7227.FBpp0084932	7227.FBpp0082370	0.0
7227.FBpp0083433	7227.FBpp0082240	0.0
7227.FBpp0079848	7227.FBpp0290374	0.0
7227.FBpp0304267	7227.FBpp0111298	0.0
7227.FBpp0083801	7227.FBpp0074516	0.0
7227.FBpp0084796	7227.FBpp0075855	0.0
7227.FBpp0087941	7227.FBpp0070868	0.0
7227.FBpp0073155	7227.FBpp0070878	0.0
7227.FBpp0073059	7227.FBpp0291384	0.0
7227.FBpp0080551	7227.FBpp0079265	0.0
7227.FBpp0305671	7227.FBpp0079199	0.0
7227.FBpp0076651	7227.FBpp0078553	0.0
7227.FBpp0304074	7227.FBpp0305341	0.0
7227.FBpp0113061	7227.FBpp0085942	0.0
7227.FBpp0076647	7227.FBpp0112127	0.0
7227.FBpp0290137	7227.FBpp0091091	0.0
7227.FBpp0301611	7227.FBpp0087902	0.0
7227.FBpp0088999	7227.FBpp0084303	0.0
7227.FBpp0070419	7227.FBpp0305819	0.0
7227.FBpp0082893	7227.FBpp0070757	0.0
7227.FBpp0292532	7227.FBpp0099877	0.0
7227.FBpp0305552	7227.FBpp0082383	0.0
7227.FBpp0305676	7227.FBpp0082158	0.0
7227.FBpp0086945	7227.FBpp0070726	0.0
7227.FBpp0298342	7227.FBpp0082185	0.0
7227.FBpp0292621	7227.FBpp0086717	0.0
7227.FBpp0073561	7227.FBpp0086337	0.0
7227.FBpp0079650	7227.FBpp0071129	0.0
7227.FBpp0289517	7227.FBpp0303539	0.0
7227.FBpp0074120	7227.FBpp0080372	0.0
7227.FBpp0086470	7227.FBpp0076830	0.0
7227.FBpp0086289	7227.FBpp0306150	0.0
7227.FBpp0086517	7227.FBpp0288659	0.0
7227.FBpp0085989	7227.FBpp0087560	0.0
7227.FBpp0305108	7227.FBpp0074805	0.0
7227.FBpp0082483	7227.FBpp0074369	0.0
7227.FBpp0290772	7227.FBpp0290937	0.0
7227.FBpp0081868	7227.FBpp0304915	0.0
7227.FBpp0084766	7227.FBpp0082507	0.0
7227.FBpp0300563	7227.FBpp0300519	0.0
7227.FBpp0080229	7227.FBpp0077275	0.0
7227.FBpp0071289	7227.FBpp0296949	0.0
7227.FBpp0070511	7227.FBpp0301555	0.0
7227.FBpp0085115	7227.FBpp0087129	0.0
7227.FBpp0111975	7227.FBpp0074929	0.0
7227.FBpp0072826	7227.FBpp0293239	0.0
7227.FBpp0082788	7227.FBpp0074804	0.0
7227.FBpp0084947	7227.FBpp0077885	0.0
7227.FBpp0078110	7227.FBpp0081666	0.0
7227.FBpp0082412	7227.FBpp0111276	0.0
7227.FBpp0300980	7227.FBpp0079224	0.0
7227.FBpp0085893	7227.FBpp0084997	0.0
7227.FBpp0099686	7227.FBpp0082070	0.0
7227.FBpp0077354	7227.FBpp0083852	0.0
7227.FBpp0099866	7227.FBpp0085975	0.0
7227.FBpp0071952	7227.FBpp0075176	0.0
7227.FBpp0300565	7227.FBpp0073194	0.0
7227.FBpp0088812	7227.FBpp0112158	0.0
7227.FBpp0077843	7227.FBpp0071018	0.0
7227.FBpp0304521	7227.FBpp0297945	0.0
7227.FBpp0290068	7227.FBpp0073961	0.0
7227.FBpp0305784	7227.FBpp0080229	0.0
7227.FBpp0081048	7227.FBpp0082382	0.0
7227.FBpp0075609	7227.FBpp0070541	0.0
7227.FBpp0081788	7227.FBpp0111882	0.0
7227.FBpp0073537	7227.FBpp0074597	0.0
7227.FBpp0083006	7227.FBpp0088370	0.0
7227.FBpp0085698	7227.FBpp0084681	0.0
7227.FBpp0076371	7227.FBpp0084549	0.0
7227.FBpp0111521	7227.FBpp0300796	0.0
7227.FBpp0075463	7227.FBpp0292481	0.0
7227.FBpp0112364	7227.FBpp0085226	0.0
7227.FBpp0080446	7227.FBpp0071741	0.0
7227.FBpp0111677	7227.FBpp0079837	0.0
7227.FBpp0081360	7227.FBpp0077031	0.0
7227.FBpp0304242	7227.FBpp0291143	0.0
7227.FBpp0071289	7227.FBpp0078424	0.0
7227.FBpp0303677	7227.FBpp0082659	0.0
7227.FBpp0289303	7227.FBpp0303252	0.0
7227.FBpp0086372	7227.FBpp0073731	0.0
7227.FBpp0084155	7227.FBpp0113005	0.0
7227.FBpp0079566	7227.FBpp0076045	0.0
7227.FBpp0082289	7227.FBpp0305542	0.0
7227.FBpp0082639	7227.FBpp0085932	0.0
7227.FBpp0291907	7227.FBpp0071450	0.0
7227.FBpp0077361	7227.FBpp0087610	0.0
7227.FBpp0112077	7227.FBpp0086916	0.0
7227.FBpp0086978	7227.FBpp0110406	0.0
7227.FBpp0085661	7227.FBpp0073618	0.0
7227.FBpp0302752	7227.FBpp0071288	0.0
7227.FBpp0086268	7227.FBpp0082746	0.0
7227.FBpp0083550	7227.FBpp0297521	0.0
7227.FBpp0070168	7227.FBpp0081800	0.0
7227.FBpp0099890	7227.FBpp0080942	0.0
7227.FBpp0082471	7227.FBpp0074597	0.0
7227.FBpp0303827	7227.FBpp0305165	0.0
7227.FBpp0078402	7227.FBpp0082203	0.0
7227.FBpp0088558	7227.FBpp0112323	0.0
7227.FBpp0302983	7227.FBpp0075751	0.0
7227.FBpp0305937	7227.FBpp0080895	0.0
7227.FBpp0304263	7227.FBpp0111379	0.0
7227.FBpp0087841	7227.FBpp0071135	0.0
7227.FBpp0305749	7227.FBpp0288685	0.0
7227.FBpp0271869	7227.FBpp0111653	0.0
7227.FBpp0304248	7227.FBpp0074955	0.0
7227.FBpp0075232	7227.FBpp0292864	0.0
7227.FBpp0072173	7227.FBpp0301839	0.0
7227.FBpp0074905	7227.FBpp0079386	0.0
7227.FBpp0070625	7227.FBpp0083792	0.0
7227.FBpp0071013	7227.FBpp0075259	0.0
7227.FBpp0291864	7227.FBpp0110424	0.0
7227.FBpp0304823	7227.FBpp0089387	0.0
7227.FBpp0073922	7227.FBpp0080320	0.0
7227.FBpp0296981	7227.FBpp0091165	0.0
7227.FBpp0086898	7227.FBpp0112958	0.0
7227.FBpp0301136	7227.FBpp0077355	0.0
7227.FBpp0300554	7227.FBpp0086661	0.0
7227.FBpp0074180	7227.FBpp0085719	0.0
7227.FBpp0293465	7227.FBpp0077370	0.0
7227.FBpp0100146	7227.FBpp0289636	0.0
7227.FBpp0087094	7227.FBpp0072379	0.0
7227.FBpp0304523	7227.FBpp0079153	0.0
7227.FBpp0072927	7227.FBpp0087464	0.0
7227.FBpp0303351	7227.FBpp0083550	0.0
7227.FBpp0293795	7227.FBpp0088024	0.0
7227.FBpp0078677	7227.FBpp0083436	0.0
7227.FBpp0091082	7227.FBpp0083159	0.0
7227.FBpp0089012	7227.FBpp0080383	0.0
7227.FBpp0084902	7227.FBpp0076679	0.0
7227.FBpp0112271	7227.FBpp0297928	0.0
7227.FBpp0087452	7227.FBpp0073281	0.0
7227.FBpp0078273	7227.FBpp0085164	0.0
7227.FBpp0289772	7227.FBpp0079676	0.0
7227.FBpp0074929	7227.FBpp0288999	0.0
7227.FBpp0085227	7227.FBpp0303760	0.0
7227.FBpp0083148	7227.FBpp0075349	0.0
7227.FBpp0071442	7227.FBpp0078976	0.0
7227.FBpp0083550	7227.FBpp0071427	0.0
7227.FBpp0070537	7227.FBpp0085528	0.0
7227.FBpp0087253	7227.FBpp0080587	0.0
7227.FBpp0075193	7227.FBpp0300668	0.0
7227.FBpp0304068	7227.FBpp0074115	0.0
7227.FBpp0288510	7227.FBpp0289524	0.0
7227.FBpp0099837	7227.FBpp0303954	0.0
7227.FBpp0074434	7227.FBpp0090973	0.0
7227.FBpp0304687	7227.FBpp0078911	0.0
7227.FBpp0074087	7227.FBpp0099898	0.0
7227.FBpp0304523	7227.FBpp0291475	0.0
7227.FBpp0072211	7227.FBpp0071424	0.0
7227.FBpp0075408	7227.FBpp0071055	0.0
7227.FBpp0071498	7227.FBpp0075131	0.0
7227.FBpp0076462	7227.FBpp0297436	0.0
7227.FBpp0077143	7227.FBpp0112240	0.0
7227.FBpp0302656	7227.FBpp0077004	0.0
7227.FBpp0075600	7227.FBpp0084460	0.0
7227.FBpp0291766	7227.FBpp0078463	0.0
7227.FBpp0086262	7227.FBpp0099496	0.0
7227.FBpp0083489	7227.FBpp0301136	0.0
7227.FBpp0077854	7227.FBpp0088598	0.0
7227.FBpp0290278	7227.FBpp0111738	0.0
7227.FBpp0111388	7227.FBpp0290233	0.0
7227.FBpp0112323	7227.FBpp0306043	0.0
7227.FBpp0085021	7227.FBpp0081704	0.0
7227.FBpp0110405	7227.FBpp0087014	0.0
7227.FBpp0293255	7227.FBpp0080895	0.0
7227.FBpp0077295	7227.FBpp0079199	0.0
7227.FBpp0086276	7227.FBpp0288908	0.0
7227.FBpp0077204	7227.FBpp0301698	0.0
7227.FBpp0072597	7227.FBpp0087786	0.0
7227.FBpp0290890	7227.FBpp0073752	0.0
7227.FBpp0080154	7227.FBpp0303023	0.0
7227.FBpp0289663	7227.FBpp0091108	0.0
7227.FBpp0077361	7227.FBpp0088835	0.0
7227.FBpp0087068	7227.FBpp0078575	0.0
7227.FBpp0077109	7227.FBpp0111309	0.0
7227.FBpp0071169	7227.FBpp0081176	0.0
7227.FBpp0087215	7227.FBpp0304574	0.0
7227.FBpp0071771	7227.FBpp0075412	0.0
7227.FBpp0070875	7227.FBpp0072557	0.0
7227.FBpp0302792	7227.FBpp0293061	0.0
7227.FBpp0086831	7227.FBpp0077669	0.0
7227.FBpp0073145	7227.FBpp0304499	0.0
7227.FBpp0074357	7227.FBpp0290819	0.0
7227.FBpp0082600	7227.FBpp0084049	0.0
7227.FBpp0082379	7227.FBpp0079798	0.0
7227.FBpp0072885	7227.FBpp0297209	0.0
7227.FBpp0083966	7227.FBpp0074756	0.0
7227.FBpp0111360	7227.FBpp0082084	0.0
7227.FBpp0088988	7227.FBpp0074684	0.0
7227.FBpp0290722	7227.FBpp0298349	0.0
7227.FBpp0078692	7227.FBpp0082693	0.0
7227.FBpp0077043	7227.FBpp0100056	0.0
7227.FBpp0271956	7227.FBpp0305738	0.0
7227.FBpp0304144	7227.FBpp0080604	0.0
7227.FBpp0072868	7227.FBpp0071759	0.0
7227.FBpp0074352	7227.FBpp0077078	0.0
7227.FBpp0303781	7227.FBpp0298298	0.0
7227.FBpp0084718	7227.FBpp0070131	0.0
7227.FBpp0078098	7227.FBpp0305392	0.0
7227.FBpp0085753	7227.FBpp0289176	0.0
7227.FBpp0291561	7227.FBpp0075021	0.0
7227.FBpp0297426	7227.FBpp0073561	0.0
7227.FBpp0070043	7227.FBpp0298001	0.0
7227.FBpp0305990	7227.FBpp0088430	0.0
7227.FBpp0292389	7227.FBpp0304573	0.0
7227.FBpp0305674	7227.FBpp0083125	0.0
7227.FBpp0305799	7227.FBpp0087614	0.0
7227.FBpp0078218	7227.FBpp0292928	0.0
7227.FBpp0306026	7227.FBpp0080488	0.0
7227.FBpp0074044	7227.FBpp0076036	0.0
7227.FBpp0291108	7227.FBpp0076201	0.0
7227.FBpp0100023	7227.FBpp0289407	0.0
7227.FBpp0087206	7227.FBpp0082329	0.0
7227.FBpp0072892	7227.FBpp0079746	0.0
7227.FBpp0076665	7227.FBpp0087770	0.0
7227.FBpp0084840	7227.FBpp0291393	0.0
7227.FBpp0081164	7227.FBpp0099866	0.0
7227.FBpp0289912	7227.FBpp0078037	0.0
7227.FBpp0075859	7227.FBpp0081958	0.0
7227.FBpp0071076	7227.FBpp0291079	0.0
7227.FBpp0113069	7227.FBpp0305938	0.0
7227.FBpp0075673	7227.FBpp0074793	0.0
7227.FBpp0112456	7227.FBpp0075917	0.0
7227.FBpp0086157	7227.FBpp0293518	0.0
7227.FBpp0070552	7227.FBpp0070226	0.0
7227.FBpp0073327	7227.FBpp0289576	0.0
7227.FBpp0075987	7227.FBpp0075141	0.0
7227.FBpp0300513	7227.FBpp0074342	0.0
7227.FBpp0075812	7227.FBpp0303430	0.0
7227.FBpp0075463	7227.FBpp0075112	0.0
7227.FBpp0079309	7227.FBpp0291604	0.0
7227.FBpp0070434	7227.FBpp0079983	0.0
7227.FBpp0304330	7227.FBpp0078541	0.0
7227.FBpp0086894	7227.FBpp0302532	0.0
7227.FBpp0090945	7227.FBpp0291347	0.0
7227.FBpp0291603	7227.FBpp0288706	0.0
7227.FBpp0300458	7227.FBpp0293279	0.0
7227.FBpp0083737	7227.FBpp0301569	0.0
7227.FBpp0085498	7227.FBpp0073969	0.0
7227.FBpp0085425	7227.FBpp0072999	0.0
7227.FBpp0078855	7227.FBpp0081995	0.0
7227.FBpp0292256	7227.FBpp0290825	0.0
7227.FBpp0076762	7227.FBpp0088422	0.0
7227.FBpp0112410	7227.FBpp0074353	0.0
7227.FBpp0071393	7227.FBpp0074427	0.0
7227.FBpp0303228	7227.FBpp0089084	0.0
7227.FBpp0080210	7227.FBpp0079759	0.0
7227.FBpp0077532	7227.FBpp0288410	0.0
7227.FBpp0083905	7227.FBpp0074019	0.0
7227.FBpp0075373	7227.FBpp0085812	0.0
7227.FBpp0072992	7227.FBpp0304298	0.0
7227.FBpp0072865	7227.FBpp0290029	0.0
7227.FBpp0304799	7227.FBpp0079472	0.0
7227.FBpp0080479	7227.FBpp0302824	0.0
7227.FBpp0301016	7227.FBpp0291375	0.0
7227.FBpp0080915	7227.FBpp0084003	0.0
7227.FBpp0081076	7227.FBpp0289421	0.0
7227.FBpp0075410	7227.FBpp0082326	0.0
7227.FBpp0271837	7227.FBpp0297746	0.0
7227.FBpp0070226	7227.FBpp0297727	0.0
7227.FBpp0083892	7227.FBpp0084837	0.0
7227.FBpp0073681	7227.FBpp0073526	0.0
7227.FBpp0091079	7227.FBpp0290415	0.0
7227.FBpp0082426	7227.FBpp0071013	0.0
7227.FBpp0070844	7227.FBpp0290727	0.0
7227.FBpp0071161	7227.FBpp0076936	0.0
7227.FBpp0288648	7227.FBpp0078463	0.0
7227.FBpp0083857	7227.FBpp0304448	0.0
7227.FBpp0300878	7227.FBpp0304007	0.0
7227.FBpp0075580	7227.FBpp0083839	0.0
7227.FBpp0084616	7227.FBpp0082497	0.0
7227.FBpp0074984	7227.FBpp0076997	0.0
7227.FBpp0076725	7227.FBpp0081884	0.0
7227.FBpp0084273	7227.FBpp0091141	0.0
7227.FBpp0297655	7227.FBpp0082347	0.0
7227.FBpp0076413	7227.FBpp0075288	0.0
7227.FBpp0082300	7227.FBpp0297757	0.0
7227.FBpp0079156	7227.FBpp0083686	0.0
7227.FBpp0071240	7227.FBpp0087318	0.0
7227.FBpp0072438	7227.FBpp0292335	0.0
7227.FBpp0076225	7227.FBpp0083048	0.0
7227.FBpp0306232	7227.FBpp0070407	0.0
7227.FBpp0075074	7227.FBpp0293440	0.0
7227.FBpp0074300	7227.FBpp0301762	0.0
7227.FBpp0087912	7227.FBpp0083226	0.0
7227.FBpp0297719	7227.FBpp0080468	0.0
7227.FBpp0078018	7227.FBpp0074992	0.0
7227.FBpp0085779	7227.FBpp0111287	0.0
7227.FBpp0078562	7227.FBpp0082198	0.0
7227.FBpp0076928	7227.FBpp0110109	0.0
7227.FBpp0084416	7227.FBpp0079769	0.0
7227.FBpp0076704	7227.FBpp0110507	0.0
7227.FBpp0084806	7227.FBpp0079695	0.0
7227.FBpp0074841	7227.FBpp0083569	0.0
7227.FBpp0086548	7227.FBpp0072870	0.0
7227.FBpp0292125	7227.FBpp0077336	0.0
7227.FBpp0305103	7227.FBpp0076000	0.0
7227.FBpp0304549	7227.FBpp0086977	0.0
7227.FBpp0099545	7227.FBpp0078391	0.0
7227.FBpp0296984	7227.FBpp0292511	0.0
7227.FBpp0072467	7227.FBpp0088525	0.0
7227.FBpp0085514	7227.FBpp0087827	0.0
7227.FBpp0297361	7227.FBpp0085319	0.0
7227.FBpp0088279	7227.FBpp0077966	0.0
7227.FBpp0088961	7227.FBpp0111962	0.0
7227.FBpp0073439	7227.FBpp0300451	0.0
7227.FBpp0293956	7227.FBpp0290365	0.0
7227.FBpp0305563	7227.FBpp0292891	0.0
7227.FBpp0082582	7227.FBpp0076533	0.0
7227.FBpp0304573	7227.FBpp0073439	0.0
7227.FBpp0292111	7227.FBpp0080732	0.0
7227.FBpp0078865	7227.FBpp0074842	0.0
7227.FBpp0081145	7227.FBpp0099902	0.0
7227.FBpp0081214	7227.FBpp0079502	0.0
7227.FBpp0083139	7227.FBpp0080391	0.0
7227.FBpp0288577	7227.FBpp0077680	0.0
7227.FBpp0111308	7227.FBpp0111977	0.0
7227.FBpp0087741	7227.FBpp0083177	0.0
7227.FBpp0290498	7227.FBpp0082752	0.0
7227.FBpp0074329	7227.FBpp0088741	0.0
7227.FBpp0288644	7227.FBpp0070791	0.0
7227.FBpp0304410	7227.FBpp0078324	0.0
7227.FBpp0087558	7227.FBpp0078577	0.0
7227.FBpp0084277	7227.FBpp0070419	0.0
7227.FBpp0289382	7227.FBpp0085901	0.0
7227.FBpp0079475	7227.FBpp0082993	0.0
7227.FBpp0078083	7227.FBpp0070313	0.0
7227.FBpp0083507	7227.FBpp0079127	0.0
7227.FBpp0080582	7227.FBpp0292025	0.0
7227.FBpp0086736	7227.FBpp0086795	0.0
7227.FBpp0085642	7227.FBpp0076360	0.0
7227.FBpp0099965	7227.FBpp0290032	0.0
7227.FBpp0084719	7227.FBpp0084425	0.0
7227.FBpp0113035	7227.FBpp0078734	0.0
7227.FBpp0291907	7227.FBpp0084913	0.0
7227.FBpp0075673	7227.FBpp0304386	0.0
7227.FBpp0086721	7227.FBpp0071259	0.0
7227.FBpp0078656	7227.FBpp0075808	0.0
7227.FBpp0088524	7227.FBpp0091002	0.0
7227.FBpp0077436	7227.FBpp0070371	0.0
7227.FBpp0292339	7227.FBpp0303633	0.0
7227.FBpp0303147	7227.FBpp0071580	0.0
7227.FBpp0304137	7227.FBpp0084226	0.0
7227.FBpp0085635	7227.FBpp0084810	0.0
7227.FBpp0076653	7227.FBpp0293430	0.0
7227.FBpp0086928	7227.FBpp0083048	0.0
7227.FBpp0078970	7227.FBpp0088220	0.0
7227.FBpp0074754	7227.FBpp0084209	0.0
7227.FBpp0085108	7227.FBpp0305545	0.0
7227.FBpp0075751	7227.FBpp0290990	0.0
7227.FBpp0073565	7227.FBpp0081491	0.0
7227.FBpp0289671	7227.FBpp0076002	0.0
7227.FBpp0077407	7227.FBpp0305545	0.0
7227.FBpp0077231	7227.FBpp0112410	0.0
7227.FBpp0084524	7227.FBpp0084475	0.0
7227.FBpp0075310	7227.FBpp0076114	0.0
7227.FBpp0079977	7227.FBpp0089139	0.0
7227.FBpp0289058	7227.FBpp0074305	0.0
7227.FBpp0081482	7227.FBpp0292102	0.0
7227.FBpp0083846	7227.FBpp0293877	0.0
7227.FBpp0086454	7227.FBpp0075854	0.0
7227.FBpp0075431	7227.FBpp0074633	0.0
7227.FBpp0304187	7227.FBpp0303376	0.0
7227.FBpp0070993	7227.FBpp0086628	0.0
7227.FBpp0291765	7227.FBpp0085300	0.0
7227.FBpp0075373	7227.FBpp0292081	0.0
7227.FBpp0084667	7227.FBpp0084138	0.0
7227.FBpp0081882	7227.FBpp0297118	0.0
7227.FBpp0072952	7227.FBpp0080150	0.0
7227.FBpp0298381	7227.FBpp0085581	0.0
7227.FBpp0070284	7227.FBpp0087632	0.0
7227.FBpp0073959	7227.FBpp0076546	0.0
7227.FBpp0077783	7227.FBpp0078422	0.0
7227.FBpp0076638	7227.FBpp0290875	0.0
7227.FBpp0289967	7227.FBpp0077003	0.0
7227.FBpp0099568	7227.FBpp0291656	0.0
7227.FBpp0074679	7227.FBpp0075635	0.0
7227.FBpp0070355	7227.FBpp0084933	0.0
7227.FBpp0303938	7227.FBpp0306226	0.0
7227.FBpp0301611	7227.FBpp0074377	0.0
7227.FBpp0088999	7227.FBpp0301847	0.0
7227.FBpp0300842	7227.FBpp0075003	0.0
7227.FBpp0087496	7227.FBpp0111339	0.0
7227.FBpp0293537	7227.FBpp0077229	0.0
7227.FBpp0084199	7227.FBpp0080039	0.0
7227.FBpp0074629	7227.FBpp0083607	0.0
7227.FBpp0074849	7227.FBpp0072590	0.0
7227.FBpp0072206	7227.FBpp0076119	0.0
7227.FBpp0298043	7227.FBpp0088564	0.0
7227.FBpp0084680	7227.FBpp0082096	0.0
7227.FBpp0077079	7227.FBpp0292068	0.0
7227.FBpp0085027	7227.FBpp0077573	0.0
7227.FBpp0088057	7227.FBpp0305751	0.0
7227.FBpp0087141	7227.FBpp0081571	0.0
7227.FBpp0303392	7227.FBpp0080631	0.0
7227.FBpp0078555	7227.FBpp0290957	0.0
7227.FBpp0075920	7227.FBpp0292055	0.0
7227.FBpp0075759	7227.FBpp0304471	0.0
7227.FBpp0301827	7227.FBpp0292160	0.0
7227.FBpp0078079	7227.FBpp0304616	0.0
7227.FBpp0088798	7227.FBpp0293663	0.0
7227.FBpp0074683	7227.FBpp0080244	0.0
7227.FBpp0297750	7227.FBpp0080914	0.0
7227.FBpp0305445	7227.FBpp0292329	0.0
7227.FBpp0297277	7227.FBpp0100178	0.0
7227.FBpp0288644	7227.FBpp0301584	0.0
7227.FBpp0078331	7227.FBpp0079267	0.0
7227.FBpp0297764	7227.FBpp0079782	0.0
7227.FBpp0089137	7227.FBpp0077574	0.0
7227.FBpp0305403	7227.FBpp0088455	0.0
7227.FBpp0302752	7227.FBpp0289811	0.0
7227.FBpp0301714	7227.FBpp0077173	0.0
7227.FBpp0079871	7227.FBpp0080981	0.0
7227.FBpp0086675	7227.FBpp0081772	0.0
7227.FBpp0076904	7227.FBpp0293197	0.0
7227.FBpp0305672	7227.FBpp0271891	0.0
7227.FBpp0087331	7227.FBpp0077522	0.0
7227.FBpp0304972	7227.FBpp0073861	0.0
7227.FBpp0111404	7227.FBpp0301002	0.0
7227.FBpp0303196	7227.FBpp0290473	0.0
7227.FBpp0071562	7227.FBpp0076311	0.0
7227.FBpp0089088	7227.FBpp0078009	0.0
7227.FBpp0074683	7227.FBpp0077032	0.0
7227.FBpp0112291	7227.FBpp0073750	0.0
7227.FBpp0076937	7227.FBpp0082927	0.0
7227.FBpp0073618	7227.FBpp0304379	0.0
7227.FBpp0083839	7227.FBpp0076026	0.0
7227.FBpp0081754	7227.FBpp0300568	0.0
7227.FBpp0070550	7227.FBpp0071734	0.0
7227.FBpp0086107	7227.FBpp0086929	0.0
7227.FBpp0087164	7227.FBpp0070166	0.0
7227.FBpp0099717	7227.FBpp0082203	0.0
7227.FBpp0070603	7227.FBpp0080688	0.0
7227.FBpp0086907	7227.FBpp0075589	0.0
7227.FBpp0291451	7227.FBpp0072576	0.0
7227.FBpp0297200	7227.FBpp0070190	0.0
7227.FBpp0288510	7227.FBpp0083036	0.0
7227.FBpp0085783	7227.FBpp0304878	0.0
7227.FBpp0073502	7227.FBpp0297249	0.0
7227.FBpp0081585	7227.FBpp0079913	0.0
7227.FBpp0113106	7227.FBpp0300165	0.0
7227.FBpp0075968	7227.FBpp0070277	0.0
7227.FBpp0291115	7227.FBpp0085497	0.0
7227.FBpp0074146	7227.FBpp0289489	0.0
7227.FBpp0081047	7227.FBpp0292926	0.0
7227.FBpp0297118	7227.FBpp0070546	0.0
7227.FBpp0293134	7227.FBpp0075368	0.0
7227.FBpp0076089	7227.FBpp0071873	0.0
7227.FBpp0079787	7227.FBpp0073768	0.0
7227.FBpp0303489	7227.FBpp0076572	0.0
7227.FBpp0071082	7227.FBpp0079225	0.0
7227.FBpp0303357	7227.FBpp0087538	0.0
7227.FBpp0084240	7227.FBpp0084306	0.0
7227.FBpp0083142	7227.FBpp0086764	0.0
7227.FBpp0113055	7227.FBpp0080104	0.0
7227.FBpp0074668	7227.FBpp0078737	0.0
7227.FBpp0301839	7227.FBpp0076737	0.0
7227.FBpp0081722	7227.FBpp0081794	0.0
7227.FBpp0303252	7227.FBpp0085317	0.0
7227.FBpp0089179	7227.FBpp0081430	0.0
7227.FBpp0087127	7227.FBpp0099776	0.0
7227.FBpp0072839	7227.FBpp0303236	0.0
7227.FBpp0303376	7227.FBpp0304041	0.0
7227.FBpp0076352	7227.FBpp0292111	0.0
7227.FBpp0079372	7227.FBpp0304016	0.0
7227.FBpp0074564	7227.FBpp0078218	0.0
7227.FBpp0084812	7227.FBpp0297619	0.0
7227.FBpp0081668	7227.FBpp0086773	0.0
7227.FBpp0087257	7227.FBpp0086085	0.0
7227.FBpp0080446	7227.FBpp0075003	0.0
7227.FBpp0087313	7227.FBpp0082582	0.0
7227.FBpp0110501	7227.FBpp0298343	0.0
7227.FBpp0077107	7227.FBpp0082298	0.0
7227.FBpp0305645	7227.FBpp0084587	0.0
7227.FBpp0080423	7227.FBpp0289324	0.0
7227.FBpp0305105	7227.FBpp0303476	0.0
7227.FBpp0085087	7227.FBpp0089413	0.0
7227.FBpp0071956	7227.FBpp0289272	0.0
7227.FBpp0086184	7227.FBpp0071609	0.0
7227.FBpp0082494	7227.FBpp0271717	0.0
7227.FBpp0089107	7227.FBpp0081796	0.0
7227.FBpp0089184	7227.FBpp0086010	0.0
7227.FBpp0297575	7227.FBpp0076579	0.0
7227.FBpp0088526	7227.FBpp0289113	0.0
7227.FBpp0292254	7227.FBpp0304166	0.0
7227.FBpp0291645	7227.FBpp0088337	0.0
7227.FBpp0078057	7227.FBpp0072531	0.0
7227.FBpp0303585	7227.FBpp0074677	0.0
7227.FBpp0082277	7227.FBpp0111682	0.0
7227.FBpp0089400	7227.FBpp0074782	0.0
7227.FBpp0071617	7227.FBpp0099638	0.0
7227.FBpp0081817	7227.FBpp0070994	0.0
7227.FBpp0074990	7227.FBpp0289581	0.0
7227.FBpp0073761	7227.FBpp0292864	0.0
7227.FBpp0084456	7227.FBpp0294024	0.0
7227.FBpp0086525	7227.FBpp0081182	0.0
7227.FBpp0304721	7227.FBpp0074564	0.0
7227.FBpp0074500	7227.FBpp0303207	0.0
7227.FBpp0070595	7227.FBpp0301698	0.0
7227.FBpp0076100	7227.FBpp0071679	0.0
7227.FBpp0271691	7227.FBpp0305065	0.0
7227.FBpp0077074	7227.FBpp0082648	0.0
7227.FBpp0303243	7227.FBpp0073712	0.0
7227.FBpp0078001	7227.FBpp0077026	0.0
7227.FBpp0271769	7227.FBpp0304955	0.0
7227.FBpp0077448	7227.FBpp0081880	0.0
7227.FBpp0294024	7227.FBpp0070244	0.0
7227.FBpp0293415	7227.FBpp0086246	0.0
7227.FBpp0078861	7227.FBpp0074044	0.0
7227.FBpp0076790	7227.FBpp0305116	0.0
7227.FBpp0083145	7227.FBpp0086074	0.0
7227.FBpp0073888	7227.FBpp0303386	0.0
7227.FBpp0305852	7227.FBpp0073202	0.0
7227.FBpp0112376	7227.FBpp0291560	0.0
7227.FBpp0303088	7227.FBpp0112192	0.0
7227.FBpp0091062	7227.FBpp0075609	0.0
7227.FBpp0087183	7227.FBpp0071717	0.0
7227.FBpp0079687	7227.FBpp0071081	0.0
7227.FBpp0297519	7227.FBpp0290890	0.0
7227.FBpp0077799	7227.FBpp0074019	0.0
7227.FBpp0081637	7227.FBpp0080957	0.0
7227.FBpp0298000	7227.FBpp0289132	0.0
7227.FBpp0078849	7227.FBpp0081952	0.0
7227.FBpp0081751	7227.FBpp0087502	0.0
7227.FBpp0111306	7227.FBpp0079622	0.0
7227.FBpp0075635	7227.FBpp0075759	0.0
7227.FBpp0290234	7227.FBpp0070899	0.0
7227.FBpp0077673	7227.FBpp0289248	0.0
7227.FBpp0084635	7227.FBpp0306089	0.0
7227.FBpp0076127	7227.FBpp0073203	0.0
7227.FBpp0082391	7227.FBpp0304463	0.0
7227.FBpp0300612	7227.FBpp0301104	0.0
7227.FBpp0071886	7227.FBpp0304694	0.0
7227.FBpp0082907	7227.FBpp0073232	0.0
7227.FBpp0070028	7227.FBpp0293521	0.0
7227.FBpp0300651	7227.FBpp0085737	0.0
7227.FBpp0070845	7227.FBpp0297397	0.0
7227.FBpp0304127	7227.FBpp0304473	0.0
7227.FBpp0072965	7227.FBpp0271896	0.0
7227.FBpp0084241	7227.FBpp0086720	0.0
7227.FBpp0289349	7227.FBpp0290773	0.0
7227.FBpp0110498	7227.FBpp0080029	0.0
7227.FBpp0071129	7227.FBpp0303501	0.0
7227.FBpp0099514	7227.FBpp0302874	0.0
7227.FBpp0081214	7227.FBpp0086347	0.0
7227.FBpp0291264	7227.FBpp0080372	0.0
7227.FBpp0081766	7227.FBpp0080868	0.0
7227.FBpp0290029	7227.FBpp0073766	0.0
7227.FBpp0073561	7227.FBpp0113009	0.0
7227.FBpp0083883	7227.FBpp0293196	0.0
7227.FBpp0075913	7227.FBpp0083058	0.0
7227.FBpp0085855	7227.FBpp0072144	0.0
7227.FBpp0087549	7227.FBpp0084462	0.0
7227.FBpp0086803	7227.FBpp0297391	0.0
7227.FBpp0087297	7227.FBpp0074881	0.0
7227.FBpp0292163	7227.FBpp0085062	0.0
7227.FBpp0100166	7227.FBpp0303995	0.0
7227.FBpp0081198	7227.FBpp0079010	0.0
7227.FBpp0083093	7227.FBpp0082845	0.0
7227.FBpp0297084	7227.FBpp0071212	0.0
7227.FBpp0288505	7227.FBpp0077930	0.0
7227.FBpp0075738	7227.FBpp0082810	0.0
7227.FBpp0291265	7227.FBpp0271777	0.0
7227.FBpp0110486	7227.FBpp0289557	0.0
7227.FBpp0085725	7227.FBpp0301789	0.0
7227.FBpp0293527	7227.FBpp0288835	0.0
7227.FBpp0075825	7227.FBpp0085853	0.0
7227.FBpp0080688	7227.FBpp0110588	0.0
7227.FBpp0112021	7227.FBpp0112061	0.0
7227.FBpp0304706	7227.FBpp0073861	0.0
7227.FBpp0293681	7227.FBpp0298342	0.0
7227.FBpp0072546	7227.FBpp0300934	0.0
7227.FBpp0077600	7227.FBpp0078681	0.0
7227.FBpp0089024	7227.FBpp0077468	0.0
7227.FBpp0076286	7227.FBpp0079987	0.0
7227.FBpp0297228	7227.FBpp0076721	0.0
7227.FBpp0081352	7227.FBpp0292064	0.0
7227.FBpp0111644	7227.FBpp0085997	0.0
7227.FBpp0288972	7227.FBpp0305354	0.0
7227.FBpp0077337	7227.FBpp0070697	0.0
7227.FBpp0305928	7227.FBpp0301618	0.0
7227.FBpp0074672	7227.FBpp0078911	0.0
7227.FBpp0087164	7227.FBpp0088535	0.0
7227.FBpp0088279	7227.FBpp0289301	0.0
7227.FBpp0073708	7227.FBpp0077869	0.0
7227.FBpp0078376	7227.FBpp0085134	0.0
7227.FBpp0293863	7227.FBpp0089300	0.0
7227.FBpp0087284	7227.FBpp0087827	0.0
7227.FBpp0084286	7227.FBpp0112409	0.0
7227.FBpp0303351	7227.FBpp0110209	0.0
7227.FBpp0088978	7227.FBpp0111407	0.0
7227.FBpp0305654	7227.FBpp0078432	0.0
7227.FBpp0075141	7227.FBpp0086446	0.0
7227.FBpp0288372	7227.FBpp0077867	0.0
7227.FBpp0305696	7227.FBpp0304166	0.0
7227.FBpp0084368	7227.FBpp0305981	0.0
7227.FBpp0088095	7227.FBpp0077864	0.0
7227.FBpp0305655	7227.FBpp0290759	0.0
7227.FBpp0293256	7227.FBpp0074679	0.0
7227.FBpp0303745	7227.FBpp0079471	0.0
7227.FBpp0091011	7227.FBpp0078668	0.0
7227.FBpp0087217	7227.FBpp0085338	0.0
7227.FBpp0302818	7227.FBpp0078376	0.0
7227.FBpp0082149	7227.FBpp0086682	0.0
7227.FBpp0099426	7227.FBpp0288806	0.0
7227.FBpp0079471	7227.FBpp0079703	0.0
7227.FBpp0079809	7227.FBpp0078260	0.0
7227.FBpp0112826	7227.FBpp0305473	0.0
7227.FBpp0292670	7227.FBpp0085681	0.0
7227.FBpp0083672	7227.FBpp0271813	0.0
7227.FBpp0099932	7227.FBpp0073968	0.0
7227.FBpp0076442	7227.FBpp0077969	0.0
7227.FBpp0075359	7227.FBpp0112244	0.0
7227.FBpp0290115	7227.FBpp0075849	0.0
7227.FBpp0088808	7227.FBpp0300842	0.0
7227.FBpp0071585	7227.FBpp0293279	0.0
7227.FBpp0074033	7227.FBpp0078757	0.0
7227.FBpp0074804	7227.FBpp0072156	0.0
7227.FBpp0085448	7227.FBpp0071532	0.0
7227.FBpp0078712	7227.FBpp0112312	0.0
7227.FBpp0073111	7227.FBpp0076725	0.0
7227.FBpp0086894	7227.FBpp0084332	0.0
7227.FBpp0080640	7227.FBpp0290782	0.0
7227.FBpp0085308	7227.FBpp0293250	0.0
7227.FBpp0078315	7227.FBpp0074881	0.0
7227.FBpp0289901	7227.FBpp0088286	0.0
7227.FBpp0290486	7227.FBpp0289651	0.0
7227.FBpp0079829	7227.FBpp0289535	0.0
7227.FBpp0289309	7227.FBpp0089003	0.0
7227.FBpp0087824	7227.FBpp0075552	0.0
7227.FBpp0073131	7227.FBpp0070650	0.0
7227.FBpp0088641	7227.FBpp0079977	0.0
7227.FBpp0071503	7227.FBpp0080059	0.0
7227.FBpp0111357	7227.FBpp0087212	0.0
7227.FBpp0080059	7227.FBpp0301567	0.0
7227.FBpp0072119	7227.FBpp0289339	0.0
7227.FBpp0292131	7227.FBpp0301559	0.0
7227.FBpp0075801	7227.FBpp0071303	0.0
7227.FBpp0099971	7227.FBpp0080061	0.0
7227.FBpp0089093	7227.FBpp0071223	0.0
7227.FBpp0077643	7227.FBpp0073761	0.0
7227.FBpp0071717	7227.FBpp0083134	0.0
7227.FBpp0082350	7227.FBpp0112320	0.0
7227.FBpp0082973	7227.FBpp0086593	0.0
7227.FBpp0304557	7227.FBpp0071259	0.0
7227.FBpp0081344	7227.FBpp0110528	0.0
7227.FBpp0112085	7227.FBpp0070465	0.0
7227.FBpp0305447	7227.FBpp0074671	0.0
7227.FBpp0077092	7227.FBpp0289967	0.0
7227.FBpp0111328	7227.FBpp0074889	0.0
7227.FBpp0297605	7227.FBpp0088881	0.0
7227.FBpp0088668	7227.FBpp0085571	0.0
7227.FBpp0073514	7227.FBpp0290957	0.0
7227.FBpp0298369	7227.FBpp0073071	0.0
7227.FBpp0304596	7227.FBpp0289965	0.0
7227.FBpp0073519	7227.FBpp0081911	0.0
7227.FBpp0080479	7227.FBpp0087167	0.0
7227.FBpp0080745	7227.FBpp0074427	0.0
7227.FBpp0085157	7227.FBpp0074908	0.0
7227.FBpp0290779	7227.FBpp0290754	0.0
7227.FBpp0079589	7227.FBpp0083311	0.0
7227.FBpp0088102	7227.FBpp0075043	0.0
7227.FBpp0080244	7227.FBpp0112159	0.0
7227.FBpp0112288	7227.FBpp0077022	0.0
7227.FBpp0070898	7227.FBpp0081505	0.0
7227.FBpp0300442	7227.FBpp0304799	0.0
7227.FBpp0081571	7227.FBpp0076451	0.0
7227.FBpp0073293	7227.FBpp0300511	0.0
7227.FBpp0074509	7227.FBpp0091027	0.0
7227.FBpp0071598	7227.FBpp0305388	0.0
7227.FBpp0303189	7227.FBpp0083149	0.0
7227.FBpp0080901	7227.FBpp0081733	0.0
7227.FBpp0112463	7227.FBpp0087218	0.0
7227.FBpp0089006	7227.FBpp0111680	0.0
7227.FBpp0088683	7227.FBpp0073760	0.0
7227.FBpp0082371	7227.FBpp0089415	0.0
7227.FBpp0289965	7227.FBpp0072040	0.0
7227.FBpp0087403	7227.FBpp0291861	0.0
7227.FBpp0083814	7227.FBpp0076790	0.0
7227.FBpp0074243	7227.FBpp0084331	0.0
7227.FBpp0290736	7227.FBpp0077118	0.0
7227.FBpp0302928	7227.FBpp0071082	0.0
7227.FBpp0078009	7227.FBpp0297553	0.0
7227.FBpp0084045	7227.FBpp0290917	0.0
7227.FBpp0078098	7227.FBpp0084907	0.0
7227.FBpp0079103	7227.FBpp0076439	0.0
7227.FBpp0071498	7227.FBpp0288561	0.0
7227.FBpp0110069	7227.FBpp0305212	0.0
7227.FBpp0075995	7227.FBpp0077366	0.0
7227.FBpp0297419	7227.FBpp0080259	0.0
7227.FBpp0078008	7227.FBpp0076000	0.0
7227.FBpp0300673	7227.FBpp0305751	0.0
7227.FBpp0304097	7227.FBpp0303224	0.0
7227.FBpp0300554	7227.FBpp0075791	0.0
7227.FBpp0306206	7227.FBpp0112348	0.0
7227.FBpp0083222	7227.FBpp0079843	0.0
7227.FBpp0078919	7227.FBpp0082095	0.0
7227.FBpp0080284	7227.FBpp0112027	0.0
7227.FBpp0073416	7227.FBpp0085259	0.0
7227.FBpp0304521	7227.FBpp0081001	0.0
7227.FBpp0086608	7227.FBpp0291765	0.0
7227.FBpp0088112	7227.FBpp0074606	0.0
7227.FBpp0071291	7227.FBpp0099660	0.0
7227.FBpp0303707	7227.FBpp0288715	0.0
7227.FBpp0290982	7227.FBpp0087788	0.0
7227.FBpp0082688	7227.FBpp0072201	0.0
7227.FBpp0112413	7227.FBpp0074377	0.0
7227.FBpp0306007	7227.FBpp0079559	0.0
7227.FBpp0289809	7227.FBpp0083414	0.0
7227.FBpp0081787	7227.FBpp0083981	0.0
7227.FBpp0288818	7227.FBpp0079354	0.0
7227.FBpp0087478	7227.FBpp0112295	0.0
7227.FBpp0075599	7227.FBpp0079357	0.0
7227.FBpp0071734	7227.FBpp0087524	0.0
7227.FBpp0111977	7227.FBpp0070875	0.0
7227.FBpp0289668	7227.FBpp0084152	0.0
7227.FBpp0289241	7227.FBpp0271712	0.0
7227.FBpp0291036	7227.FBpp0085373	0.0
7227.FBpp0081789	7227.FBpp0303504	0.0
7227.FBpp0076639	7227.FBpp0070119	0.0
7227.FBpp0077400	7227.FBpp0302705	0.0
7227.FBpp0303107	7227.FBpp0303118	0.0
7227.FBpp0085634	7227.FBpp0081589	0.0
7227.FBpp0289972	7227.FBpp0079094	0.0
7227.FBpp0076567	7227.FBpp0070585	0.0
7227.FBpp0082863	7227.FBpp0302657	0.0
7227.FBpp0112155	7227.FBpp0073977	0.0
7227.FBpp0076011	7227.FBpp0081416	0.0
7227.FBpp0305176	7227.FBpp0100129	0.0
7227.FBpp0072792	7227.FBpp0074037	0.0
7227.FBpp0071702	7227.FBpp0071145	0.0
7227.FBpp0081106	7227.FBpp0085501	0.0
7227.FBpp0304457	7227.FBpp0079919	0.0
7227.FBpp0078163	7227.FBpp0083046	0.0
7227.FBpp0099920	7227.FBpp0100058	0.0
7227.FBpp0070368	7227.FBpp0072364	0.0
7227.FBpp0079803	7227.FBpp0073049	0.0
7227.FBpp0303313	7227.FBpp0082349	0.0
7227.FBpp0100012	7227.FBpp0291562	0.0
7227.FBpp0291265	7227.FBpp0077094	0.0
7227.FBpp0305852	7227.FBpp0072991	0.0
7227.FBpp0300794	7227.FBpp0074206	0.0
7227.FBpp0087804	7227.FBpp0112258	0.0
7227.FBpp0077188	7227.FBpp0085334	0.0
7227.FBpp0076209	7227.FBpp0071111	0.0
7227.FBpp0293082	7227.FBpp0072311	0.0
7227.FBpp0304713	7227.FBpp0082706	0.0
7227.FBpp0288792	7227.FBpp0085396	0.0
7227.FBpp0306152	7227.FBpp0085662	0.0
7227.FBpp0290456	7227.FBpp0084923	0.0
7227.FBpp0073143	7227.FBpp0304615	0.0
7227.FBpp0077912	7227.FBpp0112469	0.0
7227.FBpp0100115	7227.FBpp0079503	0.0
7227.FBpp0087471	7227.FBpp0290047	0.0
7227.FBpp0292260	7227.FBpp0083610	0.0
7227.FBpp0087169	7227.FBpp0303995	0.0
7227.FBpp0081204	7227.FBpp0075071	0.0
7227.FBpp0076473	7227.FBpp0076935	0.0
7227.FBpp0075488	7227.FBpp0072099	0.0
7227.FBpp0303920	7227.FBpp0079828	0.0
7227.FBpp0079251	7227.FBpp0292792	0.0
7227.FBpp0305611	7227.FBpp0083648	0.0
7227.FBpp0085594	7227.FBpp0083413	0.0
7227.FBpp0084458	7227.FBpp0290086	0.0
7227.FBpp0076263	7227.FBpp0304599	0.0
7227.FBpp0079948	7227.FBpp0070853	0.0
7227.FBpp0074771	7227.FBpp0291518	0.0
7227.FBpp0304528	7227.FBpp0083557	0.0
7227.FBpp0305247	7227.FBpp0077924	0.0
7227.FBpp0086474	7227.FBpp0087915	0.0
7227.FBpp0078066	7227.FBpp0080061	0.0
7227.FBpp0074962	7227.FBpp0087635	0.0
7227.FBpp0301839	7227.FBpp0079211	0.0
7227.FBpp0304468	7227.FBpp0288878	0.0
7227.FBpp0085461	7227.FBpp0075086	0.0
7227.FBpp0086570	7227.FBpp0073286	0.0
7227.FBpp0297232	7227.FBpp0301698	0.0
7227.FBpp0073264	7227.FBpp0073286	0.0
7227.FBpp0293681	7227.FBpp0083341	0.0
7227.FBpp0077355	7227.FBpp0078093	0.0
7227.FBpp0079650	7227.FBpp0079650	0.0
7227.FBpp0071869	7227.FBpp0079539	0.0
7227.FBpp0087036	7227.FBpp0077156	0.0
7227.FBpp0298342	7227.FBpp0083912	0.0
7227.FBpp0087690	7227.FBpp0305995	0.0
7227.FBpp0111850	7227.FBpp0077590	0.0
7227.FBpp0073164	7227.FBpp0304878	0.0
7227.FBpp0078670	7227.FBpp0113005	0.0
7227.FBpp0071465	7227.FBpp0079590	0.0
7227.FBpp0303838	7227.FBpp0304349	0.0
7227.FBpp0074301	7227.FBpp0085128	0.0
7227.FBpp0288679	7227.FBpp0071035	0.0
7227.FBpp0305776	7227.FBpp0305568	0.0
7227.FBpp0074021	7227.FBpp0291433	0.0
7227.FBpp0303848	7227.FBpp0073750	0.0
7227.FBpp0082029	7227.FBpp0071114	0.0
7227.FBpp0084049	7227.FBpp0072207	0.0
7227.FBpp0290102	7227.FBpp0297441	0.0
7227.FBpp0112262	7227.FBpp0077620	0.0
7227.FBpp0293283	7227.FBpp0305308	0.0
7227.FBpp0087876	7227.FBpp0303702	0.0
7227.FBpp0303693	7227.FBpp0087362	0.0
7227.FBpp0291573	7227.FBpp0305432	0.0
7227.FBpp0301831	7227.FBpp0089300	0.0
7227.FBpp0077213	7227.FBpp0081791	0.0
7227.FBpp0071198	7227.FBpp0080870	0.0
7227.FBpp0071000	7227.FBpp0305280	0.0
7227.FBpp0085669	7227.FBpp0111358	0.0
7227.FBpp0289535	7227.FBpp0289873	0.0
7227.FBpp0074419	7227.FBpp0289846	0.0
7227.FBpp0076424	7227.FBpp0303779	0.0
7227.FBpp0088885	7227.FBpp0304960	0.0
7227.FBpp0290487	7227.FBpp0083254	0.0
7227.FBpp0292334	7227.FBpp0081382	0.0
7227.FBpp0300514	7227.FBpp0081765	0.0
7227.FBpp0070627	7227.FBpp0303328	0.0
7227.FBpp0297719	7227.FBpp0087484	0.0
7227.FBpp0081911	7227.FBpp0087979	0.0
7227.FBpp0302658	7227.FBpp0300891	0.0
7227.FBpp0112092	7227.FBpp0112500	0.0
7227.FBpp0076282	7227.FBpp0084363	0.0
7227.FBpp0087318	7227.FBpp0112021	0.0
7227.FBpp0100025	7227.FBpp0304504	0.0
7227.FBpp0293386	7227.FBpp0084812	0.0
7227.FBpp0305612	7227.FBpp0111652	0.0
7227.FBpp0080465	7227.FBpp0293435	0.0
7227.FBpp0085510	7227.FBpp0077521	0.0
7227.FBpp0112010	7227.FBpp0292779	0.0
7227.FBpp0291551	7227.FBpp0074352	0.0
7227.FBpp0111316	7227.FBpp0077500	0.0
7227.FBpp0080119	7227.FBpp0304960	0.0
7227.FBpp0071135	7227.FBpp0072859	0.0
7227.FBpp0078021	7227.FBpp0084396	0.0
7227.FBpp0304404	7227.FBpp0303622	0.0
7227.FBpp0291021	7227.FBpp0079495	0.0
7227.FBpp0076745	7227.FBpp0301619	0.0
7227.FBpp0302809	7227.FBpp0303707	0.0
7227.FBpp0304478	7227.FBpp0070392	0.0
7227.FBpp0079127	7227.FBpp0074058	0.0
7227.FBpp0081176	7227.FBpp0079729	0.0
7227.FBpp0081534	7227.FBpp0072843	0.0
7227.FBpp0077552	7227.FBpp0082453	0.0
7227.FBpp0304583	7227.FBpp0087498	0.0
7227.FBpp0086958	7227.FBpp0071817	0.0
7227.FBpp0300973	7227.FBpp0289982	0.0
7227.FBpp0087485	7227.FBpp0099971	0.0
7227.FBpp0088498	7227.FBpp0081884	0.0
7227.FBpp0085319	7227.FBpp0112004	0.0
7227.FBpp0080121	7227.FBpp0302820	0.0
7227.FBpp0297989	7227.FBpp0072110	0.0
7227.FBpp0075869	7227.FBpp0288967	0.0
7227.FBpp0301136	7227.FBpp0305585	0.0
7227.FBpp0300555	7227.FBpp0076546	0.0
7227.FBpp0077722	7227.FBpp0084954	0.0
7227.FBpp0070169	7227.FBpp0087664	0.0
7227.FBpp0088777	7227.FBpp0082737	0.0
7227.FBpp0081333	7227.FBpp0076440	0.0
7227.FBpp0083698	7227.FBpp0300954	0.0
7227.FBpp0083905	7227.FBpp0085119	0.0
7227.FBpp0078091	7227.FBpp0304759	0.0
7227.FBpp0078465	7227.FBpp0302797	0.0
7227.FBpp0304277	7227.FBpp0088881	0.0
7227.FBpp0076785	7227.FBpp0084232	0.0
7227.FBpp0079637	7227.FBpp0076459	0.0
7227.FBpp0071424	7227.FBpp0305085	0.0
7227.FBpp0075043	7227.FBpp0075096	0.0
7227.FBpp0081068	7227.FBpp0301753	0.0
7227.FBpp0305735	7227.FBpp0070051	0.0
7227.FBpp0289517	7227.FBpp0076081	0.0
7227.FBpp0072894	7227.FBpp0076533	0.0
7227.FBpp0074400	7227.FBpp0080914	0.0
7227.FBpp0079485	7227.FBpp0080791	0.0
7227.FBpp0291459	7227.FBpp0303510	0.0
7227.FBpp0088035	7227.FBpp0078643	0.0
7227.FBpp0293869	7227.FBpp0079091	0.0
7227.FBpp0302859	7227.FBpp0087767	0.0
7227.FBpp0086274	7227.FBpp0076848	0.0
7227.FBpp0303849	7227.FBpp0080393	0.0
7227.FBpp0085150	7227.FBpp0082440	0.0
7227.FBpp0070710	7227.FBpp0288663	0.0
7227.FBpp0075676	7227.FBpp0081846	0.0
7227.FBpp0081751	7227.FBpp0077927	0.0
7227.FBpp0075875	7227.FBpp0079695	0.0
7227.FBpp0077922	7227.FBpp0083780	0.0
7227.FBpp0292078	7227.FBpp0293936	0.0
7227.FBpp0297941	7227.FBpp0079667	0.0
7227.FBpp0083995	7227.FBpp0071534	0.0
7227.FBpp0304809	7227.FBpp0289912	0.0
7227.FBpp0072224	7227.FBpp0075128	0.0
7227.FBpp0297920	7227.FBpp0072789	0.0
7227.FBpp0073978	7227.FBpp0077750	0.0
7227.FBpp0078163	7227.FBpp0111376	0.0
7227.FBpp0080614	7227.FBpp0288957	0.0
7227.FBpp0073252	7227.FBpp0292520	0.0
7227.FBpp0075134	7227.FBpp0071015	0.0
7227.FBpp0082450	7227.FBpp0083767	0.0
7227.FBpp0082127	7227.FBpp0079521	0.0
7227.FBpp0080341	7227.FBpp0073852	0.0
7227.FBpp0290741	7227.FBpp0293720	0.0
7227.FBpp0077268	7227.FBpp0271946	0.0
7227.FBpp0080971	7227.FBpp0084155	0.0
7227.FBpp0076109	7227.FBpp0111717	0.0
7227.FBpp0288569	7227.FBpp0072335	0.0
7227.FBpp0080421	7227.FBpp0086958	0.0
7227.FBpp0083798	7227.FBpp0070513	0.0
7227.FBpp0077226	7227.FBpp0070111	0.0
7227.FBpp0306148	7227.FBpp0087578	0.0
7227.FBpp0081273	7227.FBpp0305851	0.0
7227.FBpp0078934	7227.FBpp0070079	0.0
7227.FBpp0076274	7227.FBpp0073065	0.0
7227.FBpp0071824	7227.FBpp0291780	0.0
7227.FBpp0293520	7227.FBpp0293959	0.0
7227.FBpp0291559	7227.FBpp0110314	0.0
7227.FBpp0085923	7227.FBpp0288697	0.0
7227.FBpp0099614	7227.FBpp0072952	0.0
7227.FBpp0302766	7227.FBpp0070842	0.0
7227.FBpp0292318	7227.FBpp0075212	0.0
7227.FBpp0091165	7227.FBpp0087052	0.0
7227.FBpp0086051	7227.FBpp0100069	0.0
7227.FBpp0071809	7227.FBpp0083009	0.0
7227.FBpp0074637	7227.FBpp0077521	0.0
7227.FBpp0292831	7227.FBpp0110486	0.0
7227.FBpp0099890	7227.FBpp0304250	0.0
7227.FBpp0085296	7227.FBpp0304068	0.0
7227.FBpp0081356	7227.FBpp0079154	0.0
7227.FBpp0297769	7227.FBpp0071497	0.0
7227.FBpp0271748	7227.FBpp0301124	0.0
7227.FBpp0087523	7227.FBpp0084522	0.0
7227.FBpp0088605	7227.FBpp0075676	0.0
7227.FBpp0303697	7227.FBpp0297401	0.0
7227.FBpp0081830	7227.FBpp0086274	0.0
7227.FBpp0303206	7227.FBpp0288697	0.0
7227.FBpp0289549	7227.FBpp0080488	0.0
7227.FBpp0072832	7227.FBpp0289595	0.0
7227.FBpp0293681	7227.FBpp0075961	0.0
7227.FBpp0078160	7227.FBpp0073963	0.0
7227.FBpp0075870	7227.FBpp0083975	0.0
7227.FBpp0110475	7227.FBpp0088678	0.0
7227.FBpp0071141	7227.FBpp0112446	0.0
7227.FBpp0088650	7227.FBpp0081854	0.0
7227.FBpp0087722	7227.FBpp0080917	0.0
7227.FBpp0071929	7227.FBpp0100159	0.0
7227.FBpp0291994	7227.FBpp0085725	0.0
7227.FBpp0082491	7227.FBpp0290476	0.0
7227.FBpp0297529	7227.FBpp0071198	0.0
7227.FBpp0077858	7227.FBpp0081216	0.0
7227.FBpp0304715	7227.FBpp0300900	0.0
7227.FBpp0271758	7227.FBpp0289916	0.0
7227.FBpp0293798	7227.FBpp0291017	0.0
7227.FBpp0070280	7227.FBpp0296964	0.0
7227.FBpp0303702	7227.FBpp0087501	0.0
7227.FBpp0099482	7227.FBpp0071759	0.0
7227.FBpp0075309	7227.FBpp0087181	0.0
7227.FBpp0288677	7227.FBpp0271786	0.0
7227.FBpp0292602	7227.FBpp0087323	0.0
7227.FBpp0111339	7227.FBpp0073276	0.0
7227.FBpp0073803	7227.FBpp0291422	0.0
7227.FBpp0289648	7227.FBpp0111273	0.0
7227.FBpp0080981	7227.FBpp0072577	0.0
7227.FBpp0077965	7227.FBpp0075067	0.0
7227.FBpp0084635	7227.FBpp0305719	0.0
7227.FBpp0289608	7227.FBpp0087458	0.0
7227.FBpp0084999	7227.FBpp0303094	0.0
7227.FBpp0087346	7227.FBpp0303632	0.0
7227.FBpp0292130	7227.FBpp0070005	0.0
7227.FBpp0290495	7227.FBpp0085015	0.0
7227.FBpp0111813	7227.FBpp0291242	0.0
7227.FBpp0083016	7227.FBpp0077160	0.0
7227.FBpp0293239	7227.FBpp0289621	0.0
7227.FBpp0083838	7227.FBpp0088571	0.0
7227.FBpp0070119	7227.FBpp0073158	0.0
7227.FBpp0289370	7227.FBpp0302942	0.0
7227.FBpp0304262	7227.FBpp0071327	0.0
7227.FBpp0076226	7227.FBpp0076225	0.0
7227.FBpp0073942	7227.FBpp0081242	0.0
7227.FBpp0085348	7227.FBpp0086518	0.0
7227.FBpp0081962	7227.FBpp0304262	0.0
7227.FBpp0080641	7227.FBpp0306198	0.0
7227.FBpp0088416	7227.FBpp0294003	0.0
7227.FBpp0292832	7227.FBpp0088555	0.0
7227.FBpp0078795	7227.FBpp0075357	0.0
7227.FBpp0293411	7227.FBpp0071702	0.0
7227.FBpp0304295	7227.FBpp0301843	0.0
7227.FBpp0305173	7227.FBpp0080059	0.0
7227.FBpp0076338	7227.FBpp0078353	0.0
7227.FBpp0086734	7227.FBpp0078391	0.0
7227.FBpp0076031	7227.FBpp0293197	0.0
7227.FBpp0074713	7227.FBpp0288715	0.0
7227.FBpp0072956	7227.FBpp0112131	0.0
7227.FBpp0084933	7227.FBpp0297731	0.0
7227.FBpp0078809	7227.FBpp0081145	0.0
7227.FBpp0304599	7227.FBpp0078260	0.0
7227.FBpp0293005	7227.FBpp0303221	0.0
7227.FBpp0087764	7227.FBpp0070772	0.0
7227.FBpp0086773	7227.FBpp0305425	0.0
7227.FBpp0111304	7227.FBpp0292348	0.0
7227.FBpp0304436	7227.FBpp0082850	0.0
7227.FBpp0087831	7227.FBpp0084559	0.0
7227.FBpp0087977	7227.FBpp0086242	0.0
7227.FBpp0085676	7227.FBpp0100029	0.0
7227.FBpp0074754	7227.FBpp0288674	0.0
7227.FBpp0078402	7227.FBpp0290979	0.0
7227.FBpp0303712	7227.FBpp0081674	0.0
7227.FBpp0081631	7227.FBpp0088657	0.0
7227.FBpp0074779	7227.FBpp0078200	0.0
7227.FBpp0072767	7227.FBpp0296986	0.0
7227.FBpp0111995	7227.FBpp0293830	0.0
7227.FBpp0083433	7227.FBpp0301692	0.0
7227.FBpp0086682	7227.FBpp0070671	0.0
7227.FBpp0075836	7227.FBpp0082362	0.0
7227.FBpp0082483	7227.FBpp0089400	0.0
7227.FBpp0085131	7227.FBpp0304611	0.0
7227.FBpp0091117	7227.FBpp0112463	0.0
7227.FBpp0304960	7227.FBpp0073959	0.0
7227.FBpp0304261	7227.FBpp0075668	0.0
7227.FBpp0084567	7227.FBpp0305165	0.0
7227.FBpp0112547	7227.FBpp0077521	0.0
7227.FBpp0070537	7227.FBpp0300749	0.0
7227.FBpp0084287	7227.FBpp0070162	0.0
7227.FBpp0086196	7227.FBpp0072654	0.0
7227.FBpp0305088	7227.FBpp0083152	0.0
7227.FBpp0076330	7227.FBpp0304201	0.0
7227.FBpp0076117	7227.FBpp0304713	0.0
7227.FBpp0073098	7227.FBpp0078115	0.0
7227.FBpp0087167	7227.FBpp0289902	0.0
7227.FBpp0305175	7227.FBpp0082924	0.0
7227.FBpp0083908	7227.FBpp0291174	0.0
7227.FBpp0083641	7227.FBpp0100165	0.0
7227.FBpp0113008	7227.FBpp0297542	0.0
7227.FBpp0297756	7227.FBpp0080917	0.0
7227.FBpp0073969	7227.FBpp0078516	0.0
7227.FBpp0301218	7227.FBpp0304172	0.0
7227.FBpp0297062	7227.FBpp0084981	0.0
7227.FBpp0077032	7227.FBpp0080904	0.0
7227.FBpp0291371	7227.FBpp0086236	0.0
7227.FBpp0083081	7227.FBpp0074330	0.0
7227.FBpp0111314	7227.FBpp0070400	0.0
7227.FBpp0072072	7227.FBpp0086347	0.0
7227.FBpp0112093	7227.FBpp0300455	0.0
7227.FBpp0297359	7227.FBpp0078961	0.0
7227.FBpp0080104	7227.FBpp0079460	0.0
7227.FBpp0305538	7227.FBpp0301688	0.0
7227.FBpp0291519	7227.FBpp0086734	0.0
7227.FBpp0080723	7227.FBpp0082639	0.0
7227.FBpp0076348	7227.FBpp0113116	0.0
7227.FBpp0084244	7227.FBpp0076580	0.0
7227.FBpp0089402	7227.FBpp0086549	0.0
7227.FBpp0110224	7227.FBpp0289664	0.0
7227.FBpp0071218	7227.FBpp0082575	0.0
7227.FBpp0271697	7227.FBpp0075799	0.0
7227.FBpp0073888	7227.FBpp0071133	0.0
7227.FBpp0085549	7227.FBpp0078549	0.0
7227.FBpp0305990	7227.FBpp0079649	0.0
7227.FBpp0077170	7227.FBpp0303390	0.0
7227.FBpp0082389	7227.FBpp0271786	0.0
7227.FBpp0085720	7227.FBpp0071307	0.0
7227.FBpp0087286	7227.FBpp0079472	0.0
7227.FBpp0088410	7227.FBpp0291036	0.0
7227.FBpp0300550	7227.FBpp0076372	0.0
7227.FBpp0305840	7227.FBpp0100165	0.0
7227.FBpp0081493	7227.FBpp0082062	0.0
7227.FBpp0078796	7227.FBpp0085797	0.0
7227.FBpp0110220	7227.FBpp0087033	0.0
7227.FBpp0086521	7227.FBpp0082092	0.0
7227.FBpp0070368	7227.FBpp0080391	0.0
7227.FBpp0075845	7227.FBpp0112492	0.0
7227.FBpp0087253	7227.FBpp0290484	0.0
7227.FBpp0071617	7227.FBpp0085661	0.0
7227.FBpp0073382	7227.FBpp0078614	0.0
7227.FBpp0085737	7227.FBpp0292349	0.0
7227.FBpp0081812	7227.FBpp0085815	0.0
7227.FBpp0080688	7227.FBpp0305006	0.0
7227.FBpp0080268	7227.FBpp0088571	0.0
7227.FBpp0291496	7227.FBpp0297881	0.0
7227.FBpp0086155	7227.FBpp0271855	0.0
7227.FBpp0078227	7227.FBpp0293950	0.0
7227.FBpp0289963	7227.FBpp0082705	0.0
7227.FBpp0291604	7227.FBpp0071354	0.0
7227.FBpp0073111	7227.FBpp0072885	0.0
7227.FBpp0083626	7227.FBpp0113106	0.0
7227.FBpp0303632	7227.FBpp0296983	0.0
7227.FBpp0084265	7227.FBpp0075461	0.0
7227.FBpp0289592	7227.FBpp0073785	0.0
7227.FBpp0083733	7227.FBpp0112306	0.0
7227.FBpp0078601	7227.FBpp0075556	0.0
7227.FBpp0305496	7227.FBpp0071759	0.0
7227.FBpp0290565	7227.FBpp0070180	0.0
7227.FBpp0303285	7227.FBpp0077397	0.0
7227.FBpp0291725	7227.FBpp0293164	0.0
7227.FBpp0073164	7227.FBpp0078895	0.0
7227.FBpp0289556	7227.FBpp0303863	0.0
7227.FBpp0081176	7227.FBpp0084977	0.0
7227.FBpp0111976	7227.FBpp0078548	0.0
7227.FBpp0289539	7227.FBpp0078776	0.0
7227.FBpp0086301	7227.FBpp0085753	0.0
7227.FBpp0112244	7227.FBpp0271769	0.0
7227.FBpp0082547	7227.FBpp0073133	0.0
7227.FBpp0073222	7227.FBpp0084868	0.0
7227.FBpp0080421	7227.FBpp0075598	0.0
7227.FBpp0301186	7227.FBpp0110523	0.0
7227.FBpp0301079	7227.FBpp0289925	0.0
7227.FBpp0076642	7227.FBpp0082559	0.0
7227.FBpp0100146	7227.FBpp0083998	0.0
7227.FBpp0291604	7227.FBpp0071194	0.0
7227.FBpp0079328	7227.FBpp0085932	0.0
7227.FBpp0072930	7227.FBpp0075958	0.0
7227.FBpp0099395	7227.FBpp0075861	0.0
7227.FBpp0088499	7227.FBpp0076391	0.0
7227.FBpp0089387	7227.FBpp0085308	0.0
7227.FBpp0084905	7227.FBpp0075951	0.0
7227.FBpp0075773	7227.FBpp0304574	0.0
7227.FBpp0302609	7227.FBpp0082483	0.0
7227.FBpp0080360	7227.FBpp0111680	0.0
7227.FBpp0288908	7227.FBpp0075390	0.0
7227.FBpp0078198	7227.FBpp0086843	0.0
7227.FBpp0293649	7227.FBpp0289902	0.0
7227.FBpp0076853	7227.FBpp0076771	0.0
7227.FBpp0084150	7227.FBpp0086568	0.0
7227.FBpp0303149	7227.FBpp0078828	0.0
7227.FBpp0080595	7227.FBpp0291573	0.0
7227.FBpp0289355	7227.FBpp0078828	0.0
7227.FBpp0078315	7227.FBpp0083779	0.0
7227.FBpp0290565	7227.FBpp0078735	0.0
7227.FBpp0303979	7227.FBpp0084616	0.0
7227.FBpp0083512	7227.FBpp0074452	0.0
7227.FBpp0291861	7227.FBpp0072503	0.0
7227.FBpp0085571	7227.FBpp0083263	0.0
7227.FBpp0071558	7227.FBpp0088689	0.0
7227.FBpp0288749	7227.FBpp0076641	0.0
7227.FBpp0289298	7227.FBpp0074099	0.0
7227.FBpp0111442	7227.FBpp0083046	0.0
7227.FBpp0099830	7227.FBpp0074608	0.0
7227.FBpp0089174	7227.FBpp0080108	0.0
7227.FBpp0083554	7227.FBpp0289672	0.0
7227.FBpp0076918	7227.FBpp0293463	0.0
7227.FBpp0072916	7227.FBpp0076346	0.0
7227.FBpp0080368	7227.FBpp0074586	0.0
7227.FBpp0082235	7227.FBpp0085676	0.0
7227.FBpp0086057	7227.FBpp0072951	0.0
7227.FBpp0072503	7227.FBpp0087289	0.0
7227.FBpp0297228	7227.FBpp0072068	0.0
7227.FBpp0080763	7227.FBpp0082525	0.0
7227.FBpp0083901	7227.FBpp0112169	0.0
7227.FBpp0293358	7227.FBpp0075215	0.0
7227.FBpp0289778	7227.FBpp0099913	0.0
7227.FBpp0078891	7227.FBpp0291347	0.0
7227.FBpp0292624	7227.FBpp0075035	0.0
7227.FBpp0084842	7227.FBpp0293859	0.0
7227.FBpp0082425	7227.FBpp0084444	0.0
7227.FBpp0070407	7227.FBpp0300964	0.0
7227.FBpp0077290	7227.FBpp0087909	0.0
7227.FBpp0079503	7227.FBpp0081562	0.0
7227.FBpp0079752	7227.FBpp0086249	0.0
7227.FBpp0289548	7227.FBpp0076938	0.0
7227.FBpp0303486	7227.FBpp0290362	0.0
7227.FBpp0291120	7227.FBpp0302533	0.0
7227.FBpp0073445	7227.FBpp0089332	0.0
7227.FBpp0085907	7227.FBpp0078616	0.0
7227.FBpp0074125	7227.FBpp0074882	0.0
7227.FBpp0086929	7227.FBpp0077275	0.0
7227.FBpp0289965	7227.FBpp0081899	0.0
7227.FBpp0300911	7227.FBpp0085957	0.0
7227.FBpp0110497	7227.FBpp0111933	0.0
7227.FBpp0083863	7227.FBpp0079267	0.0
7227.FBpp0077750	7227.FBpp0305138	0.0
7227.FBpp0110482	7227.FBpp0077974	0.0
7227.FBpp0072848	7227.FBpp0086085	0.0
7227.FBpp0305065	7227.FBpp0291668	0.0
7227.FBpp0078249	7227.FBpp0297746	0.0
7227.FBpp0302822	7227.FBpp0085839	0.0
7227.FBpp0082602	7227.FBpp0078482	0.0
7227.FBpp0087571	7227.FBpp0087972	0.0
7227.FBpp0292671	7227.FBpp0085526	0.0
7227.FBpp0080421	7227.FBpp0288724	0.0
7227.FBpp0074752	7227.FBpp0084657	0.0
7227.FBpp0070324	7227.FBpp0086268	0.0
7227.FBpp0083265	7227.FBpp0304016	0.0
7227.FBpp0112448	7227.FBpp0070964	0.0
7227.FBpp0080791	7227.FBpp0084408	0.0
7227.FBpp0085514	7227.FBpp0072971	0.0
7227.FBpp0271846	7227.FBpp0075175	0.0
7227.FBpp0070787	7227.FBpp0071314	0.0
7227.FBpp0085907	7227.FBpp0087318	0.0
7227.FBpp0293446	7227.FBpp0302960	0.0
7227.FBpp0071953	7227.FBpp0112339	0.0
7227.FBpp0085062	7227.FBpp0302844	0.0
7227.FBpp0293648	7227.FBpp0300656	0.0
7227.FBpp0072834	7227.FBpp0077622	0.0
7227.FBpp0086273	7227.FBpp0078249	0.0
7227.FBpp0290448	7227.FBpp0100114	0.0
7227.FBpp0070853	7227.FBpp0078187	0.0
7227.FBpp0080290	7227.FBpp0079154	0.0
7227.FBpp0080395	7227.FBpp0292060	0.0
7227.FBpp0305795	7227.FBpp0082148	0.0
7227.FBpp0084927	7227.FBpp0302694	0.0
7227.FBpp0074516	7227.FBpp0083501	0.0
7227.FBpp0077302	7227.FBpp0085348	0.0
7227.FBpp0074159	7227.FBpp0305836	0.0
7227.FBpp0077101	7227.FBpp0078779	0.0
7227.FBpp0074057	7227.FBpp0084685	0.0
7227.FBpp0290102	7227.FBpp0292251	0.0
7227.FBpp0082805	7227.FBpp0289651	0.0
7227.FBpp0072658	7227.FBpp0081982	0.0
7227.FBpp0082012	7227.FBpp0071949	0.0
7227.FBpp0078899	7227.FBpp0075529	0.0
7227.FBpp0112185	7227.FBpp0304588	0.0
7227.FBpp0087940	7227.FBpp0292301	0.0
7227.FBpp0078778	7227.FBpp0085335	0.0
7227.FBpp0111680	7227.FBpp0291610	0.0
7227.FBpp0083263	7227.FBpp0075797	0.0
7227.FBpp0297607	7227.FBpp0072205	0.0
7227.FBpp0076168	7227.FBpp0081849	0.0
7227.FBpp0293959	7227.FBpp0289333	0.0
7227.FBpp0304097	7227.FBpp0086346	0.0
7227.FBpp0075512	7227.FBpp0078685	0.0
7227.FBpp0076009	7227.FBpp0080061	0.0
7227.FBpp0080675	7227.FBpp0289761	0.0
7227.FBpp0302591	7227.FBpp0091123	0.0
7227.FBpp0076348	7227.FBpp0073232	0.0
7227.FBpp0291726	7227.FBpp0305820	0.0
7227.FBpp0074992	7227.FBpp0088446	0.0
7227.FBpp0073686	7227.FBpp0075223	0.0
7227.FBpp0289372	7227.FBpp0305448	0.0
7227.FBpp0086805	7227.FBpp0083273	0.0
7227.FBpp0300160	7227.FBpp0078736	0.0
7227.FBpp0087088	7227.FBpp0291143	0.0
7227.FBpp0073327	7227.FBpp0084362	0.0
7227.FBpp0088260	7227.FBpp0072303	0.0
7227.FBpp0073750	7227.FBpp0070537	0.0
