Entry	Entry Name	Gene Names	Length	Gene Ontology (cellular component)
A0A0B7P3V8	YP41B_YEAST	TY4B-P YPLCTy4-1 POL YPL060C-A	1104	cytoplasm [GO:0005737]; nucleus [GO:0005634]
D6VTK4	STE2_YEAST	STE2 YFL026W	431	G protein-coupled receptor homodimeric complex [GO:0038038]; plasma membrane [GO:0005886]
O13297	CET1_YEAST	CET1 YPL228W P1433	549	mRNA capping enzyme complex [GO:0031533]
O13329	FOB1_YEAST	FOB1 HRM1 YDR110W YD9727.06	566	nucleolus [GO:0005730]; rDNA heterochromatin [GO:0033553]
O13516	RS9A_YEAST	RPS9A RPS13A YS11A YPL081W	197	90S preribosome [GO:0030686]; cytoplasm [GO:0005737]; cytosol [GO:0005829]; cytosolic small ribosomal subunit [GO:0022627]; nucleoplasm [GO:0005654]; small-subunit processome [GO:0032040]
O13525	COQ4_YEAST	COQ4 YDR204W YD8142.01	335	extrinsic component of mitochondrial inner membrane [GO:0031314]; mitochondrial inner membrane [GO:0005743]; mitochondrion [GO:0005739]
O13527	YA11B_YEAST	TY1B-A YARCTy1-1 POL YAR009C	1196	cytoplasm [GO:0005737]; nucleus [GO:0005634]
O13535	YH11B_YEAST	TY1B-H YHRCTy1-1 POL YHR214C-B	1793	cytoplasm [GO:0005737]; nucleus [GO:0005634]
O13539	THP2_YEAST	THP2 YHR167W	261	nucleoplasmic THO complex [GO:0000446]; THO complex [GO:0000347]; THO complex part of transcription export complex [GO:0000445]; transcription export complex [GO:0000346]
O13547	CCW14_YEAST	CCW14 ICWP SSR1 YLR390W-A YLR391W-A	238	cell periphery [GO:0071944]; fungal-type cell wall [GO:0009277]; mitochondrion [GO:0005739]; side of membrane [GO:0098552]
O13563	RPN13_YEAST	RPN13 DAQ1 YLR421C	156	nucleus [GO:0005634]; proteasome complex [GO:0000502]; proteasome regulatory particle, lid subcomplex [GO:0008541]; proteasome storage granule [GO:0034515]
O14455	RL36B_YEAST	RPL36B RPL39B YPL249C-A YPL249BC	100	cytosol [GO:0005829]; cytosolic large ribosomal subunit [GO:0022625]
O14467	MBF1_YEAST	MBF1 SUF13 YOR298C-A	151	cytoplasm [GO:0005737]; mitochondrion [GO:0005739]; nucleus [GO:0005634]
O60200	MDM35_YEAST	MDM35 YKL053C-A	86	cytoplasm [GO:0005737]; mitochondrial intermembrane space [GO:0005758]; mitochondrion [GO:0005739]; nucleus [GO:0005634]
O74700	TIM9_YEAST	TIM9 YEL020W-A YEL020BW	87	mitochondrial inner membrane [GO:0005743]; mitochondrial intermembrane space [GO:0005758]; mitochondrial intermembrane space chaperone complex [GO:0042719]; mitochondrion [GO:0005739]; TIM22 mitochondrial import inner membrane insertion complex [GO:0042721]
O75012	MRP10_YEAST	MRP10 YDL045W-A	95	mitochondrial inner membrane [GO:0005743]; mitochondrial small ribosomal subunit [GO:0005763]
O94742	SEM1_YEAST	SEM1 DSH1 YDR363W-A	89	cytosol [GO:0005829]; proteasome complex [GO:0000502]; proteasome regulatory particle, lid subcomplex [GO:0008541]; proteasome storage granule [GO:0034515]; transcription export complex 2 [GO:0070390]
P00044	CYC1_YEAST	CYC1 YJR048W J1653	109	mitochondrial intermembrane space [GO:0005758]; mitochondrion [GO:0005739]
P00127	QCR6_YEAST	QCR6 UCR6 YFR033C	147	mitochondrial inner membrane [GO:0005743]; mitochondrial intermembrane space [GO:0005758]; mitochondrion [GO:0005739]; nuclear periphery [GO:0034399]; respiratory chain complex III [GO:0045275]
P00128	QCR7_YEAST	QCR7 CRO1 UCR7 YDR529C D9719.32	127	matrix side of mitochondrial inner membrane [GO:0099617]; mitochondrial inner membrane [GO:0005743]; mitochondrion [GO:0005739]; respiratory chain complex III [GO:0045275]
P00163	CYB_YEAST	COB CYTB Q0105	385	membrane [GO:0016020]; mitochondrial inner membrane [GO:0005743]; mitochondrion [GO:0005739]; respiratory chain complex III [GO:0045275]
P00175	CYB2_YEAST	CYB2 YML054C YM9958.08C	591	cytosol [GO:0005829]; mitochondrial inner membrane [GO:0005743]; mitochondrial intermembrane space [GO:0005758]; mitochondrion [GO:0005739]; nucleus [GO:0005634]
P00330	ADH1_YEAST	ADH1 ADC1 YOL086C O0947	348	cytoplasm [GO:0005737]; plasma membrane [GO:0005886]
P00331	ADH2_YEAST	ADH2 ADR2 YMR303C YM9952.05C	348	cytoplasm [GO:0005737]
P00358	G3P2_YEAST	TDH2 GPD2 YJR009C J1433	332	cytoplasm [GO:0005737]; cytosol [GO:0005829]; fungal-type cell wall [GO:0009277]; lipid droplet [GO:0005811]; mitochondrion [GO:0005739]; nucleus [GO:0005634]; plasma membrane [GO:0005886]
P00359	G3P3_YEAST	TDH3 GPD3 YGR192C G7576	332	cytoplasm [GO:0005737]; cytosol [GO:0005829]; fungal-type cell wall [GO:0009277]; lipid droplet [GO:0005811]; mitochondrion [GO:0005739]; nucleus [GO:0005634]; plasma membrane [GO:0005886]
P00360	G3P1_YEAST	TDH1 GPD1 SSS2 YJL052W J1154	332	cytosol [GO:0005829]; fungal-type cell wall [GO:0009277]; lipid droplet [GO:0005811]; mitochondrion [GO:0005739]; plasma membrane [GO:0005886]
P00401	COX1_YEAST	COX1 OXI3 Q0045	534	mitochondrial inner membrane [GO:0005743]; mitochondrial membrane [GO:0031966]; mitochondrion [GO:0005739]; respiratory chain complex IV [GO:0045277]
P00410	COX2_YEAST	COX2 OXI1 Q0250	251	mitochondrial inner membrane [GO:0005743]; mitochondrial membrane [GO:0031966]; mitochondrion [GO:0005739]; respiratory chain complex IV [GO:0045277]
P00420	COX3_YEAST	COX3 OXI2 Q0275	269	mitochondrial inner membrane [GO:0005743]; mitochondrial membrane [GO:0031966]; mitochondrion [GO:0005739]; respiratory chain complex IV [GO:0045277]
P00424	COX5A_YEAST	COX5A YNL052W N2474 YNL2474W	153	mitochondrial inner membrane [GO:0005743]; mitochondrial intermembrane space [GO:0005758]; mitochondrion [GO:0005739]; respiratory chain complex IV [GO:0045277]
P00431	CCPR_YEAST	CCP1 CCP CPO YKR066C	361	mitochondrial intermembrane space [GO:0005758]; mitochondrial matrix [GO:0005759]; mitochondrion [GO:0005739]
P00445	SODC_YEAST	SOD1 YJR104C J1968	154	cytosol [GO:0005829]; mitochondrial intermembrane space [GO:0005758]; mitochondrion [GO:0005739]; nucleus [GO:0005634]; superoxide dismutase complex [GO:1902693]
P00546	CDK1_YEAST	CDC28 CDK1 HSL5 SRM5 YBR160W YBR1211	298	cellular bud neck [GO:0005935]; cyclin-dependent protein kinase holoenzyme complex [GO:0000307]; cytoplasm [GO:0005737]; cytoplasmic stress granule [GO:0010494]; endoplasmic reticulum [GO:0005783]; nucleus [GO:0005634]
P00549	KPYK1_YEAST	CDC19 PYK1 YAL038W	500	cytoplasm [GO:0005737]; plasma membrane [GO:0005886]
P00560	PGK_YEAST	PGK1 YCR012W YCR12W	416	cytoplasm [GO:0005737]; cytosol [GO:0005829]; mitochondrion [GO:0005739]; plasma membrane [GO:0005886]
P00572	KTHY_YEAST	CDC8 YJR057W J1715	216	cytoplasm [GO:0005737]; nucleus [GO:0005634]
P00635	PPA5_YEAST	PHO5 YBR093C YBR0814	467	cell periphery [GO:0071944]; extracellular region [GO:0005576]; fungal-type cell wall [GO:0009277]
P00724	INV2_YEAST	SUC2 YIL162W	532	cell periphery [GO:0071944]; cytoplasm [GO:0005737]; extracellular region [GO:0005576]; fungal-type vacuole [GO:0000324]; mitochondrion [GO:0005739]
P00729	CBPY_YEAST	PRC1 YMR297W	532	cytoplasm [GO:0005737]; endoplasmic reticulum [GO:0005783]; extracellular region [GO:0005576]; fungal-type vacuole [GO:0000324]; fungal-type vacuole lumen [GO:0000328]; vacuolar lumen [GO:0005775]
P00812	ARGI_YEAST	CAR1 YPL111W LPH15W	333	cytoplasm [GO:0005737]; cytosol [GO:0005829]; mating projection tip [GO:0043332]; nucleus [GO:0005634]; ornithine carbamoyltransferase inhibitor complex [GO:1903269]
P00815	HIS2_YEAST	HIS4 YCL030C YCL183 YCL30C	799	cytoplasm [GO:0005737]
P00817	IPYR_YEAST	IPP1 PPA PPA1 YBR011C YBR0202	287	cytoplasm [GO:0005737]; nucleus [GO:0005634]
P00830	ATPB_YEAST	ATP2 YJR121W J2041	511	cytosol [GO:0005829]; mitochondrial inner membrane [GO:0005743]; mitochondrial intermembrane space [GO:0005758]; mitochondrion [GO:0005739]; proton-transporting ATP synthase complex [GO:0045259]
P00854	ATP6_YEAST	ATP6 OLI2 OLI4 PHO1 Q0085	259	mitochondrial inner membrane [GO:0005743]; mitochondrion [GO:0005739]; proton-transporting ATP synthase complex [GO:0045259]
P00890	CISY1_YEAST	CIT1 GLU3 LYS6 YNR001C N2019	479	cytosol [GO:0005829]; mitochondrial intermembrane space [GO:0005758]; mitochondrial matrix [GO:0005759]; mitochondrion [GO:0005739]
P00924	ENO1_YEAST	ENO1 ENOA HSP48 YGR254W G9160	437	cytoplasm [GO:0005737]; cytosol [GO:0005829]; fungal-type vacuole [GO:0000324]; mitochondrion [GO:0005739]; phosphopyruvate hydratase complex [GO:0000015]; plasma membrane [GO:0005886]
P00925	ENO2_YEAST	ENO2 ENOB YHR174W	437	cytoplasmic side of plasma membrane [GO:0009898]; cytosol [GO:0005829]; fungal-type vacuole [GO:0000324]; mitochondrion [GO:0005739]; phosphopyruvate hydratase complex [GO:0000015]; plasma membrane [GO:0005886]
P00927	THDH_YEAST	ILV1 YER086W	576	mitochondrion [GO:0005739]
P00937	TRPG_YEAST	TRP3 YKL211C	484	anthranilate synthase complex [GO:0005950]; cytoplasm [GO:0005737]
P00942	TPIS_YEAST	TPI1 YDR050C YD9609.05C	248	cytoplasm [GO:0005737]; cytosol [GO:0005829]; mitochondrion [GO:0005739]; plasma membrane [GO:0005886]
P00950	PMG1_YEAST	GPM1 GPM YKL152C YKL607	247	cytosol [GO:0005829]; mitochondrial intermembrane space [GO:0005758]; mitochondrial outer membrane [GO:0005741]; mitochondrion [GO:0005739]
P00958	SYMC_YEAST	MES1 YGR264C	751	aminoacyl-tRNA synthetase multienzyme complex [GO:0017101]; cytoplasm [GO:0005737]; cytoplasmic stress granule [GO:0010494]; cytosol [GO:0005829]; methionyl glutamyl tRNA synthetase complex [GO:0017102]
P01094	IPA3_YEAST	PAI3 YMR174C YM8010.04C	68	cytoplasm [GO:0005737]; nucleus [GO:0005634]; protein-containing complex [GO:0032991]; vacuole [GO:0005773]
P01097	ATIF_YEAST	INH1 YDL181W D1305	85	mitochondrion [GO:0005739]
P01119	RAS1_YEAST	RAS1 YOR101W YOR3205W	309	cell periphery [GO:0071944]; cytoplasm [GO:0005737]; nucleus [GO:0005634]; plasma membrane [GO:0005886]
P01120	RAS2_YEAST	RAS2 ASC1 CTN5 GLC5 YNL098C N2198	322	cell periphery [GO:0071944]; endoplasmic reticulum membrane [GO:0005789]; mitochondrion [GO:0005739]; nucleus [GO:0005634]; plasma membrane [GO:0005886]
P01123	YPT1_YEAST	YPT1 YP2 YFL038C	206	cis-Golgi network [GO:0005801]; cytoplasmic vesicle [GO:0031410]; cytosol [GO:0005829]; endomembrane system [GO:0012505]; endoplasmic reticulum membrane [GO:0005789]; Golgi membrane [GO:0000139]; Golgi stack [GO:0005795]; mitochondrion [GO:0005739]; phagophore assembly site [GO:0000407]; phagophore assembly site membrane [GO:0034045]
P02293	H2B1_YEAST	HTB1 H2B1 SPT12 YDR224C YD9934.09C	131	nucleosome [GO:0000786]; nucleus [GO:0005634]
P02294	H2B2_YEAST	HTB2 H2B2 YBL002W YBL0104	131	nucleosome [GO:0000786]; nucleus [GO:0005634]
P02309	H4_YEAST	HHF1 YBR009C YBR0122; HHF2 YNL030W N2752	103	nucleosome [GO:0000786]; nucleus [GO:0005634]; RNA polymerase I upstream activating factor complex [GO:0000500]
P02400	RLA4_YEAST	RPP2B L12EIA RPL45 RPLA4 YDR382W	110	cytosol [GO:0005829]; cytosolic large ribosomal subunit [GO:0022625]; fungal-type vacuole [GO:0000324]
P02406	RL28_YEAST	RPL28 CYH2 YGL103W	149	cytoplasm [GO:0005737]; cytosol [GO:0005829]; cytosolic large ribosomal subunit [GO:0022625]; nucleus [GO:0005634]
P02557	TBB_YEAST	TUB2 YFL037W	457	cytoplasm [GO:0005737]; microtubule [GO:0005874]; tubulin complex [GO:0045298]
P02829	HSP82_YEAST	HSP82 HSP90 YPL240C	709	cytoplasm [GO:0005737]; cytosol [GO:0005829]; nucleus [GO:0005634]; perinuclear region of cytoplasm [GO:0048471]; plasma membrane [GO:0005886]; protein-containing complex [GO:0032991]
P02992	EFTU_YEAST	TUF1 TUFM YOR187W	437	mitochondrion [GO:0005739]
P02994	EF1A_YEAST	TEF1 YPR080W P9513.7; TEF2 YBR118W YBR0913	458	cytoplasm [GO:0005737]; cytoskeleton [GO:0005856]; cytosol [GO:0005829]; eukaryotic translation elongation factor 1 complex [GO:0005853]; fungal-type vacuole membrane [GO:0000329]; mitochondrion [GO:0005739]; ribosome [GO:0005840]
P03069	GCN4_YEAST	GCN4 AAS101 AAS3 ARG9 YEL009C	281	nucleus [GO:0005634]; RNA polymerase II transcription regulator complex [GO:0090575]; transcription regulator complex [GO:0005667]
P03870	FLP_YEAST	FLP1 R0010W	423	
P03871	REP1_YEAST	REP1 R0020C	373	nuclear chromosome [GO:0000228]; nucleus [GO:0005634]
P03873	MBI2_YEAST	BI2 Q0110	423	mitochondrial inner membrane [GO:0005743]; mitochondrion [GO:0005739]
P03877	SCE3_YEAST	AI3 ENS3 I-SCEIII Q0060	415	mitochondrion [GO:0005739]; respiratory chain complex IV [GO:0045277]
P03878	SCE2_YEAST	AI4 ENS2 I-SCEII Q0065	556	mitochondrion [GO:0005739]; respiratory chain complex IV [GO:0045277]
P03879	MBI4_YEAST	BI4 SCBI4 Q0120	638	mitochondrion [GO:0005739]
P03962	PYRF_YEAST	URA3 YEL021W	267	cytosol [GO:0005829]
P03965	CARB_YEAST	CPA2 YJR109C J2002	1118	carbamoyl-phosphate synthase complex [GO:0005951]; cytoplasm [GO:0005737]
P04037	COX4_YEAST	COX4 YGL187C G1362	155	mitochondrial inner membrane [GO:0005743]; mitochondrial intermembrane space [GO:0005758]; mitochondrion [GO:0005739]; respiratory chain complex IV [GO:0045277]
P04039	COX8_YEAST	COX8 YLR395C L8084.14	78	mitochondrial inner membrane [GO:0005743]; mitochondrion [GO:0005739]; respiratory chain complex IV [GO:0045277]
P04050	RPB1_YEAST	RPO21 RPB1 RPB220 SUA8 YDL140C D2150	1733	cytoplasmic stress granule [GO:0010494]; mitochondrion [GO:0005739]; nucleus [GO:0005634]; RNA polymerase II, core complex [GO:0005665]
P04051	RPC1_YEAST	RPO31 RPC1 RPC160 YOR116C O3254 YOR3254C	1460	nucleoplasm [GO:0005654]; nucleus [GO:0005634]; RNA polymerase III complex [GO:0005666]
P04147	PABP_YEAST	PAB1 YER165W	577	cytoplasm [GO:0005737]; cytoplasmic stress granule [GO:0010494]; cytosol [GO:0005829]; nucleus [GO:0005634]; ribonucleoprotein complex [GO:1990904]; ribosome [GO:0005840]
P04385	GAL1_YEAST	GAL1 YBR020W YBR0302	528	cytoplasm [GO:0005737]; cytosol [GO:0005829]; nucleus [GO:0005634]; transcription regulator complex [GO:0005667]
P04386	GAL4_YEAST	GAL4 YPL248C	881	nucleus [GO:0005634]; transcription repressor complex [GO:0017053]
P04387	GAL80_YEAST	GAL80 YML051W YM9827.01 YM9958.12	435	cytoplasm [GO:0005737]; nucleus [GO:0005634]; transcription regulator complex [GO:0005667]; transcription repressor complex [GO:0017053]
P04397	GAL10_YEAST	GAL10 YBR019C YBR0301	699	cytosol [GO:0005829]
P04449	RL24A_YEAST	RPL24A RP29 RPL30A YGL031C	155	cytosol [GO:0005829]; cytosolic large ribosomal subunit [GO:0022625]
P04456	RL25_YEAST	RPL25 YOL127W	142	cytosol [GO:0005829]; cytosolic large ribosomal subunit [GO:0022625]; preribosome, large subunit precursor [GO:0030687]
P04710	ADT1_YEAST	AAC1 YMR056C YM9796.09C	309	cytosol [GO:0005829]; mitochondrial inner membrane [GO:0005743]; mitochondrial intermembrane space [GO:0005758]; mitochondrion [GO:0005739]
P04786	TOP1_YEAST	TOP1 MAK1 YOL006C	769	chromosome [GO:0005694]; mitochondrion [GO:0005739]; nucleolus [GO:0005730]; nucleoplasm [GO:0005654]; nucleus [GO:0005634]
P04802	SYDC_YEAST	DPS1 APS APS1 YLL018C L1295	557	aminoacyl-tRNA synthetase multienzyme complex [GO:0017101]; cytoplasm [GO:0005737]; cytosol [GO:0005829]; nucleus [GO:0005634]
P04806	HXKA_YEAST	HXK1 HKA YFR053C	485	cytoplasm [GO:0005737]; cytosol [GO:0005829]; mitochondrion [GO:0005739]
P04807	HXKB_YEAST	HXK2 HEX1 HKB YGL253W NRB486	486	cytosol [GO:0005829]; mitochondrial membrane [GO:0031966]; mitochondrion [GO:0005739]; nucleus [GO:0005634]
P04817	CAN1_YEAST	CAN1 YEL063C	590	eisosome [GO:0032126]; endoplasmic reticulum [GO:0005783]; endosome membrane [GO:0010008]; membrane [GO:0016020]; mitochondrion [GO:0005739]; plasma membrane [GO:0005886]
P04819	DNLI1_YEAST	CDC9 YDL164C	755	mitochondrion [GO:0005739]; nucleus [GO:0005634]
P04821	CDC25_YEAST	CDC25 CTN1 YLR310C L2142.6	1589	cytoplasm [GO:0005737]; cytosol [GO:0005829]; endoplasmic reticulum membrane [GO:0005789]; nucleus [GO:0005634]; plasma membrane [GO:0005886]
P04840	VDAC1_YEAST	POR1 OMP2 VDAC1 YNL055C N2441 YNL2441C	283	cytoplasm [GO:0005737]; mitochondrial inner-outer membrane contact site [GO:0044289]; mitochondrial intermembrane space [GO:0005758]; mitochondrial outer membrane [GO:0005741]; mitochondrion [GO:0005739]; pore complex [GO:0046930]
P04911	H2A1_YEAST	HTA1 H2A1 SPT11 YDR225W YD9934.10	132	nucleosome [GO:0000786]; nucleus [GO:0005634]
P04912	H2A2_YEAST	HTA2 H2A2 YBL003C YBL0103	132	nucleosome [GO:0000786]; nucleus [GO:0005634]
P05030	PMA1_YEAST	PMA1 YGL008C	918	cytosol [GO:0005829]; eisosome [GO:0032126]; membrane raft [GO:0045121]; mitochondrion [GO:0005739]; plasma membrane [GO:0005886]
P05066	PHR_YEAST	PHR1 YOR386W	565	cytoplasm [GO:0005737]; mitochondrion [GO:0005739]; nucleus [GO:0005634]
P05150	OTC_YEAST	ARG3 YJL088W J0924	338	cytosol [GO:0005829]; mitochondrion [GO:0005739]; ornithine carbamoyltransferase inhibitor complex [GO:1903269]
P05317	RLA0_YEAST	RPP0 L10E RPA0 RPL10E RPLA0 YLR340W L8300.8	312	90S preribosome [GO:0030686]; cytoplasm [GO:0005737]; cytosolic large ribosomal subunit [GO:0022625]
P05318	RLA1_YEAST	RPP1A L12EIIA RPA1 RPLA1 YDL081C	106	cytosolic large ribosomal subunit [GO:0022625]
P05319	RLA2_YEAST	RPP2A L12EIB RPA2 RPL44 RPLA2 YOL039W	106	cytosolic large ribosomal subunit [GO:0022625]
P05373	HEM2_YEAST	HEM2 YGL040C	342	cytoplasm [GO:0005737]; cytosol [GO:0005829]; nucleus [GO:0005634]
P05374	CHO2_YEAST	CHO2 PEM1 YGR157W G6673	869	cell periphery [GO:0071944]; endoplasmic reticulum [GO:0005783]; endoplasmic reticulum membrane [GO:0005789]
P05375	PLMT_YEAST	OPI3 PEM2 YJR073C J1824	206	cell periphery [GO:0071944]; endoplasmic reticulum [GO:0005783]; endoplasmic reticulum membrane [GO:0005789]; mitochondrial membrane [GO:0031966]; mitochondrion [GO:0005739]
P05453	ERF3_YEAST	SUP35 GST1 PNM2 SAL3 SUF12 SUP2 YDR172W YD9395.05	685	cytoplasm [GO:0005737]; cytoplasmic stress granule [GO:0010494]; cytosol [GO:0005829]; translation release factor complex [GO:0018444]
P05694	METE_YEAST	MET6 YER091C	767	cytoplasm [GO:0005737]; plasma membrane [GO:0005886]
P05737	RL7A_YEAST	RPL7A RPL6A RPL8A YL8A YGL076C	244	cytoplasm [GO:0005737]; cytosol [GO:0005829]; cytosolic large ribosomal subunit [GO:0022625]
P05739	RL6B_YEAST	RPL6B RPL16B RPL17B YL16B YLR448W L9324.4	176	cytosol [GO:0005829]; cytosolic large ribosomal subunit [GO:0022625]
P05740	RL17A_YEAST	RPL17A RPL17 RPL20A YKL180W	184	cytoplasm [GO:0005737]; cytosol [GO:0005829]; cytosolic large ribosomal subunit [GO:0022625]; preribosome, large subunit precursor [GO:0030687]
P05744	RL33A_YEAST	RPL33A RPL37A YPL143W LPI4W P2625	107	cytosol [GO:0005829]; cytosolic large ribosomal subunit [GO:0022625]
P05745	RL36A_YEAST	RPL36A RPL39A YMR194W YM9646.06	100	cytosol [GO:0005829]; cytosolic large ribosomal subunit [GO:0022625]
P05748	RL15A_YEAST	RPL15A RPL10A RPL13A YL10A YLR029C	204	cytosol [GO:0005829]; cytosolic large ribosomal subunit [GO:0022625]
P05750	RS3_YEAST	RPS3 SUF14 YNL178W N1653	240	90S preribosome [GO:0030686]; cytoplasm [GO:0005737]; cytosol [GO:0005829]; cytosolic small ribosomal subunit [GO:0022627]; nucleus [GO:0005634]; preribosome, small subunit precursor [GO:0030688]
P05755	RS9B_YEAST	RPS9B RPS13B SUP46 YBR189W YBR1317	195	90S preribosome [GO:0030686]; cytosol [GO:0005829]; cytosolic small ribosomal subunit [GO:0022627]; small-subunit processome [GO:0032040]
P05756	RS13_YEAST	RPS13 RPS13C YDR064W D4252 YD9609.18	151	90S preribosome [GO:0030686]; cytoplasm [GO:0005737]; cytosol [GO:0005829]; cytosolic small ribosomal subunit [GO:0022627]; nucleolus [GO:0005730]
P05759	RS31_YEAST	RPS31 RPS37 UBI3 YLR167W L9470.14	152	cytoplasm [GO:0005737]; cytosol [GO:0005829]; cytosolic small ribosomal subunit [GO:0022627]; nucleus [GO:0005634]
P05986	KAPC_YEAST	TPK3 PKA3 YKL166C YKL630	398	cAMP-dependent protein kinase complex [GO:0005952]; cytoplasm [GO:0005737]; cytoplasmic stress granule [GO:0010494]; cytosol [GO:0005829]; nucleus [GO:0005634]; P-body [GO:0000932]
P06100	NOT2_YEAST	CDC36 DNA19 NOT2 YDL165W	191	CCR4-NOT core complex [GO:0030015]; cytoplasm [GO:0005737]; nucleus [GO:0005634]
P06101	CDC37_YEAST	CDC37 SMO1 YDR168W YD9489.03	506	cytoplasm [GO:0005737]
P06102	NOT3_YEAST	NOT3 YIL038C	836	CCR4-NOT core complex [GO:0030015]; cytoplasm [GO:0005737]; nucleus [GO:0005634]; P-body [GO:0000932]
P06103	EIF3B_YEAST	PRT1 CDC63 YOR361C	763	cytoplasmic stress granule [GO:0010494]; eukaryotic 43S preinitiation complex [GO:0016282]; eukaryotic 48S preinitiation complex [GO:0033290]; eukaryotic translation initiation factor 3 complex [GO:0005852]; multi-eIF complex [GO:0043614]
P06104	UBC2_YEAST	RAD6 UBC2 YGL058W	172	chromatin [GO:0000785]; chromosome, telomeric region [GO:0000781]; cytoplasm [GO:0005737]; HULC complex [GO:0033503]; MUB1-RAD6-UBR2 ubiquitin ligase complex [GO:1990304]; nucleus [GO:0005634]; Rad6-Rad18 complex [GO:0097505]; RAD6-UBR2 ubiquitin ligase complex [GO:1990305]; UBR1-RAD6 ubiquitin ligase complex [GO:1990303]
P06105	SC160_YEAST	SCP160 HX YJL080C J1017	1222	chromosome, telomeric region [GO:0000781]; cytoplasm [GO:0005737]; endoplasmic reticulum [GO:0005783]; endoplasmic reticulum membrane [GO:0005789]; fungal-type vacuole membrane [GO:0000329]; nuclear membrane [GO:0031965]; nuclear outer membrane-endoplasmic reticulum membrane network [GO:0042175]
P06106	CYSD_YEAST	MET17 MET15 MET25 YLR303W L8003.1	444	cytoplasm [GO:0005737]; plasma membrane [GO:0005886]
P06115	CATT_YEAST	CTT1 YGR088W	562	cytoplasm [GO:0005737]; mitochondrion [GO:0005739]; peroxisome [GO:0005777]
P06168	ILV5_YEAST	ILV5 YLR355C L9638.7	395	mitochondrial nucleoid [GO:0042645]; mitochondrion [GO:0005739]
P06169	PDC1_YEAST	PDC1 YLR044C L2104	563	cytoplasm [GO:0005737]; cytosol [GO:0005829]; nucleus [GO:0005634]
P06197	PIS_YEAST	PIS1 YPR113W P8283.5	220	endoplasmic reticulum [GO:0005783]; endoplasmic reticulum membrane [GO:0005789]; Golgi apparatus [GO:0005794]; Golgi membrane [GO:0000139]; membrane [GO:0016020]; mitochondrial outer membrane [GO:0005741]; mitochondrion [GO:0005739]
P06208	LEU1_YEAST	LEU4 YNL104C N2173	619	cytoplasm [GO:0005737]; mitochondrion [GO:0005739]
P06242	KIN28_YEAST	KIN28 YDL108W D2330	306	cytoplasm [GO:0005737]; cytosol [GO:0005829]; nucleus [GO:0005634]; transcription factor TFIIH holo complex [GO:0005675]; transcription factor TFIIK complex [GO:0070985]
P06243	CDC7_YEAST	CDC7 OAF2 YDL017W D2855	507	centrosome [GO:0005813]; chromatin [GO:0000785]; chromosome, centromeric region [GO:0000775]; cytoplasm [GO:0005737]; Dbf4-dependent protein kinase complex [GO:0031431]; nucleus [GO:0005634]
P06244	KAPA_YEAST	TPK1 PKA1 SRA3 YJL164C J0541	397	cAMP-dependent protein kinase complex [GO:0005952]; chromatin [GO:0000785]; cytoplasm [GO:0005737]; cytosol [GO:0005829]; nucleus [GO:0005634]
P06245	KAPB_YEAST	TPK2 PKA2 YKR1 YPL203W	380	cAMP-dependent protein kinase complex [GO:0005952]; chromatin [GO:0000785]; cytosol [GO:0005829]; nucleus [GO:0005634]; P-body [GO:0000932]
P06367	RS14A_YEAST	RPS14A CRY1 RPL59 YCR031C YCR31C	137	90S preribosome [GO:0030686]; cytosol [GO:0005829]; cytosolic small ribosomal subunit [GO:0022627]; nucleoplasm [GO:0005654]; small-subunit processome [GO:0032040]
P06634	DED1_YEAST	DED1 SPP81 YOR204W	604	cytoplasm [GO:0005737]; cytoplasmic stress granule [GO:0010494]; nucleus [GO:0005634]
P06700	SIR2_YEAST	SIR2 MAR1 YDL042C D2714	562	chromatin silencing complex [GO:0005677]; chromosome, telomeric region [GO:0000781]; heterochromatin [GO:0000792]; nucleolus [GO:0005730]; nucleus [GO:0005634]; RENT complex [GO:0030869]
P06701	SIR3_YEAST	SIR3 CMT1 MAR2 STE8 YLR442C L9753.10	978	chromatin silencing complex [GO:0005677]; chromosome, telomeric region [GO:0000781]; heterochromatin [GO:0000792]; mitochondrion [GO:0005739]; nucleolus [GO:0005730]
P06704	CDC31_YEAST	CDC31 DSK1 YOR257W	161	half bridge of spindle pole body [GO:0005825]; mitotic spindle pole body [GO:0044732]; nuclear envelope [GO:0005635]; transcription export complex 2 [GO:0070390]
P06738	PHSG_YEAST	GPH1 YPR160W P9584.1	902	cytoplasm [GO:0005737]; cytosol [GO:0005829]
P06774	HAP2_YEAST	HAP2 YGL237C	265	CCAAT-binding factor complex [GO:0016602]; nucleus [GO:0005634]
P06777	RAD1_YEAST	RAD1 YPL022W	1100	endonuclease complex [GO:1905348]; nucleotide-excision repair factor 1 complex [GO:0000110]; nucleus [GO:0005634]
P06778	RAD52_YEAST	RAD52 YML032C	471	mitochondrion [GO:0005739]; nuclear chromosome [GO:0000228]; nucleus [GO:0005634]
P06779	RAD7_YEAST	RAD7 YJR052W J1665	565	Cul3-RING ubiquitin ligase complex [GO:0031463]; cytoplasm [GO:0005737]; nucleotide-excision repair factor 4 complex [GO:0000113]
P06780	RHO1_YEAST	RHO1 YPR165W P9325.3	209	1,3-beta-D-glucan synthase complex [GO:0000148]; cell periphery [GO:0071944]; cellular bud [GO:0005933]; cellular bud neck [GO:0005935]; cellular bud tip [GO:0005934]; cytosol [GO:0005829]; endoplasmic reticulum [GO:0005783]; endosome membrane [GO:0010008]; fungal-type cell wall [GO:0009277]; fungal-type vacuole membrane [GO:0000329]; Golgi apparatus [GO:0005794]; incipient cellular bud site [GO:0000131]; mating projection tip [GO:0043332]; membrane [GO:0016020]; mitochondrial outer membrane [GO:0005741]; mitochondrion [GO:0005739]; peroxisomal membrane [GO:0005778]; peroxisome [GO:0005777]; plasma membrane [GO:0005886]; spore wall [GO:0031160]
P06781	RHO2_YEAST	RHO2 YNL090W N2237	192	cell periphery [GO:0071944]; cytosol [GO:0005829]; membrane [GO:0016020]; plasma membrane [GO:0005886]
P06782	SNF1_YEAST	SNF1 CAT1 CCR1 GLC2 PAS14 YDR477W D8035.20	633	cellular bud neck septin ring [GO:0000144]; cytoplasm [GO:0005737]; mitochondrion [GO:0005739]; nuclear envelope lumen [GO:0005641]; nuclear membrane [GO:0031965]; nucleotide-activated protein kinase complex [GO:0031588]; nucleus [GO:0005634]; vacuolar membrane [GO:0005774]
P06784	STE7_YEAST	STE7 YDL159W D1525	515	cytoplasm [GO:0005737]; mating projection tip [GO:0043332]
P06785	TYSY_YEAST	CDC21 CRT9 TMP1 YOR074C YOR29-25	304	cytosol [GO:0005829]; mitochondrion [GO:0005739]; nuclear periphery [GO:0034399]
P06786	TOP2_YEAST	TOP2 TOR3 YNL088W N2244	1428	DNA replication termination region [GO:0097047]; mitochondrion [GO:0005739]; nucleus [GO:0005634]; synaptonemal complex [GO:0000795]
P06787	CALM_YEAST	CMD1 YBR109C YBR0904	147	actin cortical patch [GO:0030479]; cell tip [GO:0051286]; cellular bud [GO:0005933]; cellular bud neck [GO:0005935]; cellular bud tip [GO:0005934]; central plaque of spindle pole body [GO:0005823]; cytoplasm [GO:0005737]; incipient cellular bud site [GO:0000131]; mating projection tip [GO:0043332]; myosin I complex [GO:0045160]; myosin V complex [GO:0031475]
P06838	RAD10_YEAST	RAD10 YML095C	210	endonuclease complex [GO:1905348]; nucleotide-excision repair factor 1 complex [GO:0000110]; nucleus [GO:0005634]
P06839	RAD3_YEAST	RAD3 REM1 YER171W	778	cytosol [GO:0005829]; nucleotide-excision repair factor 3 complex [GO:0000112]; nucleus [GO:0005634]; transcription factor TFIIH core complex [GO:0000439]; transcription factor TFIIH holo complex [GO:0005675]
P06843	SPT2_YEAST	SPT2 SIN1 SPM2 YER161C	333	cytosol [GO:0005829]; nucleus [GO:0005634]
P06844	SPT3_YEAST	SPT3 YDR392W D9509.12	337	cytosol [GO:0005829]; nucleus [GO:0005634]; SAGA complex [GO:0000124]; SLIK (SAGA-like) complex [GO:0046695]
P07143	CY1_YEAST	CYT1 CTC1 YOR065W YOR29-16	309	cytosol [GO:0005829]; mitochondrial inner membrane [GO:0005743]; mitochondrial intermembrane space [GO:0005758]; mitochondrion [GO:0005739]; respiratory chain complex III [GO:0045275]
P07149	FAS1_YEAST	FAS1 YKL182W	2051	cytoplasm [GO:0005737]; cytosol [GO:0005829]; fatty acid synthase complex [GO:0005835]; lipid droplet [GO:0005811]; mitochondrion [GO:0005739]
P07170	KAD2_YEAST	ADK1 AKY AKY1 AKY2 YDR226W YD9934.11	222	cytoplasm [GO:0005737]; cytosol [GO:0005829]; mitochondrial intermembrane space [GO:0005758]; mitochondrion [GO:0005739]
P07213	TOM70_YEAST	TOM70 MAS70 OMP1 YNL121C N1905	617	mitochondria-associated endoplasmic reticulum membrane contact site [GO:0044233]; mitochondrial outer membrane [GO:0005741]; mitochondrial outer membrane translocase complex [GO:0005742]; mitochondrion [GO:0005739]
P07244	PUR2_YEAST	ADE57 ADE5,7 YGL234W	802	cytoplasm [GO:0005737]; cytosol [GO:0005829]
P07245	C1TC_YEAST	ADE3 YGR204W G7733	946	cytoplasm [GO:0005737]; cytosol [GO:0005829]; nucleus [GO:0005634]
P07246	ADH3_YEAST	ADH3 YMR083W YM9582.08	375	cytoplasm [GO:0005737]; mitochondrial inner membrane [GO:0005743]; mitochondrial matrix [GO:0005759]; mitochondrion [GO:0005739]
P07248	ADR1_YEAST	ADR1 YDR216W YD8142.16 YD8142B.08	1323	chromatin [GO:0000785]; cytoplasm [GO:0005737]; cytosol [GO:0005829]; nucleus [GO:0005634]
P07249	ARGR1_YEAST	ARG80 ARGR1 YMR042W YM9532.07	177	nucleus [GO:0005634]; RNA polymerase II transcription regulator complex [GO:0090575]
P07250	IPMK_YEAST	ARG82 ARGR3 GSL3 IPK2 YDR173C YD9395.06C	355	cytoplasm [GO:0005737]; nucleus [GO:0005634]; RNA polymerase II transcription regulator complex [GO:0090575]
P07251	ATPA_YEAST	ATP1 YBL099W YBL0827	545	cytosol [GO:0005829]; mitochondrial inner membrane [GO:0005743]; mitochondrial intermembrane space [GO:0005758]; mitochondrial nucleoid [GO:0042645]; mitochondrion [GO:0005739]; proton-transporting ATP synthase complex [GO:0045259]
P07255	COX9_YEAST	COX9 YDL067C D2520	59	mitochondrial inner membrane [GO:0005743]; mitochondrion [GO:0005739]; respiratory chain complex IV [GO:0045277]
P07256	QCR1_YEAST	COR1 QCR1 YBL045C YBL0403	457	mitochondrial inner membrane [GO:0005743]; mitochondrion [GO:0005739]; respiratory chain complex III [GO:0045275]
P07257	QCR2_YEAST	QCR2 COR2 UCR2 YPR191W P9677.6	368	mitochondrial crista [GO:0030061]; mitochondrial inner membrane [GO:0005743]; mitochondrion [GO:0005739]; respiratory chain complex III [GO:0045275]
P07258	CARA_YEAST	CPA1 YOR303W	411	carbamoyl-phosphate synthase complex [GO:0005951]; cytoplasm [GO:0005737]; cytoplasmic stress granule [GO:0010494]
P07259	PYR1_YEAST	URA2 YJL130C J0686	2214	cytoplasm [GO:0005737]; cytosol [GO:0005829]; membrane [GO:0016020]; mitochondrion [GO:0005739]
P07260	IF4E_YEAST	CDC33 TIF45 YOL139C	213	cytoplasm [GO:0005737]; cytoplasmic stress granule [GO:0010494]; eukaryotic translation initiation factor 4F complex [GO:0016281]; nucleus [GO:0005634]; ribosome [GO:0005840]
P07261	GCR1_YEAST	GCR1 SIT3 YPL075W LPF10W	785	nuclear envelope [GO:0005635]; nucleus [GO:0005634]; transcription regulator complex [GO:0005667]
P07263	SYH_YEAST	HTS1 YPR033C YP9367.13C	546	cytoplasm [GO:0005737]; cytosol [GO:0005829]; mitochondrion [GO:0005739]
P07264	LEUC_YEAST	LEU1 YGL009C	779	3-isopropylmalate dehydratase complex [GO:0009316]; cytoplasmic stress granule [GO:0010494]; cytosol [GO:0005829]
P07267	CARP_YEAST	PEP4 PHO9 PRA1 YPL154C P2585	405	endoplasmic reticulum [GO:0005783]; fungal-type vacuole [GO:0000324]; mitochondrion [GO:0005739]; protein-containing complex [GO:0032991]
P07269	PHO2_YEAST	PHO2 BAS2 GRF10 YDL106C D2350	559	cytosol [GO:0005829]; nucleus [GO:0005634]
P07270	PHO4_YEAST	PHO4 YFR034C	312	cytoplasm [GO:0005737]; nucleus [GO:0005634]
P07271	PIF1_YEAST	PIF1 TST1 YML061C YM9958.01C	859	mitochondrial inner membrane [GO:0005743]; mitochondrial membrane [GO:0031966]; mitochondrion [GO:0005739]; nuclear replication fork [GO:0043596]; nucleolus [GO:0005730]; replication fork [GO:0005657]; site of double-strand break [GO:0035861]
P07272	PPR1_YEAST	PPR1 YLR014C	904	nucleus [GO:0005634]
P07273	TFS2_YEAST	DST1 PPR2 YGL043W	309	nucleus [GO:0005634]
P07274	PROF_YEAST	PFY1 CLS5 PFY PRF1 YOR122C O3275 YOR3275C	126	cell cortex [GO:0005938]; cytoskeleton [GO:0005856]; cytosol [GO:0005829]
P07276	RAD2_YEAST	RAD2 YGR258C	1031	nucleotide-excision repair factor 3 complex [GO:0000112]; nucleus [GO:0005634]
P07277	ERG12_YEAST	ERG12 RAR1 YMR208W YM8261.02	443	cytoplasm [GO:0005737]; cytosol [GO:0005829]; nucleus [GO:0005634]
P07278	KAPR_YEAST	BCY1 REG1 SRA1 YIL033C	416	cAMP-dependent protein kinase complex [GO:0005952]; chromatin [GO:0000785]; cytoplasm [GO:0005737]; cytosol [GO:0005829]; nucleus [GO:0005634]; plasma membrane [GO:0005886]
P07280	RS19A_YEAST	RPS19A RP55A RPS16AA YOL121C	144	cytosol [GO:0005829]; cytosolic small ribosomal subunit [GO:0022627]
P07281	RS19B_YEAST	RPS19B RP55B RPS16AB YNL302C N0422	144	cytosol [GO:0005829]; cytosolic small ribosomal subunit [GO:0022627]
P07283	PMM_YEAST	SEC53 ALG4 YFL045C	254	cytoplasmic stress granule [GO:0010494]; cytosol [GO:0005829]; membrane [GO:0016020]
P07284	SYSC_YEAST	SES1 SERS YDR023W YD9813.01	462	cytoplasm [GO:0005737]; cytoplasmic stress granule [GO:0010494]; cytosol [GO:0005829]
P07286	GPT_YEAST	ALG7 TUR1 YBR243C YBR1628	448	endoplasmic reticulum [GO:0005783]; membrane [GO:0016020]; UDP-N-acetylglucosamine transferase complex [GO:0043541]
P07342	ILVB_YEAST	ILV2 SMR1 YMR108W YM9718.07	687	acetolactate synthase complex [GO:0005948]; mitochondrion [GO:0005739]
P07347	ARD1_YEAST	ARD1 YHR013C	238	NatA complex [GO:0031415]
P07560	SEC4_YEAST	SEC4 SRO6 YFL005W	215	cellular bud neck [GO:0005935]; endoplasmic reticulum [GO:0005783]; endosome [GO:0005768]; incipient cellular bud site [GO:0000131]; mating projection tip [GO:0043332]; mitochondrial outer membrane [GO:0005741]; mitochondrion [GO:0005739]; plasma membrane [GO:0005886]; transport vesicle [GO:0030133]; transport vesicle membrane [GO:0030658]; vesicle [GO:0031982]
P07702	LYS2_YEAST	LYS2 YBR115C YBR0910	1392	cytoplasm [GO:0005737]
P07703	RPAC1_YEAST	RPC40 RPC5 YPR110C P8283.18	335	nucleoplasm [GO:0005654]; nucleus [GO:0005634]; RNA polymerase I complex [GO:0005736]; RNA polymerase III complex [GO:0005666]
P07834	CDC4_YEAST	CDC4 YFL009W	779	90S preribosome [GO:0030686]; nuclear matrix [GO:0016363]; nuclear SCF ubiquitin ligase complex [GO:0043224]; nucleolus [GO:0005730]; nucleus [GO:0005634]; SCF ubiquitin ligase complex [GO:0019005]
P07866	LTE1_YEAST	LTE1 EIS4 MSI2 YAL024C	1435	cellular bud [GO:0005933]; cytoplasm [GO:0005737]; plasma membrane [GO:0005886]
P07884	MOD5_YEAST	MOD5 YOR274W	428	cytosol [GO:0005829]; mitochondrion [GO:0005739]; nucleolus [GO:0005730]; nucleus [GO:0005634]
P07991	OAT_YEAST	CAR2 CARGB YLR438W L9753.2	424	cytoplasm [GO:0005737]; cytosol [GO:0005829]; nucleus [GO:0005634]
P08004	CHS1_YEAST	CHS1 YNL192W N1404	1131	cell periphery [GO:0071944]; cell septum [GO:0030428]; chitosome [GO:0045009]; plasma membrane [GO:0005886]
P08018	PBS2_YEAST	PBS2 HOG4 SFS4 SSK4 YJL128C J0699	668	cellular bud neck [GO:0005935]; cellular bud tip [GO:0005934]; cytoplasm [GO:0005737]; cytoplasmic stress granule [GO:0010494]; NatB complex [GO:0031416]
P08067	UCRI_YEAST	RIP1 YEL024W	215	mitochondrial inner membrane [GO:0005743]; mitochondrion [GO:0005739]; respiratory chain complex III [GO:0045275]
P08153	SWI5_YEAST	SWI5 YDR146C YD8358.03C	709	cytoplasm [GO:0005737]; nucleus [GO:0005634]
P08417	FUMH_YEAST	FUM1 YPL262W	488	cytosol [GO:0005829]; mitochondrial matrix [GO:0005759]; mitochondrion [GO:0005739]; nucleus [GO:0005634]
P08425	SYFM_YEAST	MSF1 YPR047W YP9499.05	469	cytoplasm [GO:0005737]; mitochondrial matrix [GO:0005759]; mitochondrion [GO:0005739]
P08432	DCOR_YEAST	SPE1 ORD1 YKL184W	466	cytoplasm [GO:0005737]
P08456	PSS_YEAST	CHO1 PSS1 YER026C	276	endoplasmic reticulum membrane [GO:0005789]; membrane [GO:0016020]; mitochondrial outer membrane [GO:0005741]
P08458	SPS1_YEAST	SPS1 YDR523C D9719.27	490	cytoplasm [GO:0005737]; nucleus [GO:0005634]; prospore membrane [GO:0005628]
P08466	NUC1_YEAST	NUC1 YJL208C HRE329 J0310	329	cytosol [GO:0005829]; mitochondrial inner membrane [GO:0005743]; mitochondrion [GO:0005739]; nucleus [GO:0005634]
P08518	RPB2_YEAST	RPB2 RPB150 RPO22 YOR151C	1224	cytoplasmic stress granule [GO:0010494]; mitochondrion [GO:0005739]; nucleus [GO:0005634]; RNA polymerase II, core complex [GO:0005665]
P08524	ERG20_YEAST	ERG20 BOT3 FDS1 FPP1 YJL167W J0525	352	cytoplasm [GO:0005737]; endoplasmic reticulum [GO:0005783]; vacuole [GO:0005773]
P08525	QCR8_YEAST	QCR8 YJL166W J0526	94	mitochondrial inner membrane [GO:0005743]; mitochondrion [GO:0005739]; respiratory chain complex III [GO:0045275]
P08536	MET3_YEAST	MET3 YJR010W J1436	511	cytoplasm [GO:0005737]; mitochondrion [GO:0005739]
P08539	GPA1_YEAST	GPA1 CDC70 DAC1 SCG1 YHR005C	472	cytoplasm [GO:0005737]; cytosol [GO:0005829]; endosome [GO:0005768]; endosome membrane [GO:0010008]; heterotrimeric G-protein complex [GO:0005834]; plasma membrane [GO:0005886]
P08566	ARO1_YEAST	ARO1 AROM YDR127W YD9302.02	1588	cytoplasm [GO:0005737]
P08638	LEUR_YEAST	LEU3 YLR451W L9324.1	886	nucleus [GO:0005634]
P08640	FLO11_YEAST	FLO11 MAL5 MUC1 S1 S2 YIR019C	1367	cellular bud neck [GO:0005935]; extracellular region [GO:0005576]; fungal-type vacuole [GO:0000324]; plasma membrane [GO:0005886]; side of membrane [GO:0098552]
P08678	CYAA_YEAST	CYR1 CDC35 HSR1 SRA4 YJL005W J1401	2026	cytoplasm [GO:0005737]; cytosol [GO:0005829]; endoplasmic reticulum membrane [GO:0005789]; mitochondrion [GO:0005739]; plasma membrane [GO:0005886]
P08679	CISY2_YEAST	CIT2 YCR005C YCR043 YCR5C	460	cytoplasm [GO:0005737]; mitochondrial matrix [GO:0005759]; mitochondrion [GO:0005739]; peroxisome [GO:0005777]
P08964	MYO1_YEAST	MYO1 YHR023W	1928	cellular bud neck [GO:0005935]; cellular bud neck contractile ring [GO:0000142]; cytoplasm [GO:0005737]; incipient cellular bud site [GO:0000131]; mitotic actomyosin contractile ring [GO:0110085]; myosin filament [GO:0032982]; myosin II complex [GO:0016460]
P09032	EI2BG_YEAST	GCD1 TIF223 TRA3 YOR260W	578	cytosol [GO:0005829]; eukaryotic translation initiation factor 2B complex [GO:0005851]; guanyl-nucleotide exchange factor complex [GO:0032045]
P09064	IF2B_YEAST	SUI3 TIF212 YPL237W	285	cytosol [GO:0005829]; eukaryotic 43S preinitiation complex [GO:0016282]; eukaryotic translation initiation factor 2 complex [GO:0005850]; multi-eIF complex [GO:0043614]; ribosome [GO:0005840]
P09119	CDC6_YEAST	CDC6 YJL194W J0347	513	chromosome [GO:0005694]; cytoplasm [GO:0005737]; DNA replication preinitiation complex [GO:0031261]; nuclear pre-replicative complex [GO:0005656]; nucleoplasm [GO:0005654]; nucleus [GO:0005634]
P09201	F16P_YEAST	FBP1 YLR377C L8039.18	348	cytoplasm [GO:0005737]; cytosol [GO:0005829]; periplasmic space [GO:0042597]
P09232	PRTB_YEAST	PRB1 YEL060C	635	extracellular space [GO:0005615]; fungal-type vacuole [GO:0000324]; fungal-type vacuole lumen [GO:0000328]
P09435	HSP73_YEAST	SSA3 YBL075C YBL06.07 YBL0610	649	cytoplasm [GO:0005737]; cytosol [GO:0005829]; nucleus [GO:0005634]; plasma membrane [GO:0005886]
P09440	C1TM_YEAST	MIS1 YBR084W YBR0751	975	cytosol [GO:0005829]; mitochondrion [GO:0005739]
P09547	SWI1_YEAST	SWI1 ADR6 GAM3 YPL016W LPA1	1314	chromatin [GO:0000785]; nucleus [GO:0005634]; SWI/SNF complex [GO:0016514]
P09620	KEX1_YEAST	KEX1 YGL203C	729	fungal-type vacuole [GO:0000324]; trans-Golgi network [GO:0005802]
P09624	DLDH_YEAST	LPD1 DHLP1 YFL018C	499	glycine cleavage complex [GO:0005960]; mitochondrial nucleoid [GO:0042645]; mitochondrion [GO:0005739]; oxoglutarate dehydrogenase complex [GO:0045252]; pyruvate dehydrogenase complex [GO:0045254]
P09733	TBA1_YEAST	TUB1 YML085C	447	cytoplasm [GO:0005737]; microtubule [GO:0005874]; nuclear periphery [GO:0034399]; nucleus [GO:0005634]; spindle [GO:0005819]; tubulin complex [GO:0045298]
P09734	TBA3_YEAST	TUB3 YML124C YM7056.02C	445	cytoplasm [GO:0005737]; microtubule [GO:0005874]; nucleus [GO:0005634]; spindle [GO:0005819]; tubulin complex [GO:0045298]
P09798	CDC16_YEAST	CDC16 YKL022C	840	anaphase-promoting complex [GO:0005680]; cytoplasm [GO:0005737]; cytosol [GO:0005829]; nucleus [GO:0005634]
P09880	TRNL_YEAST	TRL1 RLG1 YJL087C J0927	827	cytoplasm [GO:0005737]; nuclear inner membrane [GO:0005637]; nucleus [GO:0005634]
P09938	RIR2_YEAST	RNR2 CRT6 YJL026W J1271	399	cytoplasm [GO:0005737]; nucleus [GO:0005634]; ribonucleoside-diphosphate reductase complex [GO:0005971]
P09950	HEM1_YEAST	HEM1 CYD1 YDR232W YD9934.16	548	mitochondrial matrix [GO:0005759]; mitochondrion [GO:0005739]
P09959	SWI6_YEAST	SWI6 YLR182W L9470.8	803	cytoplasm [GO:0005737]; MBF transcription complex [GO:0030907]; nucleus [GO:0005634]; SBF transcription complex [GO:0033309]
P0C0T4	RS25B_YEAST	RPS25B RPS31 RPS31B YLR333C L8300.10	108	cytosol [GO:0005829]; cytosolic small ribosomal subunit [GO:0022627]
P0C0V8	RS21A_YEAST	RPS21A RPS25 RPS25A RPS26A YKR057W	87	cytosol [GO:0005829]; cytosolic small ribosomal subunit [GO:0022627]
P0C0W9	RL11A_YEAST	RPL11A RP39A RPL16A YPR102C P8283.14	174	cytosol [GO:0005829]; cytosolic large ribosomal subunit [GO:0022625]; nucleus [GO:0005634]
P0C0X0	RS28B_YEAST	RPS28B RPS33B YLR264W L8479.5	67	cytosol [GO:0005829]; cytosolic small ribosomal subunit [GO:0022627]
P0C2I2	YD14B_YEAST	TY1B-DR5 YDRWTy1-4 POL YDR316W-B D9740.1	1755	cytoplasm [GO:0005737]; nucleus [GO:0005634]
P0C2I3	YD15B_YEAST	TY1B-DR6 YDRWTy1-5 POL YDR365W-B D9481.12	1755	cytoplasm [GO:0005737]; nucleus [GO:0005634]
P0C2I5	YL12B_YEAST	TY1B-LR2 YLRCTy1-2 POL YLR157C-B L9632.7	1755	cytoplasm [GO:0005737]; nucleus [GO:0005634]
P0C2I6	YL13B_YEAST	TY1B-LR3 YLRWTy1-3 POL YLR227W-B L8083.11	1755	cytoplasm [GO:0005737]; nucleus [GO:0005634]
P0C2I7	YL14B_YEAST	TY1B-LR4 YLRWTy1-4 POL YLR256W-B/YLR256W-C	1755	cytoplasm [GO:0005737]; nucleus [GO:0005634]
P0C2I9	YP12B_YEAST	TY1B-PR1 YPRCTy1-2 POL YPR137C-B P9659.6c	1755	cytoplasm [GO:0005737]; nucleus [GO:0005634]
P0C2J0	YP13B_YEAST	TY1B-PR2 YPRWTy1-3 POL YPR158W-B P9584.3c	1756	cytoplasm [GO:0005737]; nucleus [GO:0005634]
P0C2J1	YP14B_YEAST	TY1B-PR3 YPRCTy1-4 POL YPR158C-D P9584.3	1755	cytoplasm [GO:0005737]; nucleus [GO:0005634]
P0C2J3	YL21B_YEAST	TY2B-LR1 YLRWTy2-1 POL YLR410W-B L9931.7b	1770	cytoplasm [GO:0005737]; nucleus [GO:0005634]
P0C2J5	YL22B_YEAST	TY2B-LR2 YLRCTy2-2 POL YLR424C-A L9576.6c	1598	cytoplasm [GO:0005737]; nucleus [GO:0005634]
P0C2J7	YH41B_YEAST	TY4B-H YHLWTy4-1 POL YHL009W-B YHL008W-A	1802	cytoplasm [GO:0005737]; nucleus [GO:0005634]
P0C5R9	RNK_YEAST	YPR170W-B	85	endoplasmic reticulum membrane [GO:0005789]; fungal-type vacuole membrane [GO:0000329]; Golgi membrane [GO:0000139]; proton-transporting V-type ATPase complex [GO:0033176]; vacuolar proton-transporting V-type ATPase complex [GO:0016471]; vacuolar proton-transporting V-type ATPase, V0 domain [GO:0000220]
P0CD91	AQY1_YEAST	AQY1 AQY1-2 YPR192W P9677.5	305	endoplasmic reticulum [GO:0005783]; endoplasmic reticulum membrane [GO:0005789]; plasma membrane [GO:0005886]
P0CE41	HAP1_YEAST	HAP1 CYP1 YLR256W L9672.1	1502	mitochondrion [GO:0005739]; nucleus [GO:0005634]; transcription repressor complex [GO:0017053]
P0CG63	UBI4P_YEAST	UBI4 SCD2 YLL039C	381	cytoplasm [GO:0005737]; cytosol [GO:0005829]; nucleus [GO:0005634]; peroxisome [GO:0005777]
P0CH08	RL40A_YEAST	RPL40A UBI1 YIL148W	128	cytoplasm [GO:0005737]; cytosol [GO:0005829]; cytosolic large ribosomal subunit [GO:0022625]; nucleus [GO:0005634]
P0CH09	RL40B_YEAST	RPL40B UBI2 YKR094C	128	cytoplasm [GO:0005737]; cytosol [GO:0005829]; cytosolic large ribosomal subunit [GO:0022625]; mitochondrion [GO:0005739]; nucleus [GO:0005634]
P0CS90	HSP77_YEAST	SSC1 ENS1 YJR045C J1639	654	cytoplasm [GO:0005737]; endodeoxyribonuclease complex [GO:1905347]; mitochondrial inner membrane [GO:0005743]; mitochondrial nucleoid [GO:0042645]; mitochondrion [GO:0005739]; PAM complex, Tim23 associated import motor [GO:0001405]; TIM23 mitochondrial import inner membrane translocase complex [GO:0005744]
P0CT04	IPB2_YEAST	PBI2 YNL015W N2844	75	cytoplasm [GO:0005737]; cytosol [GO:0005829]; fungal-type vacuole [GO:0000324]; membrane fusion priming complex [GO:0120124]; nucleus [GO:0005634]
P0CX25	RL43A_YEAST	RPL43A YPR043W YP9499.02	92	cytosol [GO:0005829]; cytosolic large ribosomal subunit [GO:0022625]
P0CX27	RL44A_YEAST	RPL42A RPL41A SCL41A YNL162W N1722	106	cytosol [GO:0005829]; cytosolic large ribosomal subunit [GO:0022625]
P0CX28	RL44B_YEAST	RPL42B MAK18 RPL41B SCL41B YHR141C	106	cytosol [GO:0005829]; cytosolic large ribosomal subunit [GO:0022625]
P0CX29	RS23A_YEAST	RPS23A RPS28A YGR118W G6178	145	cytosol [GO:0005829]; cytosolic small ribosomal subunit [GO:0022627]; ribosome [GO:0005840]
P0CX30	RS23B_YEAST	RPS23B RPS28B YPR132W P9659.9	145	cytosol [GO:0005829]; cytosolic small ribosomal subunit [GO:0022627]; ribosome [GO:0005840]
P0CX31	RS24A_YEAST	RPS24A RPS24EA YER074W	135	cytosol [GO:0005829]; cytosolic small ribosomal subunit [GO:0022627]; mitochondrion [GO:0005739]
P0CX32	RS24B_YEAST	RPS24B RPS24EB YIL069C	135	cytosol [GO:0005829]; cytosolic small ribosomal subunit [GO:0022627]
P0CX35	RS4A_YEAST	RPS4A RPS7B YJR145C J2186	261	90S preribosome [GO:0030686]; cytoplasm [GO:0005737]; cytosol [GO:0005829]; cytosolic small ribosomal subunit [GO:0022627]
P0CX36	RS4B_YEAST	RPS4B RPS7A YHR203C	261	90S preribosome [GO:0030686]; cytosol [GO:0005829]; cytosolic small ribosomal subunit [GO:0022627]
P0CX37	RS6A_YEAST	RPS6A RPS101 RPS10B YPL090C LPG18C	236	90S preribosome [GO:0030686]; cytosol [GO:0005829]; cytosolic small ribosomal subunit [GO:0022627]; nucleoplasm [GO:0005654]; small-subunit processome [GO:0032040]
P0CX38	RS6B_YEAST	RPS6B RPS102 RPS10A YBR181C YBR1244	236	cytoplasm [GO:0005737]; cytosol [GO:0005829]; cytosolic small ribosomal subunit [GO:0022627]; small-subunit processome [GO:0032040]
P0CX41	RL23A_YEAST	RPL23A RPL17A RPL17AA YBL087C YBL0713	137	cytosol [GO:0005829]; cytosolic large ribosomal subunit [GO:0022625]
P0CX42	RL23B_YEAST	RPL23B RPL17AB RPL17B YER117W	137	cytosol [GO:0005829]; cytosolic large ribosomal subunit [GO:0022625]; nucleus [GO:0005634]
P0CX43	RL1A_YEAST	RPL1A SSM1 SSM1A YPL220W	217	cytosol [GO:0005829]; cytosolic large ribosomal subunit [GO:0022625]
P0CX44	RL1B_YEAST	RPL1B SSM1B SSM2 YGL135W G2834	217	cytosol [GO:0005829]; cytosolic large ribosomal subunit [GO:0022625]
P0CX45	RL2A_YEAST	RPL2A RPL5B YFR031C-A YFR031BC	254	cytosol [GO:0005829]; cytosolic large ribosomal subunit [GO:0022625]
P0CX46	RL2B_YEAST	RPL2B RPL5A YIL018W	254	cytosol [GO:0005829]; cytosolic large ribosomal subunit [GO:0022625]
P0CX47	RS11A_YEAST	RPS11A RPS18A YDR025W YD9813.03	156	90S preribosome [GO:0030686]; cytosol [GO:0005829]; cytosolic small ribosomal subunit [GO:0022627]
P0CX48	RS11B_YEAST	RPS11B RPS18B YBR048W YBR0501	156	90S preribosome [GO:0030686]; cytosol [GO:0005829]; cytosolic small ribosomal subunit [GO:0022627]
P0CX49	RL18A_YEAST	RPL18A RP28A YOL120C	186	cytosol [GO:0005829]; cytosolic large ribosomal subunit [GO:0022625]
P0CX50	RL18B_YEAST	RPL18B RP28B YNL301C N0425	186	cytosol [GO:0005829]; cytosolic large ribosomal subunit [GO:0022625]
P0CX51	RS16A_YEAST	RPS16A RP61R YMR143W YM9375.12	143	90S preribosome [GO:0030686]; cytosol [GO:0005829]; cytosolic small ribosomal subunit [GO:0022627]
P0CX53	RL12A_YEAST	RPL12A RPL15B YEL054C	165	cytosol [GO:0005829]; cytosolic large ribosomal subunit [GO:0022625]
P0CX54	RL12B_YEAST	RPL12B RPL15A YDR418W D9461.7	165	cytosol [GO:0005829]; cytosolic large ribosomal subunit [GO:0022625]
P0CX55	RS18A_YEAST	RPS18A YDR450W D9461.35	146	cytoplasm [GO:0005737]; cytosol [GO:0005829]; cytosolic small ribosomal subunit [GO:0022627]; mitochondrion [GO:0005739]; small ribosomal subunit [GO:0015935]
P0CX56	RS18B_YEAST	RPS18B YML026C	146	cytosol [GO:0005829]; cytosolic small ribosomal subunit [GO:0022627]; mitochondrion [GO:0005739]; small ribosomal subunit [GO:0015935]
P0CX63	YF21B_YEAST	TY2B-F YFLWTy2-1 POL YFL002W-A FN01	1770	cytoplasm [GO:0005737]; nucleus [GO:0005634]
P0CX64	YG22B_YEAST	TY2B-GR2 YGRWTy2-2 POL YGR161W-B G7017	1770	cytoplasm [GO:0005737]; nucleus [GO:0005634]
P0CX77	ASP22_YEAST	ASP3-2 YLR157C L9632.7	362	cell wall-bounded periplasmic space [GO:0030287]; extracellular region [GO:0005576]; periplasmic space [GO:0042597]
P0CX78	ASP23_YEAST	ASP3-3 YLR158C L9632.8	362	cell wall-bounded periplasmic space [GO:0030287]; extracellular region [GO:0005576]; periplasmic space [GO:0042597]
P0CX79	ASP24_YEAST	ASP3-4 YLR160C L9632.9	362	cell periphery [GO:0071944]; cell wall-bounded periplasmic space [GO:0030287]; extracellular region [GO:0005576]; periplasmic space [GO:0042597]
P0CX80	MTCU1_YEAST	CUP1-1 MTH1 YHR053C	61	cytosol [GO:0005829]; mitochondrial intermembrane space [GO:0005758]
P0CX81	MTCU2_YEAST	CUP1-2 MTH1 YHR055C	61	cytosol [GO:0005829]; mitochondrial intermembrane space [GO:0005758]
P0CX82	RL19A_YEAST	RPL19A RPL23A YL14A YBR084C-A YBR084BC	189	cytosol [GO:0005829]; cytosolic large ribosomal subunit [GO:0022625]
P0CX83	RL19B_YEAST	RPL19B RPL23B YL14B YBL027W YBL0424	189	cytosol [GO:0005829]; cytosolic large ribosomal subunit [GO:0022625]
P0CX84	RL35A_YEAST	RPL35A SOS1 YDL191W D1249	120	cytosol [GO:0005829]; cytosolic large ribosomal subunit [GO:0022625]; preribosome, large subunit precursor [GO:0030687]
P0CX85	RL35B_YEAST	RPL35B SOS2 YDL136W D2170	120	cytosol [GO:0005829]; cytosolic large ribosomal subunit [GO:0022625]; preribosome, large subunit precursor [GO:0030687]
P0CY06	MTAL1_YEAST	MATALPHA1 ALPHA-1 MAT1A MATAL1 YCR040W YCR40W	175	nucleus [GO:0005634]; RNA polymerase II transcription regulator complex [GO:0090575]
P0CY08	MTAL2_YEAST	MATALPHA2 ALPHA-2 MAT2A MATAL2 YCR039C YCR39C	210	nucleus [GO:0005634]; RNA polymerase II transcription repressor complex [GO:0090571]
P0CZ17	ASP21_YEAST	ASP3-1 YLR155C L9632.6	362	cell wall-bounded periplasmic space [GO:0030287]; endoplasmic reticulum [GO:0005783]; extracellular region [GO:0005576]; nuclear envelope [GO:0005635]; periplasmic space [GO:0042597]
P10080	SSBP1_YEAST	SBP1 SSB1 SSBR1 YHL034C	294	cytoplasm [GO:0005737]; cytoplasmic stress granule [GO:0010494]; nucleolus [GO:0005730]; nucleus [GO:0005634]; P-body [GO:0000932]; ribonucleoprotein complex [GO:1990904]
P10081	IF4A_YEAST	TIF1 TIF41A YKR059W; TIF2 TIF41B YJL138C J0660	395	cytoplasm [GO:0005737]; cytoplasmic stress granule [GO:0010494]; eukaryotic translation initiation factor 4F complex [GO:0016281]; plasma membrane [GO:0005886]; ribosome [GO:0005840]
P10127	ADH4_YEAST	ADH4 ZRG5 YGL256W NRC465	382	mitochondrion [GO:0005739]
P10174	COX7_YEAST	COX7 YMR256C YM9920.10C	60	mitochondrial inner membrane [GO:0005743]; mitochondrial membrane [GO:0031966]; mitochondrion [GO:0005739]; respiratory chain complex IV [GO:0045277]
P10363	PRI1_YEAST	PRI1 YIR008C YIB8C	409	alpha DNA polymerase:primase complex [GO:0005658]; nuclear replication fork [GO:0043596]
P10507	MPPB_YEAST	MAS1 MIF1 YLR163C L9632.10	462	mitochondrial matrix [GO:0005759]; mitochondrial processing peptidase complex [GO:0017087]; mitochondrion [GO:0005739]
P10591	HSP71_YEAST	SSA1 YAL005C	642	cytoplasm [GO:0005737]; cytosol [GO:0005829]; fungal-type cell wall [GO:0009277]; fungal-type vacuole membrane [GO:0000329]; nucleus [GO:0005634]; plasma membrane [GO:0005886]; transcription repressor complex [GO:0017053]
P10592	HSP72_YEAST	SSA2 YLL024C L0931	639	cytoplasm [GO:0005737]; cytosol [GO:0005829]; extracellular vesicle [GO:1903561]; fungal-type cell wall [GO:0009277]; fungal-type vacuole membrane [GO:0000329]; mitochondrion [GO:0005739]; nucleus [GO:0005634]; plasma membrane [GO:0005886]; transcription repressor complex [GO:0017053]
P10614	CP51_YEAST	ERG11 CYP51 YHR007C	530	endoplasmic reticulum [GO:0005783]; endoplasmic reticulum membrane [GO:0005789]
P10622	RLA3_YEAST	RPP1B L12EIIB RPL44P RPLA3 YDL130W	106	cytosolic large ribosomal subunit [GO:0022625]; fungal-type vacuole [GO:0000324]
P10659	METK1_YEAST	SAM1 ETH10 YLR180W L9470.9	382	cytoplasm [GO:0005737]; cytoplasmic stress granule [GO:0010494]; cytosol [GO:0005829]
P10662	RT01_YEAST	MRP1 YDR347W D9651.1	321	cytoplasm [GO:0005737]; mitochondrial inner membrane [GO:0005743]; mitochondrial small ribosomal subunit [GO:0005763]; mitochondrion [GO:0005739]
P10664	RL4A_YEAST	RPL4A RPL2 RPL2A YBR031W YBR0315	362	cytosol [GO:0005829]; cytosolic large ribosomal subunit [GO:0022625]; nucleus [GO:0005634]
P10823	GPA2_YEAST	GPA2 SSP101 YER020W	449	cytoplasm [GO:0005737]; cytosol [GO:0005829]; heterotrimeric G-protein complex [GO:0005834]; mitochondrion [GO:0005739]; plasma membrane [GO:0005886]
P10862	RAD18_YEAST	RAD18 YCR066W YCR66W	487	chromatin [GO:0000785]; nucleus [GO:0005634]; Rad6-Rad18 complex [GO:0097505]
P10863	TIR1_YEAST	TIR1 SRP1 YER011W	254	cell periphery [GO:0071944]; fungal-type cell wall [GO:0009277]; fungal-type vacuole [GO:0000324]; side of membrane [GO:0098552]
P10869	AK_YEAST	HOM3 YER052C	527	cytoplasm [GO:0005737]; cytosol [GO:0005829]
P10870	SNF3_YEAST	SNF3 YDL194W D1234	884	cell periphery [GO:0071944]; membrane [GO:0016020]; plasma membrane [GO:0005886]
P10961	HSF_YEAST	HSF1 YGL073W	833	mitochondrion [GO:0005739]; nucleus [GO:0005634]; protein-DNA complex [GO:0032993]
P10962	MAK16_YEAST	MAK16 YAL025C	306	nucleolus [GO:0005730]; preribosome, large subunit precursor [GO:0030687]
P10964	RPA1_YEAST	RPA190 RPA1 RRN1 YOR341W O6276	1664	nucleolus [GO:0005730]; nucleus [GO:0005634]; RNA polymerase I complex [GO:0005736]
P11075	SEC7_YEAST	SEC7 YDR170C YD9395.01C YD9489.05C	2009	COPI-coated vesicle membrane [GO:0030663]; cytosol [GO:0005829]; ER to Golgi transport vesicle membrane [GO:0012507]; Golgi-associated vesicle [GO:0005798]; late endosome [GO:0005770]; trans-Golgi network [GO:0005802]
P11076	ARF1_YEAST	ARF1 YDL192W D1244	181	cytoplasm [GO:0005737]; cytosol [GO:0005829]; Golgi apparatus [GO:0005794]; organelle membrane contact site [GO:0044232]; plasma membrane [GO:0005886]
P11154	PYC1_YEAST	PYC1 PYV YGL062W	1178	cytosol [GO:0005829]
P11325	SYLM_YEAST	NAM2 MSL1 YLR382C L3502.6	894	mitochondrial matrix [GO:0005759]; mitochondrion [GO:0005739]
P11353	HEM6_YEAST	HEM13 YDR044W YD5112.02	328	cytoplasm [GO:0005737]; cytosol [GO:0005829]
P11412	G6PD_YEAST	ZWF1 MET19 YNL241C N1110	505	cytoplasm [GO:0005737]; cytosol [GO:0005829]
P11433	CDC24_YEAST	CDC24 CLS4 YAL041W	854	Cdc24p-Far1p-Gbetagamma complex [GO:0120171]; cell cortex [GO:0005938]; cellular bud neck [GO:0005935]; cellular bud tip [GO:0005934]; cytoplasm [GO:0005737]; division septum [GO:0000935]; incipient cellular bud site [GO:0000131]; mating projection tip [GO:0043332]; nucleus [GO:0005634]; PAR polarity complex [GO:0120157]
P11484	SSB1_YEAST	SSB1 YG101 YDL229W	613	cytoplasm [GO:0005737]; cytosol [GO:0005829]; nucleus [GO:0005634]; plasma membrane [GO:0005886]
P11491	PPB_YEAST	PHO8 YDR481C D8035.24	566	fungal-type vacuole membrane [GO:0000329]
P11632	NHP6A_YEAST	NHP6A NHPA YPR052C YP9499.09C	93	chromosome [GO:0005694]; nucleus [GO:0005634]; protein-DNA complex [GO:0032993]
P11633	NHP6B_YEAST	NHP6B NHPB YBR089C-A YBR090BC	99	chromosome [GO:0005694]; nucleus [GO:0005634]
P11655	SEC12_YEAST	SEC12 SED2 YNR026C N3244	471	endoplasmic reticulum [GO:0005783]; endoplasmic reticulum membrane [GO:0005789]; Golgi apparatus [GO:0005794]
P11709	BIK1_YEAST	BIK1 YCL029C YCL29C	440	cell cortex [GO:0005938]; cell tip [GO:0051286]; kinetochore [GO:0000776]; mating projection tip [GO:0043332]; microtubule associated complex [GO:0005875]; microtubule plus-end [GO:0035371]; spindle [GO:0005819]; spindle microtubule [GO:0005876]; spindle pole body [GO:0005816]
P11710	FUS1_YEAST	FUS1 YCL027W YCL27W	512	cell cortex [GO:0005938]; endoplasmic reticulum [GO:0005783]; mating projection tip [GO:0043332]; plasma membrane [GO:0005886]
P11745	RNA1_YEAST	RNA1 YMR235C YM9959.17C	407	chromosome, telomeric region [GO:0000781]; cytosol [GO:0005829]; nucleus [GO:0005634]; perinuclear region of cytoplasm [GO:0048471]
P11746	MCM1_YEAST	MCM1 FUN80 YMR043W YM9532.08	286	chromatin [GO:0000785]; cytosol [GO:0005829]; nucleus [GO:0005634]; RNA polymerase II transcription regulator complex [GO:0090575]; RNA polymerase II transcription repressor complex [GO:0090571]
P11747	TAF13_YEAST	TAF13 FUN81 TAF19 YML098W	167	nucleus [GO:0005634]; transcription factor TFIID complex [GO:0005669]
P11792	SCH9_YEAST	SCH9 KOM1 YHR205W	824	chromatin [GO:0000785]; cytoplasm [GO:0005737]; fungal-type vacuole membrane [GO:0000329]; nucleus [GO:0005634]
P11914	MPPA_YEAST	MAS2 MIF2 YHR024C	482	mitochondrial matrix [GO:0005759]; mitochondrial processing peptidase complex [GO:0017087]; mitochondrion [GO:0005739]
P11938	RAP1_YEAST	RAP1 GRF1 TUF1 YNL216W N1310	827	chromosome, telomeric region [GO:0000781]; cytosol [GO:0005829]; nuclear chromosome [GO:0000228]; nucleus [GO:0005634]; protein-DNA complex [GO:0032993]; shelterin complex [GO:0070187]; transcription regulator complex [GO:0005667]
P11972	SST2_YEAST	SST2 YLR452C L9324.9	698	plasma membrane [GO:0005886]
P11978	SIR4_YEAST	SIR4 ASD1 STE9 UTH2 YDR227W YD9934.12	1358	chromatin silencing complex [GO:0005677]; chromosome, telomeric region [GO:0000781]
P11986	INO1_YEAST	INO1 YJL153C J0610	533	cytoplasm [GO:0005737]
P12383	PDR1_YEAST	PDR1 AMY1 ANT1 BOR2 CYH3 NRA2 SMR2 TIL1 TPE1 TPE3 YGL013C	1068	cytosol [GO:0005829]; nucleus [GO:0005634]
P12385	ERF1_YEAST	SUP45 SAL4 SUP1 YBR143C YBR1120	437	cytoplasm [GO:0005737]; cytoplasmic stress granule [GO:0010494]; cytosol [GO:0005829]; translation release factor complex [GO:0018444]
P12611	WHI2_YEAST	WHI2 YOR043W	486	cell periphery [GO:0071944]; nucleus [GO:0005634]; phosphatase complex [GO:1903293]
P12612	TCPA_YEAST	TCP1 CCT1 YDR212W YD8142.13 YD8142B.04	559	chaperonin-containing T-complex [GO:0005832]; plasma membrane [GO:0005886]
P12630	BAR1_YEAST	BAR1 SST1 YIL015W	587	cell periphery [GO:0071944]; extracellular region [GO:0005576]; fungal-type cell wall [GO:0009277]
P12683	HMDH1_YEAST	HMG1 YML075C	1054	endoplasmic reticulum [GO:0005783]; endoplasmic reticulum membrane [GO:0005789]; nuclear envelope [GO:0005635]; nuclear periphery [GO:0034399]; peroxisomal membrane [GO:0005778]
P12684	HMDH2_YEAST	HMG2 YLR450W L9324.2	1045	endoplasmic reticulum [GO:0005783]; endoplasmic reticulum membrane [GO:0005789]; nuclear envelope [GO:0005635]; nuclear periphery [GO:0034399]; peroxisomal membrane [GO:0005778]; proteasome complex [GO:0000502]
P12686	RT13_YEAST	MRP13 YGR084C	339	mitochondrial inner membrane [GO:0005743]; mitochondrial small ribosomal subunit [GO:0005763]; mitochondrion [GO:0005739]
P12687	RM02_YEAST	MRP7 MRPL2 YNL005C N2007	371	mitochondrial inner membrane [GO:0005743]; mitochondrial large ribosomal subunit [GO:0005762]; mitochondrion [GO:0005739]
P12688	YPK1_YEAST	YPK1 SLI2 YKL126W	680	cellular bud neck [GO:0005935]; cytosol [GO:0005829]; plasma membrane [GO:0005886]
P12689	REV1_YEAST	REV1 YOR346W O6339	985	chromatin [GO:0000785]; cytoplasm [GO:0005737]; mitochondrion [GO:0005739]; nucleus [GO:0005634]; replication fork [GO:0005657]
P12695	ODP2_YEAST	LAT1 ODP2 PDA2 YNL071W N2374	482	mitochondrial matrix [GO:0005759]; mitochondrion [GO:0005739]; pyruvate dehydrogenase complex [GO:0045254]
P12709	G6PI_YEAST	PGI1 YBR196C YBR1406	554	cytosol [GO:0005829]; mitochondrion [GO:0005739]; plasma membrane [GO:0005886]
P12753	RAD50_YEAST	RAD50 YNL250W N0872	1312	condensed nuclear chromosome [GO:0000794]; mitochondrion [GO:0005739]; Mre11 complex [GO:0030870]; nucleoplasm [GO:0005654]; nucleus [GO:0005634]
P12754	EI2BD_YEAST	GCD2 TIF224 YGR083C	651	cytosol [GO:0005829]; eukaryotic translation initiation factor 2B complex [GO:0005851]; guanyl-nucleotide exchange factor complex [GO:0032045]
P12866	STE6_YEAST	STE6 YKL209C	1290	fungal-type vacuole [GO:0000324]; Golgi apparatus [GO:0005794]; mating projection tip [GO:0043332]; mitochondrial inner membrane [GO:0005743]; plasma membrane [GO:0005886]
P12868	PEP5_YEAST	PEP5 END1 VAM1 VPL9 VPS11 VPT11 YMR231W YM9959.13	1029	CORVET complex [GO:0033263]; cytosol [GO:0005829]; early endosome membrane [GO:0031901]; endosome [GO:0005768]; fungal-type vacuole membrane [GO:0000329]; HOPS complex [GO:0030897]
P12904	AAKG_YEAST	SNF4 CAT3 SCI1 YGL115W	322	cytoplasm [GO:0005737]; cytosol [GO:0005829]; nuclear envelope lumen [GO:0005641]; nucleotide-activated protein kinase complex [GO:0031588]; nucleus [GO:0005634]; plasma membrane [GO:0005886]
P12945	NAT1_YEAST	NAT1 AAA1 YDL040C D2720	854	cytoplasm [GO:0005737]; mitochondrion [GO:0005739]; NatA complex [GO:0031415]
P12954	SRS2_YEAST	SRS2 HPR5 RADH YJL092W J0913	1174	nucleus [GO:0005634]
P12962	CAF20_YEAST	CAF20 CAF2 CAP20 YOR276W O5453W	161	cytoplasm [GO:0005737]
P13099	TOP3_YEAST	TOP3 EDR1 YLR234W L8083.3	656	nucleus [GO:0005634]; RecQ family helicase-topoisomerase III complex [GO:0031422]
P13134	KEX2_YEAST	KEX2 QDS1 YNL238W N1122	814	fungal-type vacuole [GO:0000324]; Golgi membrane [GO:0000139]; trans-Golgi network [GO:0005802]
P13185	KIN1_YEAST	KIN1 YDR122W YD9727.17	1064	cytoplasm [GO:0005737]; cytoplasmic side of plasma membrane [GO:0009898]; plasma membrane [GO:0005886]
P13186	KIN2_YEAST	KIN2 YLR096W L8004.3	1147	cellular bud neck [GO:0005935]; cellular bud tip [GO:0005934]; cytoplasm [GO:0005737]; plasma membrane [GO:0005886]
P13259	PCY1_YEAST	PCT1 CCT CCT1 YGR202C G7729	424	membrane [GO:0016020]; NLS-dependent protein nuclear import complex [GO:0042564]; nuclear envelope [GO:0005635]; nucleus [GO:0005634]
P13365	CG13_YEAST	CLN3 DAF1 WHI1 YAL040C FUN10	580	cyclin-dependent protein kinase holoenzyme complex [GO:0000307]; cytoplasm [GO:0005737]; nucleus [GO:0005634]
P13382	DPOLA_YEAST	POL1 CDC17 YNL102W N2181	1468	alpha DNA polymerase:primase complex [GO:0005658]; mitochondrion [GO:0005739]; replication fork [GO:0005657]
P13393	TBP_YEAST	SPT15 BTF1 TBP1 YER148W	240	nucleoplasm [GO:0005654]; nucleus [GO:0005634]; protein-containing complex [GO:0032991]; transcription factor TFIIA complex [GO:0005672]; transcription factor TFIID complex [GO:0005669]; transcription factor TFIIIB complex [GO:0000126]; transcription regulator complex [GO:0005667]
P13434	HAP3_YEAST	HAP3 YBL021C YBL0441	144	CCAAT-binding factor complex [GO:0016602]
P13517	CAPZB_YEAST	CAP2 YIL034C	287	actin cortical patch [GO:0030479]; actin cytoskeleton [GO:0015629]; cellular bud neck contractile ring [GO:0000142]; cellular bud tip [GO:0005934]; F-actin capping protein complex [GO:0008290]; incipient cellular bud site [GO:0000131]; mating projection tip [GO:0043332]; plasma membrane [GO:0005886]
P13574	STE12_YEAST	STE12 YHR084W	688	nucleoplasm [GO:0005654]; nucleus [GO:0005634]; Ste12p-Dig1p-Dig2p complex [GO:1990526]; Tec1p-Ste12p-Dig1p complex [GO:1990527]
P13586	ATC1_YEAST	PMR1 BSD1 SCC1 YGL167C G1666	950	endoplasmic reticulum [GO:0005783]; Golgi apparatus [GO:0005794]; Golgi membrane [GO:0000139]; plasma membrane [GO:0005886]
P13587	ATN1_YEAST	ENA1 HOR6 PMR2 PMR2A YDR040C YD6888.02C	1091	cell periphery [GO:0071944]; fungal-type vacuole [GO:0000324]; plasma membrane [GO:0005886]
P13663	DHAS_YEAST	HOM2 YDR158W YD8358.12	365	cytoplasm [GO:0005737]; cytosol [GO:0005829]; nucleus [GO:0005634]; plasma membrane [GO:0005886]
P13712	MSI1_YEAST	MSI1 CAC3 YBR195C YBR1405	422	CAF-1 complex [GO:0033186]; cytoplasm [GO:0005737]; nucleosome [GO:0000786]; nucleus [GO:0005634]; Rpd3L complex [GO:0033698]; Rpd3L-Expanded complex [GO:0070210]
P13856	RSR1_YEAST	RSR1 BUD1 YGR152C G6658	272	cell division site [GO:0032153]; cell periphery [GO:0071944]; cellular bud neck [GO:0005935]; endoplasmic reticulum [GO:0005783]; incipient cellular bud site [GO:0000131]; plasma membrane [GO:0005886]; site of polarized growth [GO:0030427]; vacuolar membrane [GO:0005774]
P14020	DPM1_YEAST	DPM1 SED3 YPR183W P9705.3	267	cell periphery [GO:0071944]; endoplasmic reticulum [GO:0005783]; endoplasmic reticulum membrane [GO:0005789]; mitochondrial outer membrane [GO:0005741]; mitochondrion [GO:0005739]; nuclear outer membrane-endoplasmic reticulum membrane network [GO:0042175]
P14064	HAP4_YEAST	HAP4 YKL109W YKL465	554	CCAAT-binding factor complex [GO:0016602]; respiratory chain complex [GO:0098803]
P14065	GCY1_YEAST	GCY1 GCY YOR120W O31567 YOR3269W	312	cytoplasm [GO:0005737]; cytosol [GO:0005829]; nucleus [GO:0005634]
P14120	RL30_YEAST	RPL30 RPL32 YGL030W	105	cytoplasm [GO:0005737]; cytosol [GO:0005829]; cytosolic large ribosomal subunit [GO:0022625]
P14126	RL3_YEAST	RPL3 MAK8 TCM1 YOR063W YOR29-14	387	cytoplasm [GO:0005737]; cytosol [GO:0005829]; cytosolic large ribosomal subunit [GO:0022625]
P14164	ABF1_YEAST	ABF1 BAF1 OBF1 REB2 SBF1 YKL112W YKL505	731	nucleotide-excision repair factor 4 complex [GO:0000113]; nucleus [GO:0005634]
P14180	CHS2_YEAST	CHS2 YBR038W YBR0407	963	cell periphery [GO:0071944]; cell septum [GO:0030428]; cellular bud neck [GO:0005935]; membrane [GO:0016020]
P14242	PMS1_YEAST	PMS1 YNL082W N2317	873	cytoplasm [GO:0005737]; MutLalpha complex [GO:0032389]; nucleus [GO:0005634]
P14284	DPOZ_YEAST	REV3 PSO1 YPL167C P2535	1504	mitochondrion [GO:0005739]; nucleus [GO:0005634]; zeta DNA polymerase complex [GO:0016035]
P14291	RED1_YEAST	RED1 YLR263W L8479.6	827	condensed nuclear chromosome [GO:0000794]; lateral element [GO:0000800]; synaptonemal complex [GO:0000795]
P14306	CPYI_YEAST	TFS1 DKA1 NSP1 YLR178C L9470.19	219	cytoplasm [GO:0005737]; fungal-type vacuole lumen [GO:0000328]; fungal-type vacuole membrane [GO:0000329]
P14540	ALF_YEAST	FBA1 YKL060C YKL320	359	cytoplasm [GO:0005737]; cytosol [GO:0005829]; mitochondrion [GO:0005739]
P14680	YAK1_YEAST	YAK1 YJL141C J0652	807	cytoplasm [GO:0005737]; nucleus [GO:0005634]
P14681	KSS1_YEAST	KSS1 YGR040W	368	cellular bud neck [GO:0005935]; cytoplasm [GO:0005737]; nucleus [GO:0005634]; periplasmic space [GO:0042597]
P14682	UBC3_YEAST	CDC34 DNA6 UBC3 YDR054C D4211 YD9609.08C	295	chromosome, telomeric region [GO:0000781]; cytoplasm [GO:0005737]; nucleus [GO:0005634]; SCF ubiquitin ligase complex [GO:0019005]
P14693	SAM35_YEAST	SAM35 OMP85 TOB38 TOM38 YHR083W	329	mitochondrial outer membrane [GO:0005741]; mitochondrion [GO:0005739]; SAM complex [GO:0001401]
P14724	CDC26_YEAST	CDC26 HIT3 SCD26 YFR036W	124	anaphase-promoting complex [GO:0005680]; cytosol [GO:0005829]; nucleus [GO:0005634]
P14736	RAD4_YEAST	RAD4 YER162C	754	cytoplasm [GO:0005737]; cytosol [GO:0005829]; nucleotide-excision repair factor 2 complex [GO:0000111]; nucleus [GO:0005634]; XPC complex [GO:0071942]
P14737	RAD9_YEAST	RAD9 YDR217C YD9934.02C	1309	chromatin [GO:0000785]; nucleus [GO:0005634]; site of DNA damage [GO:0090734]
P14741	EI2BA_YEAST	GCN3 AAS2 TIF221 YKR026C	305	cytosol [GO:0005829]; eukaryotic translation initiation factor 2B complex [GO:0005851]; guanyl-nucleotide exchange factor complex [GO:0032045]
P14742	GFA1_YEAST	GFA1 YKL104C YKL457	717	
P14743	NMT_YEAST	NMT1 CDC72 YLR195C L8167.14	455	cytosol [GO:0005829]
P14747	PP2B2_YEAST	CMP2 CNA2 YML057W YM9958.05	604	calcineurin complex [GO:0005955]; cytoplasm [GO:0005737]
P14772	BPT1_YEAST	BPT1 YLL015W L1313	1559	endoplasmic reticulum [GO:0005783]; fungal-type vacuole membrane [GO:0000329]
P14832	CYPH_YEAST	CPR1 CPH1 CYP1 SCC1 YDR155C YD8358.10C	162	cytoplasm [GO:0005737]; mitochondrial intermembrane space [GO:0005758]; mitochondrion [GO:0005739]; nucleus [GO:0005634]; Set3 complex [GO:0034967]
P14843	AROF_YEAST	ARO3 YDR035W YD9673.07	370	cytoplasm [GO:0005737]; mitochondrion [GO:0005739]; nucleus [GO:0005634]
P14904	AMPL_YEAST	APE1 API LAP4 YSC1 YKL103C YKL455	514	Cvt complex [GO:0034270]; cytoplasm [GO:0005737]; fungal-type vacuole [GO:0000324]
P14906	SEC63_YEAST	SEC63 NPL1 PTL1 YOR254C	663	endoplasmic reticulum [GO:0005783]; mitochondrion [GO:0005739]; nuclear inner membrane [GO:0005637]; rough endoplasmic reticulum membrane [GO:0030867]; Sec62/Sec63 complex [GO:0031207]; translocon complex [GO:0071256]
P14907	NSP1_YEAST	NSP1 YJL041W J1207	823	nuclear envelope [GO:0005635]; nuclear membrane [GO:0031965]; nuclear periphery [GO:0034399]; nuclear pore [GO:0005643]; nuclear pore central transport channel [GO:0044613]; nuclear pore nuclear basket [GO:0044615]
P14908	MTF1_YEAST	MTF1 YMR228W YM9959.10	341	mitochondrial DNA-directed RNA polymerase complex [GO:0034245]; mitochondrial intermembrane space [GO:0005758]; mitochondrial matrix [GO:0005759]; mitochondrion [GO:0005739]
P14922	CYC8_YEAST	CYC8 CRT8 SSN6 YBR112C YBR0908	966	Cyc8(Ssn6)-Tup1 general repressor complex [GO:0160051]; nucleus [GO:0005634]; transcription repressor complex [GO:0017053]
P15019	TAL1_YEAST	TAL1 YLR354C L9638.6	335	cytoplasm [GO:0005737]; nucleus [GO:0005634]
P15108	HSC82_YEAST	HSC82 YMR186W YM8010.16	705	cytoplasm [GO:0005737]; cytosol [GO:0005829]; mitochondrion [GO:0005739]; perinuclear region of cytoplasm [GO:0048471]; plasma membrane [GO:0005886]; protein-containing complex [GO:0032991]
P15180	SYKC_YEAST	KRS1 GCD5 YDR037W YD9673.09	591	cytoplasm [GO:0005737]
P15202	CATA_YEAST	CTA1 YDR256C YD9320A.06C	515	cytoplasm [GO:0005737]; mitochondrial matrix [GO:0005759]; mitochondrion [GO:0005739]; peroxisomal matrix [GO:0005782]; peroxisome [GO:0005777]
P15274	AMPD_YEAST	AMD1 AMD YML035C	810	cytoplasm [GO:0005737]; cytosol [GO:0005829]
P15303	SEC23_YEAST	SEC23 YPR181C P9705.14	768	COPII vesicle coat [GO:0030127]; endoplasmic reticulum [GO:0005783]; endoplasmic reticulum exit site [GO:0070971]; endoplasmic reticulum membrane [GO:0005789]; Golgi membrane [GO:0000139]
P15315	CUP2_YEAST	CUP2 ACE1 YGL166W G1810	225	nucleus [GO:0005634]
P15367	SEC11_YEAST	SEC11 YIR022W	167	endoplasmic reticulum [GO:0005783]; endoplasmic reticulum membrane [GO:0005789]; signal peptidase complex [GO:0005787]
P15424	MS116_YEAST	MSS116 YDR194C YD9346.05C	664	mitochondrial matrix [GO:0005759]; mitochondrial ribosome [GO:0005761]; mitochondrion [GO:0005739]
P15436	DPOD_YEAST	POL3 CDC2 TEX1 YDL102W D2366	1097	cytosol [GO:0005829]; delta DNA polymerase complex [GO:0043625]; replication fork [GO:0005657]
P15442	GCN2_YEAST	GCN2 AAS1 YDR283C	1659	cytoplasm [GO:0005737]; cytosol [GO:0005829]; cytosolic ribosome [GO:0022626]; large ribosomal subunit [GO:0015934]; nucleus [GO:0005634]; small ribosomal subunit [GO:0015935]
P15454	KGUA_YEAST	GUK1 YDR454C D9461.39	187	cytoplasm [GO:0005737]; cytosol [GO:0005829]; nucleus [GO:0005634]
P15496	IDI1_YEAST	IDI1 BOT2 YPL117C LPH10C	288	cytoplasm [GO:0005737]; cytosol [GO:0005829]; nucleus [GO:0005634]; vacuole [GO:0005773]
P15565	TRM1_YEAST	TRM1 YDR120C YD9727.15C	570	mitochondrion [GO:0005739]; nuclear envelope [GO:0005635]; nuclear inner membrane [GO:0005637]; nucleus [GO:0005634]
P15624	SYFB_YEAST	FRS1 YLR060W L2165	595	cytoplasm [GO:0005737]; phenylalanine-tRNA ligase complex [GO:0009328]
P15625	SYFA_YEAST	FRS2 YFL022C	503	cytoplasm [GO:0005737]; phenylalanine-tRNA ligase complex [GO:0009328]
P15646	FBRL_YEAST	NOP1 LOT3 YDL014W D2870	327	90S preribosome [GO:0030686]; box C/D methylation guide snoRNP complex [GO:0031428]; nucleolus [GO:0005730]; nucleoplasm [GO:0005654]; small-subunit processome [GO:0032040]
P15700	KCY_YEAST	URA6 SOC8 YKL024C	204	cytoplasm [GO:0005737]; nucleus [GO:0005634]
P15703	BGL2_YEAST	BGL2 SCW9 YGR282C	313	cell surface [GO:0009986]; extracellular region [GO:0005576]; fungal-type cell wall [GO:0009277]; fungal-type vacuole [GO:0000324]
P15705	STI1_YEAST	STI1 YOR027W OR26.17	589	cytoplasm [GO:0005737]
P15731	UBC4_YEAST	UBC4 YBR082C YBR0745	148	cytoplasm [GO:0005737]; nucleus [GO:0005634]
P15732	UBC5_YEAST	UBC5 YDR059C D4234 YD9609.13C	148	nucleus [GO:0005634]
P15790	CSK21_YEAST	CKA1 YIL035C	372	CURI complex [GO:0032545]; cytosol [GO:0005829]; nucleolus [GO:0005730]; nucleoplasm [GO:0005654]; nucleus [GO:0005634]; protein kinase CK2 complex [GO:0005956]; small-subunit processome [GO:0032040]; UTP-C complex [GO:0034456]
P15801	DPOG_YEAST	MIP1 YOR330C	1254	gamma DNA polymerase complex [GO:0005760]; mitochondrion [GO:0005739]
P15807	MET8_YEAST	MET8 YBR213W YBR1461	274	
P15873	PCNA_YEAST	POL30 YBR088C YBR0811	258	chromosome, telomeric region [GO:0000781]; nucleus [GO:0005634]; PCNA complex [GO:0043626]; replication fork [GO:0005657]
P15891	ABP1_YEAST	ABP1 YCR088W YCR88W	592	actin cortical patch [GO:0030479]; cell cortex [GO:0005938]; cortical actin cytoskeleton [GO:0030864]; cytoplasm [GO:0005737]; mating projection tip [GO:0043332]; site of polarized growth [GO:0030427]
P15938	PRP16_YEAST	PRP16 YKR086W YKR406	1071	spliceosomal complex [GO:0005681]; U2-type catalytic step 2 spliceosome [GO:0071007]
P15992	HSP26_YEAST	HSP26 YBR072W YBR0714	214	cytoplasm [GO:0005737]; cytoplasmic stress granule [GO:0010494]; mitochondrion [GO:0005739]; nucleus [GO:0005634]
P16120	THRC_YEAST	THR4 YCR053W YCR53W	514	cytoplasm [GO:0005737]; nucleus [GO:0005634]
P16140	VATB_YEAST	VMA2 VAT2 YBR127C YBR1002	517	cytoplasm [GO:0005737]; cytoplasmic stress granule [GO:0010494]; fungal-type vacuole membrane [GO:0000329]; Golgi membrane [GO:0000139]; membrane raft [GO:0045121]; proton-transporting V-type ATPase complex [GO:0033176]; vacuolar proton-transporting V-type ATPase complex [GO:0016471]; vacuolar proton-transporting V-type ATPase, V1 domain [GO:0000221]; vacuole-mitochondrion membrane contact site [GO:1990816]
P16370	RPB3_YEAST	RPB3 YIL021W	318	nucleoplasm [GO:0005654]; nucleus [GO:0005634]; RNA polymerase II, core complex [GO:0005665]
P16387	ODPA_YEAST	PDA1 YER178W	420	mitochondrial nucleoid [GO:0042645]; mitochondrion [GO:0005739]; pyruvate dehydrogenase complex [GO:0045254]
P16451	ODPX_YEAST	PDX1 YGR193C G7579	410	mitochondrial matrix [GO:0005759]; mitochondrion [GO:0005739]; pyruvate dehydrogenase complex [GO:0045254]
P16467	PDC5_YEAST	PDC5 YLR134W L3133 L9606.7	563	cytoplasm [GO:0005737]; cytosol [GO:0005829]; nucleus [GO:0005634]
P16474	BIP_YEAST	KAR2 GRP78 SSD1 YJL034W J1248	682	cytoplasm [GO:0005737]; endoplasmic reticulum [GO:0005783]; endoplasmic reticulum chaperone complex [GO:0034663]; endoplasmic reticulum lumen [GO:0005788]; endoplasmic reticulum membrane [GO:0005789]; luminal surveillance complex [GO:0034099]; membrane [GO:0016020]; nucleus [GO:0005634]
P16521	EF3A_YEAST	YEF3 EFC1 TEF3 YEF3A YLR249W L9672.5	1044	cytoplasmic stress granule [GO:0010494]; cytosolic ribosome [GO:0022626]; ribosome [GO:0005840]
P16522	CDC23_YEAST	CDC23 YHR166C	626	anaphase-promoting complex [GO:0005680]; kinetochore [GO:0000776]
P16550	APA1_YEAST	APA1 DTP YCL050C YCL50C	321	cytoplasm [GO:0005737]; nucleus [GO:0005634]
P16603	NCPR_YEAST	NCP1 CPR1 NCPR1 PRD1 YHR042W	691	cytosol [GO:0005829]; endoplasmic reticulum membrane [GO:0005789]; mitochondrial outer membrane [GO:0005741]; mitochondrion [GO:0005739]; plasma membrane [GO:0005886]
P16622	HEMH_YEAST	HEM15 YOR176W	393	mitochondrial inner membrane [GO:0005743]; mitochondrion [GO:0005739]
P16649	TUP1_YEAST	TUP1 AAR1 AER2 AMM1 CYC9 FLK1 SFL2 UMR7 YCR084C YCR84C	713	Cyc8(Ssn6)-Tup1 general repressor complex [GO:0160051]; nucleus [GO:0005634]; SCF ubiquitin ligase complex [GO:0019005]; transcription repressor complex [GO:0017053]
P16658	SEN2_YEAST	SEN2 YLR105C L8004.12	377	cytoplasm [GO:0005737]; endomembrane system [GO:0012505]; mitochondrial outer membrane [GO:0005741]; mitochondrion [GO:0005739]; peroxisome [GO:0005777]; tRNA-intron endonuclease complex [GO:0000214]
P16661	ALG1_YEAST	ALG1 YBR110W YBR0906	449	cytoplasmic side of endoplasmic reticulum membrane [GO:0098554]; endoplasmic reticulum [GO:0005783]
P16664	RGP1_YEAST	RGP1 YDR137W YD9302.13	663	cytosol [GO:0005829]; Golgi apparatus [GO:0005794]; Golgi membrane [GO:0000139]; guanyl-nucleotide exchange factor complex [GO:0032045]; Ric1-Rgp1 guanyl-nucleotide exchange factor complex [GO:0034066]
P16861	PFKA1_YEAST	PFK1 YGR240C G8599	987	6-phosphofructokinase complex [GO:0005945]; cytoplasm [GO:0005737]; mitochondrial outer membrane [GO:0005741]; mitochondrion [GO:0005739]
P16862	PFKA2_YEAST	PFK2 YMR205C YM8325.06C	959	6-phosphofructokinase complex [GO:0005945]; cytoplasm [GO:0005737]; mitochondrial outer membrane [GO:0005741]; mitochondrion [GO:0005739]
P16892	FUS3_YEAST	FUS3 DAC2 YBL016W YBL03.21 YBL0303	353	cytoplasm [GO:0005737]; cytoplasmic stress granule [GO:0010494]; mating projection tip [GO:0043332]; mitochondrion [GO:0005739]; nucleus [GO:0005634]; periplasmic space [GO:0042597]
P17064	FCY2_YEAST	FCY2 YER056C	533	cell periphery [GO:0071944]; fungal-type vacuole membrane [GO:0000329]; plasma membrane [GO:0005886]
P17065	SEC2_YEAST	SEC2 YNL272C N0641	759	cell tip [GO:0051286]; cellular bud neck [GO:0005935]; cellular bud tip [GO:0005934]; cytosol [GO:0005829]; mating projection tip [GO:0043332]; transport vesicle [GO:0030133]
P17076	RL8A_YEAST	RPL8A MAK7 RPL4A YHL033C	256	cytosol [GO:0005829]; cytosolic large ribosomal subunit [GO:0022625]
P17106	CBF1_YEAST	CBF1 CEP1 CP1 CPF1 YJR060W J1730	351	Cbf1-Met4-Met28 complex [GO:0089713]; chromosome, centromeric region [GO:0000775]; kinetochore [GO:0000776]; mitochondrion [GO:0005739]; nucleus [GO:0005634]
P17119	KAR3_YEAST	KAR3 YPR141C P9659.16	729	chromosome [GO:0005694]; cytoplasmic microtubule [GO:0005881]; microtubule [GO:0005874]; microtubule cytoskeleton [GO:0015630]; mitotic spindle pole body [GO:0044732]; nucleus [GO:0005634]; spindle pole [GO:0000922]; spindle pole body [GO:0005816]
P17157	PHO85_YEAST	PHO85 SSG3 YPL031C P7102.18A	305	cellular bud neck [GO:0005935]; cyclin-dependent protein kinase holoenzyme complex [GO:0000307]; cytoplasm [GO:0005737]; nucleus [GO:0005634]; Pho85-Pho80 CDK-cyclin complex [GO:1990860]
P17214	EST1_YEAST	EST1 YLR233C L8083.15	699	chromosome, telomeric region [GO:0000781]; nucleolus [GO:0005730]; nucleus [GO:0005634]; telomerase holoenzyme complex [GO:0005697]
P17255	VATA_YEAST	VMA1 CLS8 TFP1 YDL185W D1286	1071	fungal-type vacuole membrane [GO:0000329]; Golgi membrane [GO:0000139]; proton-transporting V-type ATPase complex [GO:0033176]; vacuolar proton-transporting V-type ATPase complex [GO:0016471]; vacuolar proton-transporting V-type ATPase, V1 domain [GO:0000221]
P17260	KRE1_YEAST	KRE1 YNL322C N0336	313	fungal-type cell wall [GO:0009277]; fungal-type vacuole [GO:0000324]; plasma membrane [GO:0005886]; side of membrane [GO:0098552]
P17423	KHSE_YEAST	THR1 YHR025W	357	
P17442	PHO81_YEAST	PHO81 YGR233C G8567	1178	cytoplasm [GO:0005737]; cytosol [GO:0005829]; nucleus [GO:0005634]
P17505	MDHM_YEAST	MDH1 YKL085W	334	cytoplasm [GO:0005737]; mitochondrial matrix [GO:0005759]; mitochondrion [GO:0005739]
P17536	TPM1_YEAST	TPM1 YNL079C N2332	199	actin filament [GO:0005884]; actin filament bundle [GO:0032432]; actomyosin contractile ring [GO:0005826]; cellular bud neck contractile ring [GO:0000142]
P17555	CAP_YEAST	SRV2 CAP1 YNL138W N1210 N1838	526	actin cortical patch [GO:0030479]; cytoplasm [GO:0005737]; mating projection tip [GO:0043332]
P17558	RTPT_YEAST	PET123 YOR158W	318	mitochondrial inner membrane [GO:0005743]; mitochondrial small ribosomal subunit [GO:0005763]; mitochondrion [GO:0005739]
P17629	HPR1_YEAST	HPR1 YDR138W YD9302.14	752	Cdc73/Paf1 complex [GO:0016593]; chromosome, telomeric region [GO:0000781]; nucleoplasmic THO complex [GO:0000446]; THO complex [GO:0000347]; THO complex part of transcription export complex [GO:0000445]; transcription export complex [GO:0000346]
P17649	GABAT_YEAST	UGA1 YGR019W	471	cytosol [GO:0005829]; mitochondrion [GO:0005739]
P17695	GLRX2_YEAST	GRX2 TTR TTR1 YDR513W D9719.17	143	cytoplasm [GO:0005737]; cytosol [GO:0005829]; mitochondrion [GO:0005739]; nucleus [GO:0005634]
P17709	HXKG_YEAST	GLK1 HOR3 YCL040W YCL312 YCL40W	500	cytosol [GO:0005829]; mitochondrion [GO:0005739]; plasma membrane [GO:0005886]
P17883	SKI3_YEAST	SKI3 YPR189W P9677.7	1432	nucleus [GO:0005634]; Ski complex [GO:0055087]
P17890	RPC7_YEAST	RPC31 ACP2 RPC8 YNL151C N1769	251	nucleoplasm [GO:0005654]; nucleus [GO:0005634]; RNA polymerase III complex [GO:0005666]
P17891	CLC1_YEAST	CLC1 YGR167W	233	clathrin coat of coated pit [GO:0030132]; clathrin coat of trans-Golgi network vesicle [GO:0030130]; clathrin complex [GO:0071439]; clathrin vesicle coat [GO:0030125]; plasma membrane [GO:0005886]; trans-Golgi network [GO:0005802]
P17898	CPT1_YEAST	CPT1 YNL130C N1218 N1867	393	endoplasmic reticulum [GO:0005783]; endoplasmic reticulum membrane [GO:0005789]; Golgi apparatus [GO:0005794]; mitochondrial outer membrane [GO:0005741]
P17967	PDI_YEAST	PDI1 MFP1 TRG1 YCL043C YCL313 YCL43C	522	endoplasmic reticulum [GO:0005783]; endoplasmic reticulum lumen [GO:0005788]; mannosyl-oligosaccharide 1,2-alpha-mannosidase complex [GO:0106055]
P18238	ADT3_YEAST	AAC3 YBR085W YBR0753	307	mitochondrial inner membrane [GO:0005743]; mitochondrion [GO:0005739]
P18239	ADT2_YEAST	PET9 AAC2 YBL030C YBL0421	318	membrane [GO:0016020]; mitochondrial inner membrane [GO:0005743]; mitochondrion [GO:0005739]
P18409	MDM10_YEAST	MDM10 YAL010C FUN37	493	ERMES complex [GO:0032865]; mitochondrial outer membrane [GO:0005741]; outer mitochondrial membrane protein complex [GO:0098799]; SAM complex [GO:0001401]
P18410	SPO7_YEAST	SPO7 YAL009W	259	endoplasmic reticulum [GO:0005783]; endoplasmic reticulum membrane [GO:0005789]; membrane [GO:0016020]; Nem1-Spo7 phosphatase complex [GO:0071595]; nuclear membrane [GO:0031965]
P18412	TEC1_YEAST	TEC1 ROC1 YBR083W YBR0750	486	nucleus [GO:0005634]; Tec1p-Ste12p-Dig1p complex [GO:1990527]; transcription regulator complex [GO:0005667]
P18480	SNF5_YEAST	SNF5 SWI10 TYE4 YBR289W YBR2036	905	chromatin [GO:0000785]; cytosol [GO:0005829]; nuclear chromosome [GO:0000228]; nucleus [GO:0005634]; SWI/SNF complex [GO:0016514]
P18562	UPP_YEAST	FUR1 YHR128W	216	cytoplasm [GO:0005737]
P18759	SEC18_YEAST	SEC18 YBR080C YBR0736	758	cytosol [GO:0005829]; Golgi apparatus [GO:0005794]; Golgi stack [GO:0005795]; mating projection tip [GO:0043332]
P18851	GBB_YEAST	STE4 YOR212W YOR50-2	423	Cdc24p-Far1p-Gbetagamma complex [GO:0120171]; cell cortex [GO:0005938]; cytoplasm [GO:0005737]; G-protein beta/gamma-subunit complex [GO:0031680]; heterotrimeric G-protein complex [GO:0005834]; mating projection [GO:0005937]; plasma membrane [GO:0005886]
P18852	GBG_YEAST	STE18 YJR086W J1866	110	Cdc24p-Far1p-Gbetagamma complex [GO:0120171]; cell cortex [GO:0005938]; cell periphery [GO:0071944]; cytoplasm [GO:0005737]; G-protein beta/gamma-subunit complex [GO:0031680]; heterotrimeric G-protein complex [GO:0005834]; plasma membrane [GO:0005886]
P18888	SNF6_YEAST	SNF6 YHL025W	332	chromatin [GO:0000785]; cytosol [GO:0005829]; nucleus [GO:0005634]; SWI/SNF complex [GO:0016514]
P18898	PGTB1_YEAST	CDC43 CAL1 YGL155W G1864	376	CAAX-protein geranylgeranyltransferase complex [GO:0005953]; cytoplasm [GO:0005737]
P18899	DDR48_YEAST	DDR48 FSP YMR173W YM8010.03	430	cytoplasm [GO:0005737]; cytosol [GO:0005829]
P18961	YPK2_YEAST	YPK2 YKR2 YMR104C YM9718.03C	677	cytoplasm [GO:0005737]; membrane [GO:0016020]; nucleus [GO:0005634]
P19073	CDC42_YEAST	CDC42 SRO2 YLR229C L8083.13	191	cell periphery [GO:0071944]; cellular bud neck [GO:0005935]; cellular bud tip [GO:0005934]; fungal-type vacuole membrane [GO:0000329]; incipient cellular bud site [GO:0000131]; mating projection tip [GO:0043332]; nuclear envelope [GO:0005635]; nuclear membrane [GO:0031965]; plasma membrane [GO:0005886]; septin ring [GO:0005940]
P19097	FAS2_YEAST	FAS2 YPL231W P1409	1887	cytosol [GO:0005829]; fatty acid synthase complex [GO:0005835]; mitochondrion [GO:0005739]
P19145	GAP1_YEAST	GAP1 YKR039W	602	COPII-coated ER to Golgi transport vesicle [GO:0030134]; endoplasmic reticulum [GO:0005783]; endoplasmic reticulum membrane [GO:0005789]; endosome [GO:0005768]; fungal-type vacuole lumen [GO:0000328]; membrane [GO:0016020]; multivesicular body [GO:0005771]; plasma membrane [GO:0005886]
P19146	ARF2_YEAST	ARF2 YDL137W D2165	181	cytoplasm [GO:0005737]; cytosol [GO:0005829]; Golgi apparatus [GO:0005794]; plasma membrane [GO:0005886]
P19211	IF5A2_YEAST	ANB1 HYP1 TIF51B YJR047C J1651	157	cytosolic ribosome [GO:0022626]
P19262	ODO2_YEAST	KGD2 YDR148C YD8358.05C	463	mitochondrial nucleoid [GO:0042645]; mitochondrion [GO:0005739]; oxoglutarate dehydrogenase complex [GO:0045252]
P19263	MED14_YEAST	RGR1 MED14 YLR071C	1082	core mediator complex [GO:0070847]; mediator complex [GO:0016592]; nucleus [GO:0005634]
P19358	METK2_YEAST	SAM2 ETH2 YDR502C D9719.8	384	cytoplasmic stress granule [GO:0010494]; cytosol [GO:0005829]
P19414	ACON_YEAST	ACO1 GLU1 YLR304C L8003.22	778	cytosol [GO:0005829]; mitochondrial intermembrane space [GO:0005758]; mitochondrial matrix [GO:0005759]; mitochondrial nucleoid [GO:0042645]; mitochondrion [GO:0005739]
P19454	CSK22_YEAST	CKA2 YOR061W YOR29-12	339	CURI complex [GO:0032545]; cytosol [GO:0005829]; nucleolus [GO:0005730]; nucleoplasm [GO:0005654]; nucleus [GO:0005634]; protein kinase CK2 complex [GO:0005956]; small-subunit processome [GO:0032040]; UTP-C complex [GO:0034456]
P19516	COX11_YEAST	COX11 PSO7 YPL132W LPI13W	300	mitochondrial envelope [GO:0005740]; mitochondrial inner membrane [GO:0005743]; mitochondrial intermembrane space [GO:0005758]; mitochondrial ribosome [GO:0005761]; mitochondrion [GO:0005739]
P19524	MYO2_YEAST	MYO2 CDC66 YOR326W O6167	1574	actin cytoskeleton [GO:0015629]; actin filament bundle [GO:0032432]; cellular bud neck [GO:0005935]; cellular bud tip [GO:0005934]; cytoplasm [GO:0005737]; filamentous actin [GO:0031941]; fungal-type vacuole membrane [GO:0000329]; incipient cellular bud site [GO:0000131]; mating projection tip [GO:0043332]; meiotic nuclear membrane microtubule tethering complex [GO:0034993]; membrane [GO:0016020]; Myo2p-Vac17p-Vac8p transport complex [GO:0071563]; myosin V complex [GO:0031475]; transport vesicle [GO:0030133]; vesicle [GO:0031982]
P19541	RDS2_YEAST	RDS2 YPL133C LPI12C	446	cytoplasm [GO:0005737]; nucleus [GO:0005634]
P19657	PMA2_YEAST	PMA2 YPL036W	947	cell periphery [GO:0071944]; mitochondrion [GO:0005739]; plasma membrane [GO:0005886]
P19658	EXO70_YEAST	EXO70 YJL085W J0932	623	cellular bud neck [GO:0005935]; cellular bud tip [GO:0005934]; cytoplasm [GO:0005737]; exocyst [GO:0000145]; incipient cellular bud site [GO:0000131]; mating projection tip [GO:0043332]; plasma membrane [GO:0005886]; prospore membrane [GO:0005628]; transport vesicle [GO:0030133]
P19659	MED15_YEAST	GAL11 ABE1 MED15 RAR3 SDS4 SPT13 YOL051W	1081	core mediator complex [GO:0070847]; mediator complex [GO:0016592]; nucleus [GO:0005634]
P19735	PRP6_YEAST	PRP6 RNA6 YBR055C YBR0508	899	catalytic step 2 spliceosome [GO:0071013]; nucleus [GO:0005634]; spliceosomal complex [GO:0005681]; U4/U6 snRNP [GO:0071001]; U4/U6 x U5 tri-snRNP complex [GO:0046540]; U5 snRNP [GO:0005682]
P19736	PRP9_YEAST	PRP9 YDL030W D2773	530	nucleus [GO:0005634]; Prp19 complex [GO:0000974]; spliceosomal complex [GO:0005681]; U2 snRNP [GO:0005686]; U2-type prespliceosome [GO:0071004]
P19807	HNM1_YEAST	HNM1 CTR CTR1 YGL077C	563	cell periphery [GO:0071944]; endoplasmic reticulum [GO:0005783]; plasma membrane [GO:0005886]
P19812	UBR1_YEAST	UBR1 PTR1 YGR184C G7168	1950	cytoplasm [GO:0005737]; proteasome regulatory particle, base subcomplex [GO:0008540]; ubiquitin ligase complex [GO:0000151]; UBR1-RAD6 ubiquitin ligase complex [GO:1990303]
P19880	AP1_YEAST	YAP1 PAR1 PDR4 SNQ3 YML007W YM9571.12	650	cytoplasm [GO:0005737]; nucleus [GO:0005634]; RNA polymerase II transcription regulator complex [GO:0090575]
P19882	HSP60_YEAST	HSP60 MIF4 YLR259C L8479.10	572	cytosol [GO:0005829]; mitochondrial inner membrane [GO:0005743]; mitochondrial intermembrane space [GO:0005758]; mitochondrial matrix [GO:0005759]; mitochondrial nucleoid [GO:0042645]; mitochondrion [GO:0005739]
P19955	KGD4_YEAST	YMR31 KGD4 YFR049W	123	mitochondrial ribosome [GO:0005761]; mitochondrion [GO:0005739]; oxoglutarate dehydrogenase complex [GO:0045252]
P20050	HOP1_YEAST	HOP1 YIL072W	605	condensed nuclear chromosome [GO:0000794]; lateral element [GO:0000800]; nucleus [GO:0005634]; synaptonemal complex [GO:0000795]
P20052	PHO80_YEAST	PHO80 AGS3 TUP7 VAC5 YOL001W O2505 UNB293	293	cyclin-dependent protein kinase holoenzyme complex [GO:0000307]; cytoplasm [GO:0005737]; nucleus [GO:0005634]; Pho85-Pho80 CDK-cyclin complex [GO:1990860]
P20053	PRP4_YEAST	PRP4 RNA4 YPR178W P9705.6	465	nucleus [GO:0005634]; spliceosomal complex [GO:0005681]; U4 snRNP [GO:0005687]; U4/U6 snRNP [GO:0071001]; U4/U6 x U5 tri-snRNP complex [GO:0046540]
P20081	FKBP_YEAST	FPR1 FKB1 RBP1 YNL135C N1213 N1845	114	cytoplasm [GO:0005737]; mitochondrion [GO:0005739]; nucleus [GO:0005634]
P20095	PRP2_YEAST	PRP2 RNA2 YNR011C N2048	876	U2-type catalytic step 1 spliceosome [GO:0071006]
P20107	ZRC1_YEAST	ZRC1 YMR243C YM9408.05C	442	fungal-type vacuole [GO:0000324]; fungal-type vacuole membrane [GO:0000329]; membrane raft [GO:0045121]
P20133	PGTB2_YEAST	BET2 YPR176C P9705.12	325	cytosol [GO:0005829]; geranylgeranyltransferase-III complex [GO:0170069]; Rab-protein geranylgeranyltransferase complex [GO:0005968]
P20134	SFL1_YEAST	SFL1 YOR140W YOR3339W	766	nucleus [GO:0005634]
P20424	SRP54_YEAST	SRP54 SRH1 YPR088C P9513.14	541	cytosol [GO:0005829]; endoplasmic reticulum [GO:0005783]; signal recognition particle, endoplasmic reticulum targeting [GO:0005786]
P20433	RPB4_YEAST	RPB4 YJL140W J0654	221	cytoplasm [GO:0005737]; nucleus [GO:0005634]; P-body [GO:0000932]; RNA polymerase II, core complex [GO:0005665]; RPB4-RPB7 complex [GO:1990328]
P20434	RPAB1_YEAST	RPB5 RPA7 RPC9 YBR154C YBR1204	215	nucleoplasm [GO:0005654]; nucleus [GO:0005634]; RNA polymerase I complex [GO:0005736]; RNA polymerase II, core complex [GO:0005665]; RNA polymerase III complex [GO:0005666]
P20435	RPAB2_YEAST	RPO26 RPB6 YPR187W P9677.8	155	cytoplasm [GO:0005737]; nucleoplasm [GO:0005654]; nucleus [GO:0005634]; RNA polymerase I complex [GO:0005736]; RNA polymerase II, core complex [GO:0005665]; RNA polymerase III complex [GO:0005666]
P20436	RPAB3_YEAST	RPB8 YOR224C YOR50-14	146	nucleoplasm [GO:0005654]; nucleus [GO:0005634]; RNA polymerase I complex [GO:0005736]; RNA polymerase II, core complex [GO:0005665]; RNA polymerase III complex [GO:0005666]
P20447	DBP3_YEAST	DBP3 YGL078C	523	nucleolus [GO:0005730]; preribosome, large subunit precursor [GO:0030687]
P20448	DBP4_YEAST	HCA4 DBP4 ECM24 YJL033W J1250	770	nucleolus [GO:0005730]; nucleus [GO:0005634]; small-subunit processome [GO:0032040]
P20449	DBP5_YEAST	DBP5 RAT8 YOR046C	482	cellular bud tip [GO:0005934]; cytoplasm [GO:0005737]; cytoplasmic stress granule [GO:0010494]; nuclear membrane [GO:0031965]; nuclear pore cytoplasmic filaments [GO:0044614]; nucleus [GO:0005634]
P20457	PRI2_YEAST	PRI2 YKL045W YKL258	528	alpha DNA polymerase:primase complex [GO:0005658]; nuclear envelope [GO:0005635]; nucleus [GO:0005634]
P20459	IF2A_YEAST	SUI2 TIF211 YJR007W J1429	304	cytoplasm [GO:0005737]; cytoplasmic stress granule [GO:0010494]; cytosol [GO:0005829]; eukaryotic 48S preinitiation complex [GO:0033290]; eukaryotic translation initiation factor 2 complex [GO:0005850]; multi-eIF complex [GO:0043614]; ribosome [GO:0005840]
P20484	MAK11_YEAST	MAK11 YKL021C	414	membrane [GO:0016020]; nuclear membrane [GO:0031965]; nucleolus [GO:0005730]
P20485	KICH_YEAST	CKI1 CKI YLR133W L3130 L9606.8	582	cytoplasm [GO:0005737]
P20486	CKS1_YEAST	CKS1 YBR135W YBR1011	150	cyclin-dependent protein kinase holoenzyme complex [GO:0000307]; cytoplasm [GO:0005737]; nucleus [GO:0005634]; SCF ubiquitin ligase complex [GO:0019005]
P20604	PP11_YEAST	SIT4 PPH1 YDL047W D2693	311	cytoplasm [GO:0005737]; nucleus [GO:0005634]; protein phosphatase type 2A complex [GO:0000159]; protein serine/threonine phosphatase complex [GO:0008287]
P20606	SAR1_YEAST	SAR1 YPL218W	190	COPII vesicle coat [GO:0030127]; endoplasmic reticulum [GO:0005783]; endoplasmic reticulum exit site [GO:0070971]; endoplasmic reticulum membrane [GO:0005789]; Golgi membrane [GO:0000139]; mitochondria-associated endoplasmic reticulum membrane contact site [GO:0044233]; mitochondrion [GO:0005739]
P20676	NUP1_YEAST	NUP1 YOR098C YOR3182C	1076	nuclear envelope [GO:0005635]; nuclear membrane [GO:0031965]; nuclear pore [GO:0005643]; nuclear pore central transport channel [GO:0044613]; nuclear pore nuclear basket [GO:0044615]
P20795	VPS33_YEAST	VPS33 SLP1 VAM5 YLR396C L8084.15	691	CORVET complex [GO:0033263]; cytosol [GO:0005829]; early endosome membrane [GO:0031901]; fungal-type vacuole [GO:0000324]; fungal-type vacuole membrane [GO:0000329]; HOPS complex [GO:0030897]
P20840	SAG1_YEAST	SAG1 AGAL1 YJR004C J1418	650	cell periphery [GO:0071944]; fungal-type cell wall [GO:0009277]; fungal-type vacuole [GO:0000324]; side of membrane [GO:0098552]
P20967	ODO1_YEAST	KGD1 OGD1 YIL125W	1014	mitochondrial nucleoid [GO:0042645]; mitochondrion [GO:0005739]; oxoglutarate dehydrogenase complex [GO:0045252]
P21147	ACO1_YEAST	OLE1 YGL055W	510	endoplasmic reticulum [GO:0005783]; endoplasmic reticulum membrane [GO:0005789]
P21182	DCAM_YEAST	SPE2 YOL052C O1275	396	cytoplasm [GO:0005737]; cytosol [GO:0005829]; nucleus [GO:0005634]
P21190	IME1_YEAST	IME1 YJR094C J1916	360	nucleus [GO:0005634]; transcription regulator complex [GO:0005667]
P21192	ACE2_YEAST	ACE2 YLR131C L3123 L9606.10	770	cytoplasm [GO:0005737]; cytosol [GO:0005829]; nucleus [GO:0005634]
P21242	PSA7_YEAST	PRE10 PRC1 PRS1 YOR362C O6650	288	nucleus [GO:0005634]; proteasome complex [GO:0000502]; proteasome core complex, alpha-subunit complex [GO:0019773]; proteasome storage granule [GO:0034515]
P21243	PSA1_YEAST	SCL1 PRC2 PRS2 YGL011C	252	cytosol [GO:0005829]; mitochondrion [GO:0005739]; nucleus [GO:0005634]; proteasome complex [GO:0000502]; proteasome core complex, alpha-subunit complex [GO:0019773]
P21268	FAR1_YEAST	FAR1 YJL157C J0565	830	Cdc24p-Far1p-Gbetagamma complex [GO:0120171]; cell cortex [GO:0005938]; cytoplasm [GO:0005737]; mating projection tip [GO:0043332]; nucleus [GO:0005634]
P21269	CCA1_YEAST	CCA1 TNT1 YER168C	546	mitochondrial matrix [GO:0005759]; mitochondrion [GO:0005739]; nucleus [GO:0005634]
P21372	PRP5_YEAST	PRP5 RNA5 YBR237W YBR1603	849	commitment complex [GO:0000243]; nucleus [GO:0005634]
P21373	UTR1_YEAST	UTR1 YJR049C J1655	530	cytoplasm [GO:0005737]; nucleus [GO:0005634]
P21374	ISY1_YEAST	ISY1 NTC30 UTR3 YJR050W J1657	235	catalytic step 2 spliceosome [GO:0071013]; cytoplasm [GO:0005737]; post-mRNA release spliceosomal complex [GO:0071014]; post-spliceosomal complex [GO:0071020]; Prp19 complex [GO:0000974]; U2-type catalytic step 1 spliceosome [GO:0071006]; U2-type catalytic step 2 spliceosome [GO:0071007]
P21375	OSM1_YEAST	OSM1 YJR051W J1659	501	cytoplasm [GO:0005737]; endoplasmic reticulum [GO:0005783]; mitochondrion [GO:0005739]
P21524	RIR1_YEAST	RNR1 CRT7 RIR1 SDS12 YER070W	888	cytoplasm [GO:0005737]; nucleus [GO:0005634]; ribonucleoside-diphosphate reductase complex [GO:0005971]
P21538	REB1_YEAST	REB1 GRF2 YBR049C YBR0502	810	chromatin [GO:0000785]; nucleoplasm [GO:0005654]; nucleus [GO:0005634]
P21560	CBP3_YEAST	CBP3 YPL215W P1775	335	Cbp3p-Cbp6 complex [GO:0061671]; mitochondrial inner membrane [GO:0005743]; mitochondrial membrane [GO:0031966]; mitochondrial ribosome [GO:0005761]; mitochondrion [GO:0005739]
P21576	VPS1_YEAST	VPS1 LAM1 SPO15 YKR001C	704	actin cortical patch [GO:0030479]; cytoplasm [GO:0005737]; cytosol [GO:0005829]; fungal-type vacuole membrane [GO:0000329]; late endosome [GO:0005770]; membrane [GO:0016020]; microtubule [GO:0005874]; mitochondrial outer membrane [GO:0005741]; mitochondrion [GO:0005739]; peroxisome [GO:0005777]; phagophore assembly site [GO:0000407]
P21592	COX10_YEAST	COX10 YPL172C	462	mitochondrial membrane [GO:0031966]; mitochondrion [GO:0005739]
P21651	RE107_YEAST	REC107 MER2 YJR021C J1462	314	condensed nuclear chromosome [GO:0000794]; nucleus [GO:0005634]
P21672	RIR3_YEAST	RNR3 DIN1 YIL066C	869	cytoplasm [GO:0005737]; mitochondrion [GO:0005739]; ribonucleoside-diphosphate reductase complex [GO:0005971]
P21691	SIR1_YEAST	SIR1 YKR101W	654	chromatin silencing complex [GO:0005677]; chromosome, centromeric region [GO:0000775]
P21734	UBC1_YEAST	UBC1 YDR177W YD9395.10	215	cytosol [GO:0005829]; nucleus [GO:0005634]
P21771	RT28_YEAST	MRPS28 YDR337W D9651.3	286	mitochondrial inner membrane [GO:0005743]; mitochondrial small ribosomal subunit [GO:0005763]; mitochondrion [GO:0005739]
P21801	SDHB_YEAST	SDH2 SDH SDHB YLL041C	266	mitochondrial inner membrane [GO:0005743]; mitochondrial membrane [GO:0031966]; mitochondrion [GO:0005739]; respiratory chain complex II (succinate dehydrogenase) [GO:0045273]
P21825	SEC62_YEAST	SEC62 YPL094C LPG14C	274	endoplasmic reticulum [GO:0005783]; membrane [GO:0016020]; rough endoplasmic reticulum membrane [GO:0030867]; Sec62/Sec63 complex [GO:0031207]; translocon complex [GO:0071256]
P21826	MLS2_YEAST	DAL7 MLS2 YIR031C	554	cytoplasm [GO:0005737]; cytosol [GO:0005829]; peroxisomal matrix [GO:0005782]; peroxisome [GO:0005777]
P21827	RCC1_YEAST	SRM1 MTR1 PRP20 YGL097W	482	chromatin [GO:0000785]; cytoplasm [GO:0005737]; nucleus [GO:0005634]
P21951	DPOE_YEAST	POL2 DUN2 YNL262W N0825	2222	epsilon DNA polymerase complex [GO:0008622]; nuclear replication fork [GO:0043596]; nucleus [GO:0005634]; replication fork [GO:0005657]
P21954	IDHP_YEAST	IDP1 YDL066W	428	mitochondrial nucleoid [GO:0042645]; mitochondrion [GO:0005739]
P21957	OPI1_YEAST	OPI1 YHL020C	404	endoplasmic reticulum [GO:0005783]; nuclear envelope [GO:0005635]; nuclear membrane [GO:0031965]; nuclear periphery [GO:0034399]; nucleoplasm [GO:0005654]; nucleus [GO:0005634]
P21965	MCK1_YEAST	MCK1 YPK1 YNL307C N0392	375	actin cytoskeleton [GO:0015629]; cytoplasm [GO:0005737]; nucleus [GO:0005634]
P22007	FNTB_YEAST	RAM1 DPR1 SCG2 STE16 YDL090C D2412	431	protein farnesyltransferase complex [GO:0005965]
P22082	SNF2_YEAST	SNF2 GAM1 RIC1 SWI2 TYE3 YOR290C	1703	chromatin [GO:0000785]; nucleus [GO:0005634]; SWI/SNF complex [GO:0016514]
P22108	APA2_YEAST	APA2 YDR530C D9719.33	325	cytoplasm [GO:0005737]; nucleus [GO:0005634]
P22133	MDHC_YEAST	MDH2 YOL126C	377	cytoplasm [GO:0005737]; cytosol [GO:0005829]; nuclear periphery [GO:0034399]
P22137	CLH_YEAST	CHC1 YGL206C	1653	actin cortical patch [GO:0030479]; clathrin coat of coated pit [GO:0030132]; clathrin coat of trans-Golgi network vesicle [GO:0030130]; clathrin complex [GO:0071439]; clathrin vesicle coat [GO:0030125]; cytosol [GO:0005829]
P22138	RPA2_YEAST	RPA135 RPA2 RRN2 SRP3 YPR010C YP9531.03C	1203	nucleus [GO:0005634]; RNA polymerase I complex [GO:0005736]
P22139	RPAB5_YEAST	RPB10 YOR210W	70	nucleoplasm [GO:0005654]; nucleus [GO:0005634]; RNA polymerase I complex [GO:0005736]; RNA polymerase II, core complex [GO:0005665]; RNA polymerase III complex [GO:0005666]
P22140	EPT1_YEAST	EPT1 YHR123W	391	endoplasmic reticulum [GO:0005783]; Golgi apparatus [GO:0005794]; Golgi membrane [GO:0000139]
P22141	PSB4_YEAST	PRE1 YER012W	198	cytosol [GO:0005829]; endoplasmic reticulum membrane [GO:0005789]; nucleus [GO:0005634]; proteasome complex [GO:0000502]; proteasome core complex, beta-subunit complex [GO:0019774]
P22146	GAS1_YEAST	GAS1 GGP1 YMR307W YM9952.09	559	cellular bud scar [GO:0005621]; COPII-coated ER to Golgi transport vesicle [GO:0030134]; fungal-type cell wall [GO:0009277]; membrane raft [GO:0045121]; mitochondrion [GO:0005739]; nuclear periphery [GO:0034399]; plasma membrane [GO:0005886]; primary cell septum [GO:0000936]; side of membrane [GO:0098552]
P22147	XRN1_YEAST	XRN1 DST2 KEM1 RAR5 SEP1 SKI1 YGL173C G1645	1528	cytoplasm [GO:0005737]; cytoplasmic stress granule [GO:0010494]; cytosol [GO:0005829]; eisosome membrane domain/MCC [GO:0090512]; microtubule [GO:0005874]; nucleus [GO:0005634]; P-body [GO:0000932]; perinuclear region of cytoplasm [GO:0048471]
P22148	MSN1_YEAST	MSN1 FUP1 PHD2 YOL116W HRB382	382	cytoplasm [GO:0005737]; nucleus [GO:0005634]
P22149	AFT1_YEAST	AFT1 RCS1 YGL071W	690	cytoplasm [GO:0005737]; nucleus [GO:0005634]
P22202	HSP74_YEAST	SSA4 YER103W	642	cytoplasm [GO:0005737]; cytosol [GO:0005829]; nucleus [GO:0005634]; plasma membrane [GO:0005886]
P22203	VATE_YEAST	VMA4 VAT5 YOR332W O6241	233	fungal-type vacuole membrane [GO:0000329]; Golgi membrane [GO:0000139]; membrane raft [GO:0045121]; proton-transporting V-type ATPase complex [GO:0033176]; vacuolar proton-transporting V-type ATPase complex [GO:0016471]; vacuolar proton-transporting V-type ATPase, V1 domain [GO:0000221]
P22204	DBF2_YEAST	DBF2 YGR092W	572	cellular bud neck [GO:0005935]; nucleus [GO:0005634]; Sid2-Mob1 complex [GO:0034973]; spindle pole body [GO:0005816]
P22211	NPR1_YEAST	NPR1 YNL183C N1631	790	cytoplasm [GO:0005737]; cytosol [GO:0005829]; Golgi apparatus [GO:0005794]; plasma membrane [GO:0005886]
P22213	SLY1_YEAST	SLY1 YDR189W YD9346.01 YD9395.22	666	COPII-coated ER to Golgi transport vesicle [GO:0030134]; cytoplasm [GO:0005737]; cytosol [GO:0005829]; endoplasmic reticulum [GO:0005783]; Golgi membrane [GO:0000139]; membrane [GO:0016020]
P22214	SEC22_YEAST	SEC22 SLY2 TSL26 YLR268W L8479.3	214	cytoplasmic side of endoplasmic reticulum membrane [GO:0098554]; endoplasmic reticulum [GO:0005783]; endoplasmic reticulum membrane [GO:0005789]; ER to Golgi transport vesicle membrane [GO:0012507]; Golgi apparatus [GO:0005794]; Golgi membrane [GO:0000139]; Golgi to ER transport vesicle membrane [GO:0012508]; membrane [GO:0016020]; SNARE complex [GO:0031201]
P22216	RAD53_YEAST	RAD53 MEC2 SAD1 SPK1 YPL153C P2588	821	cytoplasm [GO:0005737]; cytosol [GO:0005829]; nucleus [GO:0005634]
P22217	TRX1_YEAST	TRX1 TRX2 YLR043C	103	cytoplasm [GO:0005737]; cytosol [GO:0005829]; fungal-type vacuole [GO:0000324]; Golgi membrane [GO:0000139]; membrane fusion priming complex [GO:0120124]; mitochondrial intermembrane space [GO:0005758]; mitochondrion [GO:0005739]; nucleus [GO:0005634]
P22219	VPS15_YEAST	VPS15 GRD8 VAC4 VPL19 YBR097W YBR0825	1454	endosome membrane [GO:0010008]; fungal-type vacuole membrane [GO:0000329]; Golgi membrane [GO:0000139]; late endosome [GO:0005770]; mitochondrion [GO:0005739]; nucleus-vacuole junction [GO:0071561]; phagophore assembly site membrane [GO:0034045]; phosphatidylinositol 3-kinase complex, class III, type I [GO:0034271]; phosphatidylinositol 3-kinase complex, class III, type II [GO:0034272]; vacuole-isolation membrane contact site [GO:0120095]
P22224	SEC15_YEAST	SEC15 YGL233W	910	cellular bud neck [GO:0005935]; cellular bud tip [GO:0005934]; exocyst [GO:0000145]; incipient cellular bud site [GO:0000131]; mating projection tip [GO:0043332]; plasma membrane [GO:0005886]; prospore membrane [GO:0005628]
P22276	RPC2_YEAST	RET1 RPC128 RPC2 YOR207C	1149	nucleoplasm [GO:0005654]; nucleus [GO:0005634]; RNA polymerase III complex [GO:0005666]
P22289	QCR9_YEAST	QCR9 UCR9 YGR183C	66	mitochondrial inner membrane [GO:0005743]; mitochondrion [GO:0005739]; respiratory chain complex III [GO:0045275]
P22336	RFA1_YEAST	RFA1 BUF2 RPA1 YAR007C FUN3	621	chromosome, telomeric region [GO:0000781]; condensed nuclear chromosome [GO:0000794]; cytoplasm [GO:0005737]; cytosol [GO:0005829]; DNA replication factor A complex [GO:0005662]; nucleus [GO:0005634]
P22515	UBA1_YEAST	UBA1 YKL210W	1024	cytoplasm [GO:0005737]; nucleus [GO:0005634]
P22516	CHL1_YEAST	CHL1 CTF1 YPL008W YP8132.05	861	chromatin [GO:0000785]; nucleus [GO:0005634]
P22517	KCC2_YEAST	CMK2 YOL016C	447	cytoplasm [GO:0005737]
P22543	VPS34_YEAST	VPS34 END12 PEP15 VPL7 VPT29 YLR240W L9672.10	875	cytoplasm [GO:0005737]; cytosol [GO:0005829]; endosome [GO:0005768]; endosome membrane [GO:0010008]; fungal-type vacuole membrane [GO:0000329]; Golgi membrane [GO:0000139]; membrane [GO:0016020]; nucleus-vacuole junction [GO:0071561]; peroxisome [GO:0005777]; phagophore assembly site [GO:0000407]; phagophore assembly site membrane [GO:0034045]; phosphatidylinositol 3-kinase complex, class III, type I [GO:0034271]; phosphatidylinositol 3-kinase complex, class III, type II [GO:0034272]
P22579	SIN3_YEAST	SIN3 CPE1 GAM2 RPD1 SDI1 SDS16 UME4 YOL004W	1536	chromatin [GO:0000785]; nucleus [GO:0005634]; Rpd3L complex [GO:0033698]; Rpd3L-Expanded complex [GO:0070210]; Rpd3S complex [GO:0032221]; Sin3-type complex [GO:0070822]
P22696	ESS1_YEAST	ESS1 PIN1 PTF1 YJR017C J1452	170	cytosol [GO:0005829]; nucleus [GO:0005634]
P22768	ASSY_YEAST	ARG1 YOL058W O1228	420	cytoplasm [GO:0005737]; cytosol [GO:0005829]
P22803	TRX2_YEAST	TRX2 TRX1 YGR209C G7746	104	cytoplasm [GO:0005737]; cytosol [GO:0005829]; fungal-type vacuole [GO:0000324]; Golgi membrane [GO:0000139]; membrane fusion priming complex [GO:0120124]; nucleus [GO:0005634]
P22804	BET1_YEAST	BET1 SLY12 YIL004C YIA4C	142	COPII-coated ER to Golgi transport vesicle [GO:0030134]; endoplasmic reticulum membrane [GO:0005789]; Golgi membrane [GO:0000139]; membrane [GO:0016020]; SNARE complex [GO:0031201]
P22855	MAN1_YEAST	AMS1 YGL156W G1861	1083	Cvt complex [GO:0034270]; fungal-type vacuole membrane [GO:0000329]
P22936	APN1_YEAST	APN1 YKL114C YKL513	367	mitochondrion [GO:0005739]; nucleus [GO:0005634]
P22943	HSP12_YEAST	HSP12 GLP1 HOR5 YFL014W	109	cytoplasm [GO:0005737]; cytosol [GO:0005829]; endosome [GO:0005768]; nucleus [GO:0005634]; plasma membrane [GO:0005886]
P23059	NAA38_YEAST	MAK31 NAA38 YCR020C-A YCR20C-A	88	cytosol [GO:0005829]; NatC complex [GO:0031417]; precatalytic spliceosome [GO:0071011]; U4/U6 x U5 tri-snRNP complex [GO:0046540]; U6 snRNP [GO:0005688]
P23179	SPO11_YEAST	SPO11 YHL022C	398	condensed nuclear chromosome [GO:0000794]; nuclear chromosome [GO:0000228]; nucleoplasm [GO:0005654]; site of double-strand break [GO:0035861]
P23201	SPA2_YEAST	SPA2 PEA1 YLL021W L1209	1466	actomyosin contractile ring [GO:0005826]; cell cortex [GO:0005938]; cell cortex of growing cell tip [GO:1902716]; cellular bud neck [GO:0005935]; cellular bud tip [GO:0005934]; incipient cellular bud site [GO:0000131]; mating projection tip [GO:0043332]; polarisome [GO:0000133]
P23202	URE2_YEAST	URE2 YNL229C N1165	354	cytoplasm [GO:0005737]
P23254	TKT1_YEAST	TKL1 YPR074C YP9499.29C	680	cytoplasm [GO:0005737]; cytosol [GO:0005829]
P23255	TAF2_YEAST	TAF2 TAF150 TSM1 YCR042C YCR42C YCR724	1407	nucleus [GO:0005634]; transcription factor TFIID complex [GO:0005669]
P23285	CYPB_YEAST	CPR2 CRG CYP2 SCC2 YHR057C	205	cytoplasm [GO:0005737]; endoplasmic reticulum [GO:0005783]; extracellular region [GO:0005576]; fungal-type vacuole [GO:0000324]
P23287	PP2B1_YEAST	CNA1 CMP1 YLR433C L9753.6	553	calcineurin complex [GO:0005955]; cytoplasm [GO:0005737]
P23291	KC11_YEAST	YCK1 CKI2 YHR135C	538	cell periphery [GO:0071944]; cytoplasm [GO:0005737]; endoplasmic reticulum [GO:0005783]; mitochondrial membrane [GO:0031966]; mitochondrion [GO:0005739]; nucleus [GO:0005634]; plasma membrane [GO:0005886]
P23292	KC12_YEAST	YCK2 CKI1 YNL154C N1755	546	cell periphery [GO:0071944]; cellular bud neck [GO:0005935]; cytoplasm [GO:0005737]; mating projection [GO:0005937]; nucleus [GO:0005634]; plasma membrane [GO:0005886]
P23293	BUR1_YEAST	SGV1 BUR1 YPR161C P9584.8	657	cyclin-dependent protein kinase holoenzyme complex [GO:0000307]; nucleus [GO:0005634]
P23301	IF5A1_YEAST	HYP2 TIF51A YEL034W SYGP-ORF21	157	cytoplasm [GO:0005737]; cytosol [GO:0005829]; mitochondrion [GO:0005739]; perinuclear region of cytoplasm [GO:0048471]
P23337	GYS1_YEAST	GSY1 YFR015C	708	cytoplasm [GO:0005737]; glycogen granule [GO:0042587]; mitochondrion [GO:0005739]
P23394	PRP28_YEAST	PRP28 YDR243C YD8419.10C	588	catalytic step 2 spliceosome [GO:0071013]; cytoplasm [GO:0005737]; nucleus [GO:0005634]; spliceosomal complex [GO:0005681]; U4/U6 x U5 tri-snRNP complex [GO:0046540]; U5 snRNP [GO:0005682]
P23503	NAR1_YEAST	NAR1 YNL240C N1114	491	cytosol [GO:0005829]; cytosolic [4Fe-4S] assembly targeting complex [GO:0097361]; membrane [GO:0016020]; nucleus [GO:0005634]
P23542	AATC_YEAST	AAT2 ASP5 YLR027C L1746	418	cytosol [GO:0005829]; peroxisome [GO:0005777]
P23561	STE11_YEAST	STE11 YLR362W L8039.10	717	cytoplasm [GO:0005737]
P23585	HXT2_YEAST	HXT2 YMR011W YM8270.15	541	cell periphery [GO:0071944]; fungal-type vacuole [GO:0000324]; plasma membrane [GO:0005886]
P23594	PP2A1_YEAST	PPH21 YDL134C D2180	369	cytoplasm [GO:0005737]; cytoplasmic stress granule [GO:0010494]; cytosol [GO:0005829]; nucleus [GO:0005634]; protein phosphatase type 2A complex [GO:0000159]
P23595	PP2A2_YEAST	PPH22 SIS4 YDL188C D1271	377	chromosome, telomeric region [GO:0000781]; condensed chromosome, centromeric region [GO:0000779]; cytosol [GO:0005829]; nuclear periphery [GO:0034399]; nucleus [GO:0005634]; protein phosphatase type 2A complex [GO:0000159]
P23615	SPT6_YEAST	SPT6 CRE2 SSN20 YGR116W G6169	1451	euchromatin [GO:0000791]; mitochondrion [GO:0005739]; nucleus [GO:0005634]; transcription elongation factor complex [GO:0008023]
P23638	PSA3_YEAST	PRE9 PRS5 YGR135W	258	cytosol [GO:0005829]; nucleus [GO:0005634]; proteasome complex [GO:0000502]; proteasome core complex, alpha-subunit complex [GO:0019773]; proteasome storage granule [GO:0034515]
P23639	PSA2_YEAST	PRE8 PRS4 YML092C	250	nucleus [GO:0005634]; proteasome complex [GO:0000502]; proteasome core complex, alpha-subunit complex [GO:0019773]; proteasome storage granule [GO:0034515]
P23642	VAN1_YEAST	VAN1 VRG7 YML115C YM8339.04C	535	endoplasmic reticulum membrane [GO:0005789]; mannan polymerase complex [GO:0000136]
P23643	VPS3_YEAST	VPS3 VPT17 YDR495C D9719.1	1011	CORVET complex [GO:0033263]; cytoplasm [GO:0005737]; early endosome membrane [GO:0031901]; endosome [GO:0005768]; fungal-type vacuole membrane [GO:0000329]
P23644	TOM40_YEAST	TOM40 ISP42 MOM38 YMR203W YM8325.04	387	cytosol [GO:0005829]; mitochondrial intermembrane space [GO:0005758]; mitochondrial outer membrane [GO:0005741]; mitochondrial outer membrane translocase complex [GO:0005742]; mitochondrion [GO:0005739]; pore complex [GO:0046930]
P23724	PSB6_YEAST	PRE7 PRS3 PTS1 YBL041W YBL0407	241	cytosol [GO:0005829]; nucleus [GO:0005634]; proteasome complex [GO:0000502]; proteasome core complex, beta-subunit complex [GO:0019774]
P23776	EXG1_YEAST	EXG1 BGL1 SCW6 YLR300W L8003.3	448	extracellular region [GO:0005576]; fungal-type cell wall [GO:0009277]; fungal-type vacuole [GO:0000324]
P23833	SCO1_YEAST	SCO1 YBR037C YBR0406	295	mitochondrial inner membrane [GO:0005743]; mitochondrion [GO:0005739]
P23900	FPS1_YEAST	FPS1 YLL043W	669	cell periphery [GO:0071944]; cytoplasm [GO:0005737]; fungal-type vacuole [GO:0000324]; plasma membrane [GO:0005886]
P23968	VATO_YEAST	VMA16 PPA1 YHR026W	213	fungal-type vacuole membrane [GO:0000329]; Golgi membrane [GO:0000139]; membrane [GO:0016020]; proton-transporting V-type ATPase complex [GO:0033176]; vacuolar proton-transporting V-type ATPase complex [GO:0016471]; vacuolar proton-transporting V-type ATPase, V0 domain [GO:0000220]
P24004	PEX1_YEAST	PEX1 PAS1 YKL197C	1043	ATPase complex [GO:1904949]; cytosol [GO:0005829]; peroxisomal membrane [GO:0005778]; peroxisome [GO:0005777]
P24276	SSD1_YEAST	SSD1 CLA1 RLD1 SRK1 YDR293C D9819.4	1250	cellular bud [GO:0005933]; cellular bud neck [GO:0005935]; cytoplasm [GO:0005737]; cytoplasmic stress granule [GO:0010494]; nucleus [GO:0005634]; P-body [GO:0000932]
P24279	MCM3_YEAST	MCM3 YEL032W SYGP-ORF23	971	chromosome, telomeric region [GO:0000781]; CMG complex [GO:0071162]; cytoplasm [GO:0005737]; DNA replication preinitiation complex [GO:0031261]; MCM complex [GO:0042555]; nuclear pre-replicative complex [GO:0005656]; nuclear replication fork [GO:0043596]; nucleoplasm [GO:0005654]; nucleus [GO:0005634]
P24280	SEC14_YEAST	SEC14 PIT1 YMR079W YM9582.04	304	cytoplasm [GO:0005737]; cytosol [GO:0005829]; Golgi apparatus [GO:0005794]; Golgi membrane [GO:0000139]
P24309	DBR1_YEAST	DBR1 PRP26 YKL149C YKL604	405	cytoplasm [GO:0005737]; nucleus [GO:0005634]
P24384	PRP22_YEAST	PRP22 YER013W	1145	catalytic step 2 spliceosome [GO:0071013]; Prp19 complex [GO:0000974]; U2-type catalytic step 2 spliceosome [GO:0071007]; U2-type post-spliceosomal complex [GO:0071021]
P24482	DPB2_YEAST	DPB2 YPR175W P9705.7	689	cytoplasm [GO:0005737]; epsilon DNA polymerase complex [GO:0008622]; nuclear replication fork [GO:0043596]; nucleus [GO:0005634]
P24583	KPC1_YEAST	PKC1 HPO2 STT1 YBL105C YBL0807	1151	cellular bud neck [GO:0005935]; cytoplasm [GO:0005737]; cytoplasmic stress granule [GO:0010494]; cytoskeleton [GO:0005856]; nucleus [GO:0005634]; plasma membrane [GO:0005886]; prospore septin filament array [GO:0032165]; site of polarized growth [GO:0030427]
P24783	DBP2_YEAST	DBP2 YNL112W N1945	546	cytoplasm [GO:0005737]; mitochondrion [GO:0005739]; nucleus [GO:0005634]; ribonucleoprotein complex [GO:1990904]
P24784	DBP1_YEAST	DBP1 YPL119C LPH8C	617	cytoplasm [GO:0005737]; nucleus [GO:0005634]
P24813	AP2_YEAST	CAD1 YAP2 YDR423C D9461.12	409	cytoplasm [GO:0005737]; nucleus [GO:0005634]; RNA polymerase II transcription regulator complex [GO:0090575]
P24814	GRR1_YEAST	GRR1 CAT80 COT2 YJR090C J1885	1151	cellular bud neck contractile ring [GO:0000142]; cytoplasm [GO:0005737]; membrane [GO:0016020]; nucleus [GO:0005634]; SCF ubiquitin ligase complex [GO:0019005]
P24867	PCL1_YEAST	PCL1 HCS26 YNL289W N0536	279	cellular bud neck [GO:0005935]; cyclin-dependent protein kinase holoenzyme complex [GO:0000307]; cytoplasm [GO:0005737]; incipient cellular bud site [GO:0000131]; nucleus [GO:0005634]
P24868	CG21_YEAST	CLB1 SCB1 YGR108W G5967	471	cyclin-dependent protein kinase holoenzyme complex [GO:0000307]; cytoplasm [GO:0005737]; microtubule organizing center [GO:0005815]; nucleus [GO:0005634]
P24869	CG22_YEAST	CLB2 YPR119W P9642.6	491	cellular bud neck [GO:0005935]; cyclin-dependent protein kinase holoenzyme complex [GO:0000307]; cytoplasm [GO:0005737]; microtubule organizing center [GO:0005815]; nucleus [GO:0005634]; spindle [GO:0005819]; spindle pole body [GO:0005816]
P24870	CG23_YEAST	CLB3 YDL155W D1539	427	cyclin-dependent protein kinase holoenzyme complex [GO:0000307]; cytoplasm [GO:0005737]; lipid droplet [GO:0005811]; microtubule organizing center [GO:0005815]; nucleus [GO:0005634]
P25037	UBP1_YEAST	UBP1 YDL122W D2250	809	cytoplasm [GO:0005737]; cytosol [GO:0005829]; endoplasmic reticulum [GO:0005783]; endoplasmic reticulum membrane [GO:0005789]; nucleus [GO:0005634]
P25040	TSR4_YEAST	TSR4 YOL022C	408	cytoplasm [GO:0005737]; cytosol [GO:0005829]
P25042	ROX1_YEAST	ROX1 YPR065W YP9499.20	368	chromatin [GO:0000785]; nucleus [GO:0005634]
P25043	PSB2_YEAST	PUP1 YOR157C	261	cytosol [GO:0005829]; nucleus [GO:0005634]; proteasome complex [GO:0000502]; proteasome core complex, beta-subunit complex [GO:0019774]; proteasome storage granule [GO:0034515]
P25044	PTP1_YEAST	PTP1 YDL230W	335	cytoplasm [GO:0005737]; mitochondrion [GO:0005739]
P25045	SPTC1_YEAST	LCB1 END8 TSC2 YMR296C	558	endoplasmic reticulum [GO:0005783]; endoplasmic reticulum membrane [GO:0005789]; serine palmitoyltransferase complex [GO:0017059]
P25046	MED19_YEAST	ROX3 MED19 NUT3 SSN7 YBL093C YBL0837	220	core mediator complex [GO:0070847]; mediator complex [GO:0016592]; nucleus [GO:0005634]
P25087	ERG6_YEAST	ERG6 ISE1 LIS1 SED6 YML008C YM9571.10C	383	endoplasmic reticulum [GO:0005783]; lipid droplet [GO:0005811]; mitochondrial outer membrane [GO:0005741]; mitochondrion [GO:0005739]
P25293	NAP1_YEAST	NAP1 YKR048C	417	cell division site [GO:0032153]; cellular bud neck septin collar [GO:0032174]; chromatin [GO:0000785]; cytoplasm [GO:0005737]; Gin4 complex [GO:1990317]; nucleus [GO:0005634]
P25294	SIS1_YEAST	SIS1 YNL007C N2879	352	cytosol [GO:0005829]; cytosolic small ribosomal subunit [GO:0022627]; nucleolus [GO:0005730]; nucleus [GO:0005634]
P25296	CANB_YEAST	CNB1 YCN2 YCNB YKL190W	175	calcineurin complex [GO:0005955]
P25297	PHO84_YEAST	PHO84 YML123C YM7056.03C	587	endoplasmic reticulum [GO:0005783]; fungal-type vacuole [GO:0000324]; plasma membrane [GO:0005886]
P25298	RNA14_YEAST	RNA14 YMR061W YM9796.14	677	cytosol [GO:0005829]; mitochondrion [GO:0005739]; mRNA cleavage factor complex [GO:0005849]; mRNA cleavage stimulating factor complex [GO:0005848]; nucleus [GO:0005634]
P25299	RNA15_YEAST	RNA15 YGL044C	296	mRNA cleavage and polyadenylation specificity factor complex [GO:0005847]; mRNA cleavage factor complex [GO:0005849]; mRNA cleavage stimulating factor complex [GO:0005848]
P25300	BUD5_YEAST	BUD5 YCR038C YCR38C YCR526	642	cell cortex [GO:0005938]; cellular bud neck [GO:0005935]; incipient cellular bud site [GO:0000131]; plasma membrane [GO:0005886]
P25301	RAD57_YEAST	RAD57 YDR004W YD8119.10	460	Rad51C-XRCC3 complex [GO:0033065]
P25302	SWI4_YEAST	SWI4 ART1 YER111C	1093	chromatin [GO:0000785]; MBF transcription complex [GO:0030907]; nucleus [GO:0005634]; SBF transcription complex [GO:0033309]
P25303	SCJ1_YEAST	SCJ1 YMR214W YM8261.08	377	cytoplasm [GO:0005737]; endoplasmic reticulum [GO:0005783]; endoplasmic reticulum lumen [GO:0005788]
P25333	HAL4_YEAST	SAT4 HAL4 YCR008W YCR046 YCR101 YCR8W	603	cytoplasm [GO:0005737]; mitochondrion [GO:0005739]
P25336	MSH3_YEAST	MSH3 YCR092C YCR1152 YCR92C	1018	cytoplasm [GO:0005737]; MutSbeta complex [GO:0032302]; nucleus [GO:0005634]
P25340	ERG4_YEAST	ERG4 YGL012W YGL022	473	endoplasmic reticulum [GO:0005783]; endoplasmic reticulum membrane [GO:0005789]
P25341	KIN82_YEAST	KIN82 FPK2 YCR091W YCR1153 YCR91W	720	cytoplasm [GO:0005737]; nucleus [GO:0005634]; plasma membrane [GO:0005886]
P25342	CDC10_YEAST	CDC10 YCR002C YCR022 YCR2C	322	ascospore wall [GO:0005619]; ascospore-type prospore [GO:0042764]; cell division site [GO:0032153]; cellular bud neck [GO:0005935]; cellular bud neck septin ring [GO:0000144]; Gin4 complex [GO:1990317]; mating projection base [GO:0001400]; mating projection tip [GO:0043332]; meiotic spindle [GO:0072687]; microtubule cytoskeleton [GO:0015630]; prospore membrane [GO:0005628]; septin complex [GO:0031105]; septin filament array [GO:0032160]; septin ring [GO:0005940]; spindle microtubule [GO:0005876]
P25343	RV161_YEAST	RVS161 END6 SPE161 YCR009C YCR9C	265	actin cortical patch [GO:0030479]; actin cytoskeleton [GO:0015629]; cytosol [GO:0005829]; mating projection [GO:0005937]; mating projection tip [GO:0043332]; medial cortex [GO:0031097]; membrane raft [GO:0045121]; Rvs161p-Rvs167p complex [GO:1990528]
P25344	STE50_YEAST	STE50 YCL032W YCL32W	346	cytoplasm [GO:0005737]
P25346	GIT1_YEAST	GIT1 YCR098C YCR137 YCR98C	518	cell periphery [GO:0071944]; fungal-type vacuole [GO:0000324]; plasma membrane [GO:0005886]
P25348	RM32_YEAST	MRPL32 YCR003W YCR041 YCR3W	183	mitochondrial inner membrane [GO:0005743]; mitochondrial large ribosomal subunit [GO:0005762]; mitochondrion [GO:0005739]
P25349	YCP4_YEAST	YCP4 YCR004C YCR042 YCR4C	247	cell periphery [GO:0071944]; cytoplasm [GO:0005737]; eisosome [GO:0032126]; membrane [GO:0016020]; membrane raft [GO:0045121]; mitochondrion [GO:0005739]; plasma membrane [GO:0005886]
P25353	NPP1_YEAST	NPP1 YCR026C YCR246 YCR26C	742	membrane [GO:0016020]
P25357	SNT1_YEAST	SNT1 YCR033W YCR33W YCR592	1226	chromatin [GO:0000785]; cytosol [GO:0005829]; histone deacetylase complex [GO:0000118]; nucleus [GO:0005634]; Rpd3L-Expanded complex [GO:0070210]; Set3 complex [GO:0034967]
P25358	ELO2_YEAST	ELO2 FEN1 GNS1 VBM2 YCR034W YCR34W YCR521	347	endoplasmic reticulum [GO:0005783]; endoplasmic reticulum membrane [GO:0005789]
P25359	RRP43_YEAST	RRP43 YCR035C YCR35C YCR522	394	cytoplasm [GO:0005737]; cytoplasmic exosome (RNase complex) [GO:0000177]; exosome (RNase complex) [GO:0000178]; nuclear exosome (RNase complex) [GO:0000176]; nucleolus [GO:0005730]; nucleoplasm [GO:0005654]; nucleus [GO:0005634]
P25360	PHO87_YEAST	PHO87 YCR037C YCR37C YCR524	923	cell periphery [GO:0071944]; plasma membrane [GO:0005886]
P25364	HCM1_YEAST	HCM1 YCR065W YCR65W YCR902	564	chromatin [GO:0000785]; cytoplasm [GO:0005737]; mitochondrion [GO:0005739]; nucleus [GO:0005634]
P25368	RRP7_YEAST	RRP7 YCL031C YCL184 YCL31C	297	CURI complex [GO:0032545]; nucleolus [GO:0005730]; nucleoplasm [GO:0005654]; nucleus [GO:0005634]; small-subunit processome [GO:0032040]; UTP-C complex [GO:0034456]
P25369	LSB5_YEAST	LSB5 YCL034W YCL186 YCL34W	354	actin cortical patch [GO:0030479]; cell cortex [GO:0005938]; cytoplasm [GO:0005737]; cytosol [GO:0005829]
P25372	TRX3_YEAST	TRX3 YCR083W YCR83W	127	mitochondrion [GO:0005739]
P25373	GLRX1_YEAST	GRX1 YCL035C YCL35C	110	cytoplasm [GO:0005737]; nucleus [GO:0005634]
P25374	NFS1_YEAST	NFS1 SPL1 YCL017C	497	cytosol [GO:0005829]; iron-sulfur cluster assembly complex [GO:1990229]; L-cysteine desulfurase complex [GO:1990221]; mitochondrion [GO:0005739]; nucleus [GO:0005634]
P25375	PRTD_YEAST	PRD1 YCL057W YCL57W	712	cytoplasm [GO:0005737]; fungal-type vacuole [GO:0000324]; Golgi apparatus [GO:0005794]; mitochondrial intermembrane space [GO:0005758]; mitochondrion [GO:0005739]
P25376	AGP1_YEAST	AGP1 YCL025C YCL25C	633	endoplasmic reticulum [GO:0005783]; membrane [GO:0016020]; plasma membrane [GO:0005886]
P25377	ADH7_YEAST	ADH7 YCR105W	361	
P25378	RHEB_YEAST	RHB1 RSG1 YCR027C YCR27C	209	cytosol [GO:0005829]; plasma membrane [GO:0005886]
P25382	NLE1_YEAST	RSA4 YCR072C YCR72C	515	nucleolus [GO:0005730]
P25384	YC21B_YEAST	TY2B-C YCLWTy2-1 POL YCL019W YCL19W	1770	cytoplasm [GO:0005737]; nucleus [GO:0005634]
P25385	BOS1_YEAST	BOS1 YLR078C L9449.9	244	endoplasmic reticulum membrane [GO:0005789]; ER to Golgi transport vesicle membrane [GO:0012507]; Golgi apparatus [GO:0005794]; Golgi membrane [GO:0000139]; late endosome membrane [GO:0031902]; membrane [GO:0016020]; SNARE complex [GO:0031201]
P25386	USO1_YEAST	USO1 INT1 YDL058W	1790	cytoskeleton [GO:0005856]; endoplasmic reticulum [GO:0005783]; endoplasmic reticulum membrane [GO:0005789]; ER to Golgi transport vesicle membrane [GO:0012507]; Golgi membrane [GO:0000139]; Golgi stack [GO:0005795]
P25389	KCC4_YEAST	KCC4 YCL024W YCL24W	1037	cellular bud neck [GO:0005935]; cellular bud neck septin collar [GO:0032174]; cytoplasm [GO:0005737]; incipient cellular bud site [GO:0000131]; nucleus [GO:0005634]; plasma membrane [GO:0005886]; septin ring [GO:0005940]
P25441	RPC4_YEAST	RPC53 RPC4 YDL150W D1557	422	nucleoplasm [GO:0005654]; nucleus [GO:0005634]; RNA polymerase III complex [GO:0005666]
P25443	RS2_YEAST	RPS2 RPS4 SUP38 SUP44 YGL123W G2893	254	cytoplasm [GO:0005737]; cytosol [GO:0005829]; cytosolic small ribosomal subunit [GO:0022627]; nucleoplasm [GO:0005654]; small-subunit processome [GO:0032040]
P25451	PSB3_YEAST	PUP3 YER094C	205	cytosol [GO:0005829]; nucleus [GO:0005634]; proteasome complex [GO:0000502]; proteasome core complex, beta-subunit complex [GO:0019774]
P25453	DMC1_YEAST	DMC1 ISC2 YER179W	334	condensed nuclear chromosome [GO:0000794]; nucleus [GO:0005634]
P25454	RAD51_YEAST	RAD51 YER095W	400	condensed nuclear chromosome [GO:0000794]; mitochondrial chromosome [GO:0000262]; mitochondrial matrix [GO:0005759]; nuclear chromosome [GO:0000228]
P25491	MAS5_YEAST	YDJ1 MAS5 YNL064C N2418 YNL2418C	409	cytoplasm [GO:0005737]; cytosol [GO:0005829]; nucleus [GO:0005634]; perinuclear region of cytoplasm [GO:0048471]; transcription repressor complex [GO:0017053]; TRC complex [GO:0072380]
P25502	PUT3_YEAST	PUT3 YKL015W	979	nucleus [GO:0005634]
P25515	VATL1_YEAST	VMA3 CLS7 CUP5 GEF2 YEL027W	160	fungal-type vacuole membrane [GO:0000329]; Golgi membrane [GO:0000139]; membrane [GO:0016020]; proton-transporting V-type ATPase complex [GO:0033176]; vacuolar proton-transporting V-type ATPase complex [GO:0016471]; vacuolar proton-transporting V-type ATPase, V0 domain [GO:0000220]
P25554	SGF29_YEAST	SGF29 YCL010C YCL10C	259	ADA complex [GO:0140671]; nucleus [GO:0005634]; SAGA complex [GO:0000124]; SLIK (SAGA-like) complex [GO:0046695]
P25555	GBP2_YEAST	GBP2 RLF6 YCL011C YCL11C	427	chromosome, telomeric region [GO:0000781]; cytoplasm [GO:0005737]; cytoplasmic stress granule [GO:0010494]; cytosol [GO:0005829]; nucleus [GO:0005634]; P-body [GO:0000932]; ribonucleoprotein complex [GO:1990904]
P25558	BUD3_YEAST	BUD3 YCL014W YCL012W YCL013W YCL12W YCL13W YCL14W	1636	cellular bud neck [GO:0005935]; cellular bud neck contractile ring [GO:0000142]
P25569	GID7_YEAST	GID7 MOH2 YCL039W YCL311 YCL39W	745	cytoplasm [GO:0005737]; GID complex [GO:0034657]; nucleus [GO:0005634]; peroxisome [GO:0005777]
P25573	MGR1_YEAST	MGR1 YCL044C YCL314 YCL44C	417	i-AAA complex [GO:0031942]; mitochondrial inner membrane [GO:0005743]; mitochondrion [GO:0005739]
P25574	EMC1_YEAST	EMC1 YCL045C YCL315 YCL45C	760	EMC complex [GO:0072546]; endoplasmic reticulum [GO:0005783]
P25576	POF1_YEAST	POF1 YCL047C YCL47C	258	cytoplasm [GO:0005737]; nucleus [GO:0005634]
P25582	SPB1_YEAST	SPB1 YCL054W YCL431 YCL54W	841	nucleolus [GO:0005730]; nucleus [GO:0005634]; preribosome, large subunit precursor [GO:0030687]
P25583	MET14_YEAST	KAR4 YCL055W YCL432 YCL55W	335	cytoplasm [GO:0005737]; cytosol [GO:0005829]; nucleus [GO:0005634]; RNA N6-methyladenosine methyltransferase complex [GO:0036396]
P25586	KRR1_YEAST	KRR1 YCL059C YCL59C	316	90S preribosome [GO:0030686]; nucleolus [GO:0005730]; nucleoplasm [GO:0005654]; preribosome, small subunit precursor [GO:0030688]; small-subunit processome [GO:0032040]
P25587	LDB16_YEAST	LDB16 YCL005W YCL5W	256	endoplasmic reticulum membrane [GO:0005789]; lipid droplet [GO:0005811]; mitochondrion [GO:0005739]; nuclear inner membrane [GO:0005637]
P25588	MRC1_YEAST	MRC1 YCL061C YCL61C/YCL60C	1096	chromosome, telomeric region [GO:0000781]; nuclear periphery [GO:0034399]; nuclear replication fork [GO:0043596]; nucleus [GO:0005634]; replication fork protection complex [GO:0031298]
P25591	VAC17_YEAST	VAC17 YCL063W YCL63W/YCL62W	423	fungal-type vacuole membrane [GO:0000329]; Myo2p-Vac17p-Vac8p transport complex [GO:0071563]
P25604	STP22_YEAST	STP22 VPS23 YCL008C YCL8C	385	cytoplasmic side of plasma membrane [GO:0009898]; cytosol [GO:0005829]; endosome [GO:0005768]; ESCRT I complex [GO:0000813]; late endosome membrane [GO:0031902]
P25605	ILV6_YEAST	ILV6 YCL009C YCL9C	309	acetolactate synthase complex [GO:0005948]; mitochondrial nucleoid [GO:0042645]; mitochondrion [GO:0005739]
P25613	ADY2_YEAST	ADY2 ATO1 YCR010C YCR10C	283	mitochondrion [GO:0005739]; plasma membrane [GO:0005886]; vacuolar membrane [GO:0005774]
P25615	DPO4_YEAST	POL4 POLX YCR014C YCR14C	582	nucleus [GO:0005634]
P25618	CWH43_YEAST	CWH43 YCR017C YCR17C	953	cellular bud neck [GO:0005935]; cellular bud tip [GO:0005934]; endoplasmic reticulum [GO:0005783]; endoplasmic reticulum membrane [GO:0005789]; plasma membrane [GO:0005886]
P25623	SYP1_YEAST	SYP1 YCR030C YCR30C/YCR29C	870	cell division site [GO:0032153]; cellular bud neck [GO:0005935]; cellular bud neck septin ring [GO:0000144]; cellular bud tip [GO:0005934]; cytoplasm [GO:0005737]; endocytic patch [GO:0061645]; endocytic vesicle [GO:0030139]; mating projection base [GO:0001400]; mating projection tip [GO:0043332]; plasma membrane [GO:0005886]; prospore membrane [GO:0005628]; Syp1 complex [GO:1990252]
P25627	BUD23_YEAST	BUD23 YCR047C YCR47C	275	cytoplasm [GO:0005737]; nucleolus [GO:0005730]; nucleus [GO:0005634]; tRNA methyltransferase complex [GO:0043527]
P25632	RSC6_YEAST	RSC6 YCR052W YCR52W	483	chromatin [GO:0000785]; nucleus [GO:0005634]; RSC-type complex [GO:0016586]
P25635	PWP2_YEAST	PWP2 UTP1 YCR057C YCR55C/YCR57C/YCR58C	923	90S preribosome [GO:0030686]; cytoplasm [GO:0005737]; nucleolus [GO:0005730]; nucleoplasm [GO:0005654]; Pwp2p-containing subcomplex of 90S preribosome [GO:0034388]; small-subunit processome [GO:0032040]
P25637	YIH1_YEAST	YIH1 YCR059C YCR59C	258	cytoplasm [GO:0005737]; nucleus [GO:0005634]
P25638	TAH1_YEAST	TAH1 YCR060W YCR60W	111	cytoplasm [GO:0005737]; nucleus [GO:0005634]; R2TP complex [GO:0097255]
P25641	ATG15_YEAST	ATG15 AUT5 CVT17 YCR068W YCR68W	520	endoplasmic reticulum [GO:0005783]; membrane [GO:0016020]; multivesicular body membrane [GO:0032585]; vacuolar lumen [GO:0005775]; vacuolar membrane [GO:0005774]; vacuole [GO:0005773]
P25642	IMG2_YEAST	IMG2 YCR071C YCR71C	146	mitochondrial inner membrane [GO:0005743]; mitochondrial large ribosomal subunit [GO:0005762]; mitochondrion [GO:0005739]
P25644	PAT1_YEAST	PAT1 MRT1 YCR077C YCR77C	796	cytoplasm [GO:0005737]; cytoplasmic stress granule [GO:0010494]; cytosolic small ribosomal subunit [GO:0022627]; kinetochore [GO:0000776]; Lsm1-7-Pat1 complex [GO:1990726]; nucleus [GO:0005634]; P-body [GO:0000932]
P25646	PDP2_YEAST	PTC6 AUP1 PPP2 YCR079W YCR79C YCR79W	442	mitochondrial intermembrane space [GO:0005758]; mitochondrial matrix [GO:0005759]; mitochondrion [GO:0005739]
P25648	SRB8_YEAST	SRB8 GIG1 MED12 NUT6 SSN5 YCR081W YCR81W/YCR80W	1427	CKM complex [GO:1990508]; mediator complex [GO:0016592]
P25651	CSM1_YEAST	CSM1 SPO86 YCR086W YCR86W	190	chromosome, centromeric core domain [GO:0034506]; mitotic spindle [GO:0072686]; monopolin complex [GO:0033551]; nuclear envelope [GO:0005635]; nucleolus [GO:0005730]
P25653	FIG2_YEAST	FIG2 YCR089W YCR1102 YCR89W	1609	cell periphery [GO:0071944]; fungal-type cell wall [GO:0009277]; mating projection [GO:0005937]; side of membrane [GO:0098552]
P25655	NOT1_YEAST	CDC39 NOT1 ROS1 YCR093W YCR1151 YCR93W	2108	CCR4-NOT core complex [GO:0030015]; cytoplasm [GO:0005737]; nucleus [GO:0005634]; P-body [GO:0000932]
P25656	CDC50_YEAST	CDC50 SWA4 YCR094W YCR94W	391	Cdc50p-Drs2p complex [GO:1990530]; cytosol [GO:0005829]; endoplasmic reticulum [GO:0005783]; Golgi apparatus [GO:0005794]; late endosome membrane [GO:0031902]; phospholipid-translocating ATPase complex [GO:1990531]; plasma membrane [GO:0005886]; trans-Golgi network [GO:0005802]
P25693	PCL2_YEAST	PCL2 CLN4 YDL127W D2223	308	cellular bud neck [GO:0005935]; cellular bud tip [GO:0005934]; cyclin-dependent protein kinase holoenzyme complex [GO:0000307]; cytoplasm [GO:0005737]; incipient cellular bud site [GO:0000131]; nucleus [GO:0005634]
P25694	CDC48_YEAST	CDC48 YDL126C	835	Cdc48p-Npl4p-Vms1p AAA ATPase complex [GO:0036266]; cytosol [GO:0005829]; Doa10p ubiquitin ligase complex [GO:0000837]; endoplasmic reticulum membrane [GO:0005789]; Hrd1p ubiquitin ligase ERAD-L complex [GO:0000839]; mating projection tip [GO:0043332]; mitochondrion [GO:0005739]; nucleus [GO:0005634]; replisome [GO:0030894]; RQC complex [GO:1990112]; VCP-NPL4-UFD1 AAA ATPase complex [GO:0034098]
P25719	CYPC_YEAST	CPR3 CYP3 YML078W	182	cytoplasm [GO:0005737]; mitochondrial matrix [GO:0005759]; mitochondrion [GO:0005739]
P25808	SPB4_YEAST	SPB4 YFL002C	606	90S preribosome [GO:0030686]; nucleolus [GO:0005730]; nucleoplasm [GO:0005654]; preribosome, large subunit precursor [GO:0030687]
P25846	MSH1_YEAST	MSH1 YHR120W	959	mitochondrion [GO:0005739]; nucleus [GO:0005634]
P25847	MSH2_YEAST	MSH2 YOL090W O0935	964	MutSalpha complex [GO:0032301]; MutSbeta complex [GO:0032302]; nuclear chromosome [GO:0000228]; nucleus [GO:0005634]
P26188	MGMT_YEAST	MGT1 YDL200C D1204	188	nucleus [GO:0005634]; peroxisome [GO:0005777]
P26263	PDC6_YEAST	PDC6 YGR087C	563	cytoplasm [GO:0005737]; cytosol [GO:0005829]; nucleus [GO:0005634]
P26309	CDC20_YEAST	CDC20 YGL116W	610	anaphase-promoting complex [GO:0005680]; cytoplasm [GO:0005737]; mitotic checkpoint complex [GO:0033597]; mitotic checkpoint complex, CDC20-MAD2 subcomplex [GO:1990333]; nuclear periphery [GO:0034399]; nucleus [GO:0005634]
P26321	RL5_YEAST	RPL5 RPL1 RPL1A YPL131W LPI14W	297	cytoplasm [GO:0005737]; cytosol [GO:0005829]; cytosolic large ribosomal subunit [GO:0022625]; nucleus [GO:0005634]
P26364	KAD3_YEAST	ADK2 AKY3 PAK3 YER170W	225	cytoplasm [GO:0005737]; mitochondrial inner membrane [GO:0005743]; mitochondrial matrix [GO:0005759]; mitochondrion [GO:0005739]
P26370	UGA3_YEAST	UGA3 YDL170W	528	nucleus [GO:0005634]
P26448	BUB2_YEAST	BUB2 YMR055C YM9796.08C	306	Bfa1-Bub2 complex [GO:1990334]; mitotic spindle pole body [GO:0044732]; spindle pole [GO:0000922]; spindle pole body [GO:0005816]
P26449	BUB3_YEAST	BUB3 YOR026W OR26.16	341	bub1-bub3 complex [GO:1990298]; kinetochore [GO:0000776]; mitotic checkpoint complex [GO:0033597]; nucleoplasm [GO:0005654]; nucleus [GO:0005634]
P26570	PPZ1_YEAST	PPZ1 YML016C YM9571.02C	692	cytoplasm [GO:0005737]; nucleus [GO:0005634]
P26754	RFA2_YEAST	RFA2 BUF1 YNL312W N0368	273	chromosome, telomeric region [GO:0000781]; condensed nuclear chromosome [GO:0000794]; DNA replication factor A complex [GO:0005662]; site of double-strand break [GO:0035861]
P26755	RFA3_YEAST	RFA3 YJL173C J0506	122	chromosome, telomeric region [GO:0000781]; condensed nuclear chromosome [GO:0000794]; DNA replication factor A complex [GO:0005662]
P26783	RS5_YEAST	RPS5 RPS2 YJR123W J2045	225	90S preribosome [GO:0030686]; cytoplasm [GO:0005737]; cytosol [GO:0005829]; cytosolic small ribosomal subunit [GO:0022627]; ribosome [GO:0005840]
P26784	RL16A_YEAST	RPL16A RPL13 RPL21A YIL133C	199	cytosol [GO:0005829]; cytosolic large ribosomal subunit [GO:0022625]; nucleolus [GO:0005730]; ribosome [GO:0005840]
P26785	RL16B_YEAST	RPL16B RP23 RPL21B YNL069C N2377	198	cytosol [GO:0005829]; cytosolic large ribosomal subunit [GO:0022625]; nucleolus [GO:0005730]; ribosome [GO:0005840]
P26786	RS7A_YEAST	RPS7A RPS30 YOR096W YOR3177W	190	90S preribosome [GO:0030686]; cytosol [GO:0005829]; cytosolic small ribosomal subunit [GO:0022627]; nucleoplasm [GO:0005654]; small-subunit processome [GO:0032040]
P26793	FEN1_YEAST	RAD27 FEN1 RTH1 YKL113C YKL510	382	cytoplasm [GO:0005737]; cytosol [GO:0005829]; mitochondrion [GO:0005739]; nucleolus [GO:0005730]; nucleoplasm [GO:0005654]; nucleus [GO:0005634]
P27344	DPB3_YEAST	DPB3 YBR278W YBR2015	201	CHRAC [GO:0008623]; epsilon DNA polymerase complex [GO:0008622]; nuclear replication fork [GO:0043596]; nucleus [GO:0005634]
P27351	AP2B_YEAST	APL1 YAP80 YJR005W J1422	700	AP-2 adaptor complex [GO:0030122]; cellular bud neck [GO:0005935]; endocytic vesicle [GO:0030139]
P27466	KCC1_YEAST	CMK1 YFR014C	446	cytoplasm [GO:0005737]
P27472	GYS2_YEAST	GSY2 YLR258W L8479.8	705	cytoplasm [GO:0005737]; cytosol [GO:0005829]; glycogen granule [GO:0042587]; nucleus [GO:0005634]
P27476	NSR1_YEAST	NSR1 YGR159C G7001	414	mitochondrion [GO:0005739]; nuclear envelope [GO:0005635]; nucleolus [GO:0005730]; nucleus [GO:0005634]; small-subunit processome [GO:0032040]
P27514	PHO91_YEAST	PHO91 YNR013C N2052	894	fungal-type vacuole membrane [GO:0000329]; plasma membrane [GO:0005886]; vacuole-mitochondrion membrane contact site [GO:1990816]
P27515	URK1_YEAST	URK1 YNR012W N2050	501	cytoplasm [GO:0005737]; nucleus [GO:0005634]
P27614	CBPS_YEAST	CPS1 CPS YJL172W J0510	576	fungal-type vacuole [GO:0000324]; fungal-type vacuole lumen [GO:0000328]; vacuolar lumen [GO:0005775]; vacuolar membrane [GO:0005774]
P27616	PUR7_YEAST	ADE1 YAR015W	306	cytoplasm [GO:0005737]; nucleus [GO:0005634]
P27636	CDC15_YEAST	CDC15 LYT1 YAR019C	974	cellular bud neck [GO:0005935]; cytoplasm [GO:0005737]; spindle pole [GO:0000922]; spindle pole body [GO:0005816]
P27637	BUD14_YEAST	BUD14 YAR014C FUN2	709	cell tip [GO:0051286]; cellular bud neck [GO:0005935]; cellular bud tip [GO:0005934]; cytoplasm [GO:0005737]; incipient cellular bud site [GO:0000131]; Kelch-containing formin regulatory complex [GO:1990615]; microtubule cytoskeleton [GO:0015630]; nucleus [GO:0005634]; protein phosphatase type 1 complex [GO:0000164]
P27654	TIP1_YEAST	TIP1 YBR067C YBR0622	210	cell periphery [GO:0071944]; cytosol [GO:0005829]; fungal-type cell wall [GO:0009277]; side of membrane [GO:0098552]
P27680	COQ3_YEAST	COQ3 YOL096C HRF316	312	extrinsic component of mitochondrial inner membrane [GO:0031314]; mitochondrial inner membrane [GO:0005743]; mitochondrion [GO:0005739]
P27692	SPT5_YEAST	SPT5 YML010W YM9571.08	1063	chromatin [GO:0000785]; DSIF complex [GO:0032044]; mitochondrion [GO:0005739]; nucleus [GO:0005634]; rDNA heterochromatin [GO:0033553]
P27697	COQ8_YEAST	COQ8 ABC1 YGL119W	501	mitochondrial inner membrane [GO:0005743]; mitochondrial matrix [GO:0005759]; mitochondrion [GO:0005739]
P27705	MIG1_YEAST	MIG1 CAT4 SSN1 YGL035C	504	cytoplasm [GO:0005737]; nuclear envelope lumen [GO:0005641]; nucleus [GO:0005634]
P27796	THIK_YEAST	POT1 FOX3 POX3 YIL160C	417	mitochondrial intermembrane space [GO:0005758]; peroxisomal matrix [GO:0005782]; peroxisome [GO:0005777]
P27801	PEP3_YEAST	PEP3 VAM8 VPS18 VPT18 YLR148W L9634.2	918	CORVET complex [GO:0033263]; cytosol [GO:0005829]; early endosome membrane [GO:0031901]; endosome [GO:0005768]; fungal-type vacuole membrane [GO:0000329]; HOPS complex [GO:0030897]
P27809	KRE2_YEAST	KRE2 MNT1 YDR483W D8035.26	442	fungal-type vacuole membrane [GO:0000329]; Golgi apparatus [GO:0005794]; Golgi medial cisterna [GO:0005797]; Golgi membrane [GO:0000139]
P27810	KTR1_YEAST	KTR1 YOR099W YOR3189W	393	fungal-type vacuole [GO:0000324]; fungal-type vacuole membrane [GO:0000329]; Golgi apparatus [GO:0005794]; Golgi membrane [GO:0000139]
P27825	CALX_YEAST	CNE1 YAL058W FUN48	502	endoplasmic reticulum [GO:0005783]; endoplasmic reticulum membrane [GO:0005789]
P27882	ERV1_YEAST	ERV1 YGR029W	189	mitochondrial intermembrane space [GO:0005758]; mitochondrion [GO:0005739]
P27895	CIN8_YEAST	CIN8 KSL2 YEL061C	1000	astral microtubule [GO:0000235]; kinetochore [GO:0000776]; kinetochore microtubule [GO:0005828]; mitochondrion [GO:0005739]; mitotic spindle [GO:0072686]; mitotic spindle midzone [GO:1990023]; nucleus [GO:0005634]; spindle microtubule [GO:0005876]
P27929	NAM9_YEAST	NAM9 MNA6 YNL137C N1211 N1840	486	mitochondrial inner membrane [GO:0005743]; mitochondrial small ribosomal subunit [GO:0005763]; mitochondrion [GO:0005739]
P27999	RPB9_YEAST	RPB9 YGL070C	122	nucleolus [GO:0005730]; nucleus [GO:0005634]; RNA polymerase II, core complex [GO:0005665]
P28000	RPAC2_YEAST	RPC19 YNL113W N1937	142	nuclear DNA-directed RNA polymerase complex [GO:0055029]; nucleoplasm [GO:0005654]; nucleus [GO:0005634]; RNA polymerase I complex [GO:0005736]; RNA polymerase III complex [GO:0005666]
P28004	PRP45_YEAST	PRP45 FUN20 YAL032C	379	nucleus [GO:0005634]; post-mRNA release spliceosomal complex [GO:0071014]; Prp19 complex [GO:0000974]; U2-type catalytic step 1 spliceosome [GO:0071006]; U2-type catalytic step 2 spliceosome [GO:0071007]
P28005	POP5_YEAST	POP5 YAL033W FUN53	173	cytoplasm [GO:0005737]; nucleolar ribonuclease P complex [GO:0005655]; ribonuclease MRP complex [GO:0000172]
P28007	GAR1_YEAST	GAR1 YHR089C	205	box H/ACA snoRNP complex [GO:0031429]; nucleolus [GO:0005730]
P28240	ACEA_YEAST	ICL1 YER065C	557	cytoplasm [GO:0005737]; vacuole [GO:0005773]
P28241	IDH2_YEAST	IDH2 YOR136W O3326 YOR3326W	369	isocitrate dehydrogenase complex (NAD+) [GO:0045242]; mitochondrial matrix [GO:0005759]; mitochondrion [GO:0005739]
P28263	UBC8_YEAST	UBC8 GID3 YEL012W	218	cytoplasm [GO:0005737]; mitochondrion [GO:0005739]; nucleus [GO:0005634]
P28272	PYRD_YEAST	URA1 YKL216W	314	cytoplasm [GO:0005737]
P28273	OPLA_YEAST	OXP1 YKL215C	1286	cytoplasm [GO:0005737]; cytosol [GO:0005829]
P28274	URA7_YEAST	URA7 YBL039C YBL0410	579	cytoophidium [GO:0097268]; cytoplasm [GO:0005737]; fungal-type vacuole [GO:0000324]
P28319	CWP1_YEAST	CWP1 YKL096W YJU1 YKL443	239	cellular birth scar [GO:0071597]; fungal-type cell wall [GO:0009277]; fungal-type vacuole [GO:0000324]; prospore membrane [GO:0005628]; side of membrane [GO:0098552]
P28320	YJU2_YEAST	YJU2 CWC16 YKL095W YKL442	278	nucleus [GO:0005634]; Prp19 complex [GO:0000974]; U2-type catalytic step 1 spliceosome [GO:0071006]; U2-type catalytic step 2 spliceosome [GO:0071007]
P28321	MGLL_YEAST	YJU3 YKL094W YKL441	313	cell periphery [GO:0071944]; cytoplasm [GO:0005737]; endoplasmic reticulum [GO:0005783]; lipid droplet [GO:0005811]; membrane [GO:0016020]; mitochondrial outer membrane [GO:0005741]; mitochondrion [GO:0005739]; plasma membrane [GO:0005886]
P28495	CAPZA_YEAST	CAP1 YKL007W YKL155	268	actin cortical patch [GO:0030479]; actin cytoskeleton [GO:0015629]; cellular bud neck [GO:0005935]; cellular bud tip [GO:0005934]; cortical cytoskeleton [GO:0030863]; F-actin capping protein complex [GO:0008290]; incipient cellular bud site [GO:0000131]; mating projection tip [GO:0043332]; mitotic actomyosin contractile ring [GO:0110085]; plasma membrane [GO:0005886]
P28496	LAC1_YEAST	LAC1 DGT1 YKL008C YKL156	418	acyl-CoA ceramide synthase complex [GO:0061576]; endoplasmic reticulum [GO:0005783]; endoplasmic reticulum membrane [GO:0005789]; nuclear periphery [GO:0034399]
P28519	RAD14_YEAST	RAD14 YMR201C YM8325.02C	371	nucleotide-excision repair factor 1 complex [GO:0000110]; nucleus [GO:0005634]
P28627	IMP1_YEAST	IMP1 PET2858 YMR150C YM9375.20C	190	mitochondrial inner membrane [GO:0005743]; mitochondrial inner membrane peptidase complex [GO:0042720]; mitochondrion [GO:0005739]
P28707	SBA1_YEAST	SBA1 YKL117W YKL518	216	cytoplasm [GO:0005737]; cytosol [GO:0005829]; nucleus [GO:0005634]
P28708	PRR1_YEAST	PRR1 YKL116C YKL516	518	cell cortex [GO:0005938]; cytoplasm [GO:0005737]
P28737	MSP1_YEAST	MSP1 YTA4 YGR028W	362	mitochondrial outer membrane [GO:0005741]; mitochondrion [GO:0005739]; peroxisomal membrane [GO:0005778]
P28742	KIP1_YEAST	KIP1 CIN9 YBL063W YBL0504 YBL0521	1111	kinesin complex [GO:0005871]; kinetochore [GO:0000776]; mitotic spindle [GO:0072686]; mitotic spindle polar microtubule [GO:1990537]; nucleus [GO:0005634]; spindle microtubule [GO:0005876]
P28743	KIP2_YEAST	KIP2 YPL155C P2581	706	cortical microtubule plus-end [GO:1903754]; cytoplasm [GO:0005737]; cytoplasmic microtubule [GO:0005881]; kinesin complex [GO:0005871]; microtubule [GO:0005874]; mitochondrion [GO:0005739]; spindle pole body [GO:0005816]
P28777	AROC_YEAST	ARO2 YGL148W	376	cytoplasm [GO:0005737]; cytosol [GO:0005829]
P28791	SEC20_YEAST	SEC20 YDR498C D9719.4	383	cytoplasmic side of endoplasmic reticulum membrane [GO:0098554]; endoplasmic reticulum [GO:0005783]; Golgi to ER transport vesicle membrane [GO:0012508]; membrane [GO:0016020]; SNARE complex [GO:0031201]
P28795	PEX3_YEAST	PEX3 PAS3 YDR329C D9798.15	441	endoplasmic reticulum [GO:0005783]; peroxisomal membrane [GO:0005778]; peroxisome [GO:0005777]
P28817	HIBCH_YEAST	EHD3 MRP5 YDR036C YD9673.08C	500	mitochondrial inner membrane [GO:0005743]; mitochondrial small ribosomal subunit [GO:0005763]; mitochondrion [GO:0005739]
P28834	IDH1_YEAST	IDH1 YNL037C N2690	360	cytosol [GO:0005829]; isocitrate dehydrogenase complex (NAD+) [GO:0045242]; mitochondrial intermembrane space [GO:0005758]; mitochondrial matrix [GO:0005759]; mitochondrial nucleoid [GO:0042645]; mitochondrion [GO:0005739]
P29029	CHIT_YEAST	CTS1 SCW2 YLR286C L8003.13	562	cellular bud neck [GO:0005935]; endoplasmic reticulum [GO:0005783]; extracellular region [GO:0005576]; fungal-type cell wall [GO:0009277]; fungal-type vacuole [GO:0000324]; nuclear envelope [GO:0005635]
P29055	TF2B_YEAST	SUA7 YPR086W P9513.4	345	nucleus [GO:0005634]; transcription preinitiation complex [GO:0097550]
P29056	TF3B_YEAST	BRF1 PCF4 TDS4 YGR246C	596	nucleoplasm [GO:0005654]; nucleus [GO:0005634]; transcription factor TFIIIB complex [GO:0000126]; transcription preinitiation complex [GO:0097550]
P29295	HRR25_YEAST	HRR25 YPL204W	494	cellular bud neck [GO:0005935]; cellular bud tip [GO:0005934]; chromosome, centromeric region [GO:0000775]; cytoplasm [GO:0005737]; cytosol [GO:0005829]; Golgi apparatus [GO:0005794]; monopolin complex [GO:0033551]; nucleolus [GO:0005730]; nucleoplasm [GO:0005654]; nucleus [GO:0005634]; P-body [GO:0000932]; plasma membrane [GO:0005886]; preribosome, small subunit precursor [GO:0030688]; spindle pole body [GO:0005816]
P29311	BMH1_YEAST	BMH1 YER177W	267	cytoplasm [GO:0005737]; cytoplasmic stress granule [GO:0010494]; nucleus [GO:0005634]; plasma membrane [GO:0005886]
P29340	UBCX_YEAST	PEX4 PAS2 UBC10 YGR133W	183	nucleus [GO:0005634]; peroxisome [GO:0005777]
P29366	BEM1_YEAST	BEM1 SRO1 YBR200W YBR1412	551	cell cortex [GO:0005938]; cellular bud neck [GO:0005935]; cellular bud tip [GO:0005934]; cytoplasm [GO:0005737]; cytoskeleton [GO:0005856]; incipient cellular bud site [GO:0000131]; mating projection tip [GO:0043332]; mitochondrion [GO:0005739]; PAR polarity complex [GO:0120157]; site of polarized growth [GO:0030427]
P29453	RL8B_YEAST	RPL8B KRB1 RPL4B YLL045C	256	cytosol [GO:0005829]; cytosolic large ribosomal subunit [GO:0022625]
P29461	PTP2_YEAST	PTP2 YOR208W	750	cytoplasm [GO:0005737]; nucleus [GO:0005634]
P29465	CHS3_YEAST	CHS3 CAL1 CSD2 DIT101 KIT2 YBR023C YBR0305	1165	cell periphery [GO:0071944]; cell septum [GO:0030428]; cellular bud neck [GO:0005935]; chitosome [GO:0045009]; cytoplasm [GO:0005737]; cytoplasmic vesicle membrane [GO:0030659]; endoplasmic reticulum [GO:0005783]; incipient cellular bud site [GO:0000131]; mating projection tip [GO:0043332]; plasma membrane [GO:0005886]; prospore membrane [GO:0005628]
P29468	PAP_YEAST	PAP1 YKR002W	568	mRNA cleavage and polyadenylation specificity factor complex [GO:0005847]; nucleus [GO:0005634]
P29469	MCM2_YEAST	MCM2 YBL023C YBL0438	868	CMG complex [GO:0071162]; cytoplasm [GO:0005737]; DNA replication preinitiation complex [GO:0031261]; MCM complex [GO:0042555]; nuclear pre-replicative complex [GO:0005656]; nuclear replication fork [GO:0043596]; nucleoplasm [GO:0005654]; nucleus [GO:0005634]
P29496	MCM5_YEAST	MCM5 CDC46 YLR274W L9328.1	775	chromosome, telomeric region [GO:0000781]; CMG complex [GO:0071162]; cytoplasm [GO:0005737]; DNA replication preinitiation complex [GO:0031261]; MCM complex [GO:0042555]; nuclear pre-replicative complex [GO:0005656]; nuclear replication fork [GO:0043596]; nucleoplasm [GO:0005654]; nucleus [GO:0005634]
P29509	TRXB1_YEAST	TRR1 YDR353W D9476.5	319	cytosol [GO:0005829]; mitochondrial intermembrane space [GO:0005758]; mitochondrion [GO:0005739]
P29539	RIF1_YEAST	RIF1 YBR275C YBR1743	1916	chromosome, telomeric region [GO:0000781]; chromosome, telomeric repeat region [GO:0140445]; nucleus [GO:0005634]; shelterin complex [GO:0070187]
P29547	EF1G1_YEAST	CAM1 TEF3 YPL048W	415	cytoplasm [GO:0005737]; cytoplasmic stress granule [GO:0010494]; eukaryotic translation elongation factor 1 complex [GO:0005853]; nucleus [GO:0005634]; ribosome [GO:0005840]
P29703	FNTA_YEAST	RAM2 YKL019W	316	CAAX-protein geranylgeranyltransferase complex [GO:0005953]; cytoplasm [GO:0005737]; protein farnesyltransferase complex [GO:0005965]
P29704	ERG9_YEAST	ERG9 YHR190W	444	endoplasmic reticulum [GO:0005783]; endoplasmic reticulum membrane [GO:0005789]; membrane [GO:0016020]; mitochondrial outer membrane [GO:0005741]; mitochondrion [GO:0005739]
P29952	MPI_YEAST	PMI40 YER003C	429	cytoplasm [GO:0005737]; cytosol [GO:0005829]; nucleus [GO:0005634]
P30283	CGS5_YEAST	CLB5 YPR120C P9642.8	435	cyclin-dependent protein kinase holoenzyme complex [GO:0000307]; cytoplasm [GO:0005737]; microtubule organizing center [GO:0005815]; nucleus [GO:0005634]
P30605	ITR1_YEAST	ITR1 YDR497C D9719.3	584	cell periphery [GO:0071944]; fungal-type vacuole [GO:0000324]; fungal-type vacuole membrane [GO:0000329]; membrane [GO:0016020]; plasma membrane [GO:0005886]
P30619	SEC1_YEAST	SEC1 YDR164C YD8358.18C	724	cell periphery [GO:0071944]; cellular bud neck [GO:0005935]; cellular bud tip [GO:0005934]; plasma membrane [GO:0005886]
P30620	PSO2_YEAST	PSO2 SNM1 YMR137C YM9375.06C	661	mitochondrial matrix [GO:0005759]; nucleus [GO:0005634]
P30624	LCF1_YEAST	FAA1 YOR317W O6136	700	endoplasmic reticulum [GO:0005783]; lipid droplet [GO:0005811]; mitochondrial outer membrane [GO:0005741]; mitochondrion [GO:0005739]; plasma membrane [GO:0005886]
P30656	PSB5_YEAST	PRE2 DOA3 PRG1 YPR103W P8283.10	287	cytosol [GO:0005829]; nucleus [GO:0005634]; peroxisome [GO:0005777]; proteasome complex [GO:0000502]; proteasome core complex, beta-subunit complex [GO:0019774]
P30657	PSB7_YEAST	PRE4 YFR050C	266	cytosol [GO:0005829]; nucleus [GO:0005634]; proteasome complex [GO:0000502]; proteasome core complex, beta-subunit complex [GO:0019774]; proteasome storage granule [GO:0034515]
P30665	MCM4_YEAST	MCM4 CDC54 HCD21 YPR019W YP9531.13	933	CMG complex [GO:0071162]; cytoplasm [GO:0005737]; DNA replication preinitiation complex [GO:0031261]; MCM complex [GO:0042555]; MCM core complex [GO:0097373]; nuclear pre-replicative complex [GO:0005656]; nuclear replication fork [GO:0043596]; nucleoplasm [GO:0005654]; nucleus [GO:0005634]
P30771	RENT1_YEAST	NAM7 IFS2 MOF4 UPF1 YMR080C YM9582.05C	971	cytoplasm [GO:0005737]
P30822	XPO1_YEAST	CRM1 KAP124 XPO1 YGR218W G8514	1084	cytoplasm [GO:0005737]; kinetochore [GO:0000776]; nucleus [GO:0005634]; perinuclear region of cytoplasm [GO:0048471]; spindle pole body [GO:0005816]
P30902	ATP7_YEAST	ATP7 YKL016C	174	mitochondrial inner membrane [GO:0005743]; mitochondrion [GO:0005739]; proton-transporting ATP synthase complex [GO:0045259]
P30952	MLS1_YEAST	MLS1 YNL117W N1921	554	cytoplasm [GO:0005737]; cytosol [GO:0005829]; peroxisomal matrix [GO:0005782]; peroxisome [GO:0005777]
P31109	SNC1_YEAST	SNC1 YAL030W	117	cell periphery [GO:0071944]; cellular bud [GO:0005933]; cellular bud neck [GO:0005935]; cytosol [GO:0005829]; endosome [GO:0005768]; endosome membrane [GO:0010008]; Golgi membrane [GO:0000139]; plasma membrane [GO:0005886]; prospore membrane [GO:0005628]; SNARE complex [GO:0031201]; trans-Golgi network [GO:0005802]; transport vesicle membrane [GO:0030658]
P31111	ZIP1_YEAST	ZIP1 YDR285W D9819.9	875	chromosome, centromeric region [GO:0000775]; condensed nuclear chromosome [GO:0000794]; cytoplasm [GO:0005737]; mitotic actomyosin contractile ring [GO:0110085]; myosin filament [GO:0032982]; myosin II complex [GO:0016460]; synaptonemal complex [GO:0000795]; transverse filament [GO:0000802]
P31115	PUS3_YEAST	DEG1 HRM3 PUS3 YFL001W	442	cytoplasm [GO:0005737]; mitochondrion [GO:0005739]; nucleus [GO:0005634]
P31116	DHOM_YEAST	HOM6 YJR139C J2132	359	cytoplasm [GO:0005737]; nucleus [GO:0005634]
P31244	RAD16_YEAST	RAD16 YBR114W YBR0909	790	Cul3-RING ubiquitin ligase complex [GO:0031463]; nucleotide-excision repair factor 4 complex [GO:0000113]; nucleus [GO:0005634]
P31373	CYS3_YEAST	CYS3 CYI1 STR1 YAL012W FUN35	394	cytoplasm [GO:0005737]; nucleus [GO:0005634]
P31374	PSK1_YEAST	PSK1 YAL017W FUN31 YAL002	1356	cytoplasm [GO:0005737]; cytosol [GO:0005829]; nucleus [GO:0005634]
P31376	SWC3_YEAST	SWC3 FUN36 SWC1 YAL011W	625	chromatin [GO:0000785]; mitochondrion [GO:0005739]; nucleus [GO:0005634]; Swr1 complex [GO:0000812]
P31377	STX8_YEAST	SYN8 UIP2 YAL014C FUN34	255	cytosol [GO:0005829]; endomembrane system [GO:0012505]; endosome [GO:0005768]; endosome membrane [GO:0010008]; Golgi membrane [GO:0000139]; SNARE complex [GO:0031201]
P31378	NTH1_YEAST	NTG1 OGG2 SCR1 YAL015C FUN33	399	mitochondrion [GO:0005739]; nucleus [GO:0005634]
P31380	FUN30_YEAST	FUN30 YAL019W YAL001	1131	chromatin [GO:0000785]; chromosome, centromeric region [GO:0000775]; chromosome, telomeric region [GO:0000781]; mating-type region heterochromatin [GO:0031934]; mitochondrion [GO:0005739]; nucleus [GO:0005634]
P31382	PMT2_YEAST	PMT2 FUN25 YAL023C	759	dolichyl-phosphate-mannose-protein mannosyltransferase Pmt1p-Pmt2p dimer complex [GO:0097582]; dolichyl-phosphate-mannose-protein mannosyltransferase Pmt5p-Pmt2p dimer complex [GO:0097584]; endoplasmic reticulum [GO:0005783]; endoplasmic reticulum membrane [GO:0005789]
P31383	2AAA_YEAST	TPD3 YAL016W FUN32	635	cellular bud neck [GO:0005935]; cellular bud tip [GO:0005934]; cytoplasm [GO:0005737]; cytosol [GO:0005829]; mating projection tip [GO:0043332]; nucleus [GO:0005634]; protein phosphatase type 2A complex [GO:0000159]; spindle pole body [GO:0005816]
P31384	CCR4_YEAST	CCR4 YAL021C FUN27	837	CCR4-NOT core complex [GO:0030015]; Cdc73/Paf1 complex [GO:0016593]; cytoplasm [GO:0005737]; P-body [GO:0000932]
P31385	DEP1_YEAST	DEP1 FUN54 YAL013W	405	mitochondrion [GO:0005739]; nucleus [GO:0005634]; Rpd3L complex [GO:0033698]; Rpd3L-Expanded complex [GO:0070210]; Sin3-type complex [GO:0070822]
P31386	ATS1_YEAST	ATS1 KTI13 YAL020C FUN28 YAL006	333	cytoplasm [GO:0005737]
P31412	VATC_YEAST	VMA5 VAT3 VATC YKL080W YKL410	392	fungal-type vacuole membrane [GO:0000329]; Golgi membrane [GO:0000139]; proton-transporting V-type ATPase complex [GO:0033176]; vacuolar proton-transporting V-type ATPase complex [GO:0016471]; vacuolar proton-transporting V-type ATPase, V1 domain [GO:0000221]
P31539	HS104_YEAST	HSP104 YLL026W L0948	908	cytoplasm [GO:0005737]; cytosol [GO:0005829]; nuclear periphery [GO:0034399]; nucleus [GO:0005634]; TRC complex [GO:0072380]
P31688	TPS2_YEAST	TPS2 PFK3 YDR074W YD8554.07	896	alpha,alpha-trehalose-phosphate synthase complex (UDP-forming) [GO:0005946]; mitochondrion [GO:0005739]
P31755	OCH1_YEAST	OCH1 NGD29 YGL038C	480	endoplasmic reticulum membrane [GO:0005789]; Golgi cis cisterna [GO:0000137]; mannan polymerase complex [GO:0000136]
P32048	SYKM_YEAST	MSK1 YNL073W N2364	576	cytoplasm [GO:0005737]; mitochondrial matrix [GO:0005759]; mitochondrion [GO:0005739]
P32074	COPG_YEAST	SEC21 YNL287W N0543	935	COPI vesicle coat [GO:0030126]; endoplasmic reticulum [GO:0005783]; endoplasmic reticulum-Golgi intermediate compartment [GO:0005793]; endosome [GO:0005768]; Golgi membrane [GO:0000139]
P32178	CHMU_YEAST	ARO7 OSM2 YPR060C YP9499.15C	256	cytoplasm [GO:0005737]; nucleus [GO:0005634]
P32179	MET22_YEAST	MET22 HAL2 YOL064C	357	cytoplasm [GO:0005737]; nucleus [GO:0005634]
P32259	MED16_YEAST	SIN4 BEL2 GAL22 MED16 RYE1 SDI3 SSF5 SSN4 TSF3 YNL236W N1135	974	core mediator complex [GO:0070847]; mediator complex [GO:0016592]; nucleus [GO:0005634]
P32266	MGM1_YEAST	MGM1 MDM17 YOR211C YOR50-1	881	cytoplasm [GO:0005737]; microtubule [GO:0005874]; mitochondrial crista [GO:0030061]; mitochondrial inner boundary membrane [GO:0097002]; mitochondrial inner membrane [GO:0005743]; mitochondrial intermembrane space [GO:0005758]; mitochondrial outer membrane [GO:0005741]; mitochondrion [GO:0005739]; plasma membrane [GO:0005886]
P32288	GLNA_YEAST	GLN1 YPR035W YP3085.01 YP9367.15	370	cytoplasm [GO:0005737]; nuclear periphery [GO:0034399]; nucleus [GO:0005634]
P32316	ACH1_YEAST	ACH1 YBL015W YBL03.18 YBL0304	526	cytosol [GO:0005829]; mitochondrion [GO:0005739]
P32318	THI4_YEAST	THI4 ESP35 MOL1 YGR144W G6620	326	cytosol [GO:0005829]; nucleus [GO:0005634]
P32319	VPS10_YEAST	PEP1 VPS10 VPT1 YBL017C YBL03.22 YBL0302	1579	cytosol [GO:0005829]; fungal-type vacuole [GO:0000324]; Golgi apparatus [GO:0005794]; membrane [GO:0016020]
P32323	AGA1_YEAST	AGA1 YNR044W N3431	725	cell periphery [GO:0071944]; fungal-type cell wall [GO:0009277]; side of membrane [GO:0098552]
P32324	EF2_YEAST	EFT1 YOR133W O3317 YOR3317W; EFT2 YDR385W	842	cytosol [GO:0005829]; ribonucleoprotein complex [GO:1990904]
P32325	DBF4_YEAST	DBF4 DNA52 YDR052C D4205 YD9609.07C	704	centrosome [GO:0005813]; chromatin [GO:0000785]; chromosome, centromeric region [GO:0000775]; cytoplasm [GO:0005737]; Dbf4-dependent protein kinase complex [GO:0031431]; nucleus [GO:0005634]
P32327	PYC2_YEAST	PYC2 YBR218C YBR1507	1180	cytosol [GO:0005829]
P32328	DBF20_YEAST	DBF20 YPR111W	564	cellular bud neck [GO:0005935]; cytoplasm [GO:0005737]; serine/threonine protein kinase complex [GO:1902554]; Sid2-Mob1 complex [GO:0034973]; spindle pole body [GO:0005816]
P32329	YPS1_YEAST	YPS1 YAP3 YLR120C L2961 L9233.9	569	extracellular region [GO:0005576]; fungal-type cell wall [GO:0009277]; plasma membrane [GO:0005886]; side of membrane [GO:0098552]
P32332	OAC1_YEAST	OAC1 PMT PMT1 YKL120W YKL522	324	mitochondrial inner membrane [GO:0005743]; mitochondrion [GO:0005739]
P32333	BTAF1_YEAST	MOT1 YPL082C LPF4C	1867	mitochondrion [GO:0005739]; nuclear chromosome [GO:0000228]; nucleus [GO:0005634]; transcription regulator complex [GO:0005667]
P32334	MSB2_YEAST	MSB2 YGR014W	1306	cell surface [GO:0009986]; extracellular region [GO:0005576]; plasma membrane [GO:0005886]; site of polarized growth [GO:0030427]
P32335	MSS51_YEAST	MSS51 YLR203C L8167.17	436	mitochondrial inner membrane [GO:0005743]; mitochondrion [GO:0005739]
P32336	NUD1_YEAST	NUD1 YOR373W	851	nuclear envelope [GO:0005635]; outer plaque of mitotic spindle pole body [GO:0061499]; peroxisome [GO:0005777]
P32337	IMB3_YEAST	PSE1 KAP121 YMR308C YM9952.10C	1089	cytoplasm [GO:0005737]; nucleus [GO:0005634]
P32338	RME1_YEAST	RME1 YGR044C	300	cytoplasm [GO:0005737]; nucleus [GO:0005634]
P32340	NDI1_YEAST	NDI1 YML120C YM7056.06C	513	mitochondrial inner membrane [GO:0005743]; mitochondrial matrix [GO:0005759]; mitochondrion [GO:0005739]
P32342	SRP21_YEAST	SRP21 YKL122C YKL527	167	nucleus [GO:0005634]; signal recognition particle, endoplasmic reticulum targeting [GO:0005786]
P32343	SSH4_YEAST	SSH4 MLF4 YKL124W YKL529	579	endoplasmic reticulum [GO:0005783]; endosome membrane [GO:0010008]; fungal-type vacuole [GO:0000324]; vacuolar membrane [GO:0005774]
P32344	COX24_YEAST	QRI5 COX24 YLR204W	111	mitochondrial inner membrane [GO:0005743]; mitochondrial small ribosomal subunit [GO:0005763]; mitochondrion [GO:0005739]
P32345	PP4C_YEAST	PPH3 YDR075W D4421	308	cytoplasm [GO:0005737]; nuclear periphery [GO:0034399]; nucleus [GO:0005634]; protein phosphatase 4 complex [GO:0030289]
P32347	DCUP_YEAST	HEM12 HEM6 POP3 YDR047W YD9609.03	362	cytoplasm [GO:0005737]; cytosol [GO:0005829]; nucleus [GO:0005634]
P32349	RPC3_YEAST	RPC82 RPC3 YPR190C P9677.11	654	cytoplasm [GO:0005737]; nucleoplasm [GO:0005654]; nucleus [GO:0005634]; RNA polymerase III complex [GO:0005666]
P32350	KNS1_YEAST	KNS1 YLL019C	737	cytoplasm [GO:0005737]; nucleus [GO:0005634]
P32352	ERG2_YEAST	ERG2 YMR202W YM8325.03	222	endoplasmic reticulum [GO:0005783]; endoplasmic reticulum membrane [GO:0005789]
P32353	ERG3_YEAST	ERG3 PSO6 SYR1 YLR056W L2150	365	endoplasmic reticulum [GO:0005783]; endoplasmic reticulum lumen [GO:0005788]; endoplasmic reticulum membrane [GO:0005789]; membrane [GO:0016020]
P32354	MCM10_YEAST	MCM10 DNA43 YIL150C	571	chromosome, telomeric region [GO:0000781]; nuclear replication fork [GO:0043596]; nucleus [GO:0005634]; replication fork [GO:0005657]
P32356	TREA_YEAST	NTH1 NTH YDR001C YD8119.07C	751	cytoplasm [GO:0005737]
P32357	AAR2_YEAST	AAR2 YBL074C YBL06.06 YBL0611	355	cytoplasm [GO:0005737]; U5 snRNP [GO:0005682]
P32361	IRE1_YEAST	IRE1 ERN1 YHR079C	1115	endoplasmic reticulum [GO:0005783]; endoplasmic reticulum membrane [GO:0005789]; Ire1 complex [GO:1990332]; nucleus [GO:0005634]
P32363	GPI3_YEAST	SPT14 CWH6 GPI3 YPL175W P2269	452	cytosol [GO:0005829]; endoplasmic reticulum [GO:0005783]; endoplasmic reticulum membrane [GO:0005789]; glycosylphosphatidylinositol-N-acetylglucosaminyltransferase (GPI-GnT) complex [GO:0000506]
P32364	SMY1_YEAST	SMY1 YKL079W YKL409	656	cellular bud neck [GO:0005935]; cellular bud tip [GO:0005934]; cytoplasm [GO:0005737]; incipient cellular bud site [GO:0000131]; kinesin complex [GO:0005871]; mating projection tip [GO:0043332]; microtubule [GO:0005874]
P32366	VA0D_YEAST	VMA6 YLR447C L9324.8	345	fungal-type vacuole membrane [GO:0000329]; Golgi membrane [GO:0000139]; proton-transporting V-type ATPase complex [GO:0033176]; vacuolar proton-transporting V-type ATPase complex [GO:0016471]; vacuolar proton-transporting V-type ATPase, V0 domain [GO:0000220]
P32367	TFC1_YEAST	TFC1 YBR123C YBR0919	649	nucleoplasm [GO:0005654]; nucleus [GO:0005634]; transcription factor TFIIIC complex [GO:0000127]
P32368	SAC1_YEAST	SAC1 RSD1 YKL212W	623	cortical endoplasmic reticulum [GO:0032541]; endoplasmic reticulum [GO:0005783]; endoplasmic reticulum membrane [GO:0005789]; Golgi medial cisterna [GO:0005797]; Golgi membrane [GO:0000139]; host cell viral assembly compartment [GO:0072517]; mitochondrial outer membrane [GO:0005741]; mitochondrion [GO:0005739]; serine palmitoyltransferase complex [GO:0017059]
P32377	MVD1_YEAST	MVD1 ERG19 MPD YNR043W N3427	396	cytoplasm [GO:0005737]; cytosol [GO:0005829]; vacuole [GO:0005773]
P32379	PSA5_YEAST	PUP2 DOA5 YGR253C G9155	260	nucleus [GO:0005634]; proteasome complex [GO:0000502]; proteasome core complex, alpha-subunit complex [GO:0019773]; proteasome storage granule [GO:0034515]
P32380	SP110_YEAST	SPC110 NUF1 XCM1 YDR356W D9476.3	944	central plaque of spindle pole body [GO:0005823]; cytoskeleton [GO:0005856]; inner plaque of spindle pole body [GO:0005822]; nucleus [GO:0005634]
P32381	ARP2_YEAST	ARP2 ACT2 YDL029W D2778	391	actin cortical patch [GO:0030479]; actin cytoskeleton [GO:0015629]; Arp2/3 protein complex [GO:0005885]; cell cortex [GO:0005938]
P32383	PLC1_YEAST	PLC1 YPL268W	869	chromosome, centromeric region [GO:0000775]; kinetochore [GO:0000776]
P32386	YBT1_YEAST	YBT1 BAT1 YLL048C	1661	endoplasmic reticulum [GO:0005783]; fungal-type vacuole [GO:0000324]; fungal-type vacuole membrane [GO:0000329]; membrane raft [GO:0045121]
P32387	RM41_YEAST	MRP20 MRPL41 YDR405W D9509.23	263	mitochondrial inner membrane [GO:0005743]; mitochondrial large ribosomal subunit [GO:0005762]; mitochondrion [GO:0005739]
P32389	MET4_YEAST	MET4 YNL103W N2177	672	Cbf1-Met4-Met28 complex [GO:0089713]; nucleus [GO:0005634]; transcription regulator complex [GO:0005667]
P32419	MDHP_YEAST	MDH3 YDL078C D2468	343	cytoplasm [GO:0005737]; mitochondrion [GO:0005739]; peroxisomal matrix [GO:0005782]; peroxisome [GO:0005777]
P32432	SFP1_YEAST	SFP1 YLR403W L8084.4	683	cytoplasm [GO:0005737]; nucleus [GO:0005634]
P32445	RIM1_YEAST	RIM1 YCR028C-A YCR28C-A	135	mitochondrial nucleoid [GO:0042645]; mitochondrion [GO:0005739]
P32447	ASF1_YEAST	ASF1 CIA1 YJL115W J0755	279	chromatin [GO:0000785]; chromosome, telomeric region [GO:0000781]; cytosol [GO:0005829]; H3 histone acetyltransferase complex [GO:0070775]; nucleus [GO:0005634]
P32449	AROG_YEAST	ARO4 YBR249C YBR1701	370	cytoplasm [GO:0005737]; nucleus [GO:0005634]
P32454	APE2_YEAST	APE2 LAP1 YKL157W YKL158W YKL611 YKL612	952	cell wall-bounded periplasmic space [GO:0030287]; extracellular region [GO:0005576]; mitochondrion [GO:0005739]; nucleus [GO:0005634]
P32457	CDC3_YEAST	CDC3 YLR314C L8543.7	520	ascospore wall [GO:0005619]; cell division site [GO:0032153]; cellular bud neck [GO:0005935]; cellular bud neck septin ring [GO:0000144]; Gin4 complex [GO:1990317]; mating projection base [GO:0001400]; microtubule cytoskeleton [GO:0015630]; prospore membrane [GO:0005628]; septin complex [GO:0031105]; septin filament array [GO:0032160]; septin ring [GO:0005940]
P32458	CDC11_YEAST	CDC11 PSL9 YJR076C J1833	415	ascospore wall [GO:0005619]; cell division site [GO:0032153]; cellular bud neck [GO:0005935]; cellular bud neck septin ring [GO:0000144]; cytoplasmic microtubule [GO:0005881]; cytosol [GO:0005829]; Gin4 complex [GO:1990317]; mating projection base [GO:0001400]; mating projection tip [GO:0043332]; meiotic spindle [GO:0072687]; microtubule cytoskeleton [GO:0015630]; prospore membrane [GO:0005628]; septin complex [GO:0031105]; septin filament array [GO:0032160]; septin ring [GO:0005940]; spindle microtubule [GO:0005876]
P32461	DPH2_YEAST	DPH2 YKL191W	534	2-(3-amino-3-carboxypropyl)histidine synthase complex [GO:0120513]; cytoplasm [GO:0005737]
P32462	ERG24_YEAST	ERG24 YNL280C N0593	438	endoplasmic reticulum [GO:0005783]; endoplasmic reticulum membrane [GO:0005789]
P32463	ACPM_YEAST	ACP1 YKL192C	125	iron-sulfur cluster assembly complex [GO:1990229]; mitochondrial [2Fe-2S] assembly complex [GO:0099128]; mitochondrion [GO:0005739]
P32464	HYM1_YEAST	HYM1 YKL189W	399	cellular bud [GO:0005933]; incipient cellular bud site [GO:0000131]; mating projection tip [GO:0043332]; mitotic spindle pole body [GO:0044732]
P32465	HXT1_YEAST	HXT1 HOR4 YHR094C	570	cell periphery [GO:0071944]; plasma membrane [GO:0005886]
P32466	HXT3_YEAST	HXT3 YDR345C D9651.14	567	cell periphery [GO:0071944]; plasma membrane [GO:0005886]
P32467	HXT4_YEAST	HXT4 LGT1 RAG1 YHR092C	576	cell periphery [GO:0071944]; plasma membrane [GO:0005886]
P32468	CDC12_YEAST	CDC12 CLA10 PSL7 YHR107C	407	ascospore wall [GO:0005619]; cell division site [GO:0032153]; cellular bud neck [GO:0005935]; cellular bud neck septin ring [GO:0000144]; cellular bud scar [GO:0005621]; cytoplasm [GO:0005737]; Gin4 complex [GO:1990317]; mating projection [GO:0005937]; microtubule cytoskeleton [GO:0015630]; prospore membrane [GO:0005628]; septin complex [GO:0031105]; septin filament array [GO:0032160]; septin ring [GO:0005940]
P32471	EF1B_YEAST	EFB1 TEF5 YAL003W	206	cytosol [GO:0005829]; eukaryotic translation elongation factor 1 complex [GO:0005853]; ribosome [GO:0005840]
P32472	FKBP2_YEAST	FPR2 FKB2 YDR519W D9719.24	135	cytoplasm [GO:0005737]; endoplasmic reticulum [GO:0005783]; endoplasmic reticulum membrane [GO:0005789]; fungal-type vacuole [GO:0000324]; membrane [GO:0016020]; nucleus [GO:0005634]
P32473	ODPB_YEAST	PDB1 YBR221C YBR1511	366	mitochondrial nucleoid [GO:0042645]; mitochondrion [GO:0005739]; pyruvate dehydrogenase complex [GO:0045254]
P32474	EUG1_YEAST	EUG1 YDR518W D9719.23	517	endoplasmic reticulum [GO:0005783]; endoplasmic reticulum lumen [GO:0005788]
P32476	ERG1_YEAST	ERG1 YGR175C	496	endoplasmic reticulum [GO:0005783]; endoplasmic reticulum membrane [GO:0005789]; lipid droplet [GO:0005811]
P32478	HS150_YEAST	HSP150 CCW7 ORE1 PIR2 YJL159W J0558	413	cellular bud scar [GO:0005621]; cytosol [GO:0005829]; extracellular region [GO:0005576]; fungal-type cell wall [GO:0009277]
P32479	HIR1_YEAST	HIR1 YBL008W YBL0318	840	chromatin [GO:0000785]; chromosome, centromeric region [GO:0000775]; HIR complex [GO:0000417]; nucleus [GO:0005634]
P32480	HIR2_YEAST	HIR2 YOR038C OR26.31	875	chromatin [GO:0000785]; cytosol [GO:0005829]; HIR complex [GO:0000417]; nucleus [GO:0005634]
P32481	IF2G_YEAST	GCD11 SUI4 TIF213 YER025W	527	cytosol [GO:0005829]; eukaryotic 43S preinitiation complex [GO:0016282]; eukaryotic 48S preinitiation complex [GO:0033290]; eukaryotic translation initiation factor 2 complex [GO:0005850]; multi-eIF complex [GO:0043614]; ribosome [GO:0005840]
P32485	HOG1_YEAST	HOG1 SSK3 YLR113W L2931 L9354.2	435	cytoplasm [GO:0005737]; nucleus [GO:0005634]
P32486	KRE6_YEAST	KRE6 CWH48 YPR159W	720	cellular bud neck [GO:0005935]; endoplasmic reticulum membrane [GO:0005789]; Golgi membrane [GO:0000139]; membrane [GO:0016020]; plasma membrane [GO:0005886]; site of polarized growth [GO:0030427]; transport vesicle [GO:0030133]
P32490	MKK1_YEAST	MKK1 SSP32 YOR231W O5095	508	cellular bud neck [GO:0005935]; cellular bud tip [GO:0005934]; cytoplasm [GO:0005737]; mating projection tip [GO:0043332]
P32491	MKK2_YEAST	MKK2 SSP33 YPL140C LPI6C	506	cellular bud neck [GO:0005935]; cellular bud tip [GO:0005934]; cytoplasm [GO:0005737]; cytosol [GO:0005829]; mating projection tip [GO:0043332]
P32492	MYO4_YEAST	MYO4 SHE1 YAL029C FUN22	1471	actin cytoskeleton [GO:0015629]; cellular bud [GO:0005933]; cellular bud tip [GO:0005934]; cytoplasm [GO:0005737]; filamentous actin [GO:0031941]; membrane [GO:0016020]; mitochondrion [GO:0005739]; myosin V complex [GO:0031475]
P32494	NGG1_YEAST	NGG1 ADA3 SWI7 YDR176W YD9395.09	702	ADA complex [GO:0140671]; nucleus [GO:0005634]; SAGA complex [GO:0000124]; SLIK (SAGA-like) complex [GO:0046695]
P32495	NHP2_YEAST	NHP2 YDL208W D1045	156	box H/ACA snoRNP complex [GO:0031429]; nucleolus [GO:0005730]; sno(s)RNA-containing ribonucleoprotein complex [GO:0005732]
P32496	RPN12_YEAST	RPN12 NIN1 YFR052W	274	nucleus [GO:0005634]; proteasome complex [GO:0000502]; proteasome regulatory particle, lid subcomplex [GO:0008541]; proteasome storage granule [GO:0034515]
P32497	EIF3C_YEAST	NIP1 YMR309C YM9924.01C YM9952.11C	812	cytoplasm [GO:0005737]; cytoplasmic stress granule [GO:0010494]; eukaryotic 43S preinitiation complex [GO:0016282]; eukaryotic 48S preinitiation complex [GO:0033290]; eukaryotic translation initiation factor 3 complex [GO:0005852]; multi-eIF complex [GO:0043614]
P32499	NUP2_YEAST	NUP2 YLR335W L8300.9	720	chromosome, telomeric region [GO:0000781]; cytoplasm [GO:0005737]; mitochondrion [GO:0005739]; NLS-dependent protein nuclear import complex [GO:0042564]; nuclear envelope [GO:0005635]; nuclear membrane [GO:0031965]; nuclear pore [GO:0005643]; nuclear pore cytoplasmic filaments [GO:0044614]; nuclear pore nuclear basket [GO:0044615]
P32500	NDC1_YEAST	NDC1 YML031W	655	nuclear envelope [GO:0005635]; nuclear membrane [GO:0031965]; nuclear pore [GO:0005643]; nuclear pore transmembrane ring [GO:0070762]; spindle pole body [GO:0005816]
P32501	EI2BE_YEAST	GCD6 TIF225 YDR211W YD8142.12 YD8142B.03	712	cytoplasm [GO:0005737]; cytosol [GO:0005829]; eukaryotic translation initiation factor 2B complex [GO:0005851]; guanyl-nucleotide exchange factor complex [GO:0032045]
P32502	EI2BB_YEAST	GCD7 TIF222 YLR291C L8003.17	381	cytosol [GO:0005829]; eukaryotic translation initiation factor 2B complex [GO:0005851]; guanyl-nucleotide exchange factor complex [GO:0032045]; mitochondrion [GO:0005739]
P32504	CBF3A_YEAST	CBF2 CBF3A CEP2 CTF14 NDC10 YGR140W	956	CBF3 complex [GO:0031518]; condensed chromosome, centromeric region [GO:0000779]; kinetochore [GO:0000776]; nucleus [GO:0005634]; spindle [GO:0005819]; spindle midzone [GO:0051233]; spindle pole body [GO:0005816]
P32505	NAB2_YEAST	NAB2 YGL122C	525	cytoplasm [GO:0005737]; nucleus [GO:0005634]
P32521	PAN1_YEAST	PAN1 DIM2 MDP3 MIP3 YIR006C YIB6C	1480	actin cortical patch [GO:0030479]; actin cytoskeleton-regulatory complex [GO:1990964]; cellular bud neck [GO:0005935]; cytoplasm [GO:0005737]; endosome membrane [GO:0010008]; mating projection tip [GO:0043332]; nucleus [GO:0005634]; plasma membrane [GO:0005886]
P32523	PRP19_YEAST	PRP19 PSO4 YLL036C	503	cytoplasm [GO:0005737]; cytosol [GO:0005829]; mitochondrion [GO:0005739]; nucleus [GO:0005634]; Prp19 complex [GO:0000974]; U2-type catalytic step 1 spliceosome [GO:0071006]
P32524	PRP21_YEAST	PRP21 SPP91 YJL203W J0322	280	catalytic step 2 spliceosome [GO:0071013]; nucleus [GO:0005634]; Prp19 complex [GO:0000974]; spliceosomal complex [GO:0005681]; U2 snRNP [GO:0005686]; U2-type prespliceosome [GO:0071004]
P32526	KAR9_YEAST	KAR9 YPL269W	644	cell cortex [GO:0005938]; cytoplasm [GO:0005737]; cytoplasmic microtubule [GO:0005881]; kinetochore [GO:0000776]; mating projection tip [GO:0043332]; nucleus [GO:0005634]; spindle pole body [GO:0005816]
P32527	ZUO1_YEAST	ZUO1 YGR285C	433	cytoplasm [GO:0005737]; cytosol [GO:0005829]; mitochondrion [GO:0005739]; nucleolus [GO:0005730]; protein folding chaperone complex [GO:0101031]; ribosome [GO:0005840]
P32528	DUR1_YEAST	DUR1,2 YBR208C YBR1448	1835	cytoplasm [GO:0005737]
P32529	RPA12_YEAST	RPA12 RRN4 YJR063W J1747	125	nuclear DNA-directed RNA polymerase complex [GO:0055029]; nucleus [GO:0005634]; RNA polymerase I complex [GO:0005736]
P32558	SPT16_YEAST	SPT16 CDC68 SSF1 YGL207W	1035	chromatin [GO:0000785]; FACT complex [GO:0035101]
P32561	RPD3_YEAST	RPD3 MOF6 REC3 SDI2 SDS6 YNL330C N0305	433	cytoplasm [GO:0005737]; histone deacetylase complex [GO:0000118]; nuclear periphery [GO:0034399]; nucleus [GO:0005634]; Rpd3L complex [GO:0033698]; Rpd3L-Expanded complex [GO:0070210]; Rpd3S complex [GO:0032221]; Sin3-type complex [GO:0070822]; Snt2C complex [GO:0070211]
P32562	CDC5_YEAST	CDC5 MSD2 PKX2 YMR001C YM8270.03C	705	cellular bud neck [GO:0005935]; cytoplasm [GO:0005737]; kinetochore [GO:0000776]; mitotic spindle pole body [GO:0044732]; nucleus [GO:0005634]; spindle pole [GO:0000922]; spindle pole body [GO:0005816]
P32563	VPP1_YEAST	VPH1 YOR270C	840	fungal-type vacuole [GO:0000324]; fungal-type vacuole membrane [GO:0000329]; membrane raft [GO:0045121]; vacuolar proton-transporting V-type ATPase complex [GO:0016471]; vacuolar proton-transporting V-type ATPase, V0 domain [GO:0000220]
P32565	RPN2_YEAST	RPN2 SEN3 YIL075C	945	nucleus [GO:0005634]; proteasome complex [GO:0000502]; proteasome regulatory particle, base subcomplex [GO:0008540]; proteasome storage granule [GO:0034515]
P32566	SMI1_YEAST	SMI1 KNR4 KTR4 YGR229C G8553	505	cellular bud neck [GO:0005935]; incipient cellular bud site [GO:0000131]; mating projection tip [GO:0043332]; nucleus [GO:0005634]
P32567	PAH1_YEAST	PAH1 PAP1 SMP2 YMR165C YM8520.14C	862	cytoplasm [GO:0005737]; cytosol [GO:0005829]; endoplasmic reticulum membrane [GO:0005789]; lipid droplet [GO:0005811]; nuclear membrane [GO:0031965]; nucleus [GO:0005634]; vacuole [GO:0005773]
P32568	SNQ2_YEAST	SNQ2 YDR011W YD8119.16	1501	cell periphery [GO:0071944]; mitochondrion [GO:0005739]; plasma membrane [GO:0005886]
P32569	MED17_YEAST	SRB4 MED17 YER022W	687	core mediator complex [GO:0070847]; mediator complex [GO:0016592]; nucleus [GO:0005634]
P32570	MED22_YEAST	SRB6 MED22 YBR253W YBR1721	121	core mediator complex [GO:0070847]; mediator complex [GO:0016592]; nucleus [GO:0005634]
P32571	UBP4_YEAST	DOA4 DOS1 MUT4 NPI2 SSV7 UBP4 YDR069C D4270 YD8554.02C YD9609.23C	926	cytosol [GO:0005829]; endosome [GO:0005768]; late endosome membrane [GO:0031902]; mitochondrion [GO:0005739]; proteasome complex [GO:0000502]
P32573	SPS19_YEAST	SPS19 SPX19 YNL202W N1362	292	peroxisomal matrix [GO:0005782]; peroxisome [GO:0005777]
P32578	SIP1_YEAST	SIP1 YDR422C D9461.11	815	cytoplasm [GO:0005737]; cytosol [GO:0005829]; fungal-type vacuole [GO:0000324]; nucleotide-activated protein kinase complex [GO:0031588]; nucleus [GO:0005634]; vacuolar membrane [GO:0005774]
P32579	SUA5_YEAST	SUA5 YGL169W G1660	426	chromosome, telomeric region [GO:0000781]; cytoplasm [GO:0005737]; cytosol [GO:0005829]; mitochondrion [GO:0005739]; nucleus [GO:0005634]
P32580	SUV3_YEAST	SUV3 YPL029W LPB2W	737	mitochondrial degradosome [GO:0045025]; mitochondrial matrix [GO:0005759]; mitochondrion [GO:0005739]
P32582	CBS_YEAST	CYS4 STR4 YGR155W G6667	507	cytoplasm [GO:0005737]; cytoplasmic stress granule [GO:0010494]; mitochondrion [GO:0005739]
P32584	STE14_YEAST	STE14 YDR410C D9461.1	239	endoplasmic reticulum [GO:0005783]; endoplasmic reticulum membrane [GO:0005789]; nuclear inner membrane [GO:0005637]
P32585	MED18_YEAST	SRB5 MED18 YGR104C	307	core mediator complex [GO:0070847]; mediator complex [GO:0016592]; nucleus [GO:0005634]
P32588	PUB1_YEAST	PUB1 RNP1 YNL016W N2842	453	cytoplasm [GO:0005737]; cytoplasmic stress granule [GO:0010494]; nucleus [GO:0005634]; P-body [GO:0000932]
P32589	HSP7F_YEAST	SSE1 MSI3 YPL106C LPG3C	693	cytoplasm [GO:0005737]; cytosol [GO:0005829]; nucleus [GO:0005634]
P32590	HSP79_YEAST	SSE2 HSP YBR169C YBR1221	693	cytoplasm [GO:0005737]; cytosol [GO:0005829]; nucleus [GO:0005634]
P32591	SWI3_YEAST	SWI3 TYE2 YJL176C J0495	825	chromatin [GO:0000785]; cytosol [GO:0005829]; nucleus [GO:0005634]; SWI/SNF complex [GO:0016514]
P32597	STH1_YEAST	STH1 NPS1 YIL126W	1359	chromatin [GO:0000785]; chromosome, centromeric region [GO:0000775]; nucleus [GO:0005634]; RSC-type complex [GO:0016586]
P32598	PP12_YEAST	GLC7 CID1 DIS2 YER133W	312	cell division site [GO:0032153]; cellular bud neck [GO:0005935]; cellular bud neck septin collar [GO:0032174]; cytoplasm [GO:0005737]; incipient cellular bud site [GO:0000131]; kinetochore [GO:0000776]; mating projection base [GO:0001400]; mRNA cleavage and polyadenylation specificity factor complex [GO:0005847]; nucleolus [GO:0005730]; nucleus [GO:0005634]; protein phosphatase type 1 complex [GO:0000164]; spindle pole body [GO:0005816]
P32599	FIMB_YEAST	SAC6 YDR129C YD9302.04C	642	actin cortical patch [GO:0030479]; actin filament [GO:0005884]; actin filament bundle [GO:0032432]; cellular bud tip [GO:0005934]; cytoplasm [GO:0005737]; mating projection tip [GO:0043332]; plasma membrane [GO:0005886]
P32600	TOR2_YEAST	TOR2 DRR2 TSC14 YKL203C	2474	cytoplasm [GO:0005737]; fungal-type vacuole membrane [GO:0000329]; mitochondrion [GO:0005739]; nucleus [GO:0005634]; plasma membrane [GO:0005886]; TOR complex [GO:0038201]; TORC1 complex [GO:0031931]; TORC2 complex [GO:0031932]
P32602	SEC17_YEAST	SEC17 YBL050W YBL0505 YBL0517	292	cytosol [GO:0005829]; fungal-type vacuole membrane [GO:0000329]; SNARE complex [GO:0031201]
P32604	F26_YEAST	FBP26 YJL155C J0575	452	cytoplasm [GO:0005737]; cytosol [GO:0005829]
P32605	RU1A_YEAST	MUD1 YBR119W YBR0915	298	commitment complex [GO:0000243]; nucleus [GO:0005634]; spliceosomal complex [GO:0005681]; U1 snRNP [GO:0005685]; U2-type prespliceosome [GO:0071004]
P32607	RTG1_YEAST	RTG1 YOL067C	177	cytoplasm [GO:0005737]; nucleus [GO:0005634]; transcription regulator complex [GO:0005667]
P32608	RTG2_YEAST	RTG2 YGL252C NRF588	588	cytoplasm [GO:0005737]; euchromatin [GO:0000791]
P32609	PEP7_YEAST	PEP7 VAC1 VPL21 VPS19 VPT19 YDR323C	515	cytoplasm [GO:0005737]; cytoplasmic side of endosome membrane [GO:0010009]; cytosol [GO:0005829]; nucleus [GO:0005634]; vacuolar membrane [GO:0005774]
P32610	VATD_YEAST	VMA8 YEL051W SYGP-ORF11	256	fungal-type vacuole membrane [GO:0000329]; Golgi membrane [GO:0000139]; membrane raft [GO:0045121]; proton-transporting V-type ATPase complex [GO:0033176]; vacuolar proton-transporting V-type ATPase complex [GO:0016471]; vacuolar proton-transporting V-type ATPase, V1 domain [GO:0000221]
P32614	FRDS_YEAST	FRD1 FRDS FRDS1 YEL047C SYGP-ORF35	470	cytoplasm [GO:0005737]; cytosol [GO:0005829]; mitochondrion [GO:0005739]; plasma membrane [GO:0005886]
P32617	IES6_YEAST	IES6 YEL044W SYGP-ORF13	166	Ino80 complex [GO:0031011]; nucleus [GO:0005634]
P32621	GDA1_YEAST	GDA1 YEL042W SYGP-ORF16	518	Golgi apparatus [GO:0005794]; Golgi membrane [GO:0000139]; membrane [GO:0016020]
P32622	YEF1_YEAST	YEF1 YEL041W SYGP-ORF17	495	
P32623	CRH2_YEAST	UTR2 CHR2 YEL040W SYGP-ORF18	467	cellular bud neck septin ring [GO:0000144]; extracellular region [GO:0005576]; fungal-type cell wall [GO:0009277]; side of membrane [GO:0098552]
P32628	RAD23_YEAST	RAD23 YEL037C SYGP-ORF29	398	cytoplasm [GO:0005737]; cytosol [GO:0005829]; mitochondrion [GO:0005739]; nucleoplasm [GO:0005654]; nucleotide-excision repair factor 2 complex [GO:0000111]; PNGase complex [GO:0120125]
P32629	ANP1_YEAST	ANP1 GEM3 YEL036C SYGP-ORF28	500	endoplasmic reticulum membrane [GO:0005789]; Golgi cis cisterna [GO:0000137]; mannan polymerase complex [GO:0000136]
P32639	BRR2_YEAST	BRR2 RSS1 SNU246 YER172C SYGP-ORF66	2163	nucleus [GO:0005634]; Prp19 complex [GO:0000974]; spliceosomal complex [GO:0005681]; U4/U6 x U5 tri-snRNP complex [GO:0046540]; U5 snRNP [GO:0005682]
P32641	RAD24_YEAST	RAD24 YER173W SYGP-ORF60	659	nucleus [GO:0005634]; Rad17 RFC-like complex [GO:0031389]
P32642	GLRX4_YEAST	GRX4 YER174C SYGP-ORF64	244	cytoplasm [GO:0005737]; cytosol [GO:0005829]; iron-sulfur cluster assembly complex [GO:1990229]; nucleus [GO:0005634]
P32643	TMT1_YEAST	TMT1 TAM1 YER175C SYGP-ORF63	299	cytosol [GO:0005829]
P32644	ECM32_YEAST	ECM32 HEL1 MTT1 YER176W SYGP-ORF61	1121	cytoplasm [GO:0005737]; cytoplasmic stress granule [GO:0010494]
P32657	CHD1_YEAST	CHD1 YER164W SYGP-ORF4	1468	chromatin [GO:0000785]; mitochondrion [GO:0005739]; nucleolar chromatin [GO:0030874]; nucleus [GO:0005634]; SAGA complex [GO:0000124]; site of double-strand break [GO:0035861]; SLIK (SAGA-like) complex [GO:0046695]
P32660	ATC5_YEAST	DNF1 YER166W SYGP-ORF7	1571	cell periphery [GO:0071944]; cell septum [GO:0030428]; cellular bud neck [GO:0005935]; endoplasmic reticulum [GO:0005783]; endosome membrane [GO:0010008]; Golgi apparatus [GO:0005794]; mating projection tip membrane [GO:0070867]; mitochondrion [GO:0005739]; phospholipid-translocating ATPase complex [GO:1990531]; plasma membrane [GO:0005886]
P32767	KA122_YEAST	KAP122 PDR6 YGL016W	1081	cytoplasm [GO:0005737]; nuclear envelope [GO:0005635]; nucleus [GO:0005634]
P32768	FLO1_YEAST	FLO1 FLO2 FLO4 FLO8 YAR050W	1537	cell periphery [GO:0071944]; fungal-type cell wall [GO:0009277]; plasma membrane [GO:0005886]; side of membrane [GO:0098552]
P32769	HBS1_YEAST	HBS1 YKR084C YKR404	611	cytoplasm [GO:0005737]; cytosol [GO:0005829]; Dom34-Hbs1 complex [GO:1990533]
P32771	FADH_YEAST	SFA1 SFA YDL168W	386	cytoplasm [GO:0005737]; cytosol [GO:0005829]; mitochondrion [GO:0005739]
P32773	TOA1_YEAST	TOA1 YOR194C	286	cytoplasm [GO:0005737]; nucleus [GO:0005634]; transcription factor TFIIA complex [GO:0005672]
P32774	T2AG_YEAST	TOA2 YKL058W	122	cytoplasm [GO:0005737]; nucleus [GO:0005634]; transcription factor TFIIA complex [GO:0005672]
P32776	TFB1_YEAST	TFB1 YDR311W D9740.3	642	cytosol [GO:0005829]; nucleotide-excision repair factor 3 complex [GO:0000112]; nucleus [GO:0005634]; transcription factor TFIIH core complex [GO:0000439]; transcription factor TFIIH holo complex [GO:0005675]
P32783	MCES_YEAST	ABD1 YBR236C YBR1602	436	cytosol [GO:0005829]; nucleus [GO:0005634]
P32784	GPT1_YEAST	SCT1 GAT2 YBL011W YBL0309 YBL0315	759	endoplasmic reticulum [GO:0005783]; endoplasmic reticulum membrane [GO:0005789]
P32789	ALK2_YEAST	ALK2 YBL009W YBL0317	676	cytoplasm [GO:0005737]; nucleus [GO:0005634]
P32790	SLA1_YEAST	SLA1 YBL007C YBL0321	1244	actin cortical patch [GO:0030479]; actin cytoskeleton-regulatory complex [GO:1990964]; cell cortex [GO:0005938]; cellular bud neck [GO:0005935]; cytoplasm [GO:0005737]; endosome membrane [GO:0010008]; mating projection tip [GO:0043332]; nucleus [GO:0005634]; plasma membrane [GO:0005886]; SLAC complex [GO:0140224]
P32791	FRE1_YEAST	FRE1 YLR214W L8167.2	686	plasma membrane [GO:0005886]
P32793	YSC84_YEAST	YSC84 LSB4 YHR016C	468	actin cortical patch [GO:0030479]; cytosol [GO:0005829]
P32794	AFG2_YEAST	AFG2 DRG1 YLR397C L8084.16	780	cytoplasm [GO:0005737]; preribosome, large subunit precursor [GO:0030687]
P32795	YME1_YEAST	YME1 OSD1 YTA11 YPR024W YP9367.04	747	i-AAA complex [GO:0031942]; mitochondrial inner membrane [GO:0005743]; mitochondrion [GO:0005739]
P32796	CACP_YEAST	CAT2 CAT YCAT YML042W YM8054.01	670	mitochondrial inner membrane [GO:0005743]; mitochondrion [GO:0005739]; peroxisome [GO:0005777]
P32797	CDC13_YEAST	CDC13 YDL220C	924	chromosome, telomeric region [GO:0000781]; CST complex [GO:1990879]; nuclear telomere cap complex [GO:0000783]
P32798	COT1_YEAST	COT1 YOR316C O6131	439	fungal-type vacuole [GO:0000324]; fungal-type vacuole membrane [GO:0000329]; membrane raft [GO:0045121]; mitochondrion [GO:0005739]
P32799	COX13_YEAST	COX13 YGL191W G1341	129	mitochondrial inner membrane [GO:0005743]; mitochondrion [GO:0005739]; respiratory chain complex IV [GO:0045277]
P32800	PEX2_YEAST	PEX2 CRT1 PAS5 YJL210W HRA271 J0240	271	peroxisomal importomer complex [GO:1990429]; peroxisomal membrane [GO:0005778]; ubiquitin ligase complex [GO:0000151]
P32801	ELM1_YEAST	ELM1 YKL048C YKL261	640	cellular bud neck [GO:0005935]; cellular bud neck septin ring [GO:0000144]; cytoplasm [GO:0005737]
P32802	TMN1_YEAST	EMP70 TMN1 YLR083C L2385 L9449.11	667	endosome [GO:0005768]; endosome membrane [GO:0010008]; fungal-type vacuole membrane [GO:0000329]
P32803	EMP24_YEAST	EMP24 YGL200C G1271	203	COPII-coated ER to Golgi transport vesicle [GO:0030134]; endoplasmic reticulum [GO:0005783]; endoplasmic reticulum membrane [GO:0005789]; endoplasmic reticulum-Golgi intermediate compartment [GO:0005793]; Golgi apparatus [GO:0005794]; Golgi membrane [GO:0000139]; Golgi-associated vesicle [GO:0005798]
P32807	KU70_YEAST	YKU70 HDF1 NES24 YMR284W YM8021.10	602	chromosome, telomeric region [GO:0000781]; Ku70:Ku80 complex [GO:0043564]; nuclear envelope [GO:0005635]
P32828	SLX5_YEAST	SLX5 HEX3 YDL013W D2875	619	chromosome, centromeric region [GO:0000775]; kinetochore [GO:0000776]; nucleus [GO:0005634]; SUMO-targeted ubiquitin ligase complex [GO:0033768]
P32829	MRE11_YEAST	MRE11 YMR224C YM9959.06C	692	chromosome, telomeric region [GO:0000781]; mitochondrion [GO:0005739]; Mre11 complex [GO:0030870]; nucleoplasm [GO:0005654]; nucleus [GO:0005634]; site of double-strand break [GO:0035861]
P32830	TIM12_YEAST	TIM12 MRS5 YBR091C YBR0812	109	mitochondrial inner membrane [GO:0005743]; mitochondrial intermembrane space chaperone complex [GO:0042719]; mitochondrion [GO:0005739]; TIM22 mitochondrial import inner membrane insertion complex [GO:0042721]
P32831	NGR1_YEAST	NGR1 RBP1 YBR212W YBR1459	672	cytoplasm [GO:0005737]; cytoplasmic stress granule [GO:0010494]; nucleus [GO:0005634]; P-body [GO:0000932]; perinuclear region of cytoplasm [GO:0048471]
P32832	RSC7_YEAST	NPL6 RSC7 YMR091C YM9582.16C	435	chromatin [GO:0000785]; nucleus [GO:0005634]; RSC-type complex [GO:0016586]
P32833	ORC2_YEAST	ORC2 RRR1 SIR5 YBR060C YBR0523	620	chromosome, telomeric region [GO:0000781]; DNA replication preinitiation complex [GO:0031261]; nuclear origin of replication recognition complex [GO:0005664]; nuclear pre-replicative complex [GO:0005656]; nucleoplasm [GO:0005654]; nucleus [GO:0005634]
P32835	GSP1_YEAST	GSP1 CNR1 CST17 YLR293C L8003.19	219	cytoplasm [GO:0005737]; cytosol [GO:0005829]; nucleus [GO:0005634]
P32838	PP2A4_YEAST	PPG1 PPG YNR032W N3281	368	cytoplasm [GO:0005737]; FAR/SIN/STRIPAK complex [GO:0090443]; mitochondrial outer membrane [GO:0005741]; nucleus [GO:0005634]
P32839	BCS1_YEAST	BCS1 YDR375C D9481.17	456	cytosol [GO:0005829]; mitochondrial inner membrane [GO:0005743]; mitochondrial intermembrane space [GO:0005758]; mitochondrion [GO:0005739]
P32842	VATL2_YEAST	VMA11 CLS9 TFP3 YPL234C P1064	164	cell periphery [GO:0071944]; fungal-type vacuole [GO:0000324]; fungal-type vacuole membrane [GO:0000329]; Golgi membrane [GO:0000139]; membrane [GO:0016020]; proton-transporting V-type ATPase complex [GO:0033176]; vacuolar proton-transporting V-type ATPase complex [GO:0016471]; vacuolar proton-transporting V-type ATPase, V0 domain [GO:0000220]
P32844	SEC6_YEAST	SEC6 YIL068C	805	cellular bud neck [GO:0005935]; cellular bud tip [GO:0005934]; exocyst [GO:0000145]; mating projection tip [GO:0043332]; prospore membrane [GO:0005628]
P32849	RAD5_YEAST	RAD5 REV2 SNM2 YLR032W	1169	chromatin [GO:0000785]; chromosome, telomeric region [GO:0000781]; cytoplasm [GO:0005737]; nucleus [GO:0005634]
P32854	PEP12_YEAST	PEP12 VPS6 VPT13 YOR036W OR26.29	288	cytosol [GO:0005829]; endomembrane system [GO:0012505]; endosome [GO:0005768]; endosome membrane [GO:0010008]; fungal-type vacuole membrane [GO:0000329]; Golgi apparatus [GO:0005794]; Golgi membrane [GO:0000139]; SNARE complex [GO:0031201]
P32855	SEC8_YEAST	SEC8 YPR055W YP9499.11	1065	cellular bud neck [GO:0005935]; cellular bud tip [GO:0005934]; cytoplasm [GO:0005737]; exocyst [GO:0000145]; incipient cellular bud site [GO:0000131]; mating projection tip [GO:0043332]; plasma membrane [GO:0005886]; prospore membrane [GO:0005628]
P32860	NFU1_YEAST	NFU1 NUB1 YKL040C YKL253	256	mitochondrial matrix [GO:0005759]; mitochondrion [GO:0005739]
P32861	UGPA1_YEAST	UGP1 YKL035W YKL248	499	cytoplasm [GO:0005737]; cytoplasmic stress granule [GO:0010494]; plasma membrane [GO:0005886]
P32862	RGT1_YEAST	RGT1 YKL038W YKL251	1170	cytoplasm [GO:0005737]; nucleus [GO:0005634]
P32863	RAD54_YEAST	RAD54 YGL163C G1821	898	cytoplasm [GO:0005737]; nucleus [GO:0005634]
P32864	RAEP_YEAST	MRS6 MSI4 YOR370C	603	cytoplasm [GO:0005737]; cytosol [GO:0005829]; membrane [GO:0016020]; nucleus [GO:0005634]; Rab-protein geranylgeranyltransferase complex [GO:0005968]
P32867	SSO1_YEAST	SSO1 YPL232W P1405	290	cell periphery [GO:0071944]; endomembrane system [GO:0012505]; fungal-type vacuole membrane [GO:0000329]; Golgi membrane [GO:0000139]; plasma membrane [GO:0005886]; prospore membrane [GO:0005628]; SNARE complex [GO:0031201]
P32873	BEM3_YEAST	BEM3 YPL115C LPH12C	1128	cell cortex [GO:0005938]; cell tip [GO:0051286]; cellular bud tip [GO:0005934]; cytoplasm [GO:0005737]; incipient cellular bud site [GO:0000131]; mating projection tip [GO:0043332]; plasma membrane [GO:0005886]; site of polarized growth [GO:0030427]
P32874	HFA1_YEAST	HFA1 YMR207C YM8261.01C YM8325.08C	2273	cytoplasm [GO:0005737]; mitochondrion [GO:0005739]
P32891	DLD1_YEAST	DLD1 DLD YDL174C	587	mitochondrial inner membrane [GO:0005743]; mitochondrial intermembrane space [GO:0005758]; mitochondrion [GO:0005739]
P32892	DRS1_YEAST	DRS1 YLL008W L1345	752	nucleolus [GO:0005730]; preribosome, large subunit precursor [GO:0030687]
P32893	TRS65_YEAST	TRS65 KRE11 YGR166W	560	cytosol [GO:0005829]; trans-Golgi network [GO:0005802]; TRAPPII protein complex [GO:1990071]
P32895	KPR1_YEAST	PRS1 PPS1 PRP1 PRPS PRPS1 YKL181W	427	cytoplasm [GO:0005737]; cytoplasmic stress granule [GO:0010494]; ribose phosphate diphosphokinase complex [GO:0002189]
P32897	TIM23_YEAST	TIM23 MAS6 MIM23 MPI3 YNR017W N3180	222	mitochondrial inner membrane [GO:0005743]; mitochondrial intermembrane space [GO:0005758]; mitochondrion [GO:0005739]; TIM23 mitochondrial import inner membrane translocase complex [GO:0005744]
P32898	PREP_YEAST	CYM1 MOP112 YDR430C D9461.18	989	mitochondrial intermembrane space [GO:0005758]; mitochondrial matrix [GO:0005759]; mitochondrion [GO:0005739]
P32899	IMP3_YEAST	IMP3 YHR148W	183	90S preribosome [GO:0030686]; Mpp10 complex [GO:0034457]; nucleolus [GO:0005730]; nucleoplasm [GO:0005654]; small-subunit processome [GO:0032040]
P32900	SKG6_YEAST	SKG6 YHR149C	734	cell periphery [GO:0071944]; cellular bud neck [GO:0005935]; cellular bud tip [GO:0005934]; incipient cellular bud site [GO:0000131]; membrane [GO:0016020]
P32901	PTR2_YEAST	PTR2 YKR093W YKR413	601	cell periphery [GO:0071944]; fungal-type vacuole [GO:0000324]; plasma membrane [GO:0005886]
P32902	RT04_YEAST	MRP4 MRP4A YHL004W	394	mitochondrial inner membrane [GO:0005743]; mitochondrial small ribosomal subunit [GO:0005763]; mitochondrion [GO:0005739]
P32905	RSSA1_YEAST	RPS0A NAB1 NAB1A YST1 YGR214W	252	90S preribosome [GO:0030686]; cytoplasmic stress granule [GO:0010494]; cytosol [GO:0005829]; cytosolic small ribosomal subunit [GO:0022627]
P32906	MNS1_YEAST	MNS1 YJR131W J2110	549	endoplasmic reticulum [GO:0005783]; endoplasmic reticulum membrane [GO:0005789]; membrane [GO:0016020]
P32908	SMC1_YEAST	SMC1 CHL10 YFL008W	1225	cohesin complex [GO:0008278]; meiotic cohesin complex [GO:0030893]; mitotic cohesin complex [GO:0030892]; nucleus [GO:0005634]
P32909	SMY2_YEAST	SMY2 YBR172C YBR1233	740	cytoplasm [GO:0005737]; cytosol [GO:0005829]; endoplasmic reticulum membrane [GO:0005789]; nucleus [GO:0005634]
P32910	RPC6_YEAST	RPC34 YNR003C N2031	317	cytoplasm [GO:0005737]; mitochondrion [GO:0005739]; nucleoplasm [GO:0005654]; nucleus [GO:0005634]; RNA polymerase III complex [GO:0005666]
P32911	SUI1_YEAST	SUI1 RFR1 YNL244C N0905	108	eukaryotic 43S preinitiation complex [GO:0016282]; multi-eIF complex [GO:0043614]
P32912	VAM7_YEAST	VAM7 YGL212W	316	autophagosome membrane [GO:0000421]; endomembrane system [GO:0012505]; fungal-type vacuole membrane [GO:0000329]; phagophore assembly site [GO:0000407]; SNARE complex [GO:0031201]; vacuolar membrane [GO:0005774]
P32913	VPS17_YEAST	VPS17 PEP21 VPT3 YOR132W O3314 YOR3314W	551	cytosol [GO:0005829]; endomembrane system [GO:0012505]; endosome [GO:0005768]; retromer complex [GO:0030904]; retromer, tubulation complex [GO:0030905]
P32914	SPT4_YEAST	SPT4 YGR063C	102	DSIF complex [GO:0032044]; kinetochore [GO:0000776]; mating-type region heterochromatin [GO:0031934]; nucleus [GO:0005634]; rDNA heterochromatin [GO:0033553]
P32915	SC61A_YEAST	SEC61 YLR378C L3502.5	480	endoplasmic reticulum [GO:0005783]; rough endoplasmic reticulum membrane [GO:0030867]; Sec61 translocon complex [GO:0005784]; translocon complex [GO:0071256]
P32916	SRPR_YEAST	SRP101 YDR292C D9819.3	621	endoplasmic reticulum [GO:0005783]; endoplasmic reticulum membrane [GO:0005789]; membrane [GO:0016020]; signal recognition particle receptor complex [GO:0005785]
P32917	STE5_YEAST	STE5 NUL3 YDR103W YD8557.12	917	cytoplasm [GO:0005737]; mating projection tip [GO:0043332]; mating projection tip membrane [GO:0070867]; nucleus [GO:0005634]; plasma membrane [GO:0005886]
P32939	YPT7_YEAST	YPT7 VAM4 YML001W YM8270.02	208	cytosol [GO:0005829]; fungal-type vacuole [GO:0000324]; fungal-type vacuole membrane [GO:0000329]; late endosome [GO:0005770]; mitochondrial outer membrane [GO:0005741]; mitochondrion [GO:0005739]; multivesicular body [GO:0005771]; phagocytic vesicle [GO:0045335]; vacuole [GO:0005773]; vacuole-mitochondrion membrane contact site [GO:1990816]
P32944	SWE1_YEAST	SWE1 YJL187C J0406	819	cellular bud neck [GO:0005935]; cytoplasm [GO:0005737]; nucleus [GO:0005634]
P33122	TYE7_YEAST	TYE7 SGC1 YOR344C O6233	291	chromatin [GO:0000785]; nucleus [GO:0005634]
P33201	MRT4_YEAST	MRT4 YKL009W YKL160	236	cytoplasm [GO:0005737]; nucleolus [GO:0005730]; nucleoplasm [GO:0005654]; nucleus [GO:0005634]; preribosome, large subunit precursor [GO:0030687]; small-subunit processome [GO:0032040]
P33202	UFD4_YEAST	UFD4 YKL010C YKL162	1483	cytoplasm [GO:0005737]; mitochondrion [GO:0005739]; nuclear speck [GO:0016607]; nucleus [GO:0005634]
P33203	PRP40_YEAST	PRP40 YKL012W YKL165	583	commitment complex [GO:0000243]; nucleus [GO:0005634]; spliceosomal complex [GO:0005681]; U1 snRNP [GO:0005685]; U2-type prespliceosome [GO:0071004]
P33204	ARPC4_YEAST	ARC19 YKL013C YKL166	171	actin cortical patch [GO:0030479]; actin cytoskeleton [GO:0015629]; Arp2/3 protein complex [GO:0005885]
P33296	UBC6_YEAST	UBC6 DOA2 YER100W	250	endoplasmic reticulum [GO:0005783]; endoplasmic reticulum membrane [GO:0005789]; nucleus [GO:0005634]
P33297	PRS6A_YEAST	RPT5 YTA1 YOR117W O3258 YOR3258W	434	cytoplasm [GO:0005737]; nucleus [GO:0005634]; proteasome complex [GO:0000502]; proteasome regulatory particle, base subcomplex [GO:0008540]
P33298	PRS6B_YEAST	RPT3 YNT1 YTA2 YDR394W D9509.14	428	cytoplasm [GO:0005737]; nucleus [GO:0005634]; proteasome complex [GO:0000502]; proteasome regulatory particle, base subcomplex [GO:0008540]
P33299	PRS7_YEAST	RPT1 CIM5 YTA3 YKL145W	467	cytoplasm [GO:0005737]; nucleus [GO:0005634]; proteasome complex [GO:0000502]; proteasome regulatory particle, base subcomplex [GO:0008540]
P33300	SUR1_YEAST	SUR1 BCL21 CSG1 LPE15 YPL057C	382	fungal-type vacuole [GO:0000324]; fungal-type vacuole membrane [GO:0000329]; Golgi apparatus [GO:0005794]; mannosyltransferase complex [GO:0031501]
P33301	XRS2_YEAST	XRS2 YDR369C D9481.13	854	chromosome, telomeric region [GO:0000781]; Mre11 complex [GO:0030870]; nucleoplasm [GO:0005654]; nucleus [GO:0005634]
P33302	PDR5_YEAST	PDR5 LEM1 STS1 YDR1 YOR153W	1511	cell periphery [GO:0071944]; mitochondrion [GO:0005739]; plasma membrane [GO:0005886]
P33307	CSE1_YEAST	CSE1 YGL238W HRC135	960	cytosol [GO:0005829]; nuclear envelope [GO:0005635]; protein-containing complex [GO:0032991]
P33308	MED9_YEAST	CSE2 MED9 YNR010W N2046	149	core mediator complex [GO:0070847]; cytosol [GO:0005829]; mediator complex [GO:0016592]; nucleus [GO:0005634]
P33309	DOM34_YEAST	DOM34 YNL001W N2016	386	cytoplasm [GO:0005737]; Dom34-Hbs1 complex [GO:1990533]
P33310	MDL1_YEAST	MDL1 YLR188W L9470.3	695	mitochondrial inner membrane [GO:0005743]; mitochondrion [GO:0005739]
P33313	CNS1_YEAST	CNS1 YBR155W YBR1205	385	cytoplasm [GO:0005737]; nucleus [GO:0005634]
P33314	BUD2_YEAST	BUD2 CLA2 ERC25 YKL092C YKL424	1104	cellular bud neck [GO:0005935]; cytoplasm [GO:0005737]; incipient cellular bud site [GO:0000131]; prospore membrane [GO:0005628]
P33317	DUT_YEAST	DUT1 YBR252W YBR1705	147	cytoplasm [GO:0005737]; nucleus [GO:0005634]
P33322	CBF5_YEAST	CBF5 YLR175W L9470.11	483	90S preribosome [GO:0030686]; box H/ACA snoRNP complex [GO:0031429]; chromosome, centromeric region [GO:0000775]; microtubule [GO:0005874]
P33327	DHE2_YEAST	GDH2 YDL215C D0892	1092	cytosol [GO:0005829]; mitochondrion [GO:0005739]
P33328	SNC2_YEAST	SNC2 YOR327C	115	cell periphery [GO:0071944]; cellular bud [GO:0005933]; cytosol [GO:0005829]; endosome [GO:0005768]; endosome membrane [GO:0010008]; Golgi membrane [GO:0000139]; plasma membrane [GO:0005886]; prospore membrane [GO:0005628]; SNARE complex [GO:0031201]; trans-Golgi network [GO:0005802]; transport vesicle membrane [GO:0030658]
P33329	PPZ2_YEAST	PPZ2 YDR436W D9461.22	710	cytoplasm [GO:0005737]; nucleus [GO:0005634]
P33330	SERC_YEAST	SER1 ADE9 SERC YOR184W	395	cytoplasm [GO:0005737]
P33332	SEC3_YEAST	SEC3 PSL1 YER008C	1336	cellular bud neck [GO:0005935]; cellular bud tip [GO:0005934]; cytoplasm [GO:0005737]; exocyst [GO:0000145]; incipient cellular bud site [GO:0000131]; mating projection tip [GO:0043332]; plasma membrane [GO:0005886]; prospore membrane [GO:0005628]
P33333	PLSC_YEAST	SLC1 YDL052C	303	endoplasmic reticulum [GO:0005783]; lipid droplet [GO:0005811]; membrane [GO:0016020]
P33334	PRP8_YEAST	PRP8 DBF3 DNA39 RNA8 SLT21 USA2 YHR165C	2413	catalytic step 2 spliceosome [GO:0071013]; cytoplasm [GO:0005737]; nucleus [GO:0005634]; Prp19 complex [GO:0000974]; spliceosomal complex [GO:0005681]; U4/U6 x U5 tri-snRNP complex [GO:0046540]; U5 snRNP [GO:0005682]
P33336	SKN1_YEAST	SKN1 YGR143W	771	endoplasmic reticulum membrane [GO:0005789]; membrane [GO:0016020]; plasma membrane [GO:0005886]
P33338	SLA2_YEAST	SLA2 END4 MOP2 UFG1 YNL243W N1102	968	actin cortical patch [GO:0030479]; cellular bud neck [GO:0005935]; cellular bud tip [GO:0005934]; clathrin-coated vesicle [GO:0030136]; cortical actin cytoskeleton [GO:0030864]; incipient cellular bud site [GO:0000131]; mating projection tip [GO:0043332]; plasma membrane [GO:0005886]
P33339	TFC4_YEAST	TFC4 PCF1 YGR047C	1025	cytoplasm [GO:0005737]; nucleoplasm [GO:0005654]; nucleus [GO:0005634]; transcription factor TFIIIC complex [GO:0000127]
P33399	LHP1_YEAST	LHP1 LAH1 YLA1 YDL051W	275	nucleolus [GO:0005730]; nucleoplasm [GO:0005654]; nucleus [GO:0005634]; ribonucleoprotein complex [GO:1990904]
P33400	PACC_YEAST	RIM101 RIM1 YHL027W	625	cytoplasm [GO:0005737]; nucleus [GO:0005634]
P33401	PGM1_YEAST	PGM1 YKL127W	570	cytoplasm [GO:0005737]; cytosol [GO:0005829]
P33413	DUR3_YEAST	DUR3 YHL016C	735	cell periphery [GO:0071944]; endoplasmic reticulum [GO:0005783]; plasma membrane [GO:0005886]
P33416	HSP78_YEAST	HSP78 YDR258C YD9320A.08C	811	cytoplasm [GO:0005737]; mitochondrial matrix [GO:0005759]; mitochondrion [GO:0005739]
P33417	IXR1_YEAST	IXR1 ORD1 YKL032C YKL245	597	chromatin [GO:0000785]; nucleus [GO:0005634]
P33418	XPOT_YEAST	LOS1 YKL205W	1100	cytoplasm [GO:0005737]; mitochondrion [GO:0005739]; nuclear matrix [GO:0016363]; nuclear pore [GO:0005643]
P33419	SPC29_YEAST	SPC29 LPH3 NIP29 YPL124W LPH3W	253	central plaque of mitotic spindle pole body [GO:0061493]; central plaque of spindle pole body [GO:0005823]; nucleus [GO:0005634]; spindle pole body [GO:0005816]
P33420	NIP80_YEAST	NIP100 NIP80 YPL174C	868	actin cytoskeleton [GO:0015629]; cell tip [GO:0051286]; cytoplasm [GO:0005737]; dynactin complex [GO:0005869]; dynein complex [GO:0030286]; microtubule [GO:0005874]; microtubule associated complex [GO:0005875]; spindle [GO:0005819]; spindle pole [GO:0000922]; spindle pole body [GO:0005816]
P33421	SDH3_YEAST	SDH3 CYB3 YKL141W YKL4	198	mitochondrial inner membrane [GO:0005743]; mitochondrion [GO:0005739]; respiratory chain complex II (succinate dehydrogenase) [GO:0045273]; TIM22 mitochondrial import inner membrane insertion complex [GO:0042721]
P33441	MFT1_YEAST	MFT1 YML062C	392	chromosome, telomeric region [GO:0000781]; nucleoplasmic THO complex [GO:0000446]; THO complex [GO:0000347]; THO complex part of transcription export complex [GO:0000445]; transcription export complex [GO:0000346]
P33442	RS3A1_YEAST	RPS1A PLC1 RPS10A YLR441C L9753.9	255	90S preribosome [GO:0030686]; cytosol [GO:0005829]; cytosolic small ribosomal subunit [GO:0022627]
P33448	TOM6_YEAST	TOM6 ISP6 YOR045W	61	mitochondrial outer membrane [GO:0005741]; mitochondrial outer membrane translocase complex [GO:0005742]; mitochondrion [GO:0005739]
P33734	HIS5_YEAST	HIS7 YBR248C YBR1640	552	cytoplasm [GO:0005737]
P33748	MSN2_YEAST	MSN2 YMR037C YM9532.02C	704	cytoplasm [GO:0005737]; cytosol [GO:0005829]; nucleus [GO:0005634]
P33749	MSN4_YEAST	MSN4 YKL062W	630	cytosol [GO:0005829]; nucleus [GO:0005634]
P33750	DCA13_YEAST	SOF1 YLL011W L1339	489	90S preribosome [GO:0030686]; nucleolus [GO:0005730]; nucleoplasm [GO:0005654]; small-subunit processome [GO:0032040]
P33751	PAD1_YEAST	PAD1 POF1 YDR538W	242	mitochondrion [GO:0005739]
P33753	TRM2_YEAST	TRM2 NUC2 NUD1 RNC1 YKR056W	639	
P33754	SEC66_YEAST	SEC66 HSS1 SEC71 YBR171W YBR1232	206	cell periphery [GO:0071944]; endoplasmic reticulum [GO:0005783]; endoplasmic reticulum membrane [GO:0005789]; rough endoplasmic reticulum membrane [GO:0030867]; Sec62/Sec63 complex [GO:0031207]; translocon complex [GO:0071256]
P33755	NPL4_YEAST	NPL4 HRD4 YBR170C YBR1231	580	Cdc48p-Npl4p-Vms1p AAA ATPase complex [GO:0036266]; cytoplasm [GO:0005737]; Doa10p ubiquitin ligase complex [GO:0000837]; Hrd1p ubiquitin ligase ERAD-L complex [GO:0000839]; nuclear membrane [GO:0031965]; nuclear outer membrane-endoplasmic reticulum membrane network [GO:0042175]; nucleus [GO:0005634]; perinuclear region of cytoplasm [GO:0048471]; replisome [GO:0030894]; RQC complex [GO:1990112]; VCP-NPL4-UFD1 AAA ATPase complex [GO:0034098]
P33759	RT05_YEAST	MRPS5 YBR251W YBR1704	307	mitochondrial inner membrane [GO:0005743]; mitochondrial small ribosomal subunit [GO:0005763]; mitochondrion [GO:0005739]
P33760	PEX6_YEAST	PEX6 PAS8 YNL329C N0310	1030	ATPase complex [GO:1904949]; cytosol [GO:0005829]; peroxisomal membrane [GO:0005778]; peroxisome [GO:0005777]
P33767	OSTB_YEAST	WBP1 YEL002C	430	endoplasmic reticulum [GO:0005783]; endoplasmic reticulum membrane [GO:0005789]; nuclear envelope [GO:0005635]; oligosaccharyltransferase complex [GO:0008250]
P33775	PMT1_YEAST	PMT1 YDL095W D2390	817	dolichyl-phosphate-mannose-protein mannosyltransferase Pmt1p-Pmt2p dimer complex [GO:0097582]; dolichyl-phosphate-mannose-protein mannosyltransferase Pmt1p-Pmt3p dimer complex [GO:0097583]; endoplasmic reticulum [GO:0005783]; endoplasmic reticulum membrane [GO:0005789]
P33891	TIP20_YEAST	TIP20 TIP1 YGL145W	701	cytosol [GO:0005829]; Dsl1/NZR complex [GO:0070939]; endoplasmic reticulum [GO:0005783]; endoplasmic reticulum membrane [GO:0005789]
P33892	GCN1_YEAST	GCN1 YGL195W G1318	2672	cytosol [GO:0005829]; cytosolic ribosome [GO:0022626]; mitochondrion [GO:0005739]
P33895	NUF2_YEAST	NUF2 YOL069W	451	condensed chromosome, centromeric region [GO:0000779]; kinetochore [GO:0000776]; Ndc80 complex [GO:0031262]; nucleus [GO:0005634]; outer kinetochore [GO:0000940]; spindle microtubule [GO:0005876]; spindle pole body [GO:0005816]
P34077	NIC96_YEAST	NIC96 YFR002W	839	nuclear envelope [GO:0005635]; nuclear membrane [GO:0031965]; nuclear pore [GO:0005643]; nuclear pore linkers [GO:0044612]; nuclear pore nuclear basket [GO:0044615]
P34078	LTV1_YEAST	LTV1 YKL143W YKL2	463	cytoplasm [GO:0005737]; cytosol [GO:0005829]; late endosome [GO:0005770]; late endosome membrane [GO:0031902]; nucleolus [GO:0005730]; nucleus [GO:0005634]; preribosome, small subunit precursor [GO:0030688]; Ragulator complex [GO:0071986]; small-subunit processome [GO:0032040]
P34087	RPB7_YEAST	RPB7 YDR404C D9509.22	171	cytoplasm [GO:0005737]; nucleus [GO:0005634]; P-body [GO:0000932]; RNA polymerase II, core complex [GO:0005665]; RPB4-RPB7 complex [GO:1990328]
P34110	VPS35_YEAST	VPS35 VPT7 YJL154C J0580	944	CROP complex [GO:0170071]; cytosol [GO:0005829]; endomembrane system [GO:0012505]; endosome [GO:0005768]; fungal-type vacuole membrane [GO:0000329]; late endosome [GO:0005770]; retromer complex [GO:0030904]; retromer, cargo-selective complex [GO:0030906]
P34111	TFC3_YEAST	TFC3 TSV115 YAL001C FUN24	1160	mitochondrion [GO:0005739]; nucleoplasm [GO:0005654]; nucleus [GO:0005634]; transcription factor TFIIIC complex [GO:0000127]
P34160	NCBP1_YEAST	STO1 CBC1 CBP80 GCR3 SUT1 YMR125W YM8564.07 YM9553.01	861	commitment complex [GO:0000243]; nuclear cap binding complex [GO:0005846]; nucleus [GO:0005634]; perinuclear region of cytoplasm [GO:0048471]
P34161	YOX1_YEAST	YOX1 YML027W	385	chromatin [GO:0000785]; cytoplasm [GO:0005737]; nucleus [GO:0005634]
P34162	MED20_YEAST	SRB2 HRS2 MED20 YHR041C	210	core mediator complex [GO:0070847]; mediator complex [GO:0016592]; nucleus [GO:0005634]
P34163	TGL1_YEAST	TGL1 YKL140W YKL5	548	lipid droplet [GO:0005811]; membrane [GO:0016020]
P34164	SIP2_YEAST	SIP2 SPM2 YGL208W G1155	415	cytoplasm [GO:0005737]; nucleotide-activated protein kinase complex [GO:0031588]; nucleus [GO:0005634]; plasma membrane [GO:0005886]
P34167	IF4B_YEAST	TIF3 STM1 TIF42 YPR163C P9325.6	436	cytoplasmic stress granule [GO:0010494]; nucleolus [GO:0005730]
P34216	EDE1_YEAST	EDE1 BUD15 YBL047C YBL0501 YBL0520	1381	actin cortical patch [GO:0030479]; cellular bud neck [GO:0005935]; cellular bud tip [GO:0005934]; cytoplasm [GO:0005737]; mating projection tip [GO:0043332]; plasma membrane [GO:0005886]
P34217	PIN4_YEAST	PIN4 MDT1 YBL051C YBL0506 YBL0516	668	cytoplasm [GO:0005737]; nucleus [GO:0005634]
P34218	SAS3_YEAST	SAS3 YBL052C YBL0507 YBL0515	831	chromatin [GO:0000785]; chromosome, telomeric region [GO:0000781]; NuA3 histone acetyltransferase complex [GO:0033100]; NuA3a histone acetyltransferase complex [GO:1990467]; NuA3b histone acetyltransferase complex [GO:1990468]; nucleus [GO:0005634]
P34219	TOD6_YEAST	TOD6 PBF1 YBL054W YBL0509 YBL0513	525	cytoplasm [GO:0005737]; nucleus [GO:0005634]; Rpd3L-Expanded complex [GO:0070210]
P34220	YBF5_YEAST	YBL055C YBL0511 YBL0512	418	cytoplasm [GO:0005737]
P34221	PP2C3_YEAST	PTC3 YBL056W YBL0511 YBL0513	468	cytoplasm [GO:0005737]; nucleus [GO:0005634]
P34223	UBX1_YEAST	SHP1 UBX1 YBL058W YBL0509 YBL0515	423	cytoplasm [GO:0005737]; cytosol [GO:0005829]; nucleus [GO:0005634]
P34225	YEL1_YEAST	YEL1 YBL060W YBL0507 YBL0517	687	cellular bud neck [GO:0005935]; cellular bud tip [GO:0005934]; cytoplasm [GO:0005737]; plasma membrane [GO:0005886]
P34226	SKT5_YEAST	SKT5 CAL2 CHS4 CSD4 YBL061C YBL0506 YBL0519	696	cellular bud neck [GO:0005935]; incipient cellular bud site [GO:0000131]; membrane [GO:0016020]; plasma membrane [GO:0005886]
P34227	PRX1_YEAST	PRX1 YBL064C YBL0503 YBL0524	261	cytosol [GO:0005829]; mitochondrion [GO:0005739]
P34230	PXA2_YEAST	PXA2 PAT1 YKL188C YKL741	853	ATP-binding cassette (ABC) transporter complex [GO:0043190]; peroxisomal membrane [GO:0005778]; peroxisome [GO:0005777]
P34233	ASH1_YEAST	ASH1 YKL185W	588	cellular bud [GO:0005933]; nucleus [GO:0005634]; Rpd3L complex [GO:0033698]; Rpd3L-Expanded complex [GO:0070210]
P34241	URB1_YEAST	URB1 NPA1 YKL014C	1764	nucleolus [GO:0005730]; nucleus [GO:0005634]
P34243	HCS1_YEAST	HCS1 DIP1 YKL017C	683	cytoplasm [GO:0005737]; DNA helicase A complex [GO:0033203]; nuclear replisome [GO:0043601]
P34244	HSL1_YEAST	HSL1 YKL101W YKL453	1518	cellular bud neck [GO:0005935]; cellular bud neck septin ring [GO:0000144]; cytoplasm [GO:0005737]; nucleus [GO:0005634]
P34247	UTP11_YEAST	UTP11 YKL099C YKL449	250	nucleolus [GO:0005730]; nucleoplasm [GO:0005654]; small-subunit processome [GO:0032040]; sno(s)RNA-containing ribonucleoprotein complex [GO:0005732]
P34252	SLD2_YEAST	SLD2 DRC1 YKL108W YKL463	453	cytoplasm [GO:0005737]; DNA replication preinitiation complex [GO:0031261]; nucleus [GO:0005634]
P34730	BMH2_YEAST	BMH2 YDR099W YD8557.08	273	cytoplasm [GO:0005737]; nucleus [GO:0005634]; plasma membrane [GO:0005886]
P34756	FAB1_YEAST	FAB1 SVL7 YFR019W	2278	endosome membrane [GO:0010008]; fungal-type vacuole membrane [GO:0000329]; mitochondrion [GO:0005739]; PAS complex [GO:0070772]
P34758	SCD5_YEAST	SCD5 FTB1 YOR329C	872	actin cortical patch [GO:0030479]; membrane [GO:0016020]; nucleus [GO:0005634]
P34760	TSA1_YEAST	TSA1 TPX1 TSA ZRG14 YML028W	196	cytoplasm [GO:0005737]; cytosol [GO:0005829]
P34761	WHI3_YEAST	WHI3 YNL197C N1382	661	cytoplasm [GO:0005737]; cytoplasmic stress granule [GO:0010494]; endoplasmic reticulum membrane [GO:0005789]; P-body [GO:0000932]
P34909	NOT4_YEAST	MOT2 CCL1 NOT4 SIG1 SSF1 YER068W	587	CCR4-NOT complex [GO:0030014]; CCR4-NOT core complex [GO:0030015]; cytoplasm [GO:0005737]; cytosolic ribosome [GO:0022626]; nucleus [GO:0005634]
P35056	PEX5_YEAST	PEX5 PAS10 YDR244W YD8419.11	612	cytosol [GO:0005829]; peroxisomal importomer complex [GO:1990429]; peroxisomal matrix [GO:0005782]; peroxisomal membrane [GO:0005778]; peroxisome [GO:0005777]
P35169	TOR1_YEAST	TOR1 DRR1 YJR066W J1803	2470	cytoplasm [GO:0005737]; endosome membrane [GO:0010008]; fungal-type vacuole membrane [GO:0000329]; Golgi membrane [GO:0000139]; nucleus [GO:0005634]; plasma membrane [GO:0005886]; TOR complex [GO:0038201]; TORC1 complex [GO:0031931]
P35176	CYPD_YEAST	CPR5 CYP5 CYPD YDR304C D9740.14	225	cytoplasm [GO:0005737]; endoplasmic reticulum [GO:0005783]; endoplasmic reticulum lumen [GO:0005788]
P35177	SPT7_YEAST	SPT7 YBR081C YBR0739	1332	mitochondrion [GO:0005739]; nucleus [GO:0005634]; SAGA complex [GO:0000124]; SLIK (SAGA-like) complex [GO:0046695]
P35179	SC61G_YEAST	SSS1 YDR086C D4475	80	endoplasmic reticulum [GO:0005783]; endoplasmic reticulum membrane [GO:0005789]; nuclear inner membrane [GO:0005637]; rough endoplasmic reticulum membrane [GO:0030867]; Sec61 translocon complex [GO:0005784]; Ssh1 translocon complex [GO:0071261]; translocon complex [GO:0071256]
P35180	TOM20_YEAST	TOM20 MAS20 MOM19 YGR082W	183	mitochondrial outer membrane [GO:0005741]; mitochondrial outer membrane translocase complex [GO:0005742]; mitochondrion [GO:0005739]
P35181	AP1S1_YEAST	APS1 YAP19 YLR170C L9470.16	156	AP-1 adaptor complex [GO:0030121]; cytosol [GO:0005829]; endosome [GO:0005768]; nucleus [GO:0005634]
P35182	PP2C1_YEAST	PTC1 TPD1 YDL006W D2925	281	cytoplasm [GO:0005737]; nucleus [GO:0005634]; peroxisome [GO:0005777]
P35184	SQT1_YEAST	SQT1 YIR012W YIB12W	431	cytoplasm [GO:0005737]; cytosol [GO:0005829]
P35187	SGS1_YEAST	SGS1 TPS1 YMR190C YM9646.02C	1447	chromosome [GO:0005694]; cytoplasm [GO:0005737]; nucleolus [GO:0005730]; nucleus [GO:0005634]; RecQ family helicase-topoisomerase III complex [GO:0031422]
P35189	TAF14_YEAST	TAF14 ANC1 CST10 SWP29 TAF30 TFG3 YPL129W	244	chromatin [GO:0000785]; Ino80 complex [GO:0031011]; mediator complex [GO:0016592]; NuA3 histone acetyltransferase complex [GO:0033100]; NuA3a histone acetyltransferase complex [GO:1990467]; NuA3b histone acetyltransferase complex [GO:1990468]; nucleus [GO:0005634]; SWI/SNF complex [GO:0016514]; transcription factor TFIID complex [GO:0005669]; transcription factor TFIIF complex [GO:0005674]
P35191	MDJ1_YEAST	MDJ1 YFL016C	511	cytoplasm [GO:0005737]; mitochondrial matrix [GO:0005759]; mitochondrion [GO:0005739]
P35192	MAC1_YEAST	MAC1 CUA1 YMR021C YM9711.11C	417	nucleus [GO:0005634]
P35193	ATG19_YEAST	ATG19 CVT19 YOL082W O0980 YOL01	415	Cvt complex [GO:0034270]; cytoplasm [GO:0005737]; cytosol [GO:0005829]; phagophore assembly site [GO:0000407]; phagophore assembly site membrane [GO:0034045]
P35194	UTP20_YEAST	UTP20 YBL004W YBL0101	2493	90S preribosome [GO:0030686]; cytoplasm [GO:0005737]; nucleolus [GO:0005730]; nucleoplasm [GO:0005654]; preribosome, small subunit precursor [GO:0030688]; small-subunit processome [GO:0032040]
P35196	RER2_YEAST	RER2 YBR002C YBR0107	286	dehydrodolichyl diphosphate synthase complex [GO:1904423]; endoplasmic reticulum [GO:0005783]; endoplasmic reticulum membrane [GO:0005789]; lipid droplet [GO:0005811]; membrane [GO:0016020]
P35197	GCS1_YEAST	GCS1 YDL226C	352	cytoskeleton [GO:0005856]; cytosol [GO:0005829]; endosome [GO:0005768]; Golgi membrane [GO:0000139]; mitochondrion [GO:0005739]; perinuclear region of cytoplasm [GO:0048471]; trans-Golgi network [GO:0005802]
P35200	UPS2_YEAST	UPS2 AIM30 GEP1 MSF1 YLR168C L9470.15	230	mitochondrial inner membrane [GO:0005743]; mitochondrial intermembrane space [GO:0005758]; mitochondrion [GO:0005739]
P35201	CENPC_YEAST	MIF2 YKL089W	549	condensed chromosome, centromeric region [GO:0000779]; kinetochore [GO:0000776]; nucleus [GO:0005634]
P35203	CBF3C_YEAST	CTF13 CBF3C YMR094W YM6543.01 YM9582.19	478	CBF3 complex [GO:0031518]; kinetochore [GO:0000776]
P35206	CSG2_YEAST	CSG2 CLS2 YBR036C YBR0404	410	endoplasmic reticulum [GO:0005783]; endoplasmic reticulum membrane [GO:0005789]; fungal-type vacuole [GO:0000324]; Golgi apparatus [GO:0005794]; mannosyltransferase complex [GO:0031501]
P35207	SKI2_YEAST	SKI2 YLR398C L8084.17	1287	cytoplasm [GO:0005737]; Ski complex [GO:0055087]
P35208	SPT10_YEAST	SPT10 CRE1 SUD1 YJL127C J0702	640	chromosome, telomeric region [GO:0000781]; nucleus [GO:0005634]
P35688	LRG1_YEAST	LRG1 YDL240W	1017	cellular bud neck [GO:0005935]; cellular bud tip [GO:0005934]; cytoplasm [GO:0005737]; incipient cellular bud site [GO:0000131]; mating projection tip [GO:0043332]; mitochondrion [GO:0005739]; site of polarized growth [GO:0030427]
P35691	TCTP_YEAST	TMA19 MMI1 YKL056C YKL312	167	cytoplasm [GO:0005737]; cytoplasmic stress granule [GO:0010494]; cytosol [GO:0005829]; microtubule [GO:0005874]; mitochondrion [GO:0005739]
P35718	RPC8_YEAST	RPC25 YKL144C UNF1 YKL1	212	nucleoplasm [GO:0005654]; nucleus [GO:0005634]; RNA polymerase III complex [GO:0005666]
P35728	MPE1_YEAST	MPE1 YKL059C YKL316	441	cytosol [GO:0005829]; mRNA cleavage and polyadenylation specificity factor complex [GO:0005847]; nucleus [GO:0005634]
P35729	NU120_YEAST	NUP120 RAT2 YKL057C YKL313 YKL314	1037	chromosome, telomeric region [GO:0000781]; nuclear envelope [GO:0005635]; nuclear membrane [GO:0031965]; nuclear pore [GO:0005643]; nuclear pore outer ring [GO:0031080]
P35732	DEF1_YEAST	DEF1 RIP1 VID31 YKL054C YKL308	738	chromatin [GO:0000785]; chromosome, telomeric region [GO:0000781]; cytoplasm [GO:0005737]; nucleus [GO:0005634]
P35734	ASK1_YEAST	ASK1 YKL052C YKL306	292	DASH complex [GO:0042729]; microtubule [GO:0005874]; mitotic spindle [GO:0072686]; mitotic spindle pole body [GO:0044732]
P35817	BDF1_YEAST	BDF1 YLR399C L8084.18	686	chromatin [GO:0000785]; nucleus [GO:0005634]; Swr1 complex [GO:0000812]
P35843	HES1_YEAST	HES1 OSH5 YOR237W O5234	434	cellular bud neck [GO:0005935]; cytosol [GO:0005829]; fungal-type vacuole membrane [GO:0000329]; membrane [GO:0016020]
P35844	KES1_YEAST	KES1 BSR3 OSH4 YPL145C LPI3C P2614	434	cytoplasm [GO:0005737]; cytosol [GO:0005829]; Golgi membrane [GO:0000139]; membrane [GO:0016020]
P35845	OSH1_YEAST	SWH1 OSH1 YAR042W YAR044W	1188	cytosol [GO:0005829]; early endosome [GO:0005769]; endoplasmic reticulum [GO:0005783]; endoplasmic reticulum membrane [GO:0005789]; Golgi membrane [GO:0000139]; Golgi trans cisterna [GO:0000138]; nuclear envelope [GO:0005635]; nuclear outer membrane [GO:0005640]; nucleus-vacuole junction [GO:0071561]; perinuclear endoplasmic reticulum [GO:0097038]; plasma membrane [GO:0005886]; vacuolar membrane [GO:0005774]
P35997	RS27A_YEAST	RPS27A YKL156W	82	cytoplasm [GO:0005737]; cytosol [GO:0005829]; cytosolic small ribosomal subunit [GO:0022627]
P35999	PMIP_YEAST	OCT1 MIP1 YKL134C	772	mitochondrial matrix [GO:0005759]; mitochondrion [GO:0005739]
P36000	AP1B1_YEAST	APL2 YKL135C	726	AP-1 adaptor complex [GO:0030121]; clathrin-coated pit [GO:0005905]; cytosol [GO:0005829]; plasma membrane [GO:0005886]
P36003	NNK1_YEAST	NNK1 YKL171W YKL635	928	cytoplasm [GO:0005737]; nucleus [GO:0005634]
P36005	KDX1_YEAST	KDX1 MLP1 YKL161C YKL615	433	cyclin-dependent protein kinase holoenzyme complex [GO:0000307]; cytoplasm [GO:0005737]; nucleus [GO:0005634]
P36006	MYO3_YEAST	MYO3 YKL129C	1272	actin cortical patch [GO:0030479]; actin cytoskeleton [GO:0015629]; cell periphery [GO:0071944]; cell tip [GO:0051286]; cytoplasm [GO:0005737]; microvillus [GO:0005902]; myosin I complex [GO:0045160]; plasma membrane [GO:0005886]
P36007	LTHAD_YEAST	SRY1 YKL218C	326	
P36008	EF1G2_YEAST	TEF4 EFC1 YKL081W	412	cytoplasm [GO:0005737]; cytoplasmic stress granule [GO:0010494]; eukaryotic translation elongation factor 1 complex [GO:0005853]; mitochondrion [GO:0005739]; nucleus [GO:0005634]; ribosome [GO:0005840]
P36009	DHR2_YEAST	DHR2 YKL078W YKL408	735	nucleolus [GO:0005730]; nucleoplasm [GO:0005654]; small-subunit processome [GO:0032040]
P36010	NDK_YEAST	YNK1 NDK1 YNK YKL067W YKL333	153	cytosol [GO:0005829]; mitochondrial intermembrane space [GO:0005758]; mitochondrion [GO:0005739]
P36012	CENPA_YEAST	CSE4 CSL2 YKL049C YKL262	229	2-micrometer circle DNA [GO:0005729]; CENP-A containing nucleosome [GO:0043505]; condensed chromosome, centromeric region [GO:0000779]; kinetochore [GO:0000776]; nucleus [GO:0005634]; peroxisome [GO:0005777]
P36014	GPX1_YEAST	GPX1 YKL026C	167	cytosol [GO:0005829]; mitochondrial outer membrane [GO:0005741]; peroxisomal matrix [GO:0005782]
P36015	YKT6_YEAST	YKT6 YKL196C	200	autophagosome membrane [GO:0000421]; cis-Golgi network membrane [GO:0033106]; cytosol [GO:0005829]; endoplasmic reticulum membrane [GO:0005789]; endosome [GO:0005768]; endosome membrane [GO:0010008]; fungal-type vacuole [GO:0000324]; fungal-type vacuole membrane [GO:0000329]; Golgi apparatus [GO:0005794]; Golgi cis cisterna membrane [GO:1990674]; Golgi membrane [GO:0000139]; membrane [GO:0016020]; mitochondrion [GO:0005739]; plasma membrane [GO:0005886]; SNARE complex [GO:0031201]; vacuolar membrane [GO:0005774]
P36016	LHS1_YEAST	LHS1 YKL073W YKL355	881	endoplasmic reticulum [GO:0005783]; endoplasmic reticulum chaperone complex [GO:0034663]; endoplasmic reticulum lumen [GO:0005788]
P36017	VPS21_YEAST	VPS21 VPS12 VPT12 YPT21 YPT51 YOR089C YOR3154C	210	cytosol [GO:0005829]; early endosome [GO:0005769]; endocytic vesicle [GO:0030139]; endomembrane system [GO:0012505]; endosome membrane [GO:0010008]; late endosome [GO:0005770]; mitochondrial outer membrane [GO:0005741]; mitochondrion [GO:0005739]; plasma membrane [GO:0005886]
P36018	YPT52_YEAST	YPT52 YKR014C YK112	234	cytosol [GO:0005829]; endomembrane system [GO:0012505]; endoplasmic reticulum [GO:0005783]; fungal-type vacuole membrane [GO:0000329]; late endosome [GO:0005770]; plasma membrane [GO:0005886]
P36019	YPT53_YEAST	YPT53 YNL093W N2223	220	cytosol [GO:0005829]; early endosome [GO:0005769]; endocytic vesicle [GO:0030139]; endomembrane system [GO:0012505]; late endosome [GO:0005770]; plasma membrane [GO:0005886]
P36022	DYHC_YEAST	DYN1 DHC1 YKR054C	4092	astral microtubule [GO:0000235]; cell cortex [GO:0005938]; cytoplasm [GO:0005737]; cytoplasmic dynein complex [GO:0005868]; cytoplasmic microtubule [GO:0005881]; spindle pole body [GO:0005816]
P36024	SIS2_YEAST	SIS2 HAL3 YKR072C	562	chromatin [GO:0000785]; CoA-synthesizing protein complex [GO:1990143]; nucleus [GO:0005634]; phosphopantothenoylcysteine decarboxylase complex [GO:0071513]
P36027	MID2_YEAST	MID2 KAI1 SMS1 YLR332W L8543.19	376	fungal-type vacuole [GO:0000324]; mating projection tip [GO:0043332]; plasma membrane [GO:0005886]
P36033	FRE2_YEAST	FRE2 YKL220C	711	fungal-type vacuole [GO:0000324]; plasma membrane [GO:0005886]
P36035	JEN1_YEAST	JEN1 YKL217W	616	cell periphery [GO:0071944]; fungal-type vacuole [GO:0000324]; mitochondrion [GO:0005739]; plasma membrane [GO:0005886]
P36037	DOA1_YEAST	DOA1 UFD3 ZZZ4 YKL213C	715	cytoplasm [GO:0005737]; cytoplasmic side of mitochondrial outer membrane [GO:0032473]; endosome membrane [GO:0010008]; nucleus [GO:0005634]
P36041	EAP1_YEAST	EAP1 YKL204W	632	cytoplasmic stress granule [GO:0010494]
P36044	MNN4_YEAST	MNN4 YKL201C YKL200C	1178	Golgi apparatus [GO:0005794]; Golgi membrane [GO:0000139]
P36046	MIA40_YEAST	MIA40 TIM40 YKL195W	403	mitochondrial inner membrane [GO:0005743]; mitochondrial intermembrane space [GO:0005758]; mitochondrion [GO:0005739]
P36047	SDS22_YEAST	SDS22 EGP1 YKL193C	338	cytoplasm [GO:0005737]; nucleus [GO:0005634]; protein phosphatase type 1 complex [GO:0000164]
P36048	SN114_YEAST	SNU114 GIN10 YKL173W YKL637	1008	cytoplasm [GO:0005737]; cytosol [GO:0005829]; nucleus [GO:0005634]; Prp19 complex [GO:0000974]; spliceosomal complex [GO:0005681]; U2-type catalytic step 2 spliceosome [GO:0071007]; U4/U6 x U5 tri-snRNP complex [GO:0046540]; U5 snRNP [GO:0005682]
P36049	EBP2_YEAST	EBP2 YKL172W YKL636	427	nuclear periphery [GO:0034399]; nucleolus [GO:0005730]; preribosome, large subunit precursor [GO:0030687]
P36051	MCD4_YEAST	MCD4 FSR2 SSU21 ZRG16 YKL165C YKL619	919	endoplasmic reticulum [GO:0005783]; endoplasmic reticulum membrane [GO:0005789]; fungal-type cell wall [GO:0009277]; fungal-type vacuole [GO:0000324]; Golgi membrane [GO:0000139]; vacuolar membrane [GO:0005774]
P36056	RT22_YEAST	RSM22 YKL155C YKL610	628	mitochondrial small ribosomal subunit [GO:0005763]; mitochondrion [GO:0005739]
P36057	SRPB_YEAST	SRP102 YKL154W YKL609	244	endoplasmic reticulum membrane [GO:0005789]; membrane [GO:0016020]; signal recognition particle receptor complex [GO:0005785]
P36060	MCR1_YEAST	MCR1 YKL150W YKL605	302	mitochondrial intermembrane space [GO:0005758]; mitochondrial outer membrane [GO:0005741]; mitochondrion [GO:0005739]
P36068	SHE2_YEAST	SHE2 YKL130C	246	cellular bud tip [GO:0005934]; cytoplasm [GO:0005737]; cytosol [GO:0005829]; nucleus [GO:0005634]
P36075	CUE2_YEAST	CUE2 YKL090W	443	cytosolic ribosome [GO:0022626]
P36076	CAB3_YEAST	CAB3 YKL088W	571	CoA-synthesizing protein complex [GO:1990143]; cytoplasm [GO:0005737]; phosphopantothenoylcysteine decarboxylase complex [GO:0071513]
P36077	SRX1_YEAST	SRX1 YKL086W	127	cytoplasm [GO:0005737]; nucleus [GO:0005634]
P36080	RRP14_YEAST	RRP14 YKL082C	434	nucleolus [GO:0005730]
P36081	PSG1_YEAST	PSG1 YKL077W	392	COPI-coated vesicle membrane [GO:0030663]; endoplasmic reticulum [GO:0005783]; Golgi apparatus [GO:0005794]; Golgi lumen [GO:0005796]
P36084	MUD2_YEAST	MUD2 YKL074C YKL358	527	commitment complex [GO:0000243]; nuclear speck [GO:0016607]; nucleus [GO:0005634]; U2-type prespliceosome [GO:0071004]; U2AF complex [GO:0089701]
P36088	FRMSR_YEAST	YKL069W YKL340	180	cytoplasm [GO:0005737]; cytosol [GO:0005829]; nucleus [GO:0005634]
P36091	DCW1_YEAST	DCW1 YKL046C YKL259	449	cellular bud [GO:0005933]; endoplasmic reticulum [GO:0005783]; plasma membrane [GO:0005886]; side of membrane [GO:0098552]
P36094	SPC42_YEAST	SPC42 YKL042W YKL255	363	central plaque of spindle pole body [GO:0005823]; intermediate layer of spindle pole body [GO:0005821]; nucleus [GO:0005634]
P36095	VPS24_YEAST	VPS24 DID3 YKL041W YKL254	224	cytoplasm [GO:0005737]; cytosol [GO:0005829]; ESCRT III complex [GO:0000815]; multivesicular body [GO:0005771]
P36096	TUL1_YEAST	TUL1 YKL034W YKL247	758	Dsc E3 ubiquitin ligase complex [GO:0044695]; endomembrane system [GO:0012505]; fungal-type vacuole [GO:0000324]; Golgi apparatus [GO:0005794]; Golgi membrane [GO:0000139]
P36100	T2EA_YEAST	TFA1 YKL028W	482	mitochondrion [GO:0005739]; nucleus [GO:0005634]; transcription factor TFIIE complex [GO:0005673]; transcription preinitiation complex [GO:0097550]
P36102	PAN3_YEAST	PAN3 ECM35 YKL025C	679	cytoplasm [GO:0005737]; P-body [GO:0000932]; PAN complex [GO:0031251]
P36104	SWD2_YEAST	SWD2 CPS35 SAF37 YKL018W	329	chromosome, telomeric region [GO:0000781]; mRNA cleavage and polyadenylation specificity factor complex [GO:0005847]; nucleus [GO:0005634]; Set1C/COMPASS complex [GO:0048188]
P36105	RL14A_YEAST	RPL14A YKL006W YKL153	138	cytosol [GO:0005829]; cytosolic large ribosomal subunit [GO:0022625]; nucleolus [GO:0005730]
P36107	AUR1_YEAST	AUR1 YKL004W	401	endoplasmic reticulum [GO:0005783]; Golgi apparatus [GO:0005794]; Golgi cisterna membrane [GO:0032580]; inositol phosphoceramide synthase complex [GO:0070916]
P36108	DID4_YEAST	DID4 CHM2 GRD7 REN1 VPL2 VPS2 VPT14 YKL002W	232	cytoplasm [GO:0005737]; ESCRT III complex [GO:0000815]; multivesicular body [GO:0005771]
P36112	MIC60_YEAST	MIC60 AIM28 FCJ1 FMP13 YKR016W	540	MICOS complex [GO:0061617]; mitochondrial crista [GO:0030061]; mitochondrial crista junction [GO:0044284]; mitochondrial inner membrane [GO:0005743]; mitochondrion [GO:0005739]
P36113	HEL1_YEAST	HEL1 YKR017C	551	cytoplasm [GO:0005737]; ubiquitin ligase complex [GO:0000151]
P36116	VPS51_YEAST	VPS51 API3 VPS67 WHI6 YKR020W	164	cytosol [GO:0005829]; endosome membrane [GO:0010008]; GARP complex [GO:0000938]; Golgi apparatus [GO:0005794]
P36117	ALY1_YEAST	ALY1 ART6 YKR021W	915	cytoplasm [GO:0005737]; cytosol [GO:0005829]; early endosome [GO:0005769]; late endosome [GO:0005770]
P36118	NTR2_YEAST	NTR2 YKR022C	322	cytoplasm [GO:0005737]; endoplasmic reticulum [GO:0005783]; nucleus [GO:0005634]; spliceosomal complex [GO:0005681]; U2-type post-mRNA release spliceosomal complex [GO:0071008]
P36119	RQT4_YEAST	RQT4 YKR023W	530	cytoplasm [GO:0005737]; cytosolic ribosome [GO:0022626]; mitochondrion [GO:0005739]; nucleus [GO:0005634]; RQC-trigger complex [GO:0180022]
P36120	DBP7_YEAST	DBP7 YKR024C	742	nucleolus [GO:0005730]; nucleus [GO:0005634]
P36121	RPC5_YEAST	RPC37 YKR025W	282	nucleus [GO:0005634]; RNA polymerase III complex [GO:0005666]
P36122	BCH2_YEAST	BCH2 FMP50 YKR027W	765	exomer complex [GO:0034044]; mitochondrion [GO:0005739]; trans-Golgi network transport vesicle [GO:0030140]
P36123	SA190_YEAST	SAP190 YKR028W	1033	cytosol [GO:0005829]; nucleus [GO:0005634]; protein serine/threonine phosphatase complex [GO:0008287]
P36124	SET3_YEAST	SET3 YKR029C	751	nucleus [GO:0005634]; Rpd3L-Expanded complex [GO:0070210]; Set3 complex [GO:0034967]
P36126	SPO14_YEAST	SPO14 PLD1 YKR031C	1683	endosome [GO:0005768]; nucleus [GO:0005634]; prospore membrane [GO:0005628]
P36130	CAF4_YEAST	CAF4 YKR036C	643	CCR4-NOT complex [GO:0030014]; mitochondrial outer membrane [GO:0005741]; mitochondrion [GO:0005739]
P36131	SPC34_YEAST	SPC34 YKR037C	295	DASH complex [GO:0042729]; mitotic spindle [GO:0072686]; spindle microtubule [GO:0005876]
P36132	KAE1_YEAST	KAE1 YKR038C	386	chromatin [GO:0000785]; cytoplasm [GO:0005737]; EKC/KEOPS complex [GO:0000408]; nucleoplasm [GO:0005654]; nucleus [GO:0005634]
P36135	UTH1_YEAST	UTH1 YKR042W	365	cell surface [GO:0009986]; fungal-type cell wall [GO:0009277]; mitochondrial inner membrane [GO:0005743]; mitochondrial outer membrane [GO:0005741]
P36136	SHB17_YEAST	SHB17 YKR043C	271	cytoplasm [GO:0005737]; nucleus [GO:0005634]
P36142	HFL1_YEAST	HFL1 YKR051W	418	endoplasmic reticulum [GO:0005783]; membrane [GO:0016020]; vacuolar membrane [GO:0005774]
P36143	GLG1_YEAST	GLG1 YKR058W	616	cytoplasm [GO:0005737]; vacuole [GO:0005773]
P36146	LAS1_YEAST	LAS1 YKR063C	502	cytoplasm [GO:0005737]; Las1 complex [GO:0090730]; mitochondrion [GO:0005739]; nucleolus [GO:0005730]; nucleus [GO:0005634]; preribosome, large subunit precursor [GO:0030687]
P36148	GPT2_YEAST	GPT2 GAT1 YKR067W	743	cytoplasm [GO:0005737]; endoplasmic reticulum [GO:0005783]; endoplasmic reticulum membrane [GO:0005789]; lipid droplet [GO:0005811]
P36149	BET3_YEAST	BET3 YKR068C	193	cis-Golgi network membrane [GO:0033106]; cytosol [GO:0005829]; endoplasmic reticulum [GO:0005783]; phagophore assembly site [GO:0000407]; TRAPP complex [GO:0030008]; TRAPPI protein complex [GO:1990070]; TRAPPII protein complex [GO:1990071]; TRAPPIII protein complex [GO:1990072]
P36152	DRE2_YEAST	DRE2 YKR071C	348	cytoplasm [GO:0005737]; cytosol [GO:0005829]; cytosolic [4Fe-4S] assembly targeting complex [GO:0097361]; mitochondrial intermembrane space [GO:0005758]
P36156	GSTO2_YEAST	ECM4 GTO2 YKR076W	370	cytoplasm [GO:0005737]
P36160	RPF2_YEAST	RPF2 YKR081C YKR401	344	nucleolus [GO:0005730]; preribosome, large subunit precursor [GO:0030687]
P36161	NU133_YEAST	NUP133 RAT3 YKR082W YKR402	1157	chromosome, telomeric region [GO:0000781]; cytosol [GO:0005829]; nuclear envelope [GO:0005635]; nuclear membrane [GO:0031965]; nuclear pore [GO:0005643]; nuclear pore outer ring [GO:0031080]; nucleus [GO:0005634]
P36162	DAD2_YEAST	DAD2 HSK1 YKR083C YKR403	133	DASH complex [GO:0042729]; microtubule [GO:0005874]; mitotic spindle [GO:0072686]; mitotic spindle midzone [GO:1990023]; mitotic spindle pole body [GO:0044732]
P36163	OMA1_YEAST	OMA1 YKR087C YKR407	345	mitochondrial inner membrane [GO:0005743]; mitochondrion [GO:0005739]
P36165	TGL4_YEAST	TGL4 STC1 YKR089C YKR409	910	lipid droplet [GO:0005811]
P36170	FLO10_YEAST	FLO10 YKR102W	1169	cell periphery [GO:0071944]; fungal-type cell wall [GO:0009277]; side of membrane [GO:0098552]
P36421	SYYC_YEAST	TYS1 MGM104 YGR185C G7522	394	cytoplasm [GO:0005737]; cytoplasmic stress granule [GO:0010494]; nucleus [GO:0005634]
P36516	RM03_YEAST	MRPL3 YMR024W YM9711.14	390	mitochondrial inner membrane [GO:0005743]; mitochondrial large ribosomal subunit [GO:0005762]; mitochondrion [GO:0005739]
P36517	RM04_YEAST	MRPL4 YLR439W L9753.1	319	mitochondrial inner membrane [GO:0005743]; mitochondrial large ribosomal subunit [GO:0005762]; mitochondrion [GO:0005739]
P36520	RM10_YEAST	MRPL10 MRPL18 YNL284C N0580	322	mitochondrial inner membrane [GO:0005743]; mitochondrial large ribosomal subunit [GO:0005762]; mitochondrion [GO:0005739]
P36525	RM24_YEAST	MRPL24 MRPL14 YMR193W YM9646.05	258	mitochondrial inner membrane [GO:0005743]; mitochondrial large ribosomal subunit [GO:0005762]; mitochondrion [GO:0005739]
P36528	RM17_YEAST	MRPL17 MRPL30 YNL252C N0864	281	mitochondrial inner membrane [GO:0005743]; mitochondrial large ribosomal subunit [GO:0005762]; mitochondrion [GO:0005739]
P36531	RM36_YEAST	MRPL36 YBR122C YBR0918	177	mitochondrial inner membrane [GO:0005743]; mitochondrial large ribosomal subunit [GO:0005762]; mitochondrion [GO:0005739]
P36775	LONM_YEAST	PIM1 LON YBL022C YBL0440	1133	mitochondrial matrix [GO:0005759]; mitochondrion [GO:0005739]
P37012	PGM2_YEAST	PGM2 GA-5 GAL5 YMR105C YM9718.04C	569	cytoplasm [GO:0005737]; cytosol [GO:0005829]
P37020	GEF1_YEAST	GEF1 CLCY1 YJR040W J1616	779	chloride channel complex [GO:0034707]; early endosome [GO:0005769]; endoplasmic reticulum [GO:0005783]; endosome [GO:0005768]; endosome membrane [GO:0010008]; fungal-type vacuole [GO:0000324]; Golgi apparatus [GO:0005794]; Golgi medial cisterna [GO:0005797]; Golgi membrane [GO:0000139]; plasma membrane [GO:0005886]
P37291	GLYC_YEAST	SHM2 SHMT2 YLR058C L2156	469	cytoplasm [GO:0005737]; mating projection tip [GO:0043332]; mitochondrion [GO:0005739]; plasma membrane [GO:0005886]
P37292	GLYM_YEAST	SHM1 SHMT1 YBR263W YBR1732	490	mitochondrion [GO:0005739]
P37296	VPP2_YEAST	STV1 YMR054W YM9796.07	890	endosome membrane [GO:0010008]; fungal-type vacuole membrane [GO:0000329]; Golgi apparatus [GO:0005794]; Golgi membrane [GO:0000139]; late endosome [GO:0005770]; proton-transporting V-type ATPase complex [GO:0033176]; vacuolar proton-transporting V-type ATPase complex [GO:0016471]; vacuolar proton-transporting V-type ATPase, V0 domain [GO:0000220]
P37297	STT4_YEAST	STT4 YLR305C L2142.4	1900	cytoplasm [GO:0005737]; mitochondrion [GO:0005739]; plasma membrane [GO:0005886]
P37298	DHSD_YEAST	SDH4 ACN18 YDR178W YD9395.11	181	mitochondrial inner membrane [GO:0005743]; mitochondrion [GO:0005739]; respiratory chain complex II (succinate dehydrogenase) [GO:0045273]
P37299	QCR10_YEAST	QCR10 YHR001W-A YHR001BW	77	mitochondrial inner membrane [GO:0005743]; mitochondrion [GO:0005739]; respiratory chain complex III [GO:0045275]
P37303	GLY1_YEAST	GLY1 YEL046C SYGP-ORF34	387	cytosol [GO:0005829]
P37366	CCL1_YEAST	CCL1 YPR025C YP9367.05C	393	mitochondrion [GO:0005739]; nucleus [GO:0005634]; transcription factor TFIIH holo complex [GO:0005675]; transcription factor TFIIK complex [GO:0070985]
P37370	VRP1_YEAST	VRP1 END5 MDP2 YLR337C L8300.13	817	actin cortical patch [GO:0030479]; cellular bud neck [GO:0005935]; incipient cellular bud site [GO:0000131]; mating projection tip [GO:0043332]
P37838	NOP4_YEAST	NOP4 NOP77 YPL043W	685	nucleolus [GO:0005730]; nucleus [GO:0005634]
P37898	AAP1_YEAST	AAP1 YHR047C	856	cytoplasm [GO:0005737]; extracellular region [GO:0005576]; nucleus [GO:0005634]
P38009	PUR92_YEAST	ADE17 YMR120C YM8564.02C	592	cytosol [GO:0005829]; plasma membrane [GO:0005886]
P38011	GBLP_YEAST	ASC1 CPC2 YMR116C YM9718.15C	319	cytoplasm [GO:0005737]; cytosol [GO:0005829]; cytosolic small ribosomal subunit [GO:0022627]; nucleus [GO:0005634]
P38013	AHP1_YEAST	AHP1 YLR109W L2916 L9354.5	176	cytoplasm [GO:0005737]; cytosol [GO:0005829]; mitochondrion [GO:0005739]; peroxisome [GO:0005777]; plasma membrane [GO:0005886]
P38041	BOI1_YEAST	BOI1 BOB1 GIN7 YBL085W YBL0717	980	cellular bud [GO:0005933]; cellular bud neck [GO:0005935]; cytoplasm [GO:0005737]; cytosol [GO:0005829]; early endosome [GO:0005769]; mating projection tip [GO:0043332]; plasma membrane [GO:0005886]; recycling endosome [GO:0055037]; site of polarized growth [GO:0030427]; trans-Golgi network [GO:0005802]
P38042	CDC27_YEAST	CDC27 APC3 SNB1 YBL084C YBL0718	758	anaphase-promoting complex [GO:0005680]; cytoplasm [GO:0005737]; nuclear periphery [GO:0034399]
P38063	KPR4_YEAST	PRS4 PRPS4 YBL068W YBL0619	326	cytoplasm [GO:0005737]; ribose phosphate diphosphokinase complex [GO:0002189]
P38067	SSDH_YEAST	UGA2 UGA5 YBR006W YBR0112	497	cytoplasm [GO:0005737]
P38069	MNN2_YEAST	MNN2 CRV4 LDB8 TTP1 YBR015C YBR0220	597	Golgi apparatus [GO:0005794]; Golgi membrane [GO:0000139]
P38070	YPK3_YEAST	YPK3 YBR028C YBR0312	525	cytoplasm [GO:0005737]; nucleoplasm [GO:0005654]
P38071	ETR1_YEAST	ETR1 MRF1 MRF1' YBR026C YBR0310	380	mitochondrial matrix [GO:0005759]; mitochondrion [GO:0005739]
P38074	ANM1_YEAST	HMT1 ODP1 RMT1 YBR034C YBR0320	348	nucleus [GO:0005634]
P38075	PDX3_YEAST	PDX3 YBR035C YBR0321	228	mitochondrial intermembrane space [GO:0005758]
P38077	ATPG_YEAST	ATP3 ATP3a ATP3b YBR039W YBR0408	311	mitochondrial inner membrane [GO:0005743]; mitochondrion [GO:0005739]; proton-transporting ATP synthase complex [GO:0045259]
P38080	AKL1_YEAST	AKL1 YBR059C YBR0519	1108	cell periphery [GO:0071944]; cellular bud neck [GO:0005935]; cytoplasm [GO:0005737]; prospore membrane [GO:0005628]
P38084	BAP2_YEAST	BAP2 YBR068C YBR0629	609	endoplasmic reticulum [GO:0005783]; membrane [GO:0016020]; plasma membrane [GO:0005886]
P38085	TAT1_YEAST	TAT1 TAP1 VAP1 YBR069C YBR0710	619	cell periphery [GO:0071944]; endoplasmic reticulum [GO:0005783]; membrane [GO:0016020]; plasma membrane [GO:0005886]
P38086	RDH54_YEAST	RDH54 TID1 YBR073W YBR0715	958	nucleus [GO:0005634]
P38088	SYG_YEAST	GRS1 YBR121C YBR0917	690	cytoplasm [GO:0005737]; mitochondrial matrix [GO:0005759]; mitochondrion [GO:0005739]
P38109	ATG42_YEAST	ATG42 YBR139W YBR1015	508	fungal-type vacuole [GO:0000324]; fungal-type vacuole lumen [GO:0000328]; vacuolar lumen [GO:0005775]
P38110	ATM_YEAST	TEL1 YBL088C YBL0706	2787	chromosome [GO:0005694]; chromosome, telomeric region [GO:0000781]; mitochondrion [GO:0005739]; nucleus [GO:0005634]
P38111	ATR_YEAST	MEC1 ESR1 SAD3 YBR136W YBR1012	2368	ATR-ATRIP complex [GO:0070310]; chromosome [GO:0005694]; mitochondrion [GO:0005739]; nucleus [GO:0005634]
P38112	MAK5_YEAST	MAK5 YBR142W YBR1119	773	nucleolus [GO:0005730]
P38115	ARA1_YEAST	ARA1 YBR149W YBR1127	344	cytosol [GO:0005829]
P38116	ARL1_YEAST	ARL1 ARF3 YBR164C YBR1216	183	cytoplasm [GO:0005737]; cytosol [GO:0005829]; endosome membrane [GO:0010008]; Golgi apparatus [GO:0005794]; phagophore assembly site [GO:0000407]; trans-Golgi network [GO:0005802]
P38121	DPOA2_YEAST	POL12 YBL035C YBL0414	705	alpha DNA polymerase:primase complex [GO:0005658]; nuclear envelope [GO:0005635]; nucleus [GO:0005634]
P38123	SWD3_YEAST	SWD3 CPS30 SAF35 YBR175W YBR1237	315	chromosome, telomeric region [GO:0000781]; nucleus [GO:0005634]; Set1C/COMPASS complex [GO:0048188]
P38125	DTR1_YEAST	DTR1 YBR180W YBR1242	572	cell periphery [GO:0071944]; plasma membrane [GO:0005886]; prospore membrane [GO:0005628]
P38127	RIM2_YEAST	RIM2 YBR192W YBR1402	377	mitochondrial inner membrane [GO:0005743]; mitochondrion [GO:0005739]
P38128	SMP1_YEAST	SMP1 YBR182C YBR1245	452	cytoplasm [GO:0005737]; nucleus [GO:0005634]
P38129	TAF5_YEAST	TAF5 TAF90 YBR198C YBR1410	798	nucleus [GO:0005634]; SAGA complex [GO:0000124]; SLIK (SAGA-like) complex [GO:0046695]; transcription factor TFIID complex [GO:0005669]
P38130	KTR3_YEAST	KTR3 YBR205W YBR1445	404	cytoplasm [GO:0005737]; fungal-type vacuole [GO:0000324]; fungal-type vacuole membrane [GO:0000329]; Golgi apparatus [GO:0005794]; nucleus [GO:0005634]
P38132	MCM7_YEAST	MCM7 CDC47 YBR202W YBR1441	845	chromosome, telomeric region [GO:0000781]; CMG complex [GO:0071162]; cytoplasm [GO:0005737]; DNA replication preinitiation complex [GO:0031261]; MCM complex [GO:0042555]; MCM core complex [GO:0097373]; nuclear pre-replicative complex [GO:0005656]; nuclear replication fork [GO:0043596]; nucleoplasm [GO:0005654]; nucleus [GO:0005634]
P38137	FAT2_YEAST	PCS60 AAE3 FAT2 YBR222C YBR1512	543	cytoplasm [GO:0005737]; peroxisomal matrix [GO:0005782]; peroxisomal membrane [GO:0005778]
P38138	GLU2A_YEAST	ROT2 GLS2 YBR229C YBR1526	954	endoplasmic reticulum [GO:0005783]; endoplasmic reticulum lumen [GO:0005788]; glucosidase II complex [GO:0017177]; mitochondrion [GO:0005739]
P38139	LDH1_YEAST	LDH1 YBR204C YBR1444	375	endoplasmic reticulum [GO:0005783]; lipid droplet [GO:0005811]; membrane [GO:0016020]
P38140	ERT1_YEAST	ERT1 YBR239C YBR1622	529	cytoplasm [GO:0005737]; nucleus [GO:0005634]
P38143	GPX2_YEAST	GPX2 YBR244W YBR1632	162	cytoplasm [GO:0005737]; mitochondrial inner membrane [GO:0005743]; mitochondrial outer membrane [GO:0005741]; nucleus [GO:0005634]
P38144	ISW1_YEAST	ISW1 YBR245C YBR1633	1129	chromatin [GO:0000785]; Isw1 complex [GO:0016587]; Isw1a complex [GO:0036436]; Isw1b complex [GO:0036437]; nucleolar chromatin [GO:0030874]; nucleus [GO:0005634]
P38146	YPT10_YEAST	YPT10 YBR264C YBR1733	199	cytoplasm [GO:0005737]; endomembrane system [GO:0012505]; fungal-type vacuole membrane [GO:0000329]; plasma membrane [GO:0005886]; vesicle [GO:0031982]
P38147	CHK1_YEAST	CHK1 YBR274W YBR1742	527	cytoplasm [GO:0005737]; nucleus [GO:0005634]; site of double-strand break [GO:0035861]
P38149	DUG2_YEAST	DUG2 YBR281C YBR2018	878	cytoplasm [GO:0005737]; glutathione hydrolase complex [GO:0061672]; nuclear periphery [GO:0034399]; nucleus [GO:0005634]
P38153	AP3M_YEAST	APM3 YKS6 YBR288C YBR2035	483	AP-3 adaptor complex [GO:0030123]; clathrin adaptor complex [GO:0030131]; cytoplasmic vesicle [GO:0031410]; cytoplasmic vesicle membrane [GO:0030659]; Golgi apparatus [GO:0005794]
P38165	RTG3_YEAST	RTG3 YBL103C YBL0810	486	cytoplasm [GO:0005737]; nucleus [GO:0005634]; transcription regulator complex [GO:0005667]
P38167	ECM21_YEAST	ECM21 YBL101C YBL0814	1117	cytoplasm [GO:0005737]; cytosol [GO:0005829]
P38169	KMO_YEAST	BNA4 YBL098W YBL0828	460	mitochondrial outer membrane [GO:0005741]; mitochondrion [GO:0005739]; peroxisome [GO:0005777]
P38170	CND2_YEAST	BRN1 YBL097W YBL0830	754	condensin complex [GO:0000796]; cytoplasm [GO:0005737]; nucleus [GO:0005634]
P38174	MAP2_YEAST	MAP2 YBL091C YBL0701	421	cytoplasm [GO:0005737]; nucleus [GO:0005634]
P38181	NU170_YEAST	NUP170 NLE3 YBL079W YBL0725	1502	chromosome, subtelomeric region [GO:0099115]; nuclear envelope [GO:0005635]; nuclear membrane [GO:0031965]; nuclear pore [GO:0005643]; nuclear pore inner ring [GO:0044611]
P38182	ATG8_YEAST	ATG8 APG8 AUT7 CVT5 YBL078C YBL0732	117	autophagosome [GO:0005776]; autophagosome membrane [GO:0000421]; Cvt vesicle membrane [GO:0033110]; cytoplasm [GO:0005737]; cytosol [GO:0005829]; fungal-type vacuole membrane [GO:0000329]; lipid droplet [GO:0005811]; mitochondrial membrane [GO:0031966]; phagophore assembly site [GO:0000407]; vacuole-isolation membrane contact site [GO:0120095]
P38193	PP4R2_YEAST	PSY4 HTP3 YBL046W YBL0402	441	cytoplasm [GO:0005737]; nucleus [GO:0005634]; protein phosphatase 4 complex [GO:0030289]
P38198	STU1_YEAST	STU1 YBL034C YBL0416	1513	cytoplasmic microtubule [GO:0005881]; kinetochore [GO:0000776]; microtubule organizing center [GO:0005815]; mitotic spindle [GO:0072686]; mitotic spindle midzone [GO:1990023]; nucleus [GO:0005634]; polar microtubule [GO:0005827]; spindle microtubule [GO:0005876]
P38199	HEK2_YEAST	HEK2 KHD1 YBL032W YBL0418	381	chromosome, telomeric region [GO:0000781]; cytoplasm [GO:0005737]; nucleus [GO:0005634]; P-body [GO:0000932]
P38200	SHE1_YEAST	SHE1 YBL031W YBL0420	338	cellular bud neck [GO:0005935]; microtubule cytoskeleton [GO:0015630]; mitotic spindle [GO:0072686]; nuclear microtubule [GO:0005880]
P38203	LSM2_YEAST	LSM2 SMX5 SNP3 YBL026W YBL0425	95	catalytic step 2 spliceosome [GO:0071013]; cytoplasm [GO:0005737]; Lsm1-7-Pat1 complex [GO:1990726]; nucleolus [GO:0005730]; nucleus [GO:0005634]; P-body [GO:0000932]; precatalytic spliceosome [GO:0071011]; sno(s)RNA-containing ribonucleoprotein complex [GO:0005732]; spliceosomal complex [GO:0005681]; U4/U6 snRNP [GO:0071001]; U4/U6 x U5 tri-snRNP complex [GO:0046540]; U6 snRNP [GO:0005688]
P38205	NCL1_YEAST	NCL1 TRM4 YBL024W YBL0437	684	cytoplasm [GO:0005737]; nucleolus [GO:0005730]; nucleoplasm [GO:0005654]; nucleus [GO:0005634]
P38207	APN2_YEAST	APN2 ETH1 YBL019W YBL0443	520	nucleus [GO:0005634]
P38208	POP8_YEAST	POP8 YBL018C YBL0301	133	cytosol [GO:0005829]; nucleolar ribonuclease P complex [GO:0005655]; nucleus [GO:0005634]; ribonuclease MRP complex [GO:0000172]
P38211	GPI18_YEAST	GPI18 YBR004C YBR0110	433	endoplasmic reticulum [GO:0005783]; endoplasmic reticulum membrane [GO:0005789]; glycosylphosphatidylinositol-mannosyltransferase II complex [GO:0120097]; mannosyltransferase complex [GO:0031501]; mitochondrion [GO:0005739]
P38212	RCR1_YEAST	RCR1 YBR005W YBR0111	213	endoplasmic reticulum membrane [GO:0005789]; plasma membrane [GO:0005886]
P38217	IMB2_YEAST	KAP104 YBR017C YBR0224	918	cellular bud neck [GO:0005935]; cellular bud tip [GO:0005934]; cytoplasm [GO:0005737]; cytosol [GO:0005829]; nuclear pore [GO:0005643]; nucleus [GO:0005634]
P38221	CDS1_YEAST	CDS1 CDG1 YBR029C YBR0313	457	endoplasmic reticulum [GO:0005783]; endoplasmic reticulum membrane [GO:0005789]; Golgi to plasma membrane transport vesicle [GO:0070319]
P38225	FAT1_YEAST	FAT1 YBR041W YBR0411	669	cell periphery [GO:0071944]; cytoplasmic side of plasma membrane [GO:0009898]; endoplasmic reticulum [GO:0005783]; fungal-type vacuole membrane [GO:0000329]; lipid droplet [GO:0005811]; peroxisomal membrane [GO:0005778]; peroxisome [GO:0005777]; plasma membrane [GO:0005886]
P38227	QDR3_YEAST	QDR3 AQR2 YBR043C YBR0413	689	cell periphery [GO:0071944]; plasma membrane [GO:0005886]
P38228	TCM62_YEAST	TCM62 YBR044C YBR0414	572	mitochondrial inner membrane [GO:0005743]; mitochondrial matrix [GO:0005759]; mitochondrion [GO:0005739]
P38230	QOR_YEAST	ZTA1 YBR046C YBR0421	334	cytoplasm [GO:0005737]; cytosol [GO:0005829]; nucleus [GO:0005634]
P38236	FL2D_YEAST	MUM2 YBR057C YBR0514	366	cytoplasm [GO:0005737]; nucleolus [GO:0005730]; RNA N6-methyladenosine methyltransferase complex [GO:0036396]
P38237	UBP14_YEAST	UBP14 GID6 YBR058C YBR0515	781	cytoplasm [GO:0005737]; cytosol [GO:0005829]; nucleus [GO:0005634]
P38238	TRM7_YEAST	TRM7 YBR061C YBR0527	310	cytoplasm [GO:0005737]; cytosol [GO:0005829]
P38241	SLT11_YEAST	ECM2 SLT11 YBR065C YBR0614	364	nucleus [GO:0005634]; Prp19 complex [GO:0000974]; U2-type catalytic step 1 spliceosome [GO:0071006]; U2-type catalytic step 2 spliceosome [GO:0071007]
P38242	ALG14_YEAST	ALG14 YBR070C YBR0711	237	cytoplasmic side of Golgi membrane [GO:0098548]; endoplasmic reticulum membrane [GO:0005789]; lipid droplet [GO:0005811]; nuclear membrane [GO:0031965]; nuclear outer membrane-endoplasmic reticulum membrane network [GO:0042175]; peroxisome [GO:0005777]; UDP-N-acetylglucosamine transferase complex [GO:0043541]
P38244	PFF1_YEAST	PFF1 YBR074W YBR0718 YBR0719 YBR075W	976	fungal-type vacuole membrane [GO:0000329]
P38247	SLM4_YEAST	SLM4 EGO3 GSE1 YBR077C YBR0723	162	cytoplasm [GO:0005737]; fungal-type vacuole membrane [GO:0000329]; late endosome [GO:0005770]; late endosome membrane [GO:0031902]; Ragulator complex [GO:0071986]
P38248	ECM33_YEAST	ECM33 YBR078W YBR0727	429	endoplasmic reticulum [GO:0005783]; fungal-type cell wall [GO:0009277]; mitochondrion [GO:0005739]; plasma membrane [GO:0005886]; side of membrane [GO:0098552]
P38249	EIF3A_YEAST	RPG1 TIF32 YBR079C YBR0734	964	cytoplasm [GO:0005737]; cytoplasmic stress granule [GO:0010494]; eukaryotic 43S preinitiation complex [GO:0016282]; eukaryotic 48S preinitiation complex [GO:0033290]; eukaryotic translation initiation factor 3 complex [GO:0005852]; eukaryotic translation initiation factor 3 complex, eIF3e [GO:0071540]; eukaryotic translation initiation factor 3 complex, eIF3m [GO:0071541]; incipient cellular bud site [GO:0000131]; multi-eIF complex [GO:0043614]
P38250	IST2_YEAST	IST2 YBR086C YBR0809	946	cell periphery [GO:0071944]; cellular bud membrane [GO:0033101]; cortical endoplasmic reticulum [GO:0032541]; plasma membrane [GO:0005886]
P38251	RFC5_YEAST	RFC5 YBR087W YBR0810	354	Ctf18 RFC-like complex [GO:0031390]; DNA replication factor C complex [GO:0005663]; Elg1 RFC-like complex [GO:0031391]; nucleus [GO:0005634]; Rad17 RFC-like complex [GO:0031389]
P38255	RXT2_YEAST	RXT2 RAF60 YBR095C YBR0822	430	cytosol [GO:0005829]; nucleus [GO:0005634]; Rpd3L complex [GO:0033698]; Rpd3L-Expanded complex [GO:0070210]
P38257	MMS4_YEAST	MMS4 SLX2 YBR098W YBR0826 YBR0829 YBR100W	691	Holliday junction resolvase complex [GO:0048476]; nuclear replication fork [GO:0043596]
P38260	FES1_YEAST	FES1 YBR101C YBR0830	290	cytosol [GO:0005829]; endoplasmic reticulum [GO:0005783]
P38261	EXO84_YEAST	EXO84 USA3 YBR102C YBR0831	753	cellular bud neck [GO:0005935]; cellular bud tip [GO:0005934]; exocyst [GO:0000145]; incipient cellular bud site [GO:0000131]; mating projection tip [GO:0043332]; prospore membrane [GO:0005628]; transport vesicle [GO:0030133]
P38262	SIF2_YEAST	SIF2 EMB1 YBR103W YBR0832	535	nucleus [GO:0005634]; Rpd3L-Expanded complex [GO:0070210]; Set3 complex [GO:0034967]
P38263	GID4_YEAST	VID24 GID4 YBR105C YBR0834	362	cytoplasmic vesicle [GO:0031410]; cytoplasmic vesicle membrane [GO:0030659]; cytosol [GO:0005829]; GID complex [GO:0034657]; vacuole [GO:0005773]
P38264	PHO88_YEAST	PHO88 SND3 YBR106W YBR0835	188	endoplasmic reticulum [GO:0005783]; endoplasmic reticulum membrane [GO:0005789]; membrane [GO:0016020]; mitochondrion [GO:0005739]
P38265	CENPL_YEAST	IML3 MCM19 YBR107C YBR0836	245	kinetochore [GO:0000776]; nucleus [GO:0005634]; outer kinetochore [GO:0000940]
P38266	AIM3_YEAST	AIM3 YBR108W YBR0901	947	actin cortical patch [GO:0030479]; membrane raft [GO:0045121]
P38270	ATG14_YEAST	ATG14 APG14 CVT12 YBR128C YBR1003	344	fungal-type vacuole membrane [GO:0000329]; phagophore assembly site [GO:0000407]; phagophore assembly site membrane [GO:0034045]; phosphatidylinositol 3-kinase complex, class III, type I [GO:0034271]; vacuole-isolation membrane contact site [GO:0120095]
P38271	OPY1_YEAST	OPY1 YBR129C YBR1004	328	cytoplasm [GO:0005737]; mitochondrion [GO:0005739]; plasma membrane [GO:0005886]
P38272	SHE3_YEAST	SHE3 YBR130C YBR1005	425	cellular bud tip [GO:0005934]; cytoplasm [GO:0005737]; endoplasmic reticulum membrane [GO:0005789]
P38273	CCZ1_YEAST	CCZ1 AUT11 CVT16 YBR131W YBR1006	704	cytosol [GO:0005829]; endosome [GO:0005768]; late endosome [GO:0005770]; Mon1-Ccz1 complex [GO:0035658]; multivesicular body membrane [GO:0032585]; vacuolar membrane [GO:0005774]
P38274	HSL7_YEAST	HSL7 YBR133C YBR1008	827	cellular bud neck [GO:0005935]; cellular bud neck septin collar [GO:0032174]; cellular bud neck septin ring [GO:0000144]; cytoplasm [GO:0005737]; cytosol [GO:0005829]; nucleus [GO:0005634]; outer plaque of spindle pole body [GO:0005824]
P38279	YPQ3_YEAST	RTC2 YPQ3 YBR147W YBR1124	296	fungal-type vacuole membrane [GO:0000329]; membrane [GO:0016020]; mitochondrial membrane [GO:0031966]; mitochondrion [GO:0005739]
P38282	SP381_YEAST	SPP381 YBR152W YBR1202	291	cytosol [GO:0005829]; nucleus [GO:0005634]; spliceosomal complex [GO:0005681]; U4/U6 x U5 tri-snRNP complex [GO:0046540]
P38283	INCE_YEAST	SLI15 YBR156C YBR1206	698	chromosome passenger complex [GO:0032133]; kinetochore [GO:0000776]; kinetochore microtubule [GO:0005828]; mitotic spindle [GO:0072686]; nucleus [GO:0005634]; spindle microtubule [GO:0005876]; spindle midzone [GO:0051233]
P38285	AMN1_YEAST	AMN1 CST13 ICS4 YBR158W YBR1208	549	cellular bud [GO:0005933]; cytoplasm [GO:0005737]; nucleus [GO:0005634]
P38286	MKAR_YEAST	IFA38 YBR159W YBR1209	347	endoplasmic reticulum [GO:0005783]; endoplasmic reticulum membrane [GO:0005789]
P38287	CSH1_YEAST	CSH1 YBR161W YBR1212	376	fungal-type vacuole [GO:0000324]; Golgi apparatus [GO:0005794]; mannosyltransferase complex [GO:0031501]; vacuolar membrane [GO:0005774]
P38289	EXO5_YEAST	EXO5 DEM1 YBR163W YBR1215	585	mitochondrion [GO:0005739]; nucleus [GO:0005634]
P38291	POP7_YEAST	POP7 RPP2 YBR167C YBR1219	140	nucleolar ribonuclease P complex [GO:0005655]; ribonuclease MRP complex [GO:0000172]; telomerase holoenzyme complex [GO:0005697]
P38293	UMP1_YEAST	UMP1 YBR173C YBR1234	148	cytoplasm [GO:0005737]; nucleus [GO:0005634]
P38295	MCFS2_YEAST	EHT1 YBR177C YBR1239	451	lipid droplet [GO:0005811]; mitochondrial outer membrane [GO:0005741]; mitochondrion [GO:0005739]
P38297	FZO1_YEAST	FZO1 YBR179C YBR1241	855	mitochondrial membrane [GO:0031966]; mitochondrial outer membrane [GO:0005741]; mitochondrion [GO:0005739]; peroxisomal-mitochondrial contact site [GO:0160189]; peroxisome [GO:0005777]
P38298	YPC1_YEAST	YPC1 YBR183W YBR1305	316	cortical endoplasmic reticulum [GO:0032541]; endoplasmic reticulum [GO:0005783]; endoplasmic reticulum membrane [GO:0005789]
P38300	MBA1_YEAST	MBA1 YBR185C YBR1307	278	mitochondrial inner membrane [GO:0005743]; mitochondrion [GO:0005739]
P38301	GDT1_YEAST	GDT1 YBR187W YBR1310	280	cis-Golgi network [GO:0005801]; fungal-type vacuole [GO:0000324]; fungal-type vacuole membrane [GO:0000329]; Golgi apparatus [GO:0005794]; Golgi medial cisterna [GO:0005797]
P38302	NTC20_YEAST	NTC20 SNT384 YBR188C YBR1316	140	Prp19 complex [GO:0000974]; U2-type catalytic step 1 spliceosome [GO:0071006]
P38304	MED8_YEAST	MED8 YBR193C YBR1403	223	core mediator complex [GO:0070847]; mediator complex [GO:0016592]; nucleus [GO:0005634]
P38307	DER1_YEAST	DER1 YBR201W YBR1413	211	endoplasmic reticulum membrane [GO:0005789]; Hrd1p ubiquitin ligase complex [GO:0000836]; Hrd1p ubiquitin ligase ERAD-L complex [GO:0000839]
P38310	FTH1_YEAST	FTH1 YBR207W YBR1446	465	endoplasmic reticulum [GO:0005783]; fungal-type vacuole membrane [GO:0000329]; high-affinity iron exporter complex [GO:0061841]; high-affinity iron permease complex [GO:0033573]; membrane raft [GO:0045121]; plasma membrane [GO:0005886]
P38313	CENPU_YEAST	AME1 ARP100 YBR211C YBR1458	324	COMA complex [GO:0000817]; cytoplasm [GO:0005737]; kinetochore [GO:0000776]; nucleus [GO:0005634]; spindle pole body [GO:0005816]
P38316	ATG12_YEAST	ATG12 APG12 YBR217W YBR1506	186	Atg12-Atg5-Atg16 complex [GO:0034274]; autophagosome membrane [GO:0000421]; cytosol [GO:0005829]; phagophore assembly site membrane [GO:0034045]; transferase complex [GO:1990234]
P38319	TYDP1_YEAST	TDP1 YBR223C YBR1520	544	mitochondrion [GO:0005739]; nucleus [GO:0005634]
P38323	CLPX_YEAST	MCX1 YBR227C YBR1524	520	mitochondrial inner membrane [GO:0005743]; mitochondrial matrix [GO:0005759]; mitochondrion [GO:0005739]
P38324	SLX1_YEAST	SLX1 YBR228W YBR1525	304	nuclear chromosome [GO:0000228]; nucleus [GO:0005634]; Slx1-Slx4 complex [GO:0033557]
P38326	SWC5_YEAST	SWC5 AOR1 YBR231C YBR1529	303	chromatin [GO:0000785]; cytosol [GO:0005829]; nucleus [GO:0005634]; Swr1 complex [GO:0000812]
P38328	ARPC1_YEAST	ARC40 YBR234C YBR1532	384	actin cortical patch [GO:0030479]; actin cytoskeleton [GO:0015629]; Arp2/3 protein complex [GO:0005885]
P38329	VHC1_YEAST	VHC1 YBR235W YBR1601	1120	fungal-type vacuole membrane [GO:0000329]; vacuolar membrane [GO:0005774]; vacuole-mitochondrion membrane contact site [GO:1990816]
P38331	YB92_YEAST	YBR242W YBR1627	238	cytoplasm [GO:0005737]; nucleus [GO:0005634]
P38332	DPH7_YEAST	RRT2 DPH7 ERE1 YBR246W YBR1634	387	cytoplasm [GO:0005737]; cytosol [GO:0005829]; endosome [GO:0005768]
P38333	ENP1_YEAST	ENP1 MEG1 YBR247C YBR1635	483	90S preribosome [GO:0030686]; cytoplasm [GO:0005737]; nucleolus [GO:0005730]; nucleus [GO:0005634]; preribosome, small subunit precursor [GO:0030688]; small-subunit processome [GO:0032040]
P38334	TRS20_YEAST	TRS20 YBR254C YBR1722	175	cytoplasm [GO:0005737]; cytosol [GO:0005829]; endoplasmic reticulum [GO:0005783]; nucleus [GO:0005634]; phagophore assembly site [GO:0000407]; TRAPP complex [GO:0030008]; TRAPPI protein complex [GO:1990070]; TRAPPII protein complex [GO:1990071]; TRAPPIII protein complex [GO:1990072]
P38336	POP4_YEAST	POP4 YBR257W YBR1725	279	nucleolar ribonuclease P complex [GO:0005655]; ribonuclease MRP complex [GO:0000172]; ribonuclease P complex [GO:0030677]
P38339	RGD1_YEAST	RGD1 YBR260C YBR1728	666	actin cortical patch [GO:0030479]; cell cortex [GO:0005938]; cell division site [GO:0032153]; cell tip [GO:0051286]; cellular bud [GO:0005933]; mating projection tip [GO:0043332]; plasma membrane [GO:0005886]; prospore membrane [GO:0005628]; site of polarized growth [GO:0030427]
P38340	NTM1_YEAST	TAE1 NTM1 YBR261C YBR1729	232	cytoplasm [GO:0005737]; cytosol [GO:0005829]
P38341	MIC12_YEAST	MIC12 AIM5 FMP51 MCS12 YBR262C YBR1731	106	MICOS complex [GO:0061617]; mitochondrial crista junction [GO:0044284]; mitochondrial inner membrane [GO:0005743]; mitochondrion [GO:0005739]
P38342	KDSR_YEAST	TSC10 YBR265W YBR1734	320	cytoplasm [GO:0005737]; endoplasmic reticulum [GO:0005783]; endoplasmic reticulum membrane [GO:0005789]; lipid droplet [GO:0005811]; mitochondrial outer membrane [GO:0005741]
P38344	REI1_YEAST	REI1 YBR267W YBR1736	393	cytoplasm [GO:0005737]; preribosome, large subunit precursor [GO:0030687]
P38345	SDHF4_YEAST	SDH8 FMP21 YBR269C YBR1737	138	mitochondrial matrix [GO:0005759]; mitochondrion [GO:0005739]
P38348	HSM3_YEAST	HSM3 YBR272C YBR1740	480	cytoplasm [GO:0005737]; cytosol [GO:0005829]; nucleus [GO:0005634]
P38351	PAF1_YEAST	PAF1 YBR279W YBR2016	445	Cdc73/Paf1 complex [GO:0016593]; euchromatin [GO:0000791]; nucleus [GO:0005634]
P38352	SAF1_YEAST	SAF1 YBR280C YBR2017	637	cytoplasm [GO:0005737]; SCF ubiquitin ligase complex [GO:0019005]
P38353	SSH1_YEAST	SSH1 YBR283C YBR2020	490	endoplasmic reticulum [GO:0005783]; endoplasmic reticulum membrane [GO:0005789]; Sec61 translocon complex [GO:0005784]; Ssh1 translocon complex [GO:0071261]
P38356	BSD2_YEAST	BSD2 YBR290W YBR2037	321	endoplasmic reticulum [GO:0005783]; fungal-type vacuole [GO:0000324]; fungal-type vacuole membrane [GO:0000329]; Golgi apparatus [GO:0005794]; perinuclear region of cytoplasm [GO:0048471]
P38360	ATU1_YEAST	PCA1 CAD2 PAY2 YBR295W YBR2112	1216	plasma membrane [GO:0005886]; proteasome core complex [GO:0005839]
P38361	PHO89_YEAST	PHO89 ITN1 YBR296C YBR2113	574	endoplasmic reticulum [GO:0005783]; plasma membrane [GO:0005886]
P38426	TPS3_YEAST	TPS3 YMR261C YM8156.03C	1054	alpha,alpha-trehalose-phosphate synthase complex (UDP-forming) [GO:0005946]; cytoplasm [GO:0005737]
P38427	TSL1_YEAST	TSL1 YML100W	1098	alpha,alpha-trehalose-phosphate synthase complex (UDP-forming) [GO:0005946]; cytoplasm [GO:0005737]
P38428	CUE1_YEAST	CUE1 KIS4 YMR264W YM8156.06	203	CUE1-UBC7 ubiquitin-conjugating enzyme complex [GO:1990389]; Doa10p ubiquitin ligase complex [GO:0000837]; endoplasmic reticulum [GO:0005783]; endoplasmic reticulum membrane [GO:0005789]; Hrd1p ubiquitin ligase ERAD-L complex [GO:0000839]; mitochondrion [GO:0005739]
P38429	SAP30_YEAST	SAP30 YMR263W YM8156.05	201	histone deacetylase complex [GO:0000118]; nucleus [GO:0005634]; Rpd3L complex [GO:0033698]; Rpd3L-Expanded complex [GO:0070210]
P38431	IF5_YEAST	TIF5 YPR041W YP3085.05	405	cytosol [GO:0005829]; eukaryotic 48S preinitiation complex [GO:0033290]; multi-eIF complex [GO:0043614]
P38439	LEO1_YEAST	LEO1 YOR123C O3278 YOR3278C	464	Cdc73/Paf1 complex [GO:0016593]; nucleus [GO:0005634]
P38523	GRPE_YEAST	MGE1 GRPE GRPE1 YGE1 YOR232W O5099	228	mitochondrial inner membrane [GO:0005743]; mitochondrial matrix [GO:0005759]; mitochondrion [GO:0005739]; PAM complex, Tim23 associated import motor [GO:0001405]; TIM23 mitochondrial import inner membrane translocase complex [GO:0005744]
P38555	YPT31_YEAST	YPT31 YPT8 YER031C	223	cytosol [GO:0005829]; endosome [GO:0005768]; Golgi apparatus [GO:0005794]; Golgi membrane [GO:0000139]; mitochondrial outer membrane [GO:0005741]; mitochondrion [GO:0005739]; recycling endosome [GO:0055037]; trans-Golgi network [GO:0005802]
P38590	MSG5_YEAST	MSG5 YNL053W N2480 YNL2480W	489	cytoplasm [GO:0005737]; nucleus [GO:0005634]
P38604	ERG7_YEAST	ERG7 YHR072W	731	endoplasmic reticulum membrane [GO:0005789]; lipid droplet [GO:0005811]
P38615	RIM11_YEAST	RIM11 GSK3 MDS1 YMR139W YM9375.08	370	cytoplasm [GO:0005737]; nucleus [GO:0005634]
P38623	RCK2_YEAST	RCK2 CLK1 CMK3 YLR248W L9672.6	610	cytoplasm [GO:0005737]
P38624	PSB1_YEAST	PRE3 YJL001W J1407	215	cytosol [GO:0005829]; nucleus [GO:0005634]; proteasome complex [GO:0000502]; proteasome core complex, beta-subunit complex [GO:0019774]; proteasome storage granule [GO:0034515]
P38626	NCB5R_YEAST	CBR1 CBR CBR5 YIL043C	284	mitochondrial outer membrane [GO:0005741]; mitochondrion [GO:0005739]; nucleus [GO:0005634]; plasma membrane [GO:0005886]
P38627	URA8_YEAST	URA8 YJR103W J1962	578	cytoophidium [GO:0097268]; cytoplasm [GO:0005737]; fungal-type vacuole [GO:0000324]
P38628	AGM1_YEAST	PCM1 AGM1 YEL058W	557	cytoplasm [GO:0005737]; nucleus [GO:0005634]
P38629	RFC3_YEAST	RFC3 YNL290W N0533	340	Ctf18 RFC-like complex [GO:0031390]; cytosol [GO:0005829]; DNA replication factor C complex [GO:0005663]; Elg1 RFC-like complex [GO:0031391]; nucleus [GO:0005634]; Rad17 RFC-like complex [GO:0031389]
P38630	RFC1_YEAST	RFC1 CDC44 YOR217W YOR50-7	861	DNA replication factor C complex [GO:0005663]; nucleus [GO:0005634]
P38631	FKS1_YEAST	FKS1 CND1 CWH53 ETG1 GLS1 GSC1 PBR1 YLR342W L8300.6	1876	1,3-beta-D-glucan synthase complex [GO:0000148]; actin cortical patch [GO:0030479]; cell periphery [GO:0071944]; cellular bud [GO:0005933]; cellular bud neck [GO:0005935]; cellular bud tip [GO:0005934]; fungal-type cell wall [GO:0009277]; mitochondrion [GO:0005739]; plasma membrane [GO:0005886]
P38632	NSE2_YEAST	MMS21 NSE2 YEL019C	267	chromosome, telomeric region [GO:0000781]; cytoplasm [GO:0005737]; nuclear envelope [GO:0005635]; nucleus [GO:0005634]; Smc5-Smc6 complex [GO:0030915]
P38633	MED31_YEAST	SOH1 MED31 YGL127C G2864	127	core mediator complex [GO:0070847]; mediator complex [GO:0016592]; nucleus [GO:0005634]
P38634	SIC1_YEAST	SIC1 SDB25 YLR079W L9449.8	284	cytoplasm [GO:0005737]; nucleus [GO:0005634]
P38636	ATX1_YEAST	ATX1 YNL259C N0840	73	cytosol [GO:0005829]
P38637	STS1_YEAST	STS1 DBF8 SSM5 YIR011C YIB11C	319	cytoplasm [GO:0005737]; nucleus [GO:0005634]
P38682	GLO3_YEAST	GLO3 YER122C	493	COPI vesicle coat [GO:0030126]; COPI-coated vesicle [GO:0030137]; Golgi membrane [GO:0000139]
P38687	SRP68_YEAST	SRP68 YPL243W	599	cytoplasm [GO:0005737]; nuclear periphery [GO:0034399]; nucleolus [GO:0005730]; signal recognition particle, endoplasmic reticulum targeting [GO:0005786]
P38688	SRP72_YEAST	SRP72 YPL210C	640	endoplasmic reticulum membrane [GO:0005789]; nucleolus [GO:0005730]; signal recognition particle, endoplasmic reticulum targeting [GO:0005786]
P38689	KPR3_YEAST	PRS3 PRPS3 YHL011C	320	cytoplasm [GO:0005737]; ribose phosphate diphosphokinase complex [GO:0002189]
P38691	KSP1_YEAST	KSP1 YHR082C	1029	cytoplasm [GO:0005737]; cytoplasmic stress granule [GO:0010494]; nucleus [GO:0005634]
P38692	KIC1_YEAST	KIC1 NRK1 YHR102W	1080	cellular bud [GO:0005933]; cytoplasm [GO:0005737]; incipient cellular bud site [GO:0000131]; mating projection tip [GO:0043332]
P38695	HXT5_YEAST	HXT5 YHR096C	592	cell periphery [GO:0071944]; plasma membrane [GO:0005886]
P38696	ARP1_YEAST	ARP1 ACT3 ACT5 YHR129C	384	actin cytoskeleton [GO:0015629]; dynactin complex [GO:0005869]; dynein complex [GO:0030286]; membrane [GO:0016020]; microtubule [GO:0005874]
P38697	IMDH2_YEAST	IMD2 PUR5 YHR216W	523	chromatin [GO:0000785]; cytoplasm [GO:0005737]
P38700	APM2_YEAST	APM2 YHL019C	605	AP-1 adaptor complex [GO:0030121]; clathrin-coated vesicle [GO:0030136]; cytosol [GO:0005829]; early endosome [GO:0005769]; early endosome membrane [GO:0031901]; Golgi membrane [GO:0000139]; nucleus [GO:0005634]; trans-Golgi network [GO:0005802]
P38701	RS20_YEAST	RPS20 URP2 YHL015W	121	cytoplasm [GO:0005737]; cytosol [GO:0005829]; cytosolic small ribosomal subunit [GO:0022627]
P38703	LAG1_YEAST	LAG1 YHL003C	411	acyl-CoA ceramide synthase complex [GO:0061576]; endoplasmic reticulum [GO:0005783]; endoplasmic reticulum membrane [GO:0005789]
P38704	STP2_YEAST	STP2 YHR006W	541	cytoplasm [GO:0005737]; nucleus [GO:0005634]; plasma membrane [GO:0005886]
P38710	INM1_YEAST	INM1 IMP1 YHR046C	295	cytoplasm [GO:0005737]; nucleus [GO:0005634]
P38711	RS27B_YEAST	RPS27B YHR021C	82	cytosol [GO:0005829]; cytosolic small ribosomal subunit [GO:0022627]
P38712	RRP3_YEAST	RRP3 YHR065C	501	nucleolus [GO:0005730]; nucleoplasm [GO:0005654]; nucleus [GO:0005634]; small-subunit processome [GO:0032040]
P38713	OSH3_YEAST	OSH3 YHR073W	996	cortical endoplasmic reticulum [GO:0032541]; cytoplasm [GO:0005737]; cytosol [GO:0005829]; endoplasmic reticulum membrane [GO:0005789]; perinuclear endoplasmic reticulum [GO:0097038]; plasma membrane [GO:0005886]
P38715	GRE3_YEAST	GRE3 YHR104W	327	cytoplasm [GO:0005737]; cytosol [GO:0005829]; nucleus [GO:0005634]
P38717	SIP3_YEAST	SIP3 LAM3 YNL257C N0844	1229	cortical endoplasmic reticulum [GO:0032541]; cytoplasm [GO:0005737]; endoplasmic reticulum [GO:0005783]; endoplasmic reticulum membrane [GO:0005789]; plasma membrane [GO:0005886]
P38719	DBP8_YEAST	DBP8 YHR169W	431	90S preribosome [GO:0030686]; nucleolus [GO:0005730]; nucleoplasm [GO:0005654]; nucleus [GO:0005634]; small-subunit processome [GO:0032040]
P38720	6PGD1_YEAST	GND1 YHR183W	489	cytoplasm [GO:0005737]; cytosol [GO:0005829]; mitochondrion [GO:0005739]
P38731	ARN1_YEAST	ARN1 YHL040C	627	cell periphery [GO:0071944]; cytoplasm [GO:0005737]; cytoplasmic vesicle [GO:0031410]; endosome [GO:0005768]; endosome membrane [GO:0010008]; fungal-type vacuole [GO:0000324]; nucleus [GO:0005634]; plasma membrane [GO:0005886]; vacuolar membrane [GO:0005774]
P38736	GOSR1_YEAST	GOS1 YHL031C	223	cis-Golgi network [GO:0005801]; endoplasmic reticulum membrane [GO:0005789]; Golgi cis cisterna membrane [GO:1990674]; Golgi medial cisterna [GO:0005797]; Golgi membrane [GO:0000139]; SNARE complex [GO:0031201]
P38737	ECM29_YEAST	ECM29 YHL030W	1868	cytoplasm [GO:0005737]; nucleus [GO:0005634]; proteasome complex [GO:0000502]
P38741	RIM4_YEAST	RIM4 YHL024W	713	cytoplasm [GO:0005737]; cytoplasmic stress granule [GO:0010494]; nucleus [GO:0005634]
P38742	NPR3_YEAST	NPR3 RMD11 YHL023C	1146	GATOR1 complex [GO:1990130]; Seh1-associated complex [GO:0035859]; vacuolar membrane [GO:0005774]
P38753	HSE1_YEAST	HSE1 YHL002W	452	endosome [GO:0005768]; endosome membrane [GO:0010008]; ESCRT-0 complex [GO:0033565]; protein-containing complex [GO:0032991]; vacuolar membrane [GO:0005774]
P38754	RL14B_YEAST	RPL14B YHL001W	138	cytosol [GO:0005829]; cytosolic large ribosomal subunit [GO:0022625]; nucleolus [GO:0005730]
P38755	OSH7_YEAST	OSH7 YHR001W	437	cortical endoplasmic reticulum [GO:0032541]; cytoplasm [GO:0005737]; cytosol [GO:0005829]; endoplasmic reticulum membrane [GO:0005789]; membrane [GO:0016020]; plasma membrane [GO:0005886]
P38757	NEM1_YEAST	NEM1 YHR004C	446	endoplasmic reticulum [GO:0005783]; endoplasmic reticulum membrane [GO:0005789]; lipid droplet [GO:0005811]; membrane [GO:0016020]; mitochondrion [GO:0005739]; Nem1-Spo7 phosphatase complex [GO:0071595]; nuclear membrane [GO:0031965]
P38758	TDA3_YEAST	TDA3 BTN3 YHR009C	523	cytoplasm [GO:0005737]; cytosol [GO:0005829]; late endosome [GO:0005770]
P38759	VPS29_YEAST	VPS29 PEP11 VTP6 YHR012W	282	CROP complex [GO:0170071]; cytosol [GO:0005829]; endomembrane system [GO:0012505]; endosome [GO:0005768]; retromer complex [GO:0030904]; retromer, cargo-selective complex [GO:0030906]
P38764	RPN1_YEAST	RPN1 HRD2 NAS1 RPD1 YHR027C	993	cytoplasm [GO:0005737]; endoplasmic reticulum [GO:0005783]; nucleus [GO:0005634]; proteasome complex [GO:0000502]; proteasome regulatory particle, base subcomplex [GO:0008540]; proteasome storage granule [GO:0034515]
P38766	RRM3_YEAST	RRM3 RTT104 YHR031C	723	chromosome, telomeric region [GO:0000781]; mitochondrion [GO:0005739]; nuclear replication fork [GO:0043596]; replication fork [GO:0005657]
P38768	PIH1_YEAST	PIH1 NOP17 YHR034C	344	cytoplasm [GO:0005737]; nucleus [GO:0005634]; R2TP complex [GO:0097255]; ribonucleoprotein complex [GO:1990904]
P38770	BRL1_YEAST	BRL1 YHR036W	471	endoplasmic reticulum [GO:0005783]; membrane [GO:0016020]; nuclear envelope [GO:0005635]; nuclear membrane [GO:0031965]
P38778	SMF2_YEAST	SMF2 YHR050W	549	late endosome [GO:0005770]; mitochondrion [GO:0005739]; plasma membrane [GO:0005886]; trans-Golgi network [GO:0005802]; vacuolar lumen [GO:0005775]
P38779	CIC1_YEAST	CIC1 NSA3 YHR052W	376	nucleolus [GO:0005730]; preribosome, large subunit precursor [GO:0030687]; proteasome complex [GO:0000502]
P38781	RSC30_YEAST	RSC30 YHR056C	883	chromatin [GO:0000785]; nucleus [GO:0005634]; RSC-type complex [GO:0016586]
P38782	MED6_YEAST	MED6 MTR32 YHR058C	295	core mediator complex [GO:0070847]; mediator complex [GO:0016592]; nucleus [GO:0005634]
P38785	GIC1_YEAST	GIC1 YHR061C	314	cell cortex [GO:0005938]; cellular bud neck [GO:0005935]; cellular bud tip [GO:0005934]; cytoplasm [GO:0005737]; cytoskeleton [GO:0005856]; incipient cellular bud site [GO:0000131]; mating projection tip [GO:0043332]; nucleus [GO:0005634]
P38786	RPP1_YEAST	RPP1 YHR062C	293	cytosol [GO:0005829]; nucleolar ribonuclease P complex [GO:0005655]; nucleus [GO:0005634]; ribonuclease MRP complex [GO:0000172]
P38788	SSZ1_YEAST	SSZ1 PDR13 YHR064C	538	cytoplasm [GO:0005737]; cytosol [GO:0005829]; nucleus [GO:0005634]; plasma membrane [GO:0005886]; protein folding chaperone complex [GO:0101031]
P38789	SSF1_YEAST	SSF1 YHR066W	453	nucleolus [GO:0005730]; preribosome, large subunit precursor [GO:0030687]
P38792	RRP4_YEAST	RRP4 YHR069C	359	cytoplasmic exosome (RNase complex) [GO:0000177]; exosome (RNase complex) [GO:0000178]; nuclear exosome (RNase complex) [GO:0000176]; nucleolus [GO:0005730]; nucleus [GO:0005634]
P38793	TRM5_YEAST	TRM5 YHR070W	499	cytoplasm [GO:0005737]; mitochondrial matrix [GO:0005759]; nucleoplasm [GO:0005654]; nucleus [GO:0005634]
P38797	PP2C7_YEAST	PTC7 YHR076W	343	mitochondrion [GO:0005739]; nuclear envelope [GO:0005635]
P38800	LAM4_YEAST	LAM4 LTC3 YHR080C	1345	cortical endoplasmic reticulum [GO:0032541]; endoplasmic reticulum membrane [GO:0005789]; endoplasmic reticulum-plasma membrane contact site [GO:0140268]; mitochondrion [GO:0005739]; plasma membrane [GO:0005886]
P38801	LRP1_YEAST	LRP1 RRP47 YC1D YHR081W	184	exosome (RNase complex) [GO:0000178]; nucleolus [GO:0005730]; nucleus [GO:0005634]
P38803	IPI1_YEAST	IPI1 YHR085W	334	cytosol [GO:0005829]; nucleoplasm [GO:0005654]; nucleus [GO:0005634]; rixosome complex [GO:0120330]
P38805	RPF1_YEAST	RPF1 YHR088W	295	nucleolus [GO:0005730]; preribosome, large subunit precursor [GO:0030687]
P38806	YNG2_YEAST	YNG2 EAF4 NBN1 YHR090C	282	cytosol [GO:0005829]; NuA4 histone acetyltransferase complex [GO:0035267]; nucleosome [GO:0000786]; nucleus [GO:0005634]; piccolo histone acetyltransferase complex [GO:0032777]
P38810	SFB3_YEAST	SFB3 LST1 YHR098C	929	cell periphery [GO:0071944]; COPII vesicle coat [GO:0030127]; endoplasmic reticulum [GO:0005783]; endoplasmic reticulum exit site [GO:0070971]; endoplasmic reticulum membrane [GO:0005789]; Golgi membrane [GO:0000139]; mating projection tip [GO:0043332]
P38811	TRA1_YEAST	TRA1 YHR099W	3744	NuA4 histone acetyltransferase complex [GO:0035267]; nucleus [GO:0005634]; SAGA complex [GO:0000124]; SLIK (SAGA-like) complex [GO:0046695]; TTT Hsp90 cochaperone complex [GO:0110078]
P38815	YPT35_YEAST	YPT35 YHR105W	214	endosome [GO:0005768]; endosome membrane [GO:0010008]; nucleus-vacuole junction [GO:0071561]; vacuolar membrane [GO:0005774]
P38817	GGA2_YEAST	GGA2 YHR108W	585	cytosol [GO:0005829]; trans-Golgi network [GO:0005802]
P38820	UBA4_YEAST	UBA4 NCS3 YHR111W	440	cytoplasm [GO:0005737]; cytosol [GO:0005829]
P38821	DNPEP_YEAST	APE4 YHR113W	490	cytoplasm [GO:0005737]; fungal-type vacuole [GO:0000324]; fungal-type vacuole lumen [GO:0000328]
P38822	BZZ1_YEAST	BZZ1 LSB7 YHR114W	633	actin cortical patch [GO:0030479]; cellular bud neck [GO:0005935]; cytoplasm [GO:0005737]; mating projection tip [GO:0043332]; plasma membrane [GO:0005886]
P38823	DMA1_YEAST	DMA1 CHF1 YHR115C	416	cell division site [GO:0032153]; cytoplasm [GO:0005737]; cytosol [GO:0005829]; ubiquitin ligase complex [GO:0000151]
P38825	TOM71_YEAST	TOM71 TOM72 YHR117W	639	mitochondrial outer membrane [GO:0005741]; mitochondrion [GO:0005739]
P38826	ORC6_YEAST	ORC6 AAP1 YHR118C	435	DNA replication preinitiation complex [GO:0031261]; nuclear origin of replication recognition complex [GO:0005664]; nuclear pre-replicative complex [GO:0005656]; nucleoplasm [GO:0005654]; nucleus [GO:0005634]
P38827	SET1_YEAST	SET1 KMT2 YTX1 YHR119W	1080	chromosome, telomeric region [GO:0000781]; nucleus [GO:0005634]; Set1C/COMPASS complex [GO:0048188]
P38828	LSM12_YEAST	LSM12 YHR121W	187	cytoplasm [GO:0005737]; cytoplasmic stress granule [GO:0010494]; nucleus [GO:0005634]
P38830	NDT80_YEAST	NDT80 DAS1 YHR124W	627	nuclear chromosome [GO:0000228]
P38836	ECM14_YEAST	ECM14 YHR132C	430	extracellular space [GO:0005615]; fungal-type vacuole [GO:0000324]
P38838	WSS1_YEAST	WSS1 YHR134W	269	fungal-type vacuole [GO:0000324]; nuclear envelope [GO:0005635]; nucleus [GO:0005634]
P38840	ARO9_YEAST	ARO9 YHR137W	513	cytoplasm [GO:0005737]; nucleus [GO:0005634]
P38843	CHS7_YEAST	CHS7 YHR142W	316	cellular bud neck [GO:0005935]; cellular bud tip [GO:0005934]; endoplasmic reticulum [GO:0005783]; endoplasmic reticulum membrane [GO:0005789]; prospore membrane [GO:0005628]
P38844	DSE2_YEAST	DSE2 YHR143W	325	cellular bud scar [GO:0005621]; extracellular region [GO:0005576]; fungal-type cell wall [GO:0009277]; fungal-type vacuole [GO:0000324]; side of membrane [GO:0098552]
P38850	RT107_YEAST	RTT107 ESC4 YHR154W	1070	cell periphery [GO:0071944]; Cul8-RING ubiquitin ligase complex [GO:0035361]; nucleus [GO:0005634]; site of DNA damage [GO:0090734]
P38851	LAM1_YEAST	LAM1 YSP1 YHR155W	1228	cortical endoplasmic reticulum [GO:0032541]; cytosol [GO:0005829]; endoplasmic reticulum [GO:0005783]; endoplasmic reticulum membrane [GO:0005789]; mitochondrial membrane [GO:0031966]; mitochondrion [GO:0005739]; plasma membrane [GO:0005886]
P38853	KEL1_YEAST	KEL1 YHR158C	1164	cell cortex [GO:0005938]; cell cortex of cell tip [GO:0051285]; cellular bud neck [GO:0005935]; cellular bud tip [GO:0005934]; cytoplasm [GO:0005737]; Kelch-containing formin regulatory complex [GO:1990615]; mating projection tip [GO:0043332]; prospore membrane [GO:0005628]
P38855	PEX18_YEAST	PEX18 YHR160C	283	cargo receptor complex [GO:0062137]; cytoplasm [GO:0005737]; cytosol [GO:0005829]; peroxisomal membrane [GO:0005778]; peroxisome [GO:0005777]
P38856	AP18A_YEAST	YAP1801 YHR161C	637	cellular bud neck [GO:0005935]; clathrin-coated pit [GO:0005905]; clathrin-coated vesicle [GO:0030136]; plasma membrane [GO:0005886]; prospore membrane [GO:0005628]
P38857	MPC2_YEAST	MPC2 YHR162W	129	inner mitochondrial membrane protein complex [GO:0098800]; mitochondrial inner membrane [GO:0005743]; mitochondrial pyruvate carrier complex [GO:7770001]; mitochondrion [GO:0005739]
P38859	DNA2_YEAST	DNA2 YHR164C	1522	chromosome, telomeric region [GO:0000781]; cytoplasm [GO:0005737]; cytosol [GO:0005829]; nucleus [GO:0005634]; site of double-strand break [GO:0035861]
P38861	NMD3_YEAST	NMD3 YHR170W	518	cytoplasm [GO:0005737]; cytosol [GO:0005829]; nucleoplasm [GO:0005654]; nucleus [GO:0005634]
P38862	ATG7_YEAST	ATG7 APG7 CVT2 YHR171W	630	cytoplasm [GO:0005737]; cytosol [GO:0005829]; extrinsic component of phagophore assembly site membrane [GO:0097632]; membrane [GO:0016020]; mitochondrion [GO:0005739]; phagophore assembly site [GO:0000407]
P38863	SPC97_YEAST	SPC97 YHR172W	823	gamma-tubulin complex [GO:0000930]; gamma-tubulin small complex [GO:0008275]; inner plaque of spindle pole body [GO:0005822]; microtubule [GO:0005874]; mitotic spindle pole body [GO:0044732]; nucleus [GO:0005634]; outer plaque of spindle pole body [GO:0005824]; spindle pole [GO:0000922]; spindle pole body [GO:0005816]
P38869	SVP26_YEAST	SVP26 YHR181W	228	COPII-coated ER to Golgi transport vesicle [GO:0030134]; endoplasmic reticulum [GO:0005783]; endoplasmic reticulum membrane [GO:0005789]; Golgi membrane [GO:0000139]
P38870	RGD3_YEAST	RGD3 YHR182W	785	cell cortex [GO:0005938]; cell division site [GO:0032153]; cell tip [GO:0051286]; cellular bud [GO:0005933]; cellular bud neck [GO:0005935]; cellular bud tip [GO:0005934]; cytoplasm [GO:0005737]; cytoplasmic vesicle membrane [GO:0030659]; plasma membrane [GO:0005886]; site of polarized growth [GO:0030427]
P38873	KOG1_YEAST	KOG1 LAS24 YHR186C H9998.14	1557	cytoplasm [GO:0005737]; cytoplasmic stress granule [GO:0010494]; fungal-type vacuole membrane [GO:0000329]; mitochondrion [GO:0005739]; plasma membrane [GO:0005886]; TORC1 complex [GO:0031931]
P38874	ELP5_YEAST	IKI1 ELP5 HAP2 TOT5 YHR187W	309	cytoplasm [GO:0005737]; cytosol [GO:0005829]; elongator holoenzyme complex [GO:0033588]; nucleoplasm [GO:0005654]; nucleus [GO:0005634]; peroxisome [GO:0005777]
P38875	GPI16_YEAST	GPI16 YHR188C	610	endoplasmic reticulum [GO:0005783]; endoplasmic reticulum membrane [GO:0005789]; GPI-anchor transamidase complex [GO:0042765]
P38878	LNP_YEAST	LNP1 YHR192W	278	cytoplasm [GO:0005737]; endoplasmic reticulum [GO:0005783]; endoplasmic reticulum membrane [GO:0005789]; endoplasmic reticulum tubular network [GO:0071782]
P38879	NACA_YEAST	EGD2 YHR193C	174	cytoplasm [GO:0005737]; nascent polypeptide-associated complex [GO:0005854]; nucleus [GO:0005634]
P38881	NVJ1_YEAST	NVJ1 VAB36 YHR195W	321	membrane [GO:0016020]; nuclear envelope [GO:0005635]; nuclear outer membrane [GO:0005640]; nuclear periphery [GO:0034399]; nucleus-vacuole junction [GO:0071561]
P38882	UTP9_YEAST	UTP9 YHR196W	575	90S preribosome [GO:0030686]; nucleolus [GO:0005730]; nucleus [GO:0005634]; rDNA heterochromatin [GO:0033553]; small-subunit processome [GO:0032040]; t-UTP complex [GO:0034455]
P38883	RIX1_YEAST	RIX1 IPI2 YHR197W	763	cytosol [GO:0005829]; nucleoplasm [GO:0005654]; nucleus [GO:0005634]; rixosome complex [GO:0120330]
P38886	RPN10_YEAST	RPN10 MCB1 SUN1 YHR200W	268	cytosol [GO:0005829]; nucleus [GO:0005634]; proteasome complex [GO:0000502]; proteasome regulatory particle, base subcomplex [GO:0008540]
P38887	5NTD_YEAST	SMN1 YHR202W	602	cytosol [GO:0005829]; extracellular region [GO:0005576]; fungal-type vacuole [GO:0000324]
P38888	MNL1_YEAST	MNL1 HTM1 YHR204W	796	endoplasmic reticulum [GO:0005783]; endoplasmic reticulum lumen [GO:0005788]; endoplasmic reticulum quality control compartment [GO:0044322]; mannosyl-oligosaccharide 1,2-alpha-mannosidase complex [GO:0106055]; membrane [GO:0016020]
P38889	SKN7_YEAST	SKN7 BRY1 POS9 YHR206W	622	cytosol [GO:0005829]; nucleus [GO:0005634]
P38890	SET5_YEAST	SET5 YHR207C	526	chromatin [GO:0000785]; cytoplasm [GO:0005737]; nucleus [GO:0005634]
P38891	BCA1_YEAST	BAT1 ECA39 TWT1 YHR208W	393	mitochondrial matrix [GO:0005759]; mitochondrion [GO:0005739]
P38894	FLO5_YEAST	FLO5 YHR211W	1075	cell periphery [GO:0071944]; fungal-type cell wall [GO:0009277]; side of membrane [GO:0098552]
P38902	RPB11_YEAST	RPB11 YOL005C	120	nucleus [GO:0005634]; RNA polymerase II, core complex [GO:0005665]
P38903	2A5D_YEAST	RTS1 SCS1 YOR014W OR26.04	757	cellular bud neck [GO:0005935]; cytoplasm [GO:0005737]; kinetochore [GO:0000776]; nucleus [GO:0005634]; protein phosphatase type 2A complex [GO:0000159]; spindle pole body [GO:0005816]
P38907	CENPN_YEAST	CHL4 CTF17 MCM17 YDR254W YD9320A.04	458	kinetochore [GO:0000776]; nucleus [GO:0005634]; outer kinetochore [GO:0000940]
P38910	CH10_YEAST	HSP10 CPN10 YOR020C OR26.10	106	mitochondrial matrix [GO:0005759]; mitochondrion [GO:0005739]
P38911	FKBP3_YEAST	FPR3 NPI46 YML074C	411	chromatin [GO:0000785]; nucleolus [GO:0005730]; nucleus [GO:0005634]
P38912	IF1A_YEAST	TIF11 YMR260C YM8156.02C	153	cytoplasm [GO:0005737]; cytoplasmic stress granule [GO:0010494]; eukaryotic 43S preinitiation complex [GO:0016282]; eukaryotic 48S preinitiation complex [GO:0033290]
P38915	SPT8_YEAST	SPT8 YLR055C L2144	602	nucleus [GO:0005634]; SAGA complex [GO:0000124]
P38920	MLH1_YEAST	MLH1 PMS2 YMR167W YM8520.16	769	cytoplasm [GO:0005737]; mitochondrion [GO:0005739]; MutLalpha complex [GO:0032389]; MutLbeta complex [GO:0032390]; MutLgamma complex [GO:0097587]; nucleus [GO:0005634]
P38922	HRB1_YEAST	HRB1 TOM34 YNL004W N2009	454	cytoplasm [GO:0005737]; cytoplasmic stress granule [GO:0010494]; nucleus [GO:0005634]; P-body [GO:0000932]; ribonucleoprotein complex [GO:1990904]
P38925	SMF1_YEAST	SMF1 ESP1 YOL122C	575	fungal-type vacuole [GO:0000324]; plasma membrane [GO:0005886]
P38927	REV7_YEAST	REV7 YIL139C	245	chromatin [GO:0000785]; mitochondrion [GO:0005739]; nucleus [GO:0005634]; zeta DNA polymerase complex [GO:0016035]
P38928	AXL2_YEAST	AXL2 BUD10 SRO4 YIL140W	823	cell division site [GO:0032153]; cellular bud neck [GO:0005935]; cellular bud neck septin ring [GO:0000144]; fungal-type vacuole [GO:0000324]; incipient cellular bud site [GO:0000131]; plasma membrane [GO:0005886]
P38929	ATC2_YEAST	PMC1 YGL006W	1173	fungal-type vacuole membrane [GO:0000329]; plasma membrane [GO:0005886]
P38930	CSK2C_YEAST	CKB2 YOR039W OR26.32	258	CURI complex [GO:0032545]; cytoplasm [GO:0005737]; nucleolus [GO:0005730]; nucleoplasm [GO:0005654]; protein kinase CK2 complex [GO:0005956]; small-subunit processome [GO:0032040]; UTP-C complex [GO:0034456]
P38931	SSN2_YEAST	SSN2 MED13 NUT8 RYE3 SCA1 SRB9 UME2 YDR443C	1420	CKM complex [GO:1990508]; mediator complex [GO:0016592]
P38932	VPS45_YEAST	VPS45 STT10 VPL28 YGL095C	577	cytosol [GO:0005829]; Golgi membrane [GO:0000139]; SNARE complex [GO:0031201]; vacuolar membrane [GO:0005774]
P38934	BFR1_YEAST	BFR1 YOR198C	470	cytoplasm [GO:0005737]; endoplasmic reticulum [GO:0005783]; nuclear outer membrane-endoplasmic reticulum membrane network [GO:0042175]; ribonucleoprotein complex [GO:1990904]
P38953	RAD55_YEAST	RAD55 YDR076W D4426	406	Rad51B-Rad51C-Rad51D-XRCC2 complex [GO:0033063]; Rad51C-XRCC3 complex [GO:0033065]; replication fork [GO:0005657]
P38954	IPT1_YEAST	IPT1 SYR4 YDR072C D4405 YD8554.05C	527	Golgi membrane [GO:0000139]; inositol phosphoceramide synthase complex [GO:0070916]; membrane [GO:0016020]
P38956	SNF11_YEAST	SNF11 YDR073W D4411	169	chromatin [GO:0000785]; cytosol [GO:0005829]; nucleus [GO:0005634]; SWI/SNF complex [GO:0016514]
P38959	VPS41_YEAST	VPS41 FET2 VAM2 YDR080W D446 YD8554.13	992	endosome [GO:0005768]; fungal-type vacuole membrane [GO:0000329]; HOPS complex [GO:0030897]; late endosome [GO:0005770]
P38960	STN1_YEAST	STN1 YDR082W D4456 YD8554.15	494	chromosome, telomeric region [GO:0000781]; CST complex [GO:1990879]
P38961	RRP8_YEAST	RRP8 YDR083W D4461	392	90S preribosome [GO:0030686]; chromosome, telomeric region [GO:0000781]; nucleolus [GO:0005730]
P38967	TAT2_YEAST	TAT2 LTG3 SAB2 SCM2 TAP2 YOL020W	592	eisosome [GO:0032126]; endoplasmic reticulum [GO:0005783]; membrane [GO:0016020]; plasma membrane [GO:0005886]; plasma membrane raft [GO:0044853]
P38968	SEC31_YEAST	SEC31 WEB1 YDL195W D1229	1273	COPII vesicle coat [GO:0030127]; endoplasmic reticulum [GO:0005783]; endoplasmic reticulum exit site [GO:0070971]; endoplasmic reticulum membrane [GO:0005789]; mating projection tip [GO:0043332]
P38970	HAL5_YEAST	HAL5 YJL165C J0531	855	plasma membrane [GO:0005886]
P38985	SRP14_YEAST	SRP14 YDL092W D2404	146	nucleus [GO:0005634]; signal recognition particle, endoplasmic reticulum targeting [GO:0005786]
P38987	TEM1_YEAST	TEM1 YML064C	245	spindle pole body [GO:0005816]
P38989	SMC2_YEAST	SMC2 YFR031C	1170	chromatin [GO:0000785]; condensed chromosome [GO:0000793]; condensin complex [GO:0000796]; mitochondrion [GO:0005739]; nucleus [GO:0005634]
P38990	SAK1_YEAST	SAK1 PAK1 YER129W SYGP-ORF45	1142	cytoplasm [GO:0005737]; cytosol [GO:0005829]
P38991	AURK_YEAST	IPL1 YPL209C	367	chromosome passenger complex [GO:0032133]; cytoplasm [GO:0005737]; kinetochore [GO:0000776]; kinetochore microtubule [GO:0005828]; microtubule [GO:0005874]; nucleus [GO:0005634]; spindle [GO:0005819]; spindle microtubule [GO:0005876]; spindle midzone [GO:0051233]; spindle pole [GO:0000922]
P38992	SUR2_YEAST	SUR2 SYR2 YDR297W D9740.8	349	endoplasmic reticulum membrane [GO:0005789]
P38993	FET3_YEAST	FET3 YMR058W YM9796.11	636	endoplasmic reticulum [GO:0005783]; fungal-type vacuole [GO:0000324]; high-affinity iron permease complex [GO:0033573]; plasma membrane [GO:0005886]
P38994	ITS3_YEAST	MSS4 YDR208W YD8142A.05	779	nucleus [GO:0005634]; plasma membrane [GO:0005886]
P38995	ATU2_YEAST	CCC2 YDR270W D9954.6	1004	Golgi apparatus [GO:0005794]; membrane [GO:0016020]; trans-Golgi network transport vesicle membrane [GO:0012510]
P38996	NAB3_YEAST	NAB3 HMD1 YPL190C	802	cytoplasm [GO:0005737]; Nrd1 complex [GO:0035649]; nucleoplasm [GO:0005654]; nucleus [GO:0005634]
P38998	LYS1_YEAST	LYS1 YIR034C	373	cytoplasm [GO:0005737]; peroxisome [GO:0005777]
P39001	UME6_YEAST	UME6 CAR80 CARGR1 NIM2 RIM16 YDR207C YD8142.04C	836	nucleus [GO:0005634]; Rpd3L complex [GO:0033698]; Rpd3L-Expanded complex [GO:0070210]; transcription regulator complex [GO:0005667]
P39002	LCF3_YEAST	FAA3 YIL009W	694	endoplasmic reticulum [GO:0005783]; lipid droplet [GO:0005811]; plasma membrane [GO:0005886]
P39003	HXT6_YEAST	HXT6 YDR343C D9651.12	570	cell periphery [GO:0071944]; mitochondrial membrane [GO:0031966]; mitochondrion [GO:0005739]; plasma membrane [GO:0005886]
P39004	HXT7_YEAST	HXT7 YDR342C D9651.11	570	cell periphery [GO:0071944]; mitochondrion [GO:0005739]; plasma membrane [GO:0005886]
P39006	PSD1_YEAST	PSD1 YNL169C N1692	500	endoplasmic reticulum membrane [GO:0005789]; lipid droplet [GO:0005811]; mitochondrial inner membrane [GO:0005743]; mitochondrion [GO:0005739]
P39007	STT3_YEAST	STT3 YGL022W	718	endoplasmic reticulum [GO:0005783]; endoplasmic reticulum membrane [GO:0005789]; oligosaccharyltransferase complex [GO:0008250]
P39008	POP2_YEAST	POP2 CAF1 YNR052C N3470	433	CCR4-NOT core complex [GO:0030015]; cytoplasm [GO:0005737]; mating projection tip [GO:0043332]; nucleus [GO:0005634]; P-body [GO:0000932]
P39009	DUN1_YEAST	DUN1 YDL101C D2370	513	nucleus [GO:0005634]
P39010	AKR1_YEAST	AKR1 YDR264C D9954.9 YD9230B.03C	764	early endosome membrane [GO:0031901]; Golgi apparatus [GO:0005794]; Golgi membrane [GO:0000139]
P39011	GDS1_YEAST	BEM4 ROM7 YPL161C P2561	633	cytoplasm [GO:0005737]; cytosol [GO:0005829]; nucleus [GO:0005634]
P39012	GAA1_YEAST	GAA1 END2 YLR088W L9449.4	614	endoplasmic reticulum [GO:0005783]; endoplasmic reticulum membrane [GO:0005789]; GPI-anchor transamidase complex [GO:0042765]
P39013	END3_YEAST	END3 YNL084C N2307	349	actin cortical patch [GO:0030479]; actin cytoskeleton-regulatory complex [GO:1990964]; cell periphery [GO:0071944]; cytoplasm [GO:0005737]; endosome membrane [GO:0010008]; mating projection tip [GO:0043332]; plasma membrane [GO:0005886]
P39014	MET30_YEAST	MET30 YIL046W	640	cytoplasm [GO:0005737]; nuclear SCF ubiquitin ligase complex [GO:0043224]; nucleus [GO:0005634]; SCF ubiquitin ligase complex [GO:0019005]
P39015	STM1_YEAST	STM1 MPT4 STO1 YLR150W L9634.1	273	cytoplasm [GO:0005737]; nucleus [GO:0005634]; perinuclear region of cytoplasm [GO:0048471]
P39016	MPT5_YEAST	MPT5 HTR1 PUF5 YGL178W BIC834	859	cytoplasm [GO:0005737]
P39073	SSN3_YEAST	SSN3 ARE1 CDK8 GIG2 SRB10 UME5 YPL042C	555	CKM complex [GO:1990508]; mediator complex [GO:0016592]; nucleus [GO:0005634]
P39078	TCPD_YEAST	CCT4 ANC2 TCP4 YDL143W	528	chaperonin-containing T-complex [GO:0005832]
P39081	PCF11_YEAST	PCF11 YDR228C YD9934.13C	626	cytoplasm [GO:0005737]; cytosol [GO:0005829]; mRNA cleavage factor complex [GO:0005849]; nucleus [GO:0005634]
P39083	RGA1_YEAST	RGA1 DBM1 THE1 YOR127W O3290 YOR3290W	1007	cell cortex [GO:0005938]; cell division site [GO:0032153]; cell tip [GO:0051286]; cellular birth scar [GO:0071597]; cellular bud [GO:0005933]; cellular bud neck [GO:0005935]; cellular bud neck split septin rings [GO:0032177]; cellular bud scar [GO:0005621]; cytoplasm [GO:0005737]; plasma membrane [GO:0005886]; site of polarized growth [GO:0030427]
P39104	PIK1_YEAST	PIK1 YNL267W N0795	1066	cytoplasm [GO:0005737]; membrane [GO:0016020]; nucleus [GO:0005634]; trans-Golgi network [GO:0005802]
P39105	PLB1_YEAST	PLB1 YMR008C YM8270.10C	664	cell periphery [GO:0071944]; cytosol [GO:0005829]; endoplasmic reticulum [GO:0005783]; extracellular region [GO:0005576]; periplasmic space [GO:0042597]; plasma membrane [GO:0005886]; side of membrane [GO:0098552]
P39107	MNN9_YEAST	MNN9 YPL050C P7102.01	395	cis-Golgi network [GO:0005801]; endoplasmic reticulum [GO:0005783]; endoplasmic reticulum membrane [GO:0005789]; Golgi cis cisterna [GO:0000137]; mannan polymerase complex [GO:0000136]
P39108	PEX7_YEAST	PEX7 PAS7 PEB1 YDR142C YD2943.01C YD9302.18C	375	cargo receptor complex [GO:0062137]; cytoplasm [GO:0005737]; cytosol [GO:0005829]; peroxisomal matrix [GO:0005782]; peroxisomal membrane [GO:0005778]; peroxisome [GO:0005777]
P39109	YCFI_YEAST	YCF1 YDR135C YD9302.11C	1515	fungal-type vacuole membrane [GO:0000329]; membrane raft [GO:0045121]
P39111	VATF_YEAST	VMA7 YGR020C	118	fungal-type vacuole membrane [GO:0000329]; Golgi membrane [GO:0000139]; membrane [GO:0016020]; proton-transporting V-type ATPase complex [GO:0033176]; vacuolar proton-transporting V-type ATPase complex [GO:0016471]; vacuolar proton-transporting V-type ATPase, V1 domain [GO:0000221]
P39112	DSS1_YEAST	DSS1 MSU1 YMR287C YM8021.13C	969	mitochondrial degradosome [GO:0045025]; mitochondrial matrix [GO:0005759]; mitochondrion [GO:0005739]
P39113	CAT8_YEAST	CAT8 MSP8 YMR280C YM8021.06C	1433	cytoplasm [GO:0005737]; nucleus [GO:0005634]
P39515	TIM17_YEAST	TIM17 MIM17 MPI2 SMS1 YJL143W J0648	158	mitochondrial inner membrane [GO:0005743]; mitochondrial intermembrane space [GO:0005758]; mitochondrion [GO:0005739]; TIM23 mitochondrial import inner membrane translocase complex [GO:0005744]
P39516	RS14B_YEAST	RPS14B CRY2 YJL191W J0354	138	cytosol [GO:0005829]; cytosolic small ribosomal subunit [GO:0022627]; small-subunit processome [GO:0032040]
P39517	DHH1_YEAST	DHH1 YDL160C	506	cytoplasm [GO:0005737]; cytoplasmic side of membrane [GO:0098562]; cytoplasmic stress granule [GO:0010494]; P-body [GO:0000932]
P39518	LCF2_YEAST	FAA2 FAM1 YER015W	744	endoplasmic reticulum [GO:0005783]; membrane [GO:0016020]; mitochondrion [GO:0005739]; peroxisomal membrane [GO:0005778]; peroxisome [GO:0005777]
P39520	IFH1_YEAST	IFH1 RRP3 YLR223C L8083.9	1085	chromatin [GO:0000785]; chromosome, telomeric region [GO:0000781]; CURI complex [GO:0032545]; nucleolus [GO:0005730]; nucleus [GO:0005634]
P39521	FKHL1_YEAST	FHL1 YPR104C P8283.15	936	chromatin [GO:0000785]; nucleolus [GO:0005730]; nucleus [GO:0005634]
P39522	ILV3_YEAST	ILV3 YJR016C J1450	585	mitochondrion [GO:0005739]
P39524	ATC3_YEAST	DRS2 SWA3 YAL026C FUN38	1355	Cdc50p-Drs2p complex [GO:1990530]; endoplasmic reticulum [GO:0005783]; endosome membrane [GO:0010008]; phospholipid-translocating ATPase complex [GO:1990531]; plasma membrane [GO:0005886]; trans-Golgi network [GO:0005802]
P39526	LAA1_YEAST	LAA1 YJL207C HRD550 J0312	2014	clathrin-coated vesicle [GO:0030136]; cytosol [GO:0005829]; endocytic vesicle [GO:0030139]; Golgi apparatus [GO:0005794]
P39531	RCY1_YEAST	RCY1 YJL204C J0318 J0320	840	cell tip [GO:0051286]; cellular bud [GO:0005933]; cellular bud neck [GO:0005935]; cytosol [GO:0005829]; endosome [GO:0005768]; exocyst [GO:0000145]; Golgi apparatus [GO:0005794]; site of polarized growth [GO:0030427]
P39533	ACON2_YEAST	ACO2 YJL200C J0327	789	cytosol [GO:0005829]; mitochondrion [GO:0005739]
P39538	UBP12_YEAST	UBP12 YJL197W J0340	1254	cytoplasm [GO:0005737]; nuclear replication fork [GO:0043596]; nucleus [GO:0005634]
P39540	ELO1_YEAST	ELO1 YJL196C J0343	310	endoplasmic reticulum [GO:0005783]; endoplasmic reticulum membrane [GO:0005789]
P39547	UIP3_YEAST	UIP3 YAR027W FUN55	235	fungal-type vacuole membrane [GO:0000329]; nuclear envelope [GO:0005635]; nuclear membrane [GO:0031965]; plasma membrane [GO:0005886]
P39552	MST28_YEAST	MST28 YAR033W FUN59	234	COPI-coated vesicle membrane [GO:0030663]; endoplasmic reticulum [GO:0005783]; ER to Golgi transport vesicle membrane [GO:0012507]; Golgi apparatus [GO:0005794]; membrane [GO:0016020]; plasma membrane [GO:0005886]
P39676	FHP_YEAST	YHB1 YHB YGR234W G8572	399	cytoplasm [GO:0005737]; cytoplasmic stress granule [GO:0010494]; cytosol [GO:0005829]; mitochondrial matrix [GO:0005759]; mitochondrion [GO:0005739]; nucleus [GO:0005634]
P39678	MBP1_YEAST	MBP1 YDL056W	833	MBF transcription complex [GO:0030907]; nucleus [GO:0005634]; SBF transcription complex [GO:0033309]
P39682	PRP39_YEAST	PRP39 YML046W YM9827.06	629	commitment complex [GO:0000243]; nucleus [GO:0005634]; spliceosomal complex [GO:0005681]; U1 snRNP [GO:0005685]; U2-type prespliceosome [GO:0071004]
P39683	NPT1_YEAST	NPT1 YOR209C	429	chromosome, telomeric region [GO:0000781]; cytosol [GO:0005829]; nucleus [GO:0005634]
P39685	PO152_YEAST	POM152 YMR129W YM9553.05	1337	cell periphery [GO:0071944]; mitochondrion [GO:0005739]; nuclear envelope [GO:0005635]; nuclear envelope lumen [GO:0005641]; nuclear membrane [GO:0031965]; nuclear periphery [GO:0034399]; nuclear pore [GO:0005643]; nuclear pore transmembrane ring [GO:0070762]
P39702	VPS8_YEAST	VPS8 VPT8 YAL002W FUN15	1274	CORVET complex [GO:0033263]; early endosome membrane [GO:0031901]; Golgi stack [GO:0005795]; HOPS complex [GO:0030897]; late endosome [GO:0005770]; membrane [GO:0016020]
P39704	ERP2_YEAST	ERP2 YAL007C FUN54	215	COPII-coated ER to Golgi transport vesicle [GO:0030134]; endoplasmic reticulum [GO:0005783]; endoplasmic reticulum membrane [GO:0005789]; endoplasmic reticulum-Golgi intermediate compartment [GO:0005793]; Golgi apparatus [GO:0005794]; Golgi-associated vesicle [GO:0005798]
P39705	NUP60_YEAST	NUP60 FUN17 YAR002W	539	cytosol [GO:0005829]; nuclear envelope [GO:0005635]; nuclear membrane [GO:0031965]; nuclear pore [GO:0005643]; nuclear pore central transport channel [GO:0044613]; nuclear pore nuclear basket [GO:0044615]; nucleus [GO:0005634]
P39706	SWD1_YEAST	SWD1 CPS50 SAF49 YAR003W FUN16	426	chromosome, telomeric region [GO:0000781]; nucleus [GO:0005634]; Set1C/COMPASS complex [GO:0048188]
P39707	SEN34_YEAST	SEN34 YAR008W FUN4	275	endomembrane system [GO:0012505]; mitochondrial outer membrane [GO:0005741]; mitochondrion [GO:0005739]; tRNA-intron endonuclease complex [GO:0000214]
P39714	BDH1_YEAST	BDH1 BDH YAL060W FUN49	382	cytoplasm [GO:0005737]
P39715	ECM1_YEAST	ECM1 SIM1 YAL059W	212	cytoplasm [GO:0005737]; nucleolus [GO:0005730]; nucleus [GO:0005634]; preribosome, large subunit precursor [GO:0030687]
P39717	GPB2_YEAST	GPB2 KRH1 YAL056W	880	cytoplasm [GO:0005737]; mitochondrion [GO:0005739]; plasma membrane [GO:0005886]
P39719	FLC2_YEAST	FLC2 YAL053W	783	cytoplasm [GO:0005737]; endoplasmic reticulum [GO:0005783]; endoplasmic reticulum membrane [GO:0005789]; membrane [GO:0016020]
P39720	OAF1_YEAST	OAF1 YAF1 YAL051W FUN43	1047	nucleus [GO:0005634]; Pip2-Oaf1 complex [GO:0089716]; transcription regulator complex [GO:0005667]
P39722	GEM1_YEAST	GEM1 YAL048C	662	ERMES complex [GO:0032865]; mitochondria-associated endoplasmic reticulum membrane contact site [GO:0044233]; mitochondrial outer membrane [GO:0005741]; mitochondrion [GO:0005739]; outer mitochondrial membrane protein complex [GO:0098799]
P39723	MBO1_YEAST	SPC72 LDB4 SPI6 YAL047C FUN42	622	mitotic spindle astral microtubule end [GO:1905721]; outer plaque of mitotic spindle pole body [GO:0061499]; outer plaque of spindle pole body [GO:0005824]; spindle microtubule [GO:0005876]; spindle pole body [GO:0005816]
P39724	BOL3_YEAST	BOL3 AIM1 YAL046C	118	iron-sulfur cluster assembly complex [GO:1990229]; mitochondrial matrix [GO:0005759]; mitochondrion [GO:0005739]
P39726	GCSH_YEAST	GCV3 YAL044C FUN40	170	glycine cleavage complex [GO:0005960]; mitochondrion [GO:0005739]
P39727	ERV46_YEAST	ERV46 YAL042W FUN9	415	COPII-coated ER to Golgi transport vesicle [GO:0030134]; endoplasmic reticulum [GO:0005783]; endoplasmic reticulum membrane [GO:0005789]; Golgi membrane [GO:0000139]; retrograde transporter complex, Golgi to ER [GO:0061852]
P39729	RBG1_YEAST	RBG1 FUN11 YAL036C	369	cytoplasm [GO:0005737]; cytoplasmic stress granule [GO:0010494]; peroxisome [GO:0005777]
P39730	IF2P_YEAST	FUN12 YAL035W	1002	cytoplasm [GO:0005737]; cytoplasmic stress granule [GO:0010494]; cytosol [GO:0005829]; cytosolic small ribosomal subunit [GO:0022627]; eukaryotic 48S preinitiation complex [GO:0033290]; mitochondrion [GO:0005739]
P39731	MTW1_YEAST	MTW1 DSN3 NSL2 YAL034W-A YAL034AW	289	kinetochore [GO:0000776]; MIS12/MIND type complex [GO:0000444]; nucleus [GO:0005634]; outer kinetochore [GO:0000940]; spindle pole [GO:0000922]
P39735	SAW1_YEAST	SAW1 YAL027W	261	endonuclease complex [GO:1905348]; nucleus [GO:0005634]
P39742	SEC72_YEAST	SEC72 SEC67 SIM2 YLR292C L8003.18	193	endoplasmic reticulum [GO:0005783]; rough endoplasmic reticulum membrane [GO:0030867]; Sec62/Sec63 complex [GO:0031207]; translocon complex [GO:0071256]
P39743	RV167_YEAST	RVS167 YDR388W D9509.8	482	actin cortical patch [GO:0030479]; actin cytoskeleton [GO:0015629]; cellular bud tip [GO:0005934]; cytoplasm [GO:0005737]; cytosol [GO:0005829]; mating projection tip [GO:0043332]; medial cortex [GO:0031097]; Rvs161p-Rvs167p complex [GO:1990528]
P39744	NOC2_YEAST	NOC2 YOR206W YOX001	710	mitochondrion [GO:0005739]; Noc1p-Noc2p complex [GO:0030690]; Noc2p-Noc3p complex [GO:0030691]; nucleolus [GO:0005730]; nucleoplasm [GO:0005654]; nucleus [GO:0005634]; preribosome, large subunit precursor [GO:0030687]
P39875	EXO1_YEAST	EXO1 DHS1 YOR033C OR26.23	702	cytoplasm [GO:0005737]; nucleus [GO:0005634]
P39904	VPS52_YEAST	VPS52 SAC2 YDR484W D8035.27	641	cytoskeleton [GO:0005856]; cytosol [GO:0005829]; endosome membrane [GO:0010008]; GARP complex [GO:0000938]; Golgi apparatus [GO:0005794]
P39923	NPR2_YEAST	NPR2 YEL062W	615	GATOR1 complex [GO:1990130]; Seh1-associated complex [GO:0035859]; vacuolar membrane [GO:0005774]
P39925	AFG3_YEAST	AFG3 YTA10 YER017C	761	m-AAA complex [GO:0005745]; mitochondrial inner boundary membrane [GO:0097002]; mitochondrial inner membrane [GO:0005743]; mitochondrion [GO:0005739]
P39926	SSO2_YEAST	SSO2 YMR183C YM8010.13C	295	cell periphery [GO:0071944]; cytoplasm [GO:0005737]; endomembrane system [GO:0012505]; endoplasmic reticulum [GO:0005783]; Golgi membrane [GO:0000139]; plasma membrane [GO:0005886]; prospore membrane [GO:0005628]; SNARE complex [GO:0031201]
P39927	PTI1_YEAST	PTI1 YGR156W G6670	425	cytosol [GO:0005829]; mRNA cleavage and polyadenylation specificity factor complex [GO:0005847]; nucleus [GO:0005634]
P39928	SLN1_YEAST	SLN1 YPD2 YIL147C	1220	cell periphery [GO:0071944]; plasma membrane [GO:0005886]
P39929	SNF7_YEAST	SNF7 DID1 VPS32 YLR025W	240	cytoplasm [GO:0005737]; cytoplasmic side of plasma membrane [GO:0009898]; cytosol [GO:0005829]; ESCRT III complex [GO:0000815]; multivesicular body [GO:0005771]; nuclear envelope [GO:0005635]; plasma membrane [GO:0005886]
P39935	IF4F1_YEAST	TIF4631 YGR162W	952	cytoplasm [GO:0005737]; cytoplasmic stress granule [GO:0010494]; eukaryotic translation initiation factor 4F complex [GO:0016281]; mitochondrion [GO:0005739]; P-body [GO:0000932]; ribosome [GO:0005840]
P39936	IF4F2_YEAST	TIF4632 YGL049C	914	cytoplasmic stress granule [GO:0010494]; eukaryotic translation initiation factor 4F complex [GO:0016281]; P-body [GO:0000932]; ribosome [GO:0005840]
P39939	RS26B_YEAST	RPS26B YER131W	119	90S preribosome [GO:0030686]; cytosol [GO:0005829]; cytosolic small ribosomal subunit [GO:0022627]
P39940	RSP5_YEAST	RSP5 MDP1 NPI1 YER125W SYGP-ORF41	809	actin cortical patch [GO:0030479]; cellular bud tip [GO:0005934]; cytoplasm [GO:0005737]; cytosol [GO:0005829]; cytosolic ribosome [GO:0022626]; endosome membrane [GO:0010008]; Golgi apparatus [GO:0005794]; mitochondrion [GO:0005739]; nucleus [GO:0005634]; plasma membrane [GO:0005886]; RSP5-BUL ubiquitin ligase complex [GO:1990306]; ubiquitin ligase complex [GO:0000151]
P39943	MIG3_YEAST	MIG3 YER028C	394	chromatin [GO:0000785]; cytoplasm [GO:0005737]; nucleus [GO:0005634]
P39946	LIS1_YEAST	PAC1 LIS1 YOR269W	494	cytoplasm [GO:0005737]; cytoplasmic microtubule [GO:0005881]; kinetochore [GO:0000776]; microtubule associated complex [GO:0005875]; nuclear envelope [GO:0005635]; nucleus [GO:0005634]; spindle pole [GO:0000922]
P39952	OXA1_YEAST	OXA1 PET1402 YER154W	402	mitochondrial crista [GO:0030061]; mitochondrial inner boundary membrane [GO:0097002]; mitochondrial inner membrane [GO:0005743]; mitochondrion [GO:0005739]
P39956	RPH1_YEAST	RPH1 YER169W	796	chromatin [GO:0000785]; nucleus [GO:0005634]
P39958	GDI1_YEAST	GDI1 SEC19 YER136W	451	cytosol [GO:0005829]
P39960	BEM2_YEAST	BEM2 IPL2 SUP9 YER155C	2167	cell cortex [GO:0005938]; cell division site [GO:0032153]; cell tip [GO:0051286]; cellular bud tip [GO:0005934]; cytoplasm [GO:0005737]; incipient cellular bud site [GO:0000131]; mating projection tip [GO:0043332]; mitochondrion [GO:0005739]; plasma membrane [GO:0005886]; prospore membrane [GO:0005628]; site of polarized growth [GO:0030427]
P39962	KC13_YEAST	YCK3 CKI3 YER123W	524	cytoplasm [GO:0005737]; fungal-type vacuole [GO:0000324]; fungal-type vacuole membrane [GO:0000329]; nuclear membrane [GO:0031965]; nucleus [GO:0005634]; plasma membrane [GO:0005886]
P39966	PP2C2_YEAST	PTC2 YER089C	464	cytoplasm [GO:0005737]; cytosol [GO:0005829]; nucleus [GO:0005634]
P39968	VAC8_YEAST	VAC8 YEB3 YEL013W	578	cytosol [GO:0005829]; fungal-type vacuole membrane [GO:0000329]; membrane [GO:0016020]; membrane raft [GO:0045121]; Myo2p-Vac17p-Vac8p transport complex [GO:0071563]; nuclear membrane [GO:0031965]; nuclear outer membrane [GO:0005640]; nucleus-vacuole junction [GO:0071561]; phagophore assembly site [GO:0000407]
P39969	BOI2_YEAST	BOI2 BEB1 YER114C	1040	cellular bud [GO:0005933]; cellular bud neck [GO:0005935]; cytosol [GO:0005829]; early endosome [GO:0005769]; recycling endosome [GO:0055037]; site of polarized growth [GO:0030427]; trans-Golgi network [GO:0005802]
P39976	DLD3_YEAST	DLD3 YEL071W	496	cytoplasm [GO:0005737]; mitochondrion [GO:0005739]
P39979	HPA3_YEAST	HPA3 YEL066W	161	cytoplasm [GO:0005737]; nucleus [GO:0005634]
P39984	HAT2_YEAST	HAT2 YEL056W	401	chromosome, telomeric region [GO:0000781]; cytoplasm [GO:0005737]; histone acetyltransferase complex [GO:0000123]; nucleus [GO:0005634]; Rpd3L complex [GO:0033698]; Rpd3L-Expanded complex [GO:0070210]
P39985	DPO5_YEAST	POL5 YEL055C	1022	nucleolus [GO:0005730]; small-subunit processome [GO:0032040]
P39986	SPF1_YEAST	SPF1 COD1 YEL031W	1215	cis-Golgi network [GO:0005801]; endoplasmic reticulum [GO:0005783]; endoplasmic reticulum membrane [GO:0005789]; mitochondrion [GO:0005739]
P39987	HSP7E_YEAST	ECM10 SSC3 YEL030W	644	cytoplasm [GO:0005737]; mitochondrial nucleoid [GO:0042645]; mitochondrion [GO:0005739]
P39990	SNU13_YEAST	SNU13 YEL026W	126	box C/D methylation guide snoRNP complex [GO:0031428]; nucleolus [GO:0005730]; nucleoplasm [GO:0005654]; nucleus [GO:0005634]; precatalytic spliceosome [GO:0071011]; small-subunit processome [GO:0032040]; spliceosomal complex [GO:0005681]; U4 snRNP [GO:0005687]; U4/U6 snRNP [GO:0071001]; U4/U6 x U5 tri-snRNP complex [GO:0046540]
P39993	GEA2_YEAST	GEA2 YEL022W	1459	cytosol [GO:0005829]; Golgi cis cisterna [GO:0000137]; Golgi membrane [GO:0000139]
P39995	EAF5_YEAST	EAF5 YEL018W	279	cytosol [GO:0005829]; NuA4 histone acetyltransferase complex [GO:0035267]; nucleosome disassembly/reassembly complex [GO:1990453]; nucleus [GO:0005634]
P39997	NPP2_YEAST	NPP2 YEL016C	493	endoplasmic reticulum [GO:0005783]; membrane [GO:0016020]
P39998	EDC3_YEAST	EDC3 LSM16 YEL015W	551	cytoplasm [GO:0005737]; nucleus [GO:0005634]; P-body [GO:0000932]
P40003	VAB2_YEAST	VAB2 VAB31 YEL005C	282	BLOC-1 complex [GO:0031083]; cytoplasm [GO:0005737]; endosome [GO:0005768]; vacuole [GO:0005773]
P40005	PFD2_YEAST	GIM4 PFD2 YEL003W	111	cytoplasm [GO:0005737]; prefoldin complex [GO:0016272]
P40009	YND1_YEAST	YND1 YER005W	630	Golgi apparatus [GO:0005794]; Golgi membrane [GO:0000139]; membrane [GO:0016020]
P40010	NUG1_YEAST	NUG1 YER006W	520	nucleolus [GO:0005730]; nucleus [GO:0005634]; preribosome, large subunit precursor [GO:0030687]
P40011	RRAAH_YEAST	YER010C	234	
P40013	BIM1_YEAST	BIM1 YER016W	344	cytoplasmic microtubule [GO:0005881]; microtubule organizing center [GO:0005815]; microtubule plus-end [GO:0035371]; mitotic spindle [GO:0072686]; spindle midzone [GO:0051233]; spindle pole [GO:0000922]
P40014	SPC25_YEAST	SPC25 YER018C	221	kinetochore [GO:0000776]; Ndc80 complex [GO:0031262]; nucleus [GO:0005634]; outer kinetochore [GO:0000940]
P40015	ISC1_YEAST	ISC1 YER019W	477	cell periphery [GO:0071944]; endoplasmic reticulum [GO:0005783]; endoplasmic reticulum membrane [GO:0005789]; membrane [GO:0016020]; mitochondrial outer membrane [GO:0005741]; mitochondrion [GO:0005739]
P40016	RPN3_YEAST	RPN3 SUN2 YER021W	523	proteasome complex [GO:0000502]; proteasome regulatory particle, lid subcomplex [GO:0008541]
P40018	RSMB_YEAST	SMB1 YER029C	196	catalytic step 2 spliceosome [GO:0071013]; commitment complex [GO:0000243]; cytoplasm [GO:0005737]; nucleus [GO:0005634]; Prp19 complex [GO:0000974]; spliceosomal complex [GO:0005681]; U1 snRNP [GO:0005685]; U2 snRNP [GO:0005686]; U2-type prespliceosome [GO:0071004]; U4 snRNP [GO:0005687]; U4/U6 snRNP [GO:0071001]; U4/U6 x U5 tri-snRNP complex [GO:0046540]; U5 snRNP [GO:0005682]
P40021	ZRG8_YEAST	ZRG8 YER033C	1076	cellular bud [GO:0005933]; cellular bud neck [GO:0005935]; cellular bud tip [GO:0005934]; cytoplasm [GO:0005737]; mating projection tip [GO:0043332]; mitochondrion [GO:0005739]
P40023	EDC2_YEAST	EDC2 YER035W	145	cytoplasm [GO:0005737]; nucleolus [GO:0005730]; nucleus [GO:0005634]
P40024	ARB1_YEAST	ARB1 YER036C	610	cytoplasm [GO:0005737]; nucleus [GO:0005634]
P40028	YEN1_YEAST	YEN1 YER041W	759	cytoplasm [GO:0005737]; nucleus [GO:0005634]
P40032	TPA1_YEAST	TPA1 YER049W	644	cytoplasm [GO:0005737]; nucleus [GO:0005634]
P40033	RSM18_YEAST	RSM18 YER050C	138	mitochondrial inner membrane [GO:0005743]; mitochondrial small ribosomal subunit [GO:0005763]; mitochondrion [GO:0005739]
P40034	JHD1_YEAST	JHD1 YER051W	492	nucleus [GO:0005634]
P40046	VTC1_YEAST	VTC1 NRF1 PHM4 YER072W	129	autophagosome membrane [GO:0000421]; cell cortex [GO:0005938]; cytoplasmic vesicle [GO:0031410]; endoplasmic reticulum [GO:0005783]; endoplasmic reticulum membrane [GO:0005789]; fungal-type vacuole membrane [GO:0000329]; nuclear membrane [GO:0031965]; vacuolar membrane [GO:0005774]; vacuolar transporter chaperone complex [GO:0033254]
P40047	ALDH5_YEAST	ALD5 ALD3 ALDH5 YER073W	520	mitochondrial matrix [GO:0005759]; mitochondrion [GO:0005739]
P40048	PTP3_YEAST	PTP3 YER075C	928	cytoplasm [GO:0005737]; nucleus [GO:0005634]
P40051	ICP55_YEAST	ICP55 YER078C	511	mitochondrial inner membrane [GO:0005743]; mitochondrion [GO:0005739]; nucleus [GO:0005634]
P40054	SERA_YEAST	SER3 YER081W	469	cytoplasm [GO:0005737]
P40055	UTP7_YEAST	UTP7 KRE31 YER082C	554	90S preribosome [GO:0030686]; nucleolus [GO:0005730]; nucleoplasm [GO:0005654]; preribosome, small subunit precursor [GO:0030688]; small-subunit processome [GO:0032040]
P40056	GET2_YEAST	GET2 HUR2 RMD7 YER083C	285	endoplasmic reticulum [GO:0005783]; endoplasmic reticulum membrane [GO:0005789]; GET complex [GO:0043529]; Golgi membrane [GO:0000139]
P40059	DOT6_YEAST	DOT6 PBF2 YER088C	670	chromosome, telomeric region [GO:0000781]; cytoplasm [GO:0005737]; nucleus [GO:0005634]; Rpd3L-Expanded complex [GO:0070210]
P40060	IES5_YEAST	IES5 YER092W	125	Ino80 complex [GO:0031011]; nucleus [GO:0005634]
P40061	TSC11_YEAST	TSC11 AVO3 YER093C	1430	cytosol [GO:0005829]; plasma membrane [GO:0005886]; TORC2 complex [GO:0031932]; vacuolar membrane [GO:0005774]
P40063	RT105_YEAST	RTT105 YER104W	208	cytoplasm [GO:0005737]; nucleus [GO:0005634]
P40064	NU157_YEAST	NUP157 YER105C	1391	nuclear envelope [GO:0005635]; nuclear membrane [GO:0031965]; nuclear pore [GO:0005643]; nuclear pore inner ring [GO:0044611]
P40065	MAM1_YEAST	MAM1 YER106W	302	kinetochore [GO:0000776]; monopolin complex [GO:0033551]; nucleus [GO:0005634]
P40066	GLE2_YEAST	GLE2 RAE1 YER107C	365	cytoplasm [GO:0005737]; nuclear envelope [GO:0005635]; nuclear membrane [GO:0031965]; nuclear pore [GO:0005643]
P40068	FLO8_YEAST	FLO8 PDH5 YER109C YER108C	799	cytoplasm [GO:0005737]; nucleus [GO:0005634]
P40069	IMB4_YEAST	KAP123 YRB4 YER110C	1113	cytoplasm [GO:0005737]; cytoplasmic stress granule [GO:0010494]; nuclear pore [GO:0005643]; nucleus [GO:0005634]
P40070	LSM4_YEAST	LSM4 SDB23 USS1 YER112W	187	cytoplasm [GO:0005737]; Lsm1-7-Pat1 complex [GO:1990726]; nucleolus [GO:0005730]; nucleus [GO:0005634]; P-body [GO:0000932]; sno(s)RNA-containing ribonucleoprotein complex [GO:0005732]; spliceosomal complex [GO:0005681]; spliceosomal tri-snRNP complex [GO:0097526]; U4/U6 snRNP [GO:0071001]; U4/U6 x U5 tri-snRNP complex [GO:0046540]; U6 snRNP [GO:0005688]
P40072	SLX8_YEAST	SLX8 YER116C	274	cytoplasm [GO:0005737]; kinetochore [GO:0000776]; nucleus [GO:0005634]; SUMO-targeted ubiquitin ligase complex [GO:0033768]
P40073	SHO1_YEAST	SHO1 SSU81 YER118C	367	cell periphery [GO:0071944]; cellular bud [GO:0005933]; cellular bud neck [GO:0005935]; endoplasmic reticulum [GO:0005783]; HICS complex [GO:0044697]; mating projection tip [GO:0043332]; membrane [GO:0016020]; plasma membrane [GO:0005886]
P40075	SCS2_YEAST	SCS2 YER120W	244	cellular bud neck [GO:0005935]; cellular bud tip [GO:0005934]; chromosome, telomeric region [GO:0000781]; endoplasmic reticulum [GO:0005783]; endoplasmic reticulum membrane [GO:0005789]; nuclear envelope [GO:0005635]; nuclear membrane [GO:0031965]; nucleus-vacuole junction [GO:0071561]; plasma membrane [GO:0005886]
P40078	NSA2_YEAST	NSA2 YER126C SYGP-ORF47	261	nucleolus [GO:0005730]; nucleus [GO:0005634]; preribosome, large subunit precursor [GO:0030687]
P40084	RTR1_YEAST	RTR1 YER139C	226	cytoplasm [GO:0005737]; nucleus [GO:0005634]
P40086	COX15_YEAST	COX15 YER141W	486	mitochondrial inner membrane [GO:0005743]; mitochondrion [GO:0005739]
P40087	DDI1_YEAST	DDI1 VSM1 YER143W	428	cytoplasm [GO:0005737]; plasma membrane [GO:0005886]
P40089	LSM5_YEAST	LSM5 YER146W	93	Lsm1-7-Pat1 complex [GO:1990726]; nucleolus [GO:0005730]; nucleus [GO:0005634]; P-body [GO:0000932]; sno(s)RNA-containing ribonucleoprotein complex [GO:0005732]; spliceosomal complex [GO:0005681]; U4/U6 snRNP [GO:0071001]; U4/U6 x U5 tri-snRNP complex [GO:0046540]; U6 snRNP [GO:0005688]
P40090	SCC4_YEAST	SCC4 YER147C	624	chromatin [GO:0000785]; SMC loading complex [GO:0032116]
P40091	PEA2_YEAST	PEA2 PPF2 YER149C	420	cellular bud [GO:0005933]; cellular bud neck [GO:0005935]; cellular bud tip [GO:0005934]; incipient cellular bud site [GO:0000131]; mating projection tip [GO:0043332]; polarisome [GO:0000133]; site of polarized growth [GO:0030427]
P40094	COG3_YEAST	COG3 GRD20 SEC34 YER157W	801	cis-Golgi network [GO:0005801]; Golgi membrane [GO:0000139]; Golgi transport complex [GO:0017119]
P40096	NCB1_YEAST	BUR6 NCB1 YER159C	142	negative cofactor 2 complex [GO:0017054]; nucleus [GO:0005634]
P40099	FTHC_YEAST	FAU1 YER183C	211	cytoplasm [GO:0005737]; mitochondrion [GO:0005739]
P40106	GPP2_YEAST	GPP2 HOR2 YER062C	250	cytoplasm [GO:0005737]; nucleus [GO:0005634]
P40107	GMT1_YEAST	VRG4 GOG5 LDB3 MCD3 VAN2 VIG4 YGL225W	337	cytoplasmic vesicle membrane [GO:0030659]; endoplasmic reticulum membrane [GO:0005789]; Golgi apparatus [GO:0005794]; Golgi membrane [GO:0000139]; mitochondrion [GO:0005739]
P40150	SSB2_YEAST	SSB2 YG103 YNL209W N1333	613	cytoplasm [GO:0005737]; cytoplasmic stress granule [GO:0010494]; cytosol [GO:0005829]; nucleus [GO:0005634]; plasma membrane [GO:0005886]
P40151	WRIP1_YEAST	MGS1 YNL218W N1302	587	cytoplasm [GO:0005737]; nucleus [GO:0005634]
P40152	PPN2_YEAST	PPN2 YNL217W N1306	326	cytoplasm [GO:0005737]; fungal-type vacuole [GO:0000324]; fungal-type vacuole membrane [GO:0000329]; vacuolar lumen [GO:0005775]
P40154	IES2_YEAST	IES2 YNL215W N1315	320	Ino80 complex [GO:0031011]; nucleus [GO:0005634]
P40160	RIO2_YEAST	RIO2 YNL207W N1342	425	cytoplasm [GO:0005737]; cytoplasmic stress granule [GO:0010494]; cytosol [GO:0005829]; nucleus [GO:0005634]; preribosome, small subunit precursor [GO:0030688]
P40161	RT106_YEAST	RTT106 YNL206C N1346	455	chromosome [GO:0005694]; nucleus [GO:0005634]
P40164	PP4R3_YEAST	PSY2 YNL201C N1366	858	nucleoplasm [GO:0005654]; nucleus [GO:0005634]; protein phosphatase 4 complex [GO:0030289]
P40167	ZC3HD_YEAST	SLZ1 YNL196C N1386	298	cytoplasm [GO:0005737]; nucleolus [GO:0005730]; RNA N6-methyladenosine methyltransferase complex [GO:0036396]
P40186	PCL7_YEAST	PCL7 PAP1 YIL050W	285	cyclin-dependent protein kinase holoenzyme complex [GO:0000307]; cytoplasm [GO:0005737]; nucleus [GO:0005634]
P40202	CCS1_YEAST	CCS1 LYS7 YMR038C YM9532.03C	249	cytoplasm [GO:0005737]; cytosol [GO:0005829]; mitochondrial inner membrane [GO:0005743]; mitochondrial intermembrane space [GO:0005758]; mitochondrion [GO:0005739]; nucleus [GO:0005634]; protein folding chaperone complex [GO:0101031]; superoxide dismutase complex [GO:1902693]
P40204	RUXG_YEAST	SMX2 SNP2 YFL017W-A YFL017Bw	77	catalytic step 2 spliceosome [GO:0071013]; commitment complex [GO:0000243]; cytoplasm [GO:0005737]; nucleus [GO:0005634]; precatalytic spliceosome [GO:0071011]; SMN-Sm protein complex [GO:0034719]; spliceosomal complex [GO:0005681]; spliceosomal tri-snRNP complex [GO:0097526]; U1 snRNP [GO:0005685]; U2 snRNP [GO:0005686]; U2-type prespliceosome [GO:0071004]; U4 snRNP [GO:0005687]; U4/U6 snRNP [GO:0071001]; U4/U6 x U5 tri-snRNP complex [GO:0046540]; U5 snRNP [GO:0005682]
P40208	GID8_YEAST	GID8 DCR1 YMR135C YM9375.04C	455	cytoplasm [GO:0005737]; GID complex [GO:0034657]; nucleus [GO:0005634]
P40217	EIF3I_YEAST	TIF34 YMR146C YM9375.16C	347	cytoplasmic stress granule [GO:0010494]; eukaryotic 43S preinitiation complex [GO:0016282]; eukaryotic 48S preinitiation complex [GO:0033290]; eukaryotic translation initiation factor 3 complex [GO:0005852]; eukaryotic translation initiation factor 3 complex, eIF3m [GO:0071541]; multi-eIF complex [GO:0043614]
P40218	LDO45_YEAST	LDO45 YMR147W YM9375.17	412	cell periphery [GO:0071944]; endoplasmic reticulum membrane [GO:0005789]; lipid droplet [GO:0005811]
P40219	LDO16_YEAST	LDO16 OSW5 YMR148W YM9375.18	148	endoplasmic reticulum membrane [GO:0005789]; lipid droplet [GO:0005811]
P40302	PSA6_YEAST	PRE5 YMR314W YM9924.06	234	nucleus [GO:0005634]; proteasome complex [GO:0000502]; proteasome core complex, alpha-subunit complex [GO:0019773]; proteasome storage granule [GO:0034515]
P40303	PSA4_YEAST	PRE6 YOL038W	254	mitochondrion [GO:0005739]; nuclear outer membrane-endoplasmic reticulum membrane network [GO:0042175]; nucleus [GO:0005634]; proteasome complex [GO:0000502]; proteasome core complex, alpha-subunit complex [GO:0019773]; proteasome storage granule [GO:0034515]
P40308	TGL3_YEAST	TGL3 YMR313C YM9924.05C	642	lipid droplet [GO:0005811]
P40314	NACB2_YEAST	BTT1 YDR252W YD9320A.02	149	CCR4-NOT core complex [GO:0030015]; cytosol [GO:0005829]; nascent polypeptide-associated complex [GO:0005854]; nucleus [GO:0005634]
P40316	SECU_YEAST	PDS1 YDR113C YD9727.08C	373	cytoplasm [GO:0005737]; nucleus [GO:0005634]; separase-securin complex [GO:1990520]; spindle [GO:0005819]
P40318	DOA10_YEAST	SSM4 DOA10 YIL030C YI3299.01C YI9905.18C	1319	Doa10p ubiquitin ligase complex [GO:0000837]; endoplasmic reticulum [GO:0005783]; endoplasmic reticulum membrane [GO:0005789]; membrane [GO:0016020]; nuclear envelope [GO:0005635]; nuclear inner membrane [GO:0005637]
P40319	ELO3_YEAST	ELO3 APA1 SRE1 SUR4 VBM1 YLR372W L8039.2	345	endoplasmic reticulum [GO:0005783]; endoplasmic reticulum membrane [GO:0005789]
P40325	HUA1_YEAST	HUA1 YGR268C	198	cytoplasm [GO:0005737]
P40327	PRS4_YEAST	RPT2 YHS4 YTA5 YDL007W D2920	437	cytoplasm [GO:0005737]; nucleus [GO:0005634]; proteasome complex [GO:0000502]; proteasome regulatory particle, base subcomplex [GO:0008540]
P40335	PEP8_YEAST	PEP8 GRD6 VPS26 VPT4 YJL053W J1152	379	CROP complex [GO:0170071]; cytoplasm [GO:0005737]; cytosol [GO:0005829]; endomembrane system [GO:0012505]; endosome [GO:0005768]; fungal-type vacuole membrane [GO:0000329]; retromer complex [GO:0030904]; retromer, cargo-selective complex [GO:0030906]
P40339	RFC4_YEAST	RFC4 YOL094C O0923	323	Ctf18 RFC-like complex [GO:0031390]; cytosol [GO:0005829]; DNA replication factor C complex [GO:0005663]; Elg1 RFC-like complex [GO:0031391]; nucleus [GO:0005634]; Rad17 RFC-like complex [GO:0031389]
P40340	ATAD2_YEAST	YTA7 YGR270W	1379	chromatin [GO:0000785]; chromosome [GO:0005694]; chromosome, centromeric region [GO:0000775]; cytosol [GO:0005829]; nucleus [GO:0005634]
P40341	YTA12_YEAST	YTA12 RCA1 YMR089C YM9582.14C	825	cytoplasm [GO:0005737]; m-AAA complex [GO:0005745]; mitochondrial inner boundary membrane [GO:0097002]; mitochondrial inner membrane [GO:0005743]; mitochondrion [GO:0005739]
P40343	VPS27_YEAST	VPS27 DID7 GRD11 SSV17 VPL23 VPT27 YNR006W N2038	622	endosome [GO:0005768]; endosome membrane [GO:0010008]; ESCRT-0 complex [GO:0033565]; protein-containing complex [GO:0032991]; vacuolar membrane [GO:0005774]
P40344	ATG3_YEAST	ATG3 APG3 AUT1 YNR007C N2040	310	cytoplasm [GO:0005737]; cytosol [GO:0005829]; mitochondrion [GO:0005739]; phagophore [GO:0061908]; phagophore assembly site [GO:0000407]
P40345	PDAT_YEAST	LRO1 YNR008W N2042	661	cytoplasm [GO:0005737]; endoplasmic reticulum [GO:0005783]; endoplasmic reticulum membrane [GO:0005789]; lipid droplet [GO:0005811]; nuclear inner membrane [GO:0005637]; perinuclear endoplasmic reticulum [GO:0097038]
P40348	RFC2_YEAST	RFC2 YJR068W J1808	353	Ctf18 RFC-like complex [GO:0031390]; DNA replication factor C complex [GO:0005663]; Elg1 RFC-like complex [GO:0031391]; nucleus [GO:0005634]; Rad17 RFC-like complex [GO:0031389]
P40352	RAD26_YEAST	RAD26 GTA1085 YJR035W J1606	1085	chromatin [GO:0000785]; cytoplasm [GO:0005737]; nucleus [GO:0005634]
P40353	ATF1_YEAST	ATF1 YOR377W	525	endoplasmic reticulum [GO:0005783]; endoplasmic reticulum membrane [GO:0005789]; lipid droplet [GO:0005811]
P40356	MED3_YEAST	PGD1 HRS1 MED3 YGL025C	397	core mediator complex [GO:0070847]; mediator complex [GO:0016592]; nucleus [GO:0005634]
P40357	SEC9_YEAST	SEC9 HSS7 YGR009C	651	cellular bud neck [GO:0005935]; cytosol [GO:0005829]; fungal-type vacuole membrane [GO:0000329]; Golgi membrane [GO:0000139]; plasma membrane [GO:0005886]; SNARE complex [GO:0031201]
P40358	JEM1_YEAST	JEM1 KAR8 YJL073W HRC558 J1083	645	endoplasmic reticulum [GO:0005783]; endoplasmic reticulum membrane [GO:0005789]; nuclear membrane [GO:0031965]; nuclear outer membrane-endoplasmic reticulum membrane network [GO:0042175]
P40359	PSF2_YEAST	PSF2 YJL072C HRF213 J1086	213	CMG complex [GO:0071162]; DNA replication preinitiation complex [GO:0031261]; GINS complex [GO:0000811]; nuclear replication fork [GO:0043596]; nucleus [GO:0005634]
P40360	NAGS_YEAST	ARG2 YJL071W HRB574 J1091	574	mitochondrial matrix [GO:0005759]; NAGS/NAGK complex [GO:0106098]
P40362	UTP18_YEAST	UTP18 YJL069C HRE594 J1098	594	90S preribosome [GO:0030686]; nucleolus [GO:0005730]; nucleoplasm [GO:0005654]; Pwp2p-containing subcomplex of 90S preribosome [GO:0034388]; small-subunit processome [GO:0032040]
P40367	GPI7_YEAST	LAS21 GPI7 YJL062W HRC830 J1132	830	endoplasmic reticulum [GO:0005783]; endoplasmic reticulum membrane [GO:0005789]; plasma membrane [GO:0005886]
P40368	NUP82_YEAST	NUP82 YJL061W HRB187 J1135	713	cytosol [GO:0005829]; nuclear envelope [GO:0005635]; nuclear membrane [GO:0031965]; nuclear pore [GO:0005643]; nuclear pore cytoplasmic filaments [GO:0044614]; nuclear pore linkers [GO:0044612]; nucleus [GO:0005634]
P40395	RIC1_YEAST	RIC1 YLR039C	1056	cis-Golgi network [GO:0005801]; cytosol [GO:0005829]; Golgi apparatus [GO:0005794]; Golgi membrane [GO:0000139]; guanyl-nucleotide exchange factor complex [GO:0032045]; Ric1-Rgp1 guanyl-nucleotide exchange factor complex [GO:0034066]
P40414	TPM2_YEAST	TPM2 YIL138C	161	actin filament [GO:0005884]; actin filament bundle [GO:0032432]; actomyosin contractile ring [GO:0005826]; cellular bud neck contractile ring [GO:0000142]
P40416	ATM1_YEAST	ATM1 MDY YMR301C YM9952.03C	690	mitochondrial inner membrane [GO:0005743]; mitochondrion [GO:0005739]
P40422	RPAB4_YEAST	RPC10 RPB12 YHR143W-A YHR143BW	70	cytoplasm [GO:0005737]; nucleolus [GO:0005730]; nucleoplasm [GO:0005654]; nucleus [GO:0005634]; peroxisome [GO:0005777]; RNA polymerase I complex [GO:0005736]; RNA polymerase II, core complex [GO:0005665]; RNA polymerase III complex [GO:0005666]
P40433	6P21_YEAST	PFK26 YIL107C	827	cytoplasm [GO:0005737]; cytosol [GO:0005829]
P40438	VTH1_YEAST	VTH1 YIL173W	1549	cytosol [GO:0005829]; endosome [GO:0005768]; endosome membrane [GO:0010008]; fungal-type vacuole [GO:0000324]; Golgi apparatus [GO:0005794]; membrane [GO:0016020]
P40450	BNR1_YEAST	BNR1 YIL159W	1375	cell division site [GO:0032153]; cellular bud neck [GO:0005935]; cytosol [GO:0005829]; mating projection tip [GO:0043332]; mitotic actomyosin contractile ring [GO:0110085]
P40453	UBP7_YEAST	UBP7 YIL156W	1071	cytoplasm [GO:0005737]; cytosol [GO:0005829]; nucleus [GO:0005634]
P40454	PTPA1_YEAST	RRD1 NCS1 YPA1 YIL153W	393	chromatin [GO:0000785]; cytoplasm [GO:0005737]; nucleus [GO:0005634]; protein phosphatase type 2A complex [GO:0000159]
P40457	MLP2_YEAST	MLP2 YIL149C	1679	mitochondrion [GO:0005739]; nuclear envelope [GO:0005635]; nuclear pore [GO:0005643]; nuclear pore nuclear basket [GO:0044615]; nucleoplasm [GO:0005654]; spindle pole body [GO:0005816]
P40458	ATG32_YEAST	ATG32 ECM17 YIL146C	529	mitochondrial outer membrane [GO:0005741]; mitochondrion [GO:0005739]; phagophore assembly site membrane [GO:0034045]; vacuolar membrane [GO:0005774]
P40460	NDC80_YEAST	NDC80 HEC1 TID3 YIL144W	691	condensed chromosome, centromeric region [GO:0000779]; kinetochore [GO:0000776]; Ndc80 complex [GO:0031262]; nucleus [GO:0005634]; outer kinetochore [GO:0000940]
P40462	TM108_YEAST	TMA108 YIL137C	946	cytoplasm [GO:0005737]; nascent polypeptide-associated complex [GO:0005854]
P40465	CSM2_YEAST	CSM2 YIL132C	213	cytoplasm [GO:0005737]; nucleus [GO:0005634]; Shu complex [GO:0097196]; site of double-strand break [GO:0035861]
P40466	FKH1_YEAST	FKH1 YIL131C	484	cytosol [GO:0005829]; nucleus [GO:0005634]
P40467	ASG1_YEAST	ASG1 YIL130W	964	nucleus [GO:0005634]
P40469	MET18_YEAST	MET18 MMS19 YIL128W	1032	cytoplasm [GO:0005737]; cytosol [GO:0005829]; cytosolic [4Fe-4S] assembly targeting complex [GO:0097361]; nucleus [GO:0005634]
P40471	AYR1_YEAST	AYR1 GBG1 YIL124W	297	cytoplasm [GO:0005737]; endoplasmic reticulum [GO:0005783]; lipid droplet [GO:0005811]; mitochondrial outer membrane [GO:0005741]; mitochondrion [GO:0005739]
P40472	SIM1_YEAST	SIM1 PBP3 YIL123W	476	cell surface [GO:0009986]; endoplasmic reticulum [GO:0005783]; fungal-type cell wall [GO:0009277]
P40473	POG1_YEAST	POG1 YIL122W	351	chromatin [GO:0000785]; nucleus [GO:0005634]
P40474	QDR2_YEAST	QDR2 YIL121W	542	cell periphery [GO:0071944]; plasma membrane [GO:0005886]
P40477	NU159_YEAST	NUP159 NUP158 RAT7 YIL115C	1460	nuclear envelope [GO:0005635]; nuclear membrane [GO:0031965]; nuclear pore [GO:0005643]; nuclear pore central transport channel [GO:0044613]; nuclear pore cytoplasmic filaments [GO:0044614]; nucleus [GO:0005634]
P40479	SDP1_YEAST	SDP1 YIL113W	209	cytoplasm [GO:0005737]; nucleus [GO:0005634]
P40482	SEC24_YEAST	SEC24 ANU1 YIL109C	926	COPII vesicle coat [GO:0030127]; endoplasmic reticulum [GO:0005783]; endoplasmic reticulum exit site [GO:0070971]; endoplasmic reticulum membrane [GO:0005789]; fungal-type vacuole membrane [GO:0000329]; Golgi membrane [GO:0000139]
P40484	MOB1_YEAST	MOB1 YIL106W	314	cellular bud neck [GO:0005935]; chromosome, centromeric region [GO:0000775]; cytoplasm [GO:0005737]; mitotic spindle pole body [GO:0044732]; nuclear periphery [GO:0034399]; nucleus [GO:0005634]; serine/threonine protein kinase complex [GO:1902554]; Sid2-Mob1 complex [GO:0034973]; spindle pole body [GO:0005816]
P40485	SLM1_YEAST	SLM1 LIT2 YIL105C	686	cytoplasm [GO:0005737]; mitochondrion [GO:0005739]; plasma membrane [GO:0005886]
P40487	DPH1_YEAST	DPH1 YIL103W	425	2-(3-amino-3-carboxypropyl)histidine synthase complex [GO:0120513]; cytoplasm [GO:0005737]
P40489	XBP1_YEAST	XBP1 YIL101C	647	cytoplasm [GO:0005737]; MBF transcription complex [GO:0030907]; nucleus [GO:0005634]; SBF transcription complex [GO:0033309]
P40492	FYV10_YEAST	FYV10 GID9 YIL097W	516	cytoplasm [GO:0005737]; GID complex [GO:0034657]; nucleus [GO:0005634]
P40494	PRK1_YEAST	PRK1 PAK1 YIL095W	810	actin cortical patch [GO:0030479]; cytoplasm [GO:0005737]; mating projection tip [GO:0043332]
P40495	LYS12_YEAST	LYS12 LYS10 LYS11 YIL094C YI9910.02C	371	mitochondrion [GO:0005739]
P40496	RT25_YEAST	RSM25 YIL093C	264	mitochondrial inner membrane [GO:0005743]; mitochondrial small ribosomal subunit [GO:0005763]; mitochondrion [GO:0005739]
P40498	UTP25_YEAST	UTP25 YIL091C	721	nucleolus [GO:0005730]; nucleoplasm [GO:0005654]; nucleus [GO:0005634]; small-subunit processome [GO:0032040]
P40501	AVT7_YEAST	AVT7 YIL088C	490	fungal-type vacuole [GO:0000324]; fungal-type vacuole membrane [GO:0000329]; plasma membrane [GO:0005886]; vacuolar membrane [GO:0005774]
P40505	SDS3_YEAST	SDS3 YIL084C	327	cytosol [GO:0005829]; nucleus [GO:0005634]; Rpd3L complex [GO:0033698]; Rpd3L-Expanded complex [GO:0070210]; Sin3-type complex [GO:0070822]
P40506	PPCS_YEAST	CAB2 YIL083C	365	CoA-synthesizing protein complex [GO:1990143]; cytoplasm [GO:0005737]; nucleus [GO:0005634]
P40507	AIR1_YEAST	AIR1 YIL079C	360	cytoplasm [GO:0005737]; nucleolus [GO:0005730]; TRAMP complex [GO:0031499]
P40509	COPE_YEAST	SEC28 YIL076W	296	COPI vesicle coat [GO:0030126]; Golgi membrane [GO:0000139]
P40510	SER33_YEAST	SER33 YIL074C	469	cytoplasm [GO:0005737]
P40512	CSN11_YEAST	PCI8 CSN11 YIH1 YIL071C	444	COP9 signalosome [GO:0008180]; cytoplasm [GO:0005737]; nucleus [GO:0005634]
P40513	MAM33_YEAST	MAM33 YIL070C	266	mitochondrial matrix [GO:0005759]; mitochondrion [GO:0005739]
P40515	FIS1_YEAST	FIS1 MDV2 YIL065C	155	mitochondrial outer membrane [GO:0005741]; mitochondrion [GO:0005739]; peroxisomal membrane [GO:0005778]; peroxisome [GO:0005777]
P40527	ATC7_YEAST	NEO1 YIL048W	1151	endosome [GO:0005768]; endosome membrane [GO:0010008]; Golgi apparatus [GO:0005794]; Golgi membrane [GO:0000139]; late endosome [GO:0005770]; plasma membrane [GO:0005886]; trans-Golgi network [GO:0005802]
P40530	PDK1_YEAST	PKP1 YIL042C	394	mitochondrial matrix [GO:0005759]; mitochondrion [GO:0005739]
P40535	ACA2_YEAST	CST6 ACA2 YIL036W	587	cytosol [GO:0005829]; nucleus [GO:0005634]
P40537	ULP2_YEAST	ULP2 SMT4 YIL031W	1034	chromatin [GO:0000785]; nucleus [GO:0005634]
P40540	EMC5_YEAST	EMC5 KRE27 YIL027C	141	EMC complex [GO:0072546]; endoplasmic reticulum [GO:0005783]
P40541	SCC3_YEAST	IRR1 SCC3 YIL026C	1150	chromatin [GO:0000785]; chromosome, centromeric region [GO:0000775]; cohesin complex [GO:0008278]; cytoplasm [GO:0005737]; cytosol [GO:0005829]; meiotic cohesin complex [GO:0030893]; mitotic cohesin complex [GO:0030892]; nucleus [GO:0005634]
P40543	ATG45_YEAST	ATG45 YIL024C	189	autophagosome [GO:0005776]; cytoplasmic vesicle [GO:0031410]; cytosol [GO:0005829]
P40547	VID28_YEAST	VID28 GID5 YIL017C	921	cytoplasm [GO:0005737]; GID complex [GO:0034657]; nucleus [GO:0005634]; vacuole [GO:0005773]
P40548	SNL1_YEAST	SNL1 YIL016W	159	endoplasmic reticulum membrane [GO:0005789]; mitochondrion [GO:0005739]; nuclear envelope [GO:0005635]; nuclear membrane [GO:0031965]
P40553	DOT5_YEAST	DOT5 YIL010W	215	chromosome, telomeric region [GO:0000781]; cytoplasm [GO:0005737]; nucleus [GO:0005634]
P40554	URM1_YEAST	URM1 YIL008W	99	cytoplasm [GO:0005737]; cytosol [GO:0005829]; nucleus [GO:0005634]
P40556	YIA6_YEAST	YIA6 NDT1 YIL006W	373	mitochondrial inner membrane [GO:0005743]; mitochondrion [GO:0005739]
P40557	EPS1_YEAST	EPS1 YIL005W YIA5W	701	endoplasmic reticulum [GO:0005783]; endoplasmic reticulum membrane [GO:0005789]
P40558	CFD1_YEAST	CFD1 DRE3 RIX19 YIL003W YIA3W	293	cytoplasm [GO:0005737]; cytosol [GO:0005829]; cytosolic [4Fe-4S] assembly scaffold complex [GO:1904564]; iron-sulfur cluster assembly complex [GO:1990229]
P40559	INP51_YEAST	INP51 SJL1 YIL002C YIA2C	946	actin cortical patch [GO:0030479]; cytoplasm [GO:0005737]; membrane [GO:0016020]
P40562	MPH1_YEAST	MPH1 YIR002C YIB2C	993	nucleus [GO:0005634]
P40563	AIM21_YEAST	AIM21 YIR003W YIB3W	679	actin cortical patch [GO:0030479]; actin cytoskeleton [GO:0015629]; Aim21-Tda2 complex [GO:0110131]; mating projection tip [GO:0043332]
P40564	DJP1_YEAST	DJP1 ICS1 PAS22 YIR004W YIB4W	432	cell periphery [GO:0071944]; cellular bud [GO:0005933]; cytosol [GO:0005829]; endoplasmic reticulum [GO:0005783]; mitochondrion [GO:0005739]
P40565	IST3_YEAST	IST3 SNU17 YIR005W YIB5W	148	cytoplasm [GO:0005737]; nucleus [GO:0005634]; precatalytic spliceosome [GO:0071011]; Prp19 complex [GO:0000974]; RES complex [GO:0070274]; spliceosomal complex [GO:0005681]; U2 snRNP [GO:0005686]
P40566	EGH1_YEAST	EGH1 YIR007W YIB7W	764	cytoplasm [GO:0005737]; cytosol [GO:0005829]; fungal-type vacuole membrane [GO:0000329]
P40568	DSN1_YEAST	DSN1 YIR010W YIB10W	576	kinetochore [GO:0000776]; MIS12/MIND type complex [GO:0000444]; nucleus [GO:0005634]; outer kinetochore [GO:0000940]; spindle pole [GO:0000922]
P40571	RPR2_YEAST	RPR2 YIR015W	144	nucleolar ribonuclease P complex [GO:0005655]
P40573	MET28_YEAST	MET28 YIR017C	187	Cbf1-Met4-Met28 complex [GO:0089713]; cytoplasm [GO:0005737]; nucleus [GO:0005634]; transcription regulator complex [GO:0005667]
P40577	MND2_YEAST	MND2 YIR025W	368	anaphase-promoting complex [GO:0005680]; nucleus [GO:0005634]
P40578	MGA2_YEAST	MGA2 YIR033W	1113	endoplasmic reticulum [GO:0005783]; endoplasmic reticulum membrane [GO:0005789]; nucleus [GO:0005634]
P40581	GPX3_YEAST	HYR1 GPX3 ORP1 YIR037W	163	cytosol [GO:0005829]; mitochondrial intermembrane space [GO:0005758]; mitochondrion [GO:0005739]; peroxisomal matrix [GO:0005782]
P40693	RLP7_YEAST	RLP7 RPL7 YNL002C N2014	322	cytosolic large ribosomal subunit [GO:0022625]; nucleolus [GO:0005730]; preribosome, large subunit precursor [GO:0030687]
P40825	SYA_YEAST	ALA1 CDC64 YOR335C	983	cytoplasm [GO:0005737]; mitochondrion [GO:0005739]
P40850	MKT1_YEAST	MKT1 YNL085W N2302	830	cytoplasm [GO:0005737]; cytoplasmic stress granule [GO:0010494]; cytosol [GO:0005829]; nuclear periphery [GO:0034399]; P-body [GO:0000932]; ribosome [GO:0005840]
P40851	AXL1_YEAST	AXL1 YPR122W P9642.4	1208	cellular bud neck [GO:0005935]; mating projection tip [GO:0043332]; mitochondrial matrix [GO:0005759]
P40856	SA185_YEAST	SAP185 YJL098W J0840	1058	cytosol [GO:0005829]; mitochondrion [GO:0005739]; nucleus [GO:0005634]
P40857	HACD_YEAST	PHS1 YJL097W J0902	217	endoplasmic reticulum [GO:0005783]; endoplasmic reticulum membrane [GO:0005789]; fungal-type vacuole [GO:0000324]; fungal-type vacuole membrane [GO:0000329]; nuclear outer membrane-endoplasmic reticulum membrane network [GO:0042175]
P40890	VTH2_YEAST	VTH2 YJL222W HRC1549 J0213	1549	cytosol [GO:0005829]; fungal-type vacuole [GO:0000324]; Golgi apparatus [GO:0005794]; membrane [GO:0016020]
P40917	YAP4_YEAST	CIN5 HAL6 SDS15 YAP4 YOR028C OR26.18	295	cytoplasm [GO:0005737]; nucleus [GO:0005634]
P40955	CHS6_YEAST	CHS6 CSD3 YJL099W J0838	746	cytosol [GO:0005829]; exomer complex [GO:0034044]; trans-Golgi network transport vesicle [GO:0030140]
P40956	GTS1_YEAST	GTS1 LSR1 YGL181W	396	actin cortical patch [GO:0030479]; cellular bud neck [GO:0005935]; cytoplasm [GO:0005737]; nucleus [GO:0005634]
P40957	MAD1_YEAST	MAD1 YGL086W	749	kinetochore [GO:0000776]; mitotic spindle [GO:0072686]; nuclear envelope [GO:0005635]; nucleus [GO:0005634]
P40958	MAD2_YEAST	MAD2 YJL030W J1256	196	kinetochore [GO:0000776]; mitotic checkpoint complex [GO:0033597]; mitotic checkpoint complex, CDC20-MAD2 subcomplex [GO:1990333]
P40959	MVP1_YEAST	MVP1 YMR004W YM8270.06	511	cytoplasm [GO:0005737]; cytosol [GO:0005829]; endosome [GO:0005768]; endosome membrane [GO:0010008]; nucleus [GO:0005634]
P40961	PHB1_YEAST	PHB1 PHB YGR132C	287	mitochondrial inner membrane [GO:0005743]; mitochondrial prohibitin complex [GO:0035632]; mitochondrion [GO:0005739]
P40963	SAS2_YEAST	SAS2 ESO1 YMR127C YM9553.03C	338	chromatin [GO:0000785]; chromosome, telomeric region [GO:0000781]; cytoplasm [GO:0005737]; NuA4 histone acetyltransferase complex [GO:0035267]; nucleus [GO:0005634]; SAS acetyltransferase complex [GO:0033255]
P40968	PRP17_YEAST	CDC40 PRP17 SLU4 XRS2 YDR364C D9481.11	455	catalytic step 2 spliceosome [GO:0071013]; nuclear periphery [GO:0034399]; Prp19 complex [GO:0000974]; spliceosomal complex [GO:0005681]
P40969	CBF3B_YEAST	CEP3 CBF3 CBF3B CSL1 YMR168C YM8520.17C	608	CBF3 complex [GO:0031518]; kinetochore [GO:0000776]
P40970	LCB2_YEAST	LCB2 SCS1 TSC1 YDR062W D4246 YD9609.16	561	endoplasmic reticulum [GO:0005783]; membrane [GO:0016020]; serine palmitoyltransferase complex [GO:0017059]
P40988	FET4_YEAST	FET4 YMR319C YM9924.11C	552	cell periphery [GO:0071944]; fungal-type vacuole [GO:0000324]; plasma membrane [GO:0005886]
P40989	FKS2_YEAST	GSC2 FKS2 GLS2 YGR032W	1895	1,3-beta-D-glucan synthase complex [GO:0000148]; cell periphery [GO:0071944]; cellular bud neck [GO:0005935]; membrane [GO:0016020]; plasma membrane [GO:0005886]; prospore membrane [GO:0005628]
P40991	NOP2_YEAST	NOP2 YNA1 YNL061W N2428 YNL2428W	618	nucleolus [GO:0005730]; nucleoplasm [GO:0005654]; nucleus [GO:0005634]; preribosome, large subunit precursor [GO:0030687]
P40992	RRN7_YEAST	RRN7 YJL025W J1273	514	nucleolus [GO:0005730]; nucleus [GO:0005634]; RNA polymerase I core factor complex [GO:0070860]
P40993	RMRP_YEAST	SNM1 YDR478W D8035.21	198	nucleolar ribonuclease P complex [GO:0005655]; ribonuclease MRP complex [GO:0000172]
P40994	ARF3_YEAST	ARF3 YOR094W YOR3172W	183	cellular bud neck [GO:0005935]; cellular bud tip [GO:0005934]; cytoplasm [GO:0005737]; cytosol [GO:0005829]; Golgi apparatus [GO:0005794]; plasma membrane [GO:0005886]
P41056	RL33B_YEAST	RPL33B RPL37B YOR234C O5224	107	cytosol [GO:0005829]; cytosolic large ribosomal subunit [GO:0022625]
P41277	GPP1_YEAST	GPP1 RHR2 YIL053W	250	cytoplasm [GO:0005737]; nucleus [GO:0005634]
P41318	LST8_YEAST	LST8 YNL006W N2005	303	cytosol [GO:0005829]; endosome membrane [GO:0010008]; Golgi membrane [GO:0000139]; nuclear periphery [GO:0034399]; plasma membrane [GO:0005886]; TORC1 complex [GO:0031931]; TORC2 complex [GO:0031932]; vacuolar membrane [GO:0005774]
P41338	ERG10_YEAST	ERG10 YPL028W LPB3	398	cytoplasm [GO:0005737]; cytosol [GO:0005829]; mitochondrion [GO:0005739]; nucleus [GO:0005634]; vacuole [GO:0005773]
P41543	OST1_YEAST	OST1 NLT1 YJL002C J1404	476	endoplasmic reticulum [GO:0005783]; endoplasmic reticulum membrane [GO:0005789]; oligosaccharyltransferase complex [GO:0008250]
P41546	HAC1_YEAST	HAC1 ERN4 IRE15 IRE2 YFL031W	238	nucleus [GO:0005634]
P41695	BUB1_YEAST	BUB1 YGR188C G7542	1021	bub1-bub3 complex [GO:1990298]; condensed chromosome, centromeric region [GO:0000779]; kinetochore [GO:0000776]; nucleus [GO:0005634]; outer kinetochore [GO:0000940]
P41696	AZF1_YEAST	AZF1 YOR113W O3244 YOR3244W	914	cytosol [GO:0005829]; nucleus [GO:0005634]
P41697	BUD6_YEAST	BUD6 AIP3 YLR319C L8543.5	788	cell tip [GO:0051286]; cellular bud neck [GO:0005935]; cellular bud tip [GO:0005934]; cytoplasm [GO:0005737]; incipient cellular bud site [GO:0000131]; mating projection tip [GO:0043332]; polarisome [GO:0000133]; prospore membrane [GO:0005628]; secretory vesicle [GO:0099503]; spindle pole body [GO:0005816]
P41698	BUD8_YEAST	BUD8 YLR353W L9638.3	603	cellular bud tip [GO:0005934]; incipient cellular bud site [GO:0000131]; plasma membrane [GO:0005886]
P41735	COQ7_YEAST	CAT5 COQ7 YOR125C O3284 YOR3284C	233	extrinsic component of mitochondrial inner membrane [GO:0031314]; mitochondrial inner membrane [GO:0005743]; mitochondrion [GO:0005739]
P41800	MMM1_YEAST	MMM1 YME6 YLL006W L1357	426	endoplasmic reticulum [GO:0005783]; endoplasmic reticulum membrane [GO:0005789]; ERMES complex [GO:0032865]; mitochondria-associated endoplasmic reticulum membrane contact site [GO:0044233]; mitochondrial outer membrane [GO:0005741]; mitochondrion [GO:0005739]; outer mitochondrial membrane protein complex [GO:0098799]; peroxisome [GO:0005777]
P41805	RL10_YEAST	RPL10 GRC5 QSR1 YLR075W	221	cytoplasm [GO:0005737]; cytosol [GO:0005829]; cytosolic large ribosomal subunit [GO:0022625]
P41807	VATH_YEAST	VMA13 CLS11 YPR036W YP3085.02	478	fungal-type vacuole membrane [GO:0000329]; Golgi membrane [GO:0000139]; proton-transporting V-type ATPase complex [GO:0033176]; vacuolar proton-transporting V-type ATPase complex [GO:0016471]; vacuolar proton-transporting V-type ATPase, V1 domain [GO:0000221]
P41808	SMK1_YEAST	SMK1 YPR054W YP9499.10	388	cytoplasm [GO:0005737]; mitochondrion [GO:0005739]; nucleus [GO:0005634]; prospore membrane leading edge [GO:0070056]
P41809	HKR1_YEAST	HKR1 YDR420W	1802	cell surface [GO:0009986]; extracellular region [GO:0005576]; plasma membrane [GO:0005886]; site of polarized growth [GO:0030427]
P41810	COPB_YEAST	SEC26 YDR238C YD8419.05C	973	COPI vesicle coat [GO:0030126]; Golgi membrane [GO:0000139]
P41811	COPB2_YEAST	SEC27 YGL137W G2827	889	COPI vesicle coat [GO:0030126]; Golgi membrane [GO:0000139]
P41812	POP1_YEAST	POP1 YNL221C N1285	875	cytoplasm [GO:0005737]; nucleolar ribonuclease P complex [GO:0005655]; ribonuclease MRP complex [GO:0000172]; telomerase holoenzyme complex [GO:0005697]
P41813	FKH2_YEAST	FKH2 YNL068C N2403 YNL2403C	862	cytosol [GO:0005829]; nucleus [GO:0005634]
P41816	OYE3_YEAST	OYE3 YPL171C P2291	400	
P41821	MID1_YEAST	MID1 YNL291C N0530	548	endoplasmic reticulum [GO:0005783]; plasma membrane [GO:0005886]
P41832	BNI1_YEAST	BNI1 PPF3 SHE5 YNL271C N0646	1953	actin filament [GO:0005884]; cell division site [GO:0032153]; cellular bud neck [GO:0005935]; cellular bud tip [GO:0005934]; cytosol [GO:0005829]; incipient cellular bud site [GO:0000131]; mating projection tip [GO:0043332]; mitotic actomyosin contractile ring [GO:0110085]; plasma membrane [GO:0005886]; polarisome [GO:0000133]; prospore membrane [GO:0005628]
P41833	MTA70_YEAST	IME4 SPO8 YGL192W G1337	600	cytoplasm [GO:0005737]; nucleolus [GO:0005730]; nucleus [GO:0005634]; RNA N6-methyladenosine methyltransferase complex [GO:0036396]
P41834	UFE1_YEAST	UFE1 YOR075W YOR29-26	346	cytoplasmic side of endoplasmic reticulum membrane [GO:0098554]; endoplasmic reticulum [GO:0005783]; Golgi to ER transport vesicle membrane [GO:0012508]; SNARE complex [GO:0031201]
P41835	THI6_YEAST	THI6 YPL214C	540	cytoplasm [GO:0005737]; cytosol [GO:0005829]
P41895	T2FA_YEAST	TFG1 SSU71 YGR186W G7526	735	nucleus [GO:0005634]; transcription factor TFIIF complex [GO:0005674]
P41896	T2FB_YEAST	TFG2 YGR005C	400	nucleus [GO:0005634]; transcription factor TFIIF complex [GO:0005674]
P41901	SPR3_YEAST	SPR3 YGR059W	512	ascospore wall [GO:0005619]; cell division site [GO:0032153]; cellular bud neck [GO:0005935]; cytosol [GO:0005829]; microtubule cytoskeleton [GO:0015630]; prospore membrane [GO:0005628]; septin complex [GO:0031105]; septin ring [GO:0005940]
P41903	PTE1_YEAST	TES1 PTE1 YJR019C J1456	349	mitochondrion [GO:0005739]; peroxisomal matrix [GO:0005782]; peroxisome [GO:0005777]
P41909	PXA1_YEAST	PXA1 PAL1 PAT2 SSH2 YPL147W LPI1W P2607	870	ATP-binding cassette (ABC) transporter complex [GO:0043190]; peroxisomal membrane [GO:0005778]; peroxisome [GO:0005777]
P41910	MAF1_YEAST	MAF1 YDR005C YD8119.11C	395	cytoplasm [GO:0005737]; nucleolus [GO:0005730]; nucleus [GO:0005634]
P41911	GPD2_YEAST	GPD2 GPD3 YOL059W O1222	440	cytosol [GO:0005829]; mitochondrion [GO:0005739]; nucleus [GO:0005634]
P41920	YRB1_YEAST	YRB1 CST20 HTN1 SFO1 YDR002W YD8119.08	201	cytoplasm [GO:0005737]; nuclear pore [GO:0005643]; nucleus [GO:0005634]
P41921	GSHR_YEAST	GLR1 YPL091W LPG17W	483	cytoplasm [GO:0005737]; cytosol [GO:0005829]; mitochondrion [GO:0005739]; nucleus [GO:0005634]; peroxisome [GO:0005777]
P41939	IDHC_YEAST	IDP2 YLR174W L9470.12	412	cytosol [GO:0005829]; mitochondrion [GO:0005739]
P41940	MPG1_YEAST	PSA1 MPG1 SRB1 VIG9 YDL055C	361	cytoplasm [GO:0005737]
P41948	MEP2_YEAST	MEP2 AMT2 YNL142W N1207 N1820	499	plasma membrane [GO:0005886]
P42073	REF2_YEAST	REF2 YDR195W YD9346.06	533	cytosol [GO:0005829]; mRNA cleavage and polyadenylation specificity factor complex [GO:0005847]; nucleus [GO:0005634]
P42835	EGT2_YEAST	EGT2 YNL327W N0320	1041	cell septum [GO:0030428]; cellular bud [GO:0005933]; cellular bud scar [GO:0005621]; fungal-type cell wall [GO:0009277]; fungal-type vacuole [GO:0000324]; side of membrane [GO:0098552]
P42836	PFA3_YEAST	PFA3 YNL326C N0325	336	endoplasmic reticulum [GO:0005783]; fungal-type vacuole [GO:0000324]; fungal-type vacuole membrane [GO:0000329]; Golgi apparatus [GO:0005794]; vacuolar membrane [GO:0005774]
P42837	FIG4_YEAST	FIG4 YNL325C N0330	879	fungal-type vacuole membrane [GO:0000329]; nuclear periphery [GO:0034399]; PAS complex [GO:0070772]
P42838	LEM3_YEAST	LEM3 BRE3 ROS3 YNL323W N0333	414	cytoplasm [GO:0005737]; endoplasmic reticulum [GO:0005783]; Golgi apparatus [GO:0005794]; phospholipid-translocating ATPase complex [GO:1990531]; plasma membrane [GO:0005886]
P42839	VNX1_YEAST	VNX1 YNL321W N0339	908	endomembrane system [GO:0012505]; endoplasmic reticulum membrane [GO:0005789]; fungal-type vacuole [GO:0000324]; fungal-type vacuole membrane [GO:0000329]; vacuole-mitochondrion membrane contact site [GO:1990816]
P42841	PFS2_YEAST	PFS2 YNL317W N0348	465	mRNA cleavage and polyadenylation specificity factor complex [GO:0005847]; nucleus [GO:0005634]
P42844	ZIM17_YEAST	ZIM17 FMP28 HEP1 TIM15 YNL310C N0381	174	mitochondrial inner membrane [GO:0005743]; mitochondrial matrix [GO:0005759]; mitochondrion [GO:0005739]
P42845	STB1_YEAST	STB1 YNL309W N0384	420	cytoplasm [GO:0005737]; MBF transcription complex [GO:0030907]; nucleus [GO:0005634]; SBF transcription complex [GO:0033309]; Sin3-type complex [GO:0070822]
P42846	KRI1_YEAST	KRI1 YNL308C N0388	591	90S preribosome [GO:0030686]; nucleolus [GO:0005730]
P42935	ELP2_YEAST	ELP2 TOT2 YGR200C G7725	788	cytoplasm [GO:0005737]; elongator holoenzyme complex [GO:0033588]; nucleoplasm [GO:0005654]; nucleus [GO:0005634]
P42939	MVB12_YEAST	MVB12 YGR206W G7740	101	cytosol [GO:0005829]; endosome [GO:0005768]; ESCRT I complex [GO:0000813]; late endosome membrane [GO:0031902]
P42945	UTP10_YEAST	UTP10 YJL109C J0808	1769	90S preribosome [GO:0030686]; mitochondrion [GO:0005739]; nucleolus [GO:0005730]; nucleoplasm [GO:0005654]; preribosome, small subunit precursor [GO:0030688]; rDNA heterochromatin [GO:0033553]; small-subunit processome [GO:0032040]; t-UTP complex [GO:0034455]
P42949	TIM16_YEAST	PAM16 TIM16 YJL104W J0822	149	mitochondrial inner membrane [GO:0005743]; mitochondrion [GO:0005739]; PAM complex, Tim23 associated import motor [GO:0001405]; TIM23 mitochondrial import inner membrane translocase complex [GO:0005744]
P42951	LSB6_YEAST	LSB6 YJL100W J0834	607	cytoplasm [GO:0005737]; endosome [GO:0005768]; fungal-type vacuole membrane [GO:0000329]; plasma membrane [GO:0005886]; trans-Golgi network [GO:0005802]
P43122	QRI7_YEAST	QRI7 YDL104C D2366	407	mitochondrial matrix [GO:0005759]; mitochondrion [GO:0005739]
P43123	UAP1_YEAST	QRI1 UAP1 YDL103C D2362	477	cytoplasm [GO:0005737]; nucleus [GO:0005634]
P43124	NSE4_YEAST	NSE4 QRI2 YDL105W D2354	402	chromosome, telomeric region [GO:0000781]; nucleus [GO:0005634]; Smc5-Smc6 complex [GO:0030915]
P43132	BRE2_YEAST	BRE2 CPS60 YLR015W	505	chromosome, telomeric region [GO:0000781]; nucleus [GO:0005634]; Set1C/COMPASS complex [GO:0048188]
P43321	SMD3_YEAST	SMD3 YLR147C L9634.6	101	catalytic step 2 spliceosome [GO:0071013]; commitment complex [GO:0000243]; cytoplasm [GO:0005737]; cytosol [GO:0005829]; nucleus [GO:0005634]; precatalytic spliceosome [GO:0071011]; Prp19 complex [GO:0000974]; SMN-Sm protein complex [GO:0034719]; spliceosomal complex [GO:0005681]; spliceosomal tri-snRNP complex [GO:0097526]; U1 snRNP [GO:0005685]; U2 snRNP [GO:0005686]; U2-type prespliceosome [GO:0071004]; U4 snRNP [GO:0005687]; U4/U6 snRNP [GO:0071001]; U4/U6 x U5 tri-snRNP complex [GO:0046540]; U5 snRNP [GO:0005682]
P43497	CWP2_YEAST	CWP2 LPR1 YKL096W-A YKL096BW YKL444	92	cytosol [GO:0005829]; fungal-type cell wall [GO:0009277]; side of membrane [GO:0098552]
P43534	THI5_YEAST	THI5 MOL2 YFL058W	340	
P43535	GCN20_YEAST	GCN20 YFR009W	752	cytosolic ribosome [GO:0022626]
P43555	EMP47_YEAST	EMP47 YFL048C	445	COPII-coated ER to Golgi transport vesicle [GO:0030134]; endoplasmic reticulum membrane [GO:0005789]; endoplasmic reticulum-Golgi intermediate compartment [GO:0005793]; fungal-type vacuole membrane [GO:0000329]; Golgi membrane [GO:0000139]
P43558	OTU1_YEAST	OTU1 YFL044C	301	cytoplasm [GO:0005737]; nucleus [GO:0005634]
P43561	FET5_YEAST	FET5 YFL041W	622	endoplasmic reticulum [GO:0005783]; fungal-type vacuole membrane [GO:0000329]; high-affinity iron exporter complex [GO:0061841]; membrane raft [GO:0045121]; plasma membrane [GO:0005886]
P43563	MOB2_YEAST	MOB2 YFL034C-B YFL035C YFL035C-A	287	cellular bud [GO:0005933]; cellular bud neck [GO:0005935]; cellular bud tip [GO:0005934]; cytoplasm [GO:0005737]; mating projection tip [GO:0043332]; nucleus [GO:0005634]; serine/threonine protein kinase complex [GO:1902554]
P43564	MIL1_YEAST	MIL1 YFL034W	1073	clathrin-coated vesicle membrane [GO:0030665]; early endosome membrane [GO:0031901]; Golgi membrane [GO:0000139]; membrane [GO:0016020]
P43565	RIM15_YEAST	RIM15 TAK1 YFL033C	1770	cytoplasm [GO:0005737]; nucleus [GO:0005634]
P43567	AGX1_YEAST	AGX1 YFL030W	385	cytosol [GO:0005829]; mitochondrion [GO:0005739]; peroxisome [GO:0005777]
P43571	BST1_YEAST	BST1 YFL025C	1029	endoplasmic reticulum [GO:0005783]; endoplasmic reticulum membrane [GO:0005789]
P43572	EPL1_YEAST	EPL1 YFL024C	832	NuA4 histone acetyltransferase complex [GO:0035267]; nucleosome [GO:0000786]; nucleus [GO:0005634]; piccolo histone acetyltransferase complex [GO:0032777]
P43573	BUD27_YEAST	BUD27 URI YFL023W	796	cytoplasm [GO:0005737]; prefoldin complex [GO:0016272]
P43579	IES1_YEAST	IES1 YFL013C	692	cytosol [GO:0005829]; Ino80 complex [GO:0031011]; nucleus [GO:0005634]
P43583	BLM10_YEAST	BLM10 BLM3 YFL007W YFL006W	2143	cytosol [GO:0005829]; nucleus [GO:0005634]; proteasome storage granule [GO:0034515]
P43585	VTC2_YEAST	VTC2 PHM1 YFL004W	828	autophagosome membrane [GO:0000421]; cell cortex [GO:0005938]; cytoplasmic vesicle [GO:0031410]; endoplasmic reticulum [GO:0005783]; endoplasmic reticulum membrane [GO:0005789]; fungal-type vacuole membrane [GO:0000329]; vacuolar transporter chaperone complex [GO:0033254]
P43586	LOC1_YEAST	LOC1 YFR001W	204	cytoplasm [GO:0005737]; nucleolus [GO:0005730]; nucleus [GO:0005634]; preribosome, large subunit precursor [GO:0030687]; protein folding chaperone complex [GO:0101031]
P43587	YPI1_YEAST	YPI1 YFR003C	155	nucleus [GO:0005634]; protein phosphatase type 1 complex [GO:0000164]
P43588	RPN11_YEAST	RPN11 MPR1 YFR004W	306	cytosol [GO:0005829]; mitochondrion [GO:0005739]; nucleus [GO:0005634]; proteasome complex [GO:0000502]; proteasome regulatory particle, lid subcomplex [GO:0008541]; proteasome storage granule [GO:0034515]
P43593	UBP6_YEAST	UBP6 YFR010W	499	proteasome complex [GO:0000502]; proteasome regulatory particle [GO:0005838]
P43594	MIC19_YEAST	MIC19 AIM13 MCS19 YFR011C	170	cytoplasm [GO:0005737]; MICOS complex [GO:0061617]; mitochondrial crista junction [GO:0044284]; mitochondrial inner membrane [GO:0005743]; mitochondrion [GO:0005739]
P43601	ATG18_YEAST	ATG18 AUT10 CVT18 NMR1 SVP1 YFR021W	500	cell periphery [GO:0071944]; CROP complex [GO:0170071]; cytosol [GO:0005829]; endosome [GO:0005768]; endosome membrane [GO:0010008]; fungal-type vacuole membrane [GO:0000329]; PAS complex [GO:0070772]; phagophore [GO:0061908]; phagophore assembly site [GO:0000407]; phagophore assembly site membrane [GO:0034045]; protein-containing complex [GO:0032991]; vacuolar membrane [GO:0005774]
P43602	ROG3_YEAST	ROG3 YFR022W	733	cytoplasm [GO:0005737]; cytosol [GO:0005829]; plasma membrane [GO:0005886]
P43603	LSB3_YEAST	LSB3 YFR024C-A YFR024C	459	actin cortical patch [GO:0030479]; cellular bud neck [GO:0005935]; cytoplasm [GO:0005737]; mitochondrion [GO:0005739]
P43605	ECO1_YEAST	ECO1 CTF7 YFR027W	281	chromatin [GO:0000785]; cytoplasm [GO:0005737]; nuclear replication fork [GO:0043596]; nucleus [GO:0005634]
P43609	RSC8_YEAST	RSC8 SWH3 YFR037C	557	chromatin [GO:0000785]; nucleus [GO:0005634]; RSC-type complex [GO:0016586]; SWI/SNF complex [GO:0016514]
P43610	IRC5_YEAST	IRC5 YFR038W	853	chromatin [GO:0000785]; nucleus [GO:0005634]
P43612	SA155_YEAST	SAP155 YFR040W	1002	cytosol [GO:0005829]; nucleus [GO:0005634]; protein serine/threonine phosphatase complex [GO:0008287]; U2-type spliceosomal complex [GO:0005684]
P43616	DUG1_YEAST	DUG1 YFR044C	481	cytoplasm [GO:0005737]; mitochondrion [GO:0005739]
P43618	CENPT_YEAST	CNN1 YFR046C	361	kinetochore [GO:0000776]; nucleus [GO:0005634]
P43621	COPD_YEAST	RET2 YFR051C	546	COPI vesicle coat [GO:0030126]; Golgi membrane [GO:0000139]
P43633	ALK1_YEAST	ALK1 YGL021W G3686	760	cytoplasm [GO:0005737]; nucleus [GO:0005634]
P43635	CISY3_YEAST	CIT3 YPR001W YP9723.01	486	mitochondrial matrix [GO:0005759]; mitochondrion [GO:0005739]
P43636	ALG2_YEAST	ALG2 YGL065C	503	endomembrane system [GO:0012505]; endoplasmic reticulum [GO:0005783]; endoplasmic reticulum membrane [GO:0005789]
P43637	TOS3_YEAST	TOS3 YGL179C G1618	560	cytoplasm [GO:0005737]; peroxisome [GO:0005777]
P43639	CSK2B_YEAST	CKB1 YGL019W	278	CURI complex [GO:0032545]; cytoplasm [GO:0005737]; nucleolus [GO:0005730]; nucleoplasm [GO:0005654]; protein kinase CK2 complex [GO:0005956]; small-subunit processome [GO:0032040]; UTP-C complex [GO:0034456]
P43682	SFT1_YEAST	SFT1 YKL006C-A YKL006BC	97	endoplasmic reticulum membrane [GO:0005789]; Golgi cis cisterna membrane [GO:1990674]; Golgi membrane [GO:0000139]; Golgi trans cisterna [GO:0000138]; SNARE complex [GO:0031201]
P45818	ROK1_YEAST	ROK1 YGL171W G1651	564	90S preribosome [GO:0030686]; nucleolus [GO:0005730]; nucleoplasm [GO:0005654]; small-subunit processome [GO:0032040]
P45976	FIP1_YEAST	FIP1 YJR093C J1911	327	mRNA cleavage and polyadenylation specificity factor complex [GO:0005847]; nucleus [GO:0005634]
P45978	SCD6_YEAST	SCD6 YPR129W P9659.10	349	cytoplasm [GO:0005737]; cytoplasmic stress granule [GO:0010494]; P-body [GO:0000932]
P46367	ALDH4_YEAST	ALD4 ALD7 ALDH2 YOR374W O6730	519	mitochondrial nucleoid [GO:0042645]; mitochondrion [GO:0005739]
P46654	RSSA2_YEAST	RPS0B NAB1B NAB4 YST2 YLR048W L2118	252	cytosol [GO:0005829]; cytosolic small ribosomal subunit [GO:0022627]
P46655	SYEC_YEAST	GUS1 YGL245W G0583 HRB724	708	cytoplasm [GO:0005737]; cytoplasmic stress granule [GO:0010494]; cytosol [GO:0005829]; methionyl glutamyl tRNA synthetase complex [GO:0017102]; mitochondrion [GO:0005739]
P46669	RPA43_YEAST	RPA43 RRN12 YOR340C O6271	326	nucleus [GO:0005634]; RNA polymerase I complex [GO:0005736]
P46671	FAR3_YEAST	FAR3 YMR052W YM9796.05	204	cell periphery [GO:0071944]; endoplasmic reticulum [GO:0005783]; endoplasmic reticulum membrane [GO:0005789]; FAR/SIN/STRIPAK complex [GO:0090443]; Golgi cis cisterna [GO:0000137]; mitochondrion [GO:0005739]
P46672	ARC1_YEAST	ARC1 G4P1 YGL105W G3085	376	cytoplasm [GO:0005737]; cytoplasmic stress granule [GO:0010494]; methionyl glutamyl tRNA synthetase complex [GO:0017102]
P46673	NUP85_YEAST	NUP85 RAT9 YJR042W J1624	744	nuclear envelope [GO:0005635]; nuclear membrane [GO:0031965]; nuclear pore [GO:0005643]; nuclear pore outer ring [GO:0031080]
P46674	SAC3_YEAST	SAC3 LEP1 YDR159W YD8358.13	1301	cytoplasm [GO:0005737]; nuclear pore cytoplasmic filaments [GO:0044614]; nucleus [GO:0005634]; transcription export complex 2 [GO:0070390]
P46675	STU2_YEAST	STU2 YLR045C L2108	888	cell cortex [GO:0005938]; kinetochore [GO:0000776]; spindle microtubule [GO:0005876]; spindle pole [GO:0000922]; spindle pole body [GO:0005816]
P46676	SUM1_YEAST	SUM1 YDR310C D9740.19	1062	histone deacetylase complex [GO:0000118]; nucleus [GO:0005634]
P46677	TAF1_YEAST	TAF1 TAF130 TAF145 YGR274C G9374	1066	cytosol [GO:0005829]; nucleus [GO:0005634]; transcription factor TFIID complex [GO:0005669]
P46678	TFC5_YEAST	BDP1 TFC5 YNL039W N2682	594	nucleoplasm [GO:0005654]; transcription factor TFIIIB complex [GO:0000126]
P46680	AIP1_YEAST	AIP1 YMR092C YM9582.17C	615	actin cortical patch [GO:0030479]; actin filament [GO:0005884]; cortical actin cytoskeleton [GO:0030864]; cytoplasm [GO:0005737]; mating projection tip [GO:0043332]; nucleus [GO:0005634]
P46681	DLD2_YEAST	DLD2 AIP2 YDL178W	530	mitochondrial matrix [GO:0005759]; mitochondrion [GO:0005739]
P46682	AP3B_YEAST	APL6 YKS5 YGR261C G9331	809	AP-3 adaptor complex [GO:0030123]; clathrin-coated vesicle membrane [GO:0030665]; cytosol [GO:0005829]; Golgi apparatus [GO:0005794]
P46683	YAR1_YEAST	YAR1 YPL239W	200	cytoplasm [GO:0005737]; MBF transcription complex [GO:0030907]; nucleus [GO:0005634]; SBF transcription complex [GO:0033309]
P46784	RS10B_YEAST	RPS10B YMR230W YM9959.12	105	cytosol [GO:0005829]; cytosolic small ribosomal subunit [GO:0022627]
P46943	GUF1_YEAST	GUF1 YLR289W L8003.7	645	mitochondrial inner membrane [GO:0005743]; mitochondrial matrix [GO:0005759]; mitochondrion [GO:0005739]; nucleus [GO:0005634]
P46944	TRS85_YEAST	TRS85 GSG1 MUM1 YDR108W YD9727.04	698	cytoplasmic vesicle [GO:0031410]; cytosol [GO:0005829]; Golgi apparatus [GO:0005794]; phagophore assembly site [GO:0000407]; TRAPPIII protein complex [GO:1990072]
P46946	COM1_YEAST	SAE2 COM1 YGL175C G1639	345	cytoplasm [GO:0005737]; Mre11 complex [GO:0030870]; nucleoplasm [GO:0005654]; nucleus [GO:0005634]
P46947	CWC26_YEAST	BUD13 CWC26 SLC7 YGL174W G1642	266	cytoplasm [GO:0005737]; nucleus [GO:0005634]; Prp19 complex [GO:0000974]; RES complex [GO:0070274]; spliceosomal complex [GO:0005681]; U2 snRNP [GO:0005686]
P46948	RRP41_YEAST	SKI6 ECM20 RRP41 YGR195W G7587	246	cytoplasmic exosome (RNase complex) [GO:0000177]; exosome (RNase complex) [GO:0000178]; nuclear exosome (RNase complex) [GO:0000176]; nucleolus [GO:0005730]; nucleus [GO:0005634]
P46951	YPP1_YEAST	YPP1 YGR198W G7594	817	actin cortical patch [GO:0030479]; cytoplasm [GO:0005737]; cytosol [GO:0005829]; endosome [GO:0005768]; nucleus [GO:0005634]; plasma membrane [GO:0005886]
P46957	DPOD2_YEAST	POL31 HUS2 HYS2 SDP5 YJR006W J1427 YJR83.7	487	cytosol [GO:0005829]; delta DNA polymerase complex [GO:0043625]; nucleus [GO:0005634]; zeta DNA polymerase complex [GO:0016035]
P46959	TRM61_YEAST	GCD14 TRM61 YJL125C J0710	383	nucleus [GO:0005634]; tRNA (m1A) methyltransferase complex [GO:0031515]
P46962	CTK2_YEAST	CTK2 YJL006C J1390	323	carboxy-terminal domain protein kinase complex [GO:0032806]; CTDK-1 complex [GO:0070692]; cyclin/CDK positive transcription elongation factor complex [GO:0008024]; cytosol [GO:0005829]; nucleolus [GO:0005730]; nucleoplasm [GO:0005654]; nucleus [GO:0005634]
P46963	CTK3_YEAST	CTK3 YML112W YM8339.07	296	carboxy-terminal domain protein kinase complex [GO:0032806]; CTDK-1 complex [GO:0070692]; cytoplasm [GO:0005737]; nucleolus [GO:0005730]; nucleoplasm [GO:0005654]
P46964	OST2_YEAST	OST2 YOR103C YOR3211C	130	endoplasmic reticulum [GO:0005783]; endoplasmic reticulum membrane [GO:0005789]; oligosaccharyltransferase complex [GO:0008250]
P46965	SPC1_YEAST	SPC1 YJR010C-A YJR010BW	94	endoplasmic reticulum [GO:0005783]; endoplasmic reticulum membrane [GO:0005789]; signal peptidase complex [GO:0005787]
P46971	PMT4_YEAST	PMT4 YJR143C J2176	762	dolichyl-phosphate-mannose-protein mannosyltransferase Pmt4p homodimer complex [GO:0097586]; endoplasmic reticulum [GO:0005783]; endoplasmic reticulum membrane [GO:0005789]
P46972	IMP2_YEAST	IMP2 YMR035W YM9973.09	177	mitochondrial inner membrane [GO:0005743]; mitochondrial inner membrane peptidase complex [GO:0042720]
P46984	GON7_YEAST	GON7 LDB6 PCC2 YJL184W J0420	123	chromatin [GO:0000785]; chromosome, telomeric region [GO:0000781]; EKC/KEOPS complex [GO:0000408]; nucleoplasm [GO:0005654]
P46985	MNN11_YEAST	MNN11 YJL183W J0425	422	endoplasmic reticulum [GO:0005783]; Golgi membrane [GO:0000139]; mannan polymerase complex [GO:0000136]
P46988	PFD1_YEAST	PFD1 GIM6 YJL179W J0488	109	cytoplasm [GO:0005737]; prefoldin complex [GO:0016272]
P46989	ATG27_YEAST	ATG27 ETF1 YJL178C J0490	271	clathrin-coated vesicle [GO:0030136]; cytoplasmic vesicle membrane [GO:0030659]; fungal-type vacuole [GO:0000324]; Golgi membrane [GO:0000139]; mitochondrial membrane [GO:0031966]; mitochondrion [GO:0005739]; phagophore assembly site [GO:0000407]; phagophore assembly site membrane [GO:0034045]; trans-Golgi network [GO:0005802]; vacuolar membrane [GO:0005774]
P46990	RL17B_YEAST	RPL17B RPL20B YJL177W J0493	184	cytosol [GO:0005829]; cytosolic large ribosomal subunit [GO:0022625]; preribosome, large subunit precursor [GO:0030687]
P46995	SET2_YEAST	SET2 EZL1 KMT3 YJL168C J0520	733	chromatin [GO:0000785]; cytosol [GO:0005829]; nucleus [GO:0005634]
P47001	CIS3_YEAST	CIS3 CCW11 CCW5 PIR4 SCW8 YJL158C J0561	227	cell periphery [GO:0071944]; cellular bud tip [GO:0005934]; endoplasmic reticulum [GO:0005783]; extracellular region [GO:0005576]; fungal-type cell wall [GO:0009277]; fungal-type vacuole [GO:0000324]; plasma membrane [GO:0005886]
P47002	SSY5_YEAST	SSY5 APF8 YJL156C J0570	699	plasma membrane [GO:0005886]
P47006	RPA34_YEAST	RPA34 YJL148W J0637	233	nucleolus [GO:0005730]; nucleus [GO:0005634]; RNA polymerase I complex [GO:0005736]
P47008	SFH5_YEAST	SFH5 YJL145W J0644	294	cell periphery [GO:0071944]; cortical endoplasmic reticulum [GO:0032541]; cytoplasm [GO:0005737]; cytosol [GO:0005829]; endoplasmic reticulum membrane [GO:0005789]; fungal-type vacuole membrane [GO:0000329]; nucleus [GO:0005634]; plasma membrane [GO:0005886]
P47011	GLG2_YEAST	GLG2 YJL137C J0663	380	cytoplasm [GO:0005737]; vacuole [GO:0005773]
P47013	DS1P1_YEAST	LCB3 LBP1 YSR2 YJL134W J0671	409	endoplasmic reticulum [GO:0005783]; endoplasmic reticulum membrane [GO:0005789]
P47016	NIT2_YEAST	NIT2 YJL126W J0706	307	mitochondrion [GO:0005739]
P47017	LSM1_YEAST	LSM1 SPB8 YJL124C J0714	172	cytoplasm [GO:0005737]; Lsm1-7-Pat1 complex [GO:1990726]; nucleus [GO:0005634]; P-body [GO:0000932]; ribonucleoprotein complex [GO:1990904]
P47024	YJ41B_YEAST	TY4B-J YJLWTy4-1 POL YJL113W J0780	1803	mitochondrion [GO:0005739]; nucleus [GO:0005634]
P47025	MDV1_YEAST	MDV1 FIS2 GAG3 NET2 YJL112W J0802	714	mitochondrial outer membrane [GO:0005741]; mitochondrion [GO:0005739]
P47026	GWT1_YEAST	GWT1 YJL091C J0916	490	endoplasmic reticulum [GO:0005783]; endoplasmic reticulum membrane [GO:0005789]; membrane [GO:0016020]; nuclear outer membrane-endoplasmic reticulum membrane network [GO:0042175]
P47027	DPB11_YEAST	DPB11 YJL090C J0918	764	DNA replication preinitiation complex [GO:0031261]; nucleus [GO:0005634]; replication fork [GO:0005657]
P47029	ALY2_YEAST	ALY2 ART3 YJL084C J0934	1046	cytoplasm [GO:0005737]; cytosol [GO:0005829]; early endosome [GO:0005769]; late endosome [GO:0005770]
P47032	PRY1_YEAST	PRY1 YJL079C J1022	299	endoplasmic reticulum [GO:0005783]; extracellular region [GO:0005576]; extracellular space [GO:0005615]; fungal-type vacuole [GO:0000324]; nuclear envelope [GO:0005635]
P47033	PRY3_YEAST	PRY3 YJL078C J1027	881	cell periphery [GO:0071944]; extracellular space [GO:0005615]; fungal-type cell wall [GO:0009277]; side of membrane [GO:0098552]
P47035	NET1_YEAST	NET1 CFI1 ESC5 SRM8 YJL076W J1038	1189	nucleolus [GO:0005730]; RENT complex [GO:0030869]
P47037	SMC3_YEAST	SMC3 YJL074C J1049	1230	meiotic cohesin complex [GO:0030893]; mitotic cohesin complex [GO:0030892]; nucleus [GO:0005634]
P47039	BNA3_YEAST	BNA3 YJL060W J1138	444	cytoplasm [GO:0005737]; mitochondrion [GO:0005739]
P47041	BIT61_YEAST	BIT61 YJL058C J1141	543	cell periphery [GO:0071944]; cytoplasm [GO:0005737]; plasma membrane [GO:0005886]; TORC2 complex [GO:0031932]; vacuolar membrane [GO:0005774]
P47043	ZAP1_YEAST	ZAP1 YJL056C J1145	880	nucleus [GO:0005634]
P47047	MTR4_YEAST	MTR4 DOB1 YJL050W J1158	1073	nucleolus [GO:0005730]; nucleus [GO:0005634]; TRAMP complex [GO:0031499]
P47050	CUL8_YEAST	RTT101 CUL8 YJL047C J1166	842	Cul3-RING ubiquitin ligase complex [GO:0031463]; Cul8-RING ubiquitin ligase complex [GO:0035361]; cytoplasm [GO:0005737]; nucleus [GO:0005634]
P47054	NU192_YEAST	NUP192 YJL039C J1216	1683	nuclear envelope [GO:0005635]; nuclear pore [GO:0005643]; nuclear pore inner ring [GO:0044611]; nucleus [GO:0005634]
P47057	SNX4_YEAST	SNX4 ATG24 CVT13 YJL036W J1244	423	cytoplasmic side of endosome membrane [GO:0010009]; cytosol [GO:0005829]; early endosome [GO:0005769]; perinuclear region of cytoplasm [GO:0048471]; phagophore assembly site [GO:0000407]; phagophore assembly site membrane [GO:0034045]
P47058	ADAT2_YEAST	TAD2 YJL035C J1246	250	cytoplasm [GO:0005737]; nucleus [GO:0005634]; tRNA-specific adenosine-34 deaminase complex [GO:0052718]
P47061	VPS53_YEAST	VPS53 YJL029C J1258	822	cytoplasm [GO:0005737]; cytosol [GO:0005829]; endosome membrane [GO:0010008]; GARP complex [GO:0000938]; Golgi apparatus [GO:0005794]
P47064	AP3S_YEAST	APS3 YKS7 YJL024C J1274	194	AP-3 adaptor complex [GO:0030123]; cytoplasmic vesicle membrane [GO:0030659]; Golgi apparatus [GO:0005794]
P47068	BBC1_YEAST	BBC1 MTI1 YJL020C J1286 J1305 YJL021C	1157	actin cortical patch [GO:0030479]; nucleolus [GO:0005730]
P47069	MPS3_YEAST	MPS3 NEP98 YJL019W J1310 J1315 YJL018W	682	chromosome, telomeric region [GO:0000781]; half bridge of spindle pole body [GO:0005825]; meiotic nuclear membrane microtubule tethering complex [GO:0034993]; membrane [GO:0016020]; nuclear envelope [GO:0005635]; nuclear inner membrane [GO:0005637]; nuclear periphery [GO:0034399]; spindle pole body [GO:0005816]
P47074	MAD3_YEAST	MAD3 YJL013C J1341	515	mitotic checkpoint complex [GO:0033597]; nucleus [GO:0005634]
P47075	VTC4_YEAST	VTC4 PHM3 YJL012C J1345	721	autophagosome membrane [GO:0000421]; cell cortex [GO:0005938]; cell periphery [GO:0071944]; cytoplasmic vesicle [GO:0031410]; endoplasmic reticulum [GO:0005783]; endoplasmic reticulum membrane [GO:0005789]; fungal-type vacuole membrane [GO:0000329]; vacuolar membrane [GO:0005774]; vacuolar transporter chaperone complex [GO:0033254]
P47076	RPC9_YEAST	RPC17 YJL011C J1349	161	cytosol [GO:0005829]; nucleoplasm [GO:0005654]; nucleus [GO:0005634]; RNA polymerase III complex [GO:0005666]
P47077	NOP9_YEAST	NOP9 YJL010C J1357	666	90S preribosome [GO:0030686]; nucleolus [GO:0005730]; nucleus [GO:0005634]; preribosome, small subunit precursor [GO:0030688]; small-subunit processome [GO:0032040]
P47082	AVT1_YEAST	AVT1 YJR001W J1409 YJR83.4	602	fungal-type vacuole [GO:0000324]; fungal-type vacuole membrane [GO:0000329]
P47083	MPP10_YEAST	MPP10 YJR002W J1411 YJR83.5	593	90S preribosome [GO:0030686]; Mpp10 complex [GO:0034457]; nucleolus [GO:0005730]; nucleoplasm [GO:0005654]; nucleus [GO:0005634]; small-subunit processome [GO:0032040]; sno(s)RNA-containing ribonucleoprotein complex [GO:0005732]
P47093	LSM8_YEAST	LSM8 YJR022W J1464 YJR83.16	109	cytoplasm [GO:0005737]; nucleolus [GO:0005730]; nucleus [GO:0005634]; precatalytic spliceosome [GO:0071011]; spliceosomal complex [GO:0005681]; U4/U6 snRNP [GO:0071001]; U4/U6 x U5 tri-snRNP complex [GO:0046540]; U6 snRNP [GO:0005688]
P47096	3HAO_YEAST	BNA1 HAD1 YJR025C J1550	177	cytoplasm [GO:0005737]; nucleus [GO:0005634]
P47098	YJ11B_YEAST	TY1B-JR1 YJRWTy1-1 POL YJR027W J1560	1755	cytoplasm [GO:0005737]; nucleus [GO:0005634]
P47100	YJ12B_YEAST	TY1B-JR2 YJRWTy1-2 POL YJR029W J1570	1755	cytoplasm [GO:0005737]; nucleus [GO:0005634]
P47102	GEA1_YEAST	GEA1 YJR031C J1580	1408	cellular bud [GO:0005933]; cytosol [GO:0005829]; endoplasmic reticulum [GO:0005783]; Golgi cis cisterna [GO:0000137]; membrane [GO:0016020]; mitochondrion [GO:0005739]
P47103	CYP7_YEAST	CPR7 YJR032W J1585	393	cytoplasm [GO:0005737]; cytosol [GO:0005829]
P47104	RAV1_YEAST	RAV1 SOI3 YJR033C J1590	1357	cytoplasm [GO:0005737]; endomembrane system [GO:0012505]; RAVE complex [GO:0043291]
P47108	URB2_YEAST	URB2 NPA2 YJR041C J1622	1174	nucleolus [GO:0005730]; nucleus [GO:0005634]
P47110	DPOD3_YEAST	POL32 YJR043C J1626	350	delta DNA polymerase complex [GO:0043625]; nucleus [GO:0005634]; zeta DNA polymerase complex [GO:0016035]
P47112	CDT1_YEAST	TAH11 CDT1 SID2 YJR046W J1641	604	cytoplasm [GO:0005737]; nuclear pre-replicative complex [GO:0005656]; nucleoplasm [GO:0005654]; nucleus [GO:0005634]
P47113	BFA1_YEAST	BFA1 YJR053W J1667	574	Bfa1-Bub2 complex [GO:1990334]; mitotic spindle pole body [GO:0044732]; spindle pole [GO:0000922]; spindle pole body [GO:0005816]
P47114	KCH1_YEAST	KCH1 YJR054W J1669	497	fungal-type vacuole [GO:0000324]; mating projection [GO:0005937]; plasma membrane [GO:0005886]; vacuolar membrane [GO:0005774]
P47116	PTK2_YEAST	PTK2 STK2 YJR059W J1725	818	cytoplasm [GO:0005737]; nucleus [GO:0005634]; plasma membrane [GO:0005886]
P47117	ARP3_YEAST	ARP3 ACT4 YJR065C J1760	449	actin cortical patch [GO:0030479]; actin cytoskeleton [GO:0015629]; Arp2/3 protein complex [GO:0005885]; plasma membrane [GO:0005886]
P47119	ITPA_YEAST	HAM1 YJR069C J1811	197	cytoplasm [GO:0005737]; nucleus [GO:0005634]
P47120	DOHH_YEAST	LIA1 MMD1 YJR070C J1814	325	cytoplasm [GO:0005737]; nucleus [GO:0005634]
P47122	GPN1_YEAST	NPA3 EPA1 GPN1 YJR072C J1821	385	cytoplasm [GO:0005737]; cytosol [GO:0005829]
P47124	HOC1_YEAST	HOC1 YJR075W J1830	396	mannan polymerase complex [GO:0000136]
P47128	EAF6_YEAST	EAF6 YJR082C J1854	113	NuA3 histone acetyltransferase complex [GO:0033100]; NuA3a histone acetyltransferase complex [GO:1990467]; NuA3b histone acetyltransferase complex [GO:1990468]; NuA4 histone acetyltransferase complex [GO:0035267]; nucleus [GO:0005634]
P47130	CSN12_YEAST	CSN12 YJR084W J1860	423	COP9 signalosome [GO:0008180]; cytoplasm [GO:0005737]; euchromatin [GO:0000791]; nucleus [GO:0005634]
P47133	EMC2_YEAST	EMC2 YJR088C J1875	292	EMC complex [GO:0072546]; endoplasmic reticulum [GO:0005783]; nucleus [GO:0005634]
P47134	BIR1_YEAST	BIR1 YJR089W J1880	954	chromosome passenger complex [GO:0032133]; cytoplasm [GO:0005737]; kinetochore [GO:0000776]; microtubule [GO:0005874]; mitochondrion [GO:0005739]; nucleus [GO:0005634]; spindle [GO:0005819]; spindle midzone [GO:0051233]
P47136	BUD4_YEAST	BUD4 YJR092W J1905	1447	cellular bud neck [GO:0005935]; cellular bud neck contractile ring [GO:0000142]; cellular bud scar [GO:0005621]
P47142	VPS25_YEAST	VPS25 VPT25 YJR102C J1957	202	cytosol [GO:0005829]; ESCRT II complex [GO:0000814]
P47143	ADK_YEAST	ADO1 YJR105W J1973	340	cytoplasm [GO:0005737]; cytosol [GO:0005829]; nucleus [GO:0005634]
P47149	NNF1_YEAST	NNF1 YJR112W J2011	201	kinetochore [GO:0000776]; MIS12/MIND type complex [GO:0000444]; nucleus [GO:0005634]; outer kinetochore [GO:0000940]; spindle pole [GO:0000922]
P47150	RT07_YEAST	RSM7 YJR113C J2020	247	mitochondrial inner membrane [GO:0005743]; mitochondrial small ribosomal subunit [GO:0005763]; mitochondrion [GO:0005739]; ribosome [GO:0005840]
P47154	STE24_YEAST	STE24 AFC1 YJR117W J2032	453	endoplasmic reticulum [GO:0005783]; endoplasmic reticulum membrane [GO:0005789]; mitochondrial outer membrane [GO:0005741]; nuclear inner membrane [GO:0005637]
P47156	JHD2_YEAST	JHD2 YJR119C J2035	728	chromatin [GO:0000785]; cytoplasm [GO:0005737]; nucleus [GO:0005634]
P47160	ENT3_YEAST	ENT3 YJR125C J2048	408	clathrin vesicle coat [GO:0030125]; cytosol [GO:0005829]; endosome [GO:0005768]; Golgi apparatus [GO:0005794]; plasma membrane [GO:0005886]
P47164	MET7_YEAST	STR2 YJR130C J2063	639	cytoplasm [GO:0005737]; nucleus [GO:0005634]
P47167	CENPK_YEAST	MCM22 YJR135C J2122	239	kinetochore [GO:0000776]; nucleus [GO:0005634]
P47169	MET5_YEAST	MET5 ECM17 YJR137C J2126	1442	cell periphery [GO:0071944]; cytoplasm [GO:0005737]; cytoplasmic stress granule [GO:0010494]; fungal-type vacuole [GO:0000324]; sulfite reductase complex (NADPH) [GO:0009337]
P47170	IML1_YEAST	IML1 SEA1 YJR138W J2129	1584	fungal-type vacuole membrane [GO:0000329]; GATOR1 complex [GO:1990130]; Seh1-associated complex [GO:0035859]; vacuolar membrane [GO:0005774]
P47171	HIR3_YEAST	HIR3 HPC1 YJR140C J2161	1648	chromosome [GO:0005694]; HIR complex [GO:0000417]; nucleus [GO:0005634]
P47176	BCA2_YEAST	BAT2 ECA40 TWT2 YJR148W J2209	376	cytoplasm [GO:0005737]; mitochondrion [GO:0005739]; nucleus [GO:0005634]
P47178	DAN1_YEAST	DAN1 CCW13 YJR150C J2217	298	cell periphery [GO:0071944]; fungal-type cell wall [GO:0009277]; side of membrane [GO:0098552]
P47190	PMT3_YEAST	PMT3 YOR321W O6148	753	dolichyl-phosphate-mannose-protein mannosyltransferase Pmt1p-Pmt3p dimer complex [GO:0097583]; dolichyl-phosphate-mannose-protein mannosyltransferase Pmt5p-Pmt3p dimer complex [GO:0097585]; endoplasmic reticulum [GO:0005783]; endoplasmic reticulum membrane [GO:0005789]
P47818	CCC1_YEAST	CCC1 YLR220W L8083.6	322	fungal-type vacuole [GO:0000324]; fungal-type vacuole membrane [GO:0000329]; Golgi apparatus [GO:0005794]; Golgi membrane [GO:0000139]
P47821	SSN8_YEAST	SSN8 GIG3 NUT9 SRB11 UME3 YNL025C N2805	323	CKM complex [GO:1990508]; mediator complex [GO:0016592]; nucleus [GO:0005634]
P47822	MED21_YEAST	SRB7 MED21 YDR308C D9740.17	140	core mediator complex [GO:0070847]; mediator complex [GO:0016592]; nucleus [GO:0005634]
P47912	LCF4_YEAST	FAA4 YMR246W YM9408.08	694	cytoplasm [GO:0005737]; cytoplasmic stress granule [GO:0010494]; endoplasmic reticulum [GO:0005783]; lipid droplet [GO:0005811]; plasma membrane [GO:0005886]
P47977	CTH2_YEAST	TIS11 CTH2 YLR136C L3143 L9606.12	285	cytoplasm [GO:0005737]; mitochondrion [GO:0005739]; nucleus [GO:0005634]; P-body [GO:0000932]
P48016	ATH1_YEAST	ATH1 YPR026W YP9367.06	1211	cell periphery [GO:0071944]; cell wall-bounded periplasmic space [GO:0030287]; fungal-type cell wall [GO:0009277]; fungal-type vacuole [GO:0000324]; fungal-type vacuole lumen [GO:0000328]; membrane [GO:0016020]
P48164	RS7B_YEAST	RPS7B YNL096C N2212	190	cytosol [GO:0005829]; cytosolic small ribosomal subunit [GO:0022627]; small-subunit processome [GO:0032040]
P48231	TCB2_YEAST	TCB2 YNL087W N2250	1178	cell periphery [GO:0071944]; cellular bud [GO:0005933]; cortical endoplasmic reticulum [GO:0032541]; endoplasmic reticulum [GO:0005783]; endoplasmic reticulum membrane [GO:0005789]; plasma membrane [GO:0005886]
P48232	SNAPN_YEAST	SNN1 YNL086W N2254	102	BLOC-1 complex [GO:0031083]; endosome [GO:0005768]
P48234	NOL10_YEAST	ENP2 YGR145W G6623	707	90S preribosome [GO:0030686]; nucleolus [GO:0005730]; small-subunit processome [GO:0032040]
P48236	GPC1_YEAST	GPC1 YGR149W G6639	432	cell periphery [GO:0071944]; endoplasmic reticulum [GO:0005783]; membrane [GO:0016020]
P48237	CCM1_YEAST	CCM1 DMR1 RRG2 YGR150C G6642	864	mitochondrion [GO:0005739]
P48240	MTR3_YEAST	MTR3 YGR158C G6676	250	cytoplasmic exosome (RNase complex) [GO:0000177]; exosome (RNase complex) [GO:0000178]; nuclear exosome (RNase complex) [GO:0000176]; nucleolus [GO:0005730]; nucleus [GO:0005634]
P48360	ADRO_YEAST	ARH1 YDR376W D9481.5	493	mitochondrial inner membrane [GO:0005743]; mitochondrion [GO:0005739]
P48361	ASK10_YEAST	ASK10 RGC2 YGR097W	1146	cytoplasm [GO:0005737]; plasma membrane [GO:0005886]
P48362	HGH1_YEAST	HGH1 YGR187C G7538	394	cytoplasm [GO:0005737]; nucleus [GO:0005634]
P48363	PFD3_YEAST	PAC10 GIM2 PFD3 YGR078C	199	cytoplasm [GO:0005737]; prefoldin complex [GO:0016272]
P48412	UPF3_YEAST	UPF3 SUA6 YGR072W	387	cytoplasm [GO:0005737]; nucleolus [GO:0005730]; nucleus [GO:0005634]
P48415	SEC16_YEAST	SEC16 YPL085W LPF1W	2195	endoplasmic reticulum exit site [GO:0070971]; endoplasmic reticulum membrane [GO:0005789]; ER to Golgi transport vesicle membrane [GO:0012507]
P48439	OST3_YEAST	OST3 YOR085W YOR3124W	350	endoplasmic reticulum [GO:0005783]; endoplasmic reticulum membrane [GO:0005789]; membrane [GO:0016020]; oligosaccharyltransferase complex [GO:0008250]
P48445	BPL1_YEAST	BPL1 ACC2 YDL141W D2140	690	cytoplasm [GO:0005737]; nucleus [GO:0005634]
P48510	DSK2_YEAST	DSK2 SHE4 YMR276W YM8021.02	373	cytosol [GO:0005829]; nucleus [GO:0005634]
P48524	BUL1_YEAST	BUL1 DAG1 RDS1 SMM2 YMR275C YM8021.01C YM8156.17C	976	cytoplasm [GO:0005737]; RSP5-BUL ubiquitin ligase complex [GO:1990306]; ubiquitin ligase complex [GO:0000151]
P48558	BXI1_YEAST	BXI1 YBH3 YNL305C N0405	297	endoplasmic reticulum [GO:0005783]; endoplasmic reticulum membrane [GO:0005789]; fungal-type vacuole [GO:0000324]; membrane [GO:0016020]; mitochondrial membrane [GO:0031966]; mitochondrion [GO:0005739]; vacuolar membrane [GO:0005774]
P48559	YPT11_YEAST	YPT11 YNL304W N0410	417	cellular bud neck [GO:0005935]; cellular bud tip [GO:0005934]; endomembrane system [GO:0012505]; endoplasmic reticulum [GO:0005783]; endoplasmic reticulum membrane [GO:0005789]; Golgi apparatus [GO:0005794]; incipient cellular bud site [GO:0000131]; mitochondrion [GO:0005739]
P48561	TRF5_YEAST	TRF5 YNL299W N0440	642	nucleolus [GO:0005730]; TRAMP complex [GO:0031499]
P48562	CLA4_YEAST	CLA4 YNL298W N0450	842	cellular bud [GO:0005933]; cytoplasm [GO:0005737]; fungal-type vacuole [GO:0000324]; incipient cellular bud site [GO:0000131]; nucleus [GO:0005634]; PAR polarity complex [GO:0120157]
P48563	MON2_YEAST	MON2 YSL2 YNL297C N0453	1636	cytosol [GO:0005829]; early endosome membrane [GO:0031901]; endosome [GO:0005768]; endosome membrane [GO:0010008]; Golgi apparatus [GO:0005794]; Golgi membrane [GO:0000139]; trans-Golgi network [GO:0005802]
P48566	GYP3_YEAST	MSB3 GYP3 YNL293W N0470	633	cell periphery [GO:0071944]; cellular bud neck [GO:0005935]; cellular bud tip [GO:0005934]; cytoplasm [GO:0005737]; cytosol [GO:0005829]; fungal-type vacuole membrane [GO:0000329]; incipient cellular bud site [GO:0000131]; late endosome [GO:0005770]; mating projection tip [GO:0043332]; plasma membrane [GO:0005886]; polarisome [GO:0000133]
P48567	PUS4_YEAST	PUS4 YNL292W N0480	403	mitochondrion [GO:0005739]; nucleus [GO:0005634]
P48570	HOSC_YEAST	LYS20 YDL182W D1298	428	mitochondrion [GO:0005739]; nucleus [GO:0005634]
P48581	RAD17_YEAST	RAD17 YOR368W	401	checkpoint clamp complex [GO:0030896]; nucleus [GO:0005634]
P48582	BRO1_YEAST	BRO1 ASI6 LPF2 NPI3 VPS31 YPL084W	844	cytoplasm [GO:0005737]; cytosol [GO:0005829]; endosome [GO:0005768]; endosome membrane [GO:0010008]; extracellular vesicle [GO:1903561]
P48813	GNP1_YEAST	GNP1 YDR508C D9719.14	663	cell periphery [GO:0071944]; cellular bud neck [GO:0005935]; endoplasmic reticulum [GO:0005783]; membrane [GO:0016020]; mitochondrial membrane [GO:0031966]; mitochondrion [GO:0005739]
P48836	VATG_YEAST	VMA10 YHR039C-A YHR039BC YHR039C-B	114	fungal-type vacuole membrane [GO:0000329]; Golgi membrane [GO:0000139]; proton-transporting V-type ATPase complex [GO:0033176]; vacuolar proton-transporting V-type ATPase complex [GO:0016471]; vacuolar proton-transporting V-type ATPase, V1 domain [GO:0000221]
P48837	NUP57_YEAST	NUP57 YGR119C G6320	541	nuclear envelope [GO:0005635]; nuclear membrane [GO:0031965]; nuclear pore [GO:0005643]; nuclear pore central transport channel [GO:0044613]
P49017	COQ5_YEAST	COQ5 DBI56 YML110C YM8339.09C	307	extrinsic component of mitochondrial inner membrane [GO:0031314]; mitochondrial inner membrane [GO:0005743]; mitochondrial matrix [GO:0005759]; mitochondrion [GO:0005739]
P49018	GPI8_YEAST	GPI8 YDR331W D9798.2	411	endoplasmic reticulum [GO:0005783]; endoplasmic reticulum membrane [GO:0005789]; GPI-anchor transamidase complex [GO:0042765]
P49095	GCSP_YEAST	GCV2 GSD2 YMR189W YM9646.01	1034	glycine cleavage complex [GO:0005960]; mitochondrion [GO:0005739]
P49166	RL37A_YEAST	RPL37A RPL35A YLR185W L9470.6	88	cytosol [GO:0005829]; cytosolic large ribosomal subunit [GO:0022625]; preribosome, large subunit precursor [GO:0030687]
P49334	TOM22_YEAST	TOM22 MAS17 MAS22 MOM22 YNL131W N1217 N1862	152	mitochondrial outer membrane [GO:0005741]; mitochondrial outer membrane translocase complex [GO:0005742]; mitochondrion [GO:0005739]
P49367	LYS4_YEAST	LYS4 LYS3 YDR234W YD8419.01 YD9934.18	693	mitochondrion [GO:0005739]
P49435	APT1_YEAST	APT1 YML022W	187	cytoplasm [GO:0005737]; nucleus [GO:0005634]
P49573	CTR1_YEAST	CTR1 YPR124W P9642.3	406	cytoplasm [GO:0005737]; membrane [GO:0016020]; nucleus [GO:0005634]; plasma membrane [GO:0005886]
P49626	RL4B_YEAST	RPL4B RPL2B YDR012W YD8119.17	362	cytoplasm [GO:0005737]; cytosol [GO:0005829]; cytosolic large ribosomal subunit [GO:0022625]; nucleus [GO:0005634]
P49686	NUP42_YEAST	NUP42 RIP1 UIP1 YDR192C YD9346.04C	430	nuclear envelope [GO:0005635]; nuclear membrane [GO:0031965]; nuclear pore [GO:0005643]; nuclear pore central transport channel [GO:0044613]; nuclear pore cytoplasmic filaments [GO:0044614]
P49687	NU145_YEAST	NUP145 RAT10 YGL092W	1317	chromosome, telomeric region [GO:0000781]; nuclear membrane [GO:0031965]; nuclear pore [GO:0005643]; nuclear pore central transport channel [GO:0044613]; nuclear pore cytoplasmic filaments [GO:0044614]; nuclear pore outer ring [GO:0031080]
P49704	PRP31_YEAST	PRP31 YGR091W	494	mitochondrion [GO:0005739]; nucleus [GO:0005634]; precatalytic spliceosome [GO:0071011]; spliceosomal complex [GO:0005681]; spliceosomal tri-snRNP complex [GO:0097526]; U4 snRNP [GO:0005687]; U4/U6 snRNP [GO:0071001]; U4/U6 x U5 tri-snRNP complex [GO:0046540]
P49723	RIR4_YEAST	RNR4 CRT3 YGR180C	345	cytoplasm [GO:0005737]; nucleus [GO:0005634]; ribonucleoside-diphosphate reductase complex [GO:0005971]
P49775	HNT2_YEAST	HNT2 APH1 YDR305C D9740.15	206	cytoplasm [GO:0005737]; mitochondrion [GO:0005739]; nucleus [GO:0005634]
P49955	SF3B1_YEAST	HSH155 YMR288W YM8021.14	971	catalytic step 2 spliceosome [GO:0071013]; nucleus [GO:0005634]; Prp19 complex [GO:0000974]; spliceosomal complex [GO:0005681]; U2 snRNP [GO:0005686]; U2-type prespliceosome [GO:0071004]; U2-type spliceosomal complex [GO:0005684]
P49956	CTF18_YEAST	CTF18 CHL12 YMR078C YM9582.03C	741	Ctf18 RFC-like complex [GO:0031390]; mitochondrion [GO:0005739]; nuclear replication fork [GO:0043596]; nucleus [GO:0005634]
P49957	TRM9_YEAST	TRM9 YML014W YM9571.04	279	cytoplasm [GO:0005737]; nucleus [GO:0005634]; tRNA methyltransferase complex [GO:0043527]
P49960	SART3_YEAST	PRP24 YMR268C YM8156.10C	444	nucleus [GO:0005634]; ribonucleoprotein complex [GO:1990904]; spliceosomal complex [GO:0005681]; U6 snRNP [GO:0005688]
P50076	ALG10_YEAST	DIE2 ALG10 YGR227W G8547	525	cell periphery [GO:0071944]; endoplasmic reticulum [GO:0005783]; endoplasmic reticulum membrane [GO:0005789]
P50077	CCH1_YEAST	CCH1 YGR217W G8501	2039	plasma membrane [GO:0005886]; voltage-gated calcium channel complex [GO:0005891]
P50078	TOS2_YEAST	TOS2 YGR221C G8523	622	cellular bud [GO:0005933]; cellular bud membrane [GO:0033101]; cellular bud neck [GO:0005935]; cellular bud tip [GO:0005934]; incipient cellular bud site [GO:0000131]; site of polarized growth [GO:0030427]
P50079	HSV2_YEAST	HSV2 YGR223C G8530	448	cytoplasm [GO:0005737]; cytosol [GO:0005829]; endosome [GO:0005768]; endosome membrane [GO:0010008]; fungal-type vacuole [GO:0000324]; fungal-type vacuole membrane [GO:0000329]; phagophore assembly site membrane [GO:0034045]
P50082	AMA1_YEAST	AMA1 SPO70 YGR225W G8541	593	anaphase-promoting complex [GO:0005680]
P50085	PHB2_YEAST	PHB2 YGR231C G8561	310	mitochondrial inner membrane [GO:0005743]; mitochondrial prohibitin complex [GO:0035632]; mitochondrion [GO:0005739]
P50086	PSD10_YEAST	NAS6 YGR232W G8564	228	cytosol [GO:0005829]; nucleus [GO:0005634]
P50087	MIC26_YEAST	MIC26 MCS29 MIO27 MOS2 YGR235C G8575	233	MICOS complex [GO:0061617]; mitochondrial crista junction [GO:0044284]; mitochondrial inner membrane [GO:0005743]; mitochondrion [GO:0005739]
P50090	KEL2_YEAST	KEL2 YGR238C G8585	882	cell cortex of cell tip [GO:0051285]; cellular bud neck [GO:0005935]; cellular bud tip [GO:0005934]; Kelch-containing formin regulatory complex [GO:1990615]; mating projection tip [GO:0043332]
P50091	PEX21_YEAST	PEX21 YGR239C G8593	288	cargo receptor complex [GO:0062137]; cytoplasm [GO:0005737]; cytosol [GO:0005829]; peroxisomal membrane [GO:0005778]; peroxisome [GO:0005777]
P50094	IMDH4_YEAST	IMD4 YML056C YM9958.06C	524	cytoplasm [GO:0005737]
P50095	IMDH3_YEAST	IMD3 YLR432W L9753.4	523	cytoplasm [GO:0005737]; plasma membrane [GO:0005886]
P50101	UBP15_YEAST	UBP15 YMR304W YM9952.06	1230	cytoplasm [GO:0005737]; cytosol [GO:0005829]; endoplasmic reticulum [GO:0005783]; nucleus [GO:0005634]; peroxisome [GO:0005777]
P50102	UBP8_YEAST	UBP8 YMR223W YM9959.05	471	DUBm complex [GO:0071819]; nucleus [GO:0005634]; SAGA complex [GO:0000124]; SLIK (SAGA-like) complex [GO:0046695]
P50105	TAF4_YEAST	TAF4 MPT1 TAF48 TSG2 YMR005W YM8270.07	388	nucleus [GO:0005634]; transcription factor TFIID complex [GO:0005669]
P50106	RPA14_YEAST	RPA14 YDR156W YD8358.11	137	nucleus [GO:0005634]; RNA polymerase I complex [GO:0005736]
P50107	LGUL_YEAST	GLO1 YML004C YM9571.15C	326	cytoplasm [GO:0005737]; nucleus [GO:0005634]
P50108	MNN10_YEAST	MNN10 BED1 YDR245W YD8419.12	393	endoplasmic reticulum [GO:0005783]; endoplasmic reticulum membrane [GO:0005789]; Golgi membrane [GO:0000139]; mannan polymerase complex [GO:0000136]
P50109	PSP2_YEAST	PSP2 MRS15 YML017W YM9571.01	593	cytoplasm [GO:0005737]; cytoplasmic stress granule [GO:0010494]; P-body [GO:0000932]; ribonuclease MRP complex [GO:0000172]
P50110	SAM37_YEAST	SAM37 MAS37 PET3027 TOM37 YMR060C YM9796.13C	327	mitochondrial outer membrane [GO:0005741]; mitochondrion [GO:0005739]; SAM complex [GO:0001401]
P50111	ZDS1_YEAST	ZDS1 CES1 CKM1 HST1 NRC1 OSS1 STM2 YMR273C YM8156.15C	915	cellular bud neck [GO:0005935]; cellular bud tip [GO:0005934]; cytoplasm [GO:0005737]; incipient cellular bud site [GO:0000131]
P50275	ASE1_YEAST	ASE1 YOR058C YOR29-09	885	cytoplasm [GO:0005737]; microtubule [GO:0005874]; mitotic spindle [GO:0072686]; mitotic spindle midzone [GO:1990023]; nuclear microtubule [GO:0005880]; spindle [GO:0005819]
P50623	UBC9_YEAST	UBC9 YDL064W	157	condensed nuclear chromosome [GO:0000794]; nucleus [GO:0005634]
P50861	RIB4_YEAST	RIB4 YOL143C	169	cytoplasm [GO:0005737]; mitochondrial intermembrane space [GO:0005758]; nucleus [GO:0005634]; riboflavin synthase complex [GO:0009349]
P50874	ORC5_YEAST	ORC5 YNL261W N0834	479	Cul8-RING ubiquitin ligase complex [GO:0035361]; DNA replication preinitiation complex [GO:0031261]; nuclear origin of replication recognition complex [GO:0005664]; nuclear pre-replicative complex [GO:0005656]; nucleoplasm [GO:0005654]; nucleus [GO:0005634]
P50875	SPT20_YEAST	SPT20 ADA5 YOL148C	604	nucleus [GO:0005634]; SAGA complex [GO:0000124]; SLIK (SAGA-like) complex [GO:0046695]
P50942	INP52_YEAST	INP52 SJL2 YNL106C N2160	1183	actin cortical patch [GO:0030479]; cytoplasm [GO:0005737]; mating projection tip [GO:0043332]; membrane [GO:0016020]
P50945	MIC27_YEAST	MIC27 AIM37 MCS27 YNL100W N2190	234	MICOS complex [GO:0061617]; mitochondrial crista junction [GO:0044284]; mitochondrial inner membrane [GO:0005743]; mitochondrion [GO:0005739]
P50947	PHO23_YEAST	PHO23 YNL097C N2205	330	histone deacetylase complex [GO:0000118]; nucleus [GO:0005634]; Rpd3L complex [GO:0033698]; Rpd3L-Expanded complex [GO:0070210]
P51402	RL37B_YEAST	RPL37B RPL35B YDR500C D9719.6	88	cytosol [GO:0005829]; cytosolic large ribosomal subunit [GO:0022625]; preribosome, large subunit precursor [GO:0030687]
P51601	GCH1_YEAST	FOL2 YGR267C G9349	243	cytoplasm [GO:0005737]; nucleus [GO:0005634]
P51862	ROM2_YEAST	ROM2 YLR371W L8039.3	1356	cell division site [GO:0032153]; cell periphery [GO:0071944]; cellular bud tip [GO:0005934]; cytoplasm [GO:0005737]; incipient cellular bud site [GO:0000131]; mating projection tip [GO:0043332]; nucleus [GO:0005634]
P51979	HFM1_YEAST	HFM1 MER3 YGL251C NRE1046	1187	nucleus [GO:0005634]
P51996	YPT32_YEAST	YPT32 YPT11 YGL210W	222	cellular bud neck [GO:0005935]; cytosol [GO:0005829]; endosome [GO:0005768]; Golgi apparatus [GO:0005794]; Golgi membrane [GO:0000139]; mitochondrial outer membrane [GO:0005741]; recycling endosome [GO:0055037]
P52286	SKP1_YEAST	SKP1 CBF3D YDR328C D9798.14	194	CBF3 complex [GO:0031518]; chromosome, telomeric region [GO:0000781]; cytoplasm [GO:0005737]; endomembrane system [GO:0012505]; kinetochore [GO:0000776]; nucleus [GO:0005634]; RAVE complex [GO:0043291]; SCF ubiquitin ligase complex [GO:0019005]
P52488	UBA2_YEAST	UBA2 PIP2 UAL1 YDR390C D9509.10	636	cytoplasm [GO:0005737]; nucleus [GO:0005634]; SUMO activating enzyme complex [GO:0031510]
P52489	KPYK2_YEAST	PYK2 YOR347C O6342	506	cytoplasm [GO:0005737]; mitochondrion [GO:0005739]
P52490	UBC13_YEAST	UBC13 YDR092W YD6652.04	153	cytoplasm [GO:0005737]; cytosol [GO:0005829]; fungal-type vacuole membrane [GO:0000329]; nucleus [GO:0005634]; ubiquitin conjugating enzyme complex [GO:0031371]
P52491	UBC12_YEAST	UBC12 YLR306W L2142.3	188	cytosol [GO:0005829]; nucleus [GO:0005634]
P52553	PFD6_YEAST	YKE2 GIM1 PFD6 YLR200W L8167.8	114	cytoplasm [GO:0005737]; nucleus [GO:0005634]; prefoldin complex [GO:0016272]
P52593	NU188_YEAST	NUP188 YML103C	1655	nuclear envelope [GO:0005635]; nuclear membrane [GO:0031965]; nuclear pore [GO:0005643]; nuclear pore inner ring [GO:0044611]
P52870	SC6B1_YEAST	SBH1 SEB1 YER087C-B YER087BC	82	cytosol [GO:0005829]; endoplasmic reticulum [GO:0005783]; endoplasmic reticulum membrane [GO:0005789]; membrane [GO:0016020]; rough endoplasmic reticulum membrane [GO:0030867]; Sec61 translocon complex [GO:0005784]; translocon complex [GO:0071256]
P52871	SC6B2_YEAST	SBH2 SEB2 YER019C-A YER019BC	88	endoplasmic reticulum membrane [GO:0005789]; membrane [GO:0016020]; nuclear inner membrane [GO:0005637]; Sec61 translocon complex [GO:0005784]; Ssh1 translocon complex [GO:0071261]
P52891	NUP84_YEAST	NUP84 YDL116W	726	chromosome, telomeric region [GO:0000781]; nuclear envelope [GO:0005635]; nuclear membrane [GO:0031965]; nuclear pore [GO:0005643]; nuclear pore outer ring [GO:0031080]
P52893	ALAT1_YEAST	ALT1 YLR089C L9449.15	592	mitochondrial matrix [GO:0005759]; mitochondrion [GO:0005739]
P52910	ACS2_YEAST	ACS2 YLR153C L9634.10	683	cytosol [GO:0005829]; nucleolus [GO:0005730]; nucleus [GO:0005634]
P52917	VPS4_YEAST	VPS4 CSC1 DID6 END13 GRD13 VPL4 VPT10 YPR173C P9705.10	437	ATPase complex [GO:1904949]; cytoplasm [GO:0005737]; endoplasmic reticulum [GO:0005783]; endosome [GO:0005768]; ESCRT IV complex [GO:1990621]; membrane [GO:0016020]; midbody [GO:0030496]; nuclear pore [GO:0005643]; plasma membrane [GO:0005886]
P52920	NBP35_YEAST	NBP35 YGL091C	328	cytoplasm [GO:0005737]; cytosol [GO:0005829]; cytosolic [4Fe-4S] assembly scaffold complex [GO:1904564]; iron-sulfur cluster assembly complex [GO:1990229]; nucleus [GO:0005634]
P52923	AIF1_YEAST	AIF1 CPD1 YNR074C N3815	378	cytoplasm [GO:0005737]; mitochondrial membrane [GO:0031966]; mitochondrial outer membrane [GO:0005741]; mitochondrion [GO:0005739]; nucleus [GO:0005634]
P52960	PIP2_YEAST	PIP2 OAF2 YOR363C	996	nucleus [GO:0005634]; Pip2-Oaf1 complex [GO:0089716]; transcription regulator complex [GO:0005667]
P53008	CWH41_YEAST	CWH41 GLS1 YGL027C	833	endoplasmic reticulum membrane [GO:0005789]; fungal-type vacuole [GO:0000324]
P53010	PAN2_YEAST	PAN2 YGL094C	1115	cytoplasm [GO:0005737]; P-body [GO:0000932]; PAN complex [GO:0031251]
P53011	SEH1_YEAST	SEH1 YGL100W	349	nuclear envelope [GO:0005635]; nuclear membrane [GO:0031965]; nuclear pore [GO:0005643]; nuclear pore outer ring [GO:0031080]; Seh1-associated complex [GO:0035859]; vacuolar membrane [GO:0005774]
P53012	SCS3_YEAST	SCS3 FIT2B YGL126W G2868	380	endoplasmic reticulum [GO:0005783]; endoplasmic reticulum lumen [GO:0005788]; endoplasmic reticulum membrane [GO:0005789]
P53032	SUT1_YEAST	SUT1 YGL162W G1828	299	cytoplasm [GO:0005737]; nucleus [GO:0005634]
P53037	PSD2_YEAST	PSD2 YGR170W	1138	endosome [GO:0005768]; endosome membrane [GO:0010008]; Golgi membrane [GO:0000139]; Golgi stack [GO:0005795]
P53038	TEL2_YEAST	TEL2 YGR099W	688	chromosome, telomeric region [GO:0000781]; cytosol [GO:0005829]; nucleus [GO:0005634]; TTT Hsp90 cochaperone complex [GO:0110078]
P53039	YIP1_YEAST	YIP1 YGR172C	248	COPII-coated ER to Golgi transport vesicle [GO:0030134]; endoplasmic reticulum [GO:0005783]; endoplasmic reticulum membrane [GO:0005789]; Golgi membrane [GO:0000139]; trans-Golgi network [GO:0005802]
P53040	TAF6_YEAST	TAF6 TAF60 YGL112C G2985	516	cytosol [GO:0005829]; nucleus [GO:0005634]; SAGA complex [GO:0000124]; SLIK (SAGA-like) complex [GO:0046695]; transcription factor TFIID complex [GO:0005669]
P53043	PPP5_YEAST	PPT1 YGR123C G6347	513	cytoplasm [GO:0005737]; cytosol [GO:0005829]; nucleus [GO:0005634]
P53044	UFD1_YEAST	UFD1 PIP3 YGR048W	361	cytosol [GO:0005829]; Doa10p ubiquitin ligase complex [GO:0000837]; Hrd1p ubiquitin ligase ERAD-L complex [GO:0000839]; nucleus [GO:0005634]; replisome [GO:0030894]; RQC complex [GO:1990112]; VCP-NPL4-UFD1 AAA ATPase complex [GO:0034098]
P53045	ERG25_YEAST	ERG25 FET6 YGR060W	309	endoplasmic reticulum membrane [GO:0005789]; plasma membrane [GO:0005886]
P53048	MAL11_YEAST	MAL11 AGT1 MAL1T MTP1 YGR289C	616	membrane [GO:0016020]; plasma membrane [GO:0005886]
P53049	YOR1_YEAST	YOR1 YRS1 YGR281W	1477	cell periphery [GO:0071944]; plasma membrane [GO:0005886]
P53051	MALX3_YEAST	IMA1 YGR287C	589	mitochondrion [GO:0005739]
P53061	ZIP2_YEAST	ZIP2 YGL249W NRC704	704	condensed nuclear chromosome [GO:0000794]; mitochondrion [GO:0005739]; synapsis initiation complex [GO:0106069]; synaptonemal complex [GO:0000795]
P53063	DXO_YEAST	RAI1 YGL246C NRE387	387	cytosol [GO:0005829]; Las1 complex [GO:0090730]; nucleus [GO:0005634]; RNA polymerase II termination complex [GO:0110103]
P53064	RTF1_YEAST	RTF1 CSL3 YGL244W HRA458	558	Cdc73/Paf1 complex [GO:0016593]; euchromatin [GO:0000791]; nucleus [GO:0005634]
P53067	IMB5_YEAST	KAP114 YGL241W HRC1004	1004	cytoplasm [GO:0005737]; cytosol [GO:0005829]; nuclear envelope [GO:0005635]; nuclear pore [GO:0005643]; nucleus [GO:0005634]
P53068	APC10_YEAST	DOC1 APC10 YGL240W HRC283	250	anaphase-promoting complex [GO:0005680]; mitochondrion [GO:0005739]
P53076	VID30_YEAST	VID30 GID1 YGL227W	958	cytoplasm [GO:0005737]; GID complex [GO:0034657]; nucleus [GO:0005634]
P53079	COG1_YEAST	COG1 COD3 SEC36 TFI1 YGL223C	417	Golgi membrane [GO:0000139]; Golgi transport complex [GO:0017119]
P53082	BOL2_YEAST	BOL2 AIM15 FRA2 YGL220W	120	cytoplasm [GO:0005737]; cytosol [GO:0005829]; iron-sulfur cluster assembly complex [GO:1990229]; nucleus [GO:0005634]
P53083	MDM34_YEAST	MDM34 MMM2 YGL219C	459	cytoplasm [GO:0005737]; ERMES complex [GO:0032865]; mitochondria-associated endoplasmic reticulum membrane contact site [GO:0044233]; mitochondrial outer membrane [GO:0005741]; mitochondrion [GO:0005739]; outer mitochondrial membrane protein complex [GO:0098799]
P53086	KIP3_YEAST	KIP3 YGL216W	805	cytoplasm [GO:0005737]; cytoplasmic microtubule [GO:0005881]; kinesin complex [GO:0005871]; kinetochore [GO:0000776]; microtubule plus-end [GO:0035371]; mitotic spindle astral microtubule [GO:0061673]; mitotic spindle midzone [GO:1990023]; nuclear microtubule [GO:0005880]; nucleus [GO:0005634]; spindle microtubule [GO:0005876]
P53088	CTU1_YEAST	NCS6 CTU1 TUC1 YGL211W YGL210W-A	359	cytosol [GO:0005829]; cytosolic tRNA wobble base thiouridylase complex [GO:0002144]; mitochondrion [GO:0005739]; peroxisome [GO:0005777]
P53090	ARO8_YEAST	ARO8 YGL202W	500	cytoplasm [GO:0005737]
P53091	MCM6_YEAST	MCM6 YGL201C	1017	CMG complex [GO:0071162]; cytoplasm [GO:0005737]; DNA replication preinitiation complex [GO:0031261]; MCM complex [GO:0042555]; MCM core complex [GO:0097373]; nuclear pre-replicative complex [GO:0005656]; nuclear replication fork [GO:0043596]; nucleoplasm [GO:0005654]; nucleus [GO:0005634]; peroxisome [GO:0005777]
P53093	YIP4_YEAST	YIP4 YGL198W G1304	235	Golgi apparatus [GO:0005794]; Golgi membrane [GO:0000139]; trans-Golgi network [GO:0005802]
P53095	DSD1_YEAST	DSD1 YGL196W G1315	428	
P53096	HOS2_YEAST	HOS2 YGL194C G1330	452	cytoplasm [GO:0005737]; nuclear periphery [GO:0034399]; nucleus [GO:0005634]; Rpd3L-Expanded complex [GO:0070210]; Set3 complex [GO:0034967]
P53102	MND1_YEAST	MND1 YGL183C G1604	219	condensed nuclear chromosome [GO:0000794]; DNA recombinase auxiliary factor complex [GO:0120231]; nucleus [GO:0005634]
P53104	ATG1_YEAST	ATG1 APG1 AUT3 CVT10 YGL180W G1615	897	Atg1/ULK1 kinase complex [GO:1990316]; autophagosome [GO:0005776]; autophagosome membrane [GO:0000421]; cytoplasm [GO:0005737]; cytosol [GO:0005829]; phagophore [GO:0061908]; phagophore assembly site [GO:0000407]; phagophore assembly site membrane [GO:0034045]; vacuole-isolation membrane contact site [GO:0120095]
P53109	AIM14_YEAST	AIM14 YGL160W G1837	570	endoplasmic reticulum [GO:0005783]; perinuclear endoplasmic reticulum [GO:0097038]; plasma membrane [GO:0005886]
P53112	PEX14_YEAST	PEX14 YGL153W G1870	341	peroxisomal importomer complex [GO:1990429]; peroxisomal membrane [GO:0005778]
P53114	MED5_YEAST	NUT1 MED5 YGL151W G1876	1132	core mediator complex [GO:0070847]; mediator complex [GO:0016592]; mitochondrion [GO:0005739]; nucleus [GO:0005634]
P53115	INO80_YEAST	INO80 YGL150C G1880	1489	chromosome, centromeric region [GO:0000775]; chromosome, telomeric region [GO:0000781]; Ino80 complex [GO:0031011]; nucleus [GO:0005634]
P53119	HUL5_YEAST	HUL5 YGL141W	910	cytoplasm [GO:0005737]; cytosol [GO:0005829]; nucleus [GO:0005634]; proteasome complex [GO:0000502]
P53125	ITC1_YEAST	ITC1 YGL133W G2842	1264	CHRAC [GO:0008623]; chromosome, telomeric region [GO:0000781]; nucleus [GO:0005634]
P53127	SNT2_YEAST	SNT2 YGL131C G2850	1403	cytoplasm [GO:0005737]; Lid2 complex [GO:0048189]; nucleus [GO:0005634]; Snt2C complex [GO:0070211]
P53129	MON1_YEAST	MON1 AUT12 YGL124C G2889	644	cytosol [GO:0005829]; endosome [GO:0005768]; fungal-type vacuole membrane [GO:0000329]; Mon1-Ccz1 complex [GO:0035658]; multivesicular body membrane [GO:0032585]
P53131	PRP43_YEAST	PRP43 YGL120C	767	90S preribosome [GO:0030686]; mitochondrion [GO:0005739]; nucleolus [GO:0005730]; post-mRNA release spliceosomal complex [GO:0071014]; small-subunit processome [GO:0032040]; spliceosomal complex [GO:0005681]
P53135	SLD3_YEAST	SLD3 YGL113W G2980	668	chromatin [GO:0000785]; chromosome, centromeric region [GO:0000775]; DNA replication preinitiation complex [GO:0031261]; nucleus [GO:0005634]
P53137	CUE3_YEAST	CUE3 RQT3 YGL110C G3060	624	cytoplasm [GO:0005737]; cytosolic ribosome [GO:0022626]
P53140	RMD9_YEAST	RMD9 YGL107C G3075	646	mitochondrial inner membrane [GO:0005743]; mitochondrion [GO:0005739]
P53141	MLC1_YEAST	MLC1 YGL106W G3080	149	cellular bud neck [GO:0005935]; cellular bud neck contractile ring [GO:0000142]; cellular bud tip [GO:0005934]; MIH complex [GO:0120155]; myosin II complex [GO:0016460]; myosin V complex [GO:0031475]; plasma membrane [GO:0005886]; site of polarized growth [GO:0030427]; vesicle [GO:0031982]
P53144	YGK1_YEAST	YGK1 YGL101W	215	cytoplasm [GO:0005737]; nucleus [GO:0005634]
P53145	LSG1_YEAST	LSG1 YGL099W	640	cytoplasm [GO:0005737]; cytosol [GO:0005829]; cytosolic large ribosomal subunit [GO:0022625]; mating projection tip [GO:0043332]
P53146	USE1_YEAST	USE1 SLT1 YGL098W	245	cytoplasmic side of endoplasmic reticulum membrane [GO:0098554]; endoplasmic reticulum [GO:0005783]; Golgi to ER transport vesicle membrane [GO:0012508]; SNARE complex [GO:0031201]
P53148	KNL1_YEAST	SPC105 KNL1 YGL093W	917	kinetochore [GO:0000776]; Knl1/Spc105 complex [GO:0180019]; mitochondrion [GO:0005739]; nucleus [GO:0005634]; outer kinetochore [GO:0000940]
P53150	XRCC4_YEAST	LIF1 YGL090W	421	chromatin [GO:0000785]; cytoplasm [GO:0005737]; DNA ligase IV complex [GO:0032807]; nucleus [GO:0005634]
P53152	MMS2_YEAST	MMS2 YGL087C	137	cytoplasm [GO:0005737]; cytosol [GO:0005829]; fungal-type vacuole membrane [GO:0000329]; nucleus [GO:0005634]; ubiquitin conjugating enzyme complex [GO:0031371]
P53154	GUP1_YEAST	GUP1 YGL084C	560	endoplasmic reticulum [GO:0005783]; endoplasmic reticulum membrane [GO:0005789]; mitochondrial membrane [GO:0031966]; plasma membrane [GO:0005886]
P53157	MPC1_YEAST	MPC1 FMP37 YGL080W	130	inner mitochondrial membrane protein complex [GO:0098800]; mitochondrial inner membrane [GO:0005743]; mitochondrial pyruvate carrier complex [GO:7770001]; mitochondrion [GO:0005739]; peroxisome [GO:0005777]
P53159	MPS2_YEAST	MPS2 MMC1 YGL075C	387	chromosome, telomeric region [GO:0000781]; endoplasmic reticulum [GO:0005783]; meiotic nuclear membrane microtubule tethering complex [GO:0034993]; membrane [GO:0016020]; mitotic nuclear membrane microtubule tethering complex [GO:0106084]; nuclear envelope [GO:0005635]; nuclear outer membrane [GO:0005640]; spindle pole body [GO:0005816]
P53163	MNP1_YEAST	MNP1 MRPL12 YGL068W	194	mitochondrial inner membrane [GO:0005743]; mitochondrial large ribosomal subunit [GO:0005762]; mitochondrial nucleoid [GO:0042645]; mitochondrion [GO:0005739]
P53164	NPY1_YEAST	NPY1 YGL067W	384	cytoplasm [GO:0005737]; cytosol [GO:0005829]; peroxisome [GO:0005777]
P53165	SGF73_YEAST	SGF73 YGL066W	657	cytosol [GO:0005829]; DUBm complex [GO:0071819]; nucleus [GO:0005634]; SAGA complex [GO:0000124]; SLIK (SAGA-like) complex [GO:0046695]
P53166	MRH4_YEAST	MRH4 YGL064C	561	mitochondrial matrix [GO:0005759]; mitochondrion [GO:0005739]; nucleolus [GO:0005730]
P53168	DUO1_YEAST	DUO1 YGL061C	247	DASH complex [GO:0042729]; microtubule [GO:0005874]; mitotic spindle [GO:0072686]; spindle pole [GO:0000922]
P53170	PDK2_YEAST	PKP2 YGL059W	491	mitochondrial matrix [GO:0005759]; mitochondrion [GO:0005739]
P53173	ERV14_YEAST	ERV14 YGL054C	138	cell periphery [GO:0071944]; COPII-coated ER to Golgi transport vesicle [GO:0030134]; endoplasmic reticulum [GO:0005783]; endoplasmic reticulum membrane [GO:0005789]; Golgi membrane [GO:0000139]
P53176	MST27_YEAST	MST27 DUP2 YGL051W	234	COPI-coated vesicle membrane [GO:0030663]; endoplasmic reticulum [GO:0005783]; ER to Golgi transport vesicle membrane [GO:0012507]; Golgi apparatus [GO:0005794]; membrane [GO:0016020]; plasma membrane [GO:0005886]
P53178	ALG13_YEAST	ALG13 YGL047W	202	cytoplasm [GO:0005737]; cytoplasmic side of Golgi membrane [GO:0098548]; cytosol [GO:0005829]; endoplasmic reticulum [GO:0005783]; nucleus [GO:0005634]; UDP-N-acetylglucosamine transferase complex [GO:0043541]
P53184	PNC1_YEAST	PNC1 YGL037C	216	chromosome, telomeric region [GO:0000781]; cytoplasm [GO:0005737]; nucleus [GO:0005634]; peroxisome [GO:0005777]
P53191	PIB2_YEAST	PIB2 YGL023C	635	fungal-type vacuole membrane [GO:0000329]; mitochondrion [GO:0005739]
P53192	GET1_YEAST	GET1 MDM39 YGL020C	235	endoplasmic reticulum [GO:0005783]; endoplasmic reticulum membrane [GO:0005789]; GET complex [GO:0043529]; Golgi membrane [GO:0000139]; mitochondrial membrane [GO:0031966]; mitochondrion [GO:0005739]
P53193	JAC1_YEAST	JAC1 SEO2 YGL018C	184	mitochondrial inner membrane [GO:0005743]; mitochondrial intermembrane space [GO:0005758]; mitochondrial matrix [GO:0005759]; mitochondrion [GO:0005739]
P53195	COG7_YEAST	COG7 COD5 YGL005C	279	cytosol [GO:0005829]; Golgi membrane [GO:0000139]; Golgi transport complex [GO:0017119]; mitochondrion [GO:0005739]
P53196	RPN14_YEAST	RPN14 YGL004C	417	cytoplasm [GO:0005737]; cytosol [GO:0005829]; nucleus [GO:0005634]; proteasome complex [GO:0000502]
P53197	CDH1_YEAST	CDH1 HCT1 YGL003C	566	anaphase-promoting complex [GO:0005680]; cytoplasm [GO:0005737]; nucleus [GO:0005634]
P53199	ERG26_YEAST	ERG26 YGL001C	349	endoplasmic reticulum [GO:0005783]; endoplasmic reticulum membrane [GO:0005789]
P53201	SWC4_YEAST	SWC4 EAF2 GOD1 YGR002C	476	chromatin [GO:0000785]; NuA4 histone acetyltransferase complex [GO:0035267]; nucleus [GO:0005634]; Swr1 complex [GO:0000812]
P53202	CUL3_YEAST	CUL3 YGR003W	744	Cul3-RING ubiquitin ligase complex [GO:0031463]; cytoplasm [GO:0005737]; nucleus [GO:0005634]
P53204	NMA2_YEAST	NMA2 YGR010W	395	nucleus [GO:0005634]
P53207	SNU71_YEAST	SNU71 YGR013W	620	commitment complex [GO:0000243]; cytoplasm [GO:0005737]; nucleus [GO:0005634]; spliceosomal complex [GO:0005681]; U1 snRNP [GO:0005685]; U2-type prespliceosome [GO:0071004]
P53208	EAT1_YEAST	EAT1 YGR015C	328	mitochondrion [GO:0005739]
P53215	THG1_YEAST	THG1 YGR024C	237	cytoplasm [GO:0005737]; nucleus [GO:0005634]
P53218	POP6_YEAST	POP6 YGR030C	158	cytosol [GO:0005829]; nucleolar ribonuclease P complex [GO:0005655]; nucleus [GO:0005634]; ribonuclease MRP complex [GO:0000172]; telomerase holoenzyme complex [GO:0005697]
P53219	IMO32_YEAST	IMO32 YGR031W	342	mitochondrion [GO:0005739]
P53223	CAX4_YEAST	CAX4 CWH8 YGR036C	239	endoplasmic reticulum [GO:0005783]; endoplasmic reticulum membrane [GO:0005789]
P53224	ORM1_YEAST	ORM1 YGR038W	222	endoplasmic reticulum [GO:0005783]; endoplasmic reticulum membrane [GO:0005789]; serine palmitoyltransferase complex [GO:0017059]
P53226	BUD9_YEAST	BUD9 YGR041W G4152	547	cellular bud neck [GO:0005935]; cellular bud tip [GO:0005934]; plasma membrane [GO:0005886]
P53230	TAM41_YEAST	TAM41 MMP37 YGR046W	385	mitochondrial inner membrane [GO:0005743]; mitochondrial matrix [GO:0005759]; mitochondrion [GO:0005739]
P53236	RSC1_YEAST	RSC1 YGR056W	928	chromatin [GO:0000785]; RSC-type complex [GO:0016586]
P53238	PEF1_YEAST	PEF1 YGR058W	335	cellular bud neck [GO:0005935]; cellular bud tip [GO:0005934]; cytoplasm [GO:0005737]; cytosol [GO:0005829]; nucleus [GO:0005634]; site of polarized growth [GO:0030427]
P53250	TWF1_YEAST	TWF1 YGR080W	332	actin filament [GO:0005884]; cytoplasm [GO:0005737]; mating projection tip [GO:0043332]
P53251	SLX9_YEAST	SLX9 YGR081C	210	90S preribosome [GO:0030686]; nucleolus [GO:0005730]; nucleus [GO:0005634]; preribosome, small subunit precursor [GO:0030688]; small-subunit processome [GO:0032040]
P53252	PIL1_YEAST	PIL1 YGR086C	339	cell periphery [GO:0071944]; cytoplasm [GO:0005737]; eisosome [GO:0032126]; eisosome filament [GO:0036286]; lipid droplet [GO:0005811]; mitochondrial outer membrane [GO:0005741]; mitochondrion [GO:0005739]; plasma membrane [GO:0005886]
P53254	UTP22_YEAST	UTP22 YGR090W	1237	90S preribosome [GO:0030686]; CURI complex [GO:0032545]; nucleolus [GO:0005730]; nucleoplasm [GO:0005654]; nucleus [GO:0005634]; small-subunit processome [GO:0032040]; UTP-C complex [GO:0034456]
P53255	DRN1_YEAST	DRN1 YGR093W	507	cytosol [GO:0005829]; nucleus [GO:0005634]; post-mRNA release spliceosomal complex [GO:0071014]
P53256	RRP46_YEAST	RRP46 YGR095C	223	cytoplasmic exosome (RNase complex) [GO:0000177]; exosome (RNase complex) [GO:0000178]; nuclear exosome (RNase complex) [GO:0000176]; nucleolus [GO:0005730]; nucleus [GO:0005634]
P53259	PCP1_YEAST	PCP1 MDM37 RBD1 UGO2 YGR101W	346	mitochondrial inner membrane [GO:0005743]
P53261	PESC_YEAST	NOP7 RRP13 YPH1 YGR103W	605	nucleolus [GO:0005730]; nucleoplasm [GO:0005654]; nucleus [GO:0005634]; PeBoW complex [GO:0070545]; preribosome, large subunit precursor [GO:0030687]
P53262	VOA1_YEAST	VOA1 YGR106C	265	endoplasmic reticulum membrane [GO:0005789]; fungal-type vacuole membrane [GO:0000329]; Golgi membrane [GO:0000139]; proton-transporting V-type ATPase complex [GO:0033176]; vacuolar proton-transporting V-type ATPase complex [GO:0016471]; vacuolar proton-transporting V-type ATPase, V0 domain [GO:0000220]
P53264	CLD1_YEAST	CLD1 YGR110W G6140	445	mitochondrial inner membrane [GO:0005743]; mitochondrion [GO:0005739]
P53267	DAM1_YEAST	DAM1 YGR113W G6153	343	DASH complex [GO:0042729]; mitotic spindle [GO:0072686]; mitotic spindle polar microtubule [GO:1990537]; mitotic spindle pole body [GO:0044732]
P53271	COG2_YEAST	COG2 SEC35 YGR120C G6324	262	cytosol [GO:0005829]; Golgi membrane [GO:0000139]; Golgi transport complex [GO:0017119]
P53276	UTP8_YEAST	UTP8 YGR128C	713	90S preribosome [GO:0030686]; nucleolus [GO:0005730]; rDNA heterochromatin [GO:0033553]; small-subunit processome [GO:0032040]; t-UTP complex [GO:0034455]
P53277	SYF2_YEAST	SYF2 NTC31 YGR129W	215	cytosol [GO:0005829]; nucleus [GO:0005634]; Prp19 complex [GO:0000974]; U2-type catalytic step 1 spliceosome [GO:0071006]; U2-type catalytic step 2 spliceosome [GO:0071007]; U2-type post-mRNA release spliceosomal complex [GO:0071008]; U2-type prespliceosome [GO:0071004]
P53281	LSB1_YEAST	LSB1 YGR136W	241	actin cortical patch [GO:0030479]; cytoplasm [GO:0005737]; nucleus [GO:0005634]
P53286	BTN2_YEAST	BTN2 YGR142W	410	cytosol [GO:0005829]; late endosome [GO:0005770]; nuclear periphery [GO:0034399]; nucleus [GO:0005634]; perinuclear region of cytoplasm [GO:0048471]
P53290	RAGCD_YEAST	GTR2 YGR163W	341	chromatin [GO:0000785]; cytoplasm [GO:0005737]; fungal-type vacuole membrane [GO:0000329]; Gtr1-Gtr2 GTPase complex [GO:1990131]; late endosome [GO:0005770]; late endosome membrane [GO:0031902]; membrane raft [GO:0045121]; nucleus [GO:0005634]; Ragulator complex [GO:0071986]
P53292	RT35_YEAST	MRPS35 YGR165W	345	mitochondrial inner membrane [GO:0005743]; mitochondrial small ribosomal subunit [GO:0005763]; mitochondrion [GO:0005739]
P53294	PUS6_YEAST	PUS6 YGR169C	404	cytoplasm [GO:0005737]; mitochondrion [GO:0005739]
P53296	ATF2_YEAST	ATF2 YGR177C G7135	535	cytoplasm [GO:0005737]; endoplasmic reticulum [GO:0005783]; endoplasmic reticulum membrane [GO:0005789]; lipid droplet [GO:0005811]
P53297	PBP1_YEAST	PBP1 MRS16 YGR178C	722	cytoplasm [GO:0005737]; cytoplasmic stress granule [GO:0010494]; cytosol [GO:0005829]; mitochondrion [GO:0005739]; nucleus [GO:0005634]; ribosome [GO:0005840]
P53298	CENPQ_YEAST	OKP1 YGR179C	406	COMA complex [GO:0000817]; kinetochore [GO:0000776]
P53299	TIM13_YEAST	TIM13 YGR181W G7157	105	mitochondrial inner membrane [GO:0005743]; mitochondrial intermembrane space [GO:0005758]; mitochondrial intermembrane space chaperone complex [GO:0042719]; mitochondrion [GO:0005739]
P53301	CRH1_YEAST	CRH1 YGR189C G7553	507	cell periphery [GO:0071944]; extracellular region [GO:0005576]; fungal-type cell wall [GO:0009277]; incipient cellular bud site [GO:0000131]; side of membrane [GO:0098552]
P53303	ZPR1_YEAST	ZPR1 YGR211W	486	cytoplasm [GO:0005737]; nucleus [GO:0005634]
P53309	AP18B_YEAST	YAP1802 YGR241C G8610	568	cellular bud neck [GO:0005935]; clathrin-coated pit [GO:0005905]; clathrin-coated vesicle [GO:0030136]; cytosol [GO:0005829]; plasma membrane [GO:0005886]; prospore membrane [GO:0005628]
P53311	MPC3_YEAST	MPC3 FMP43 YGR243W G8620	146	inner mitochondrial membrane protein complex [GO:0098800]; mitochondrial inner membrane [GO:0005743]; mitochondrial membrane [GO:0031966]; mitochondrial pyruvate carrier complex [GO:7770001]; mitochondrion [GO:0005739]; peroxisome [GO:0005777]
P53314	CPD1_YEAST	CPD1 YGR247W	239	clathrin-coated vesicle [GO:0030136]; Golgi apparatus [GO:0005794]
P53317	NOP19_YEAST	NOP19 YGR251W	196	90S preribosome [GO:0030686]; nucleolus [GO:0005730]; nucleoplasm [GO:0005654]; nucleus [GO:0005634]; small-subunit processome [GO:0032040]
P53318	COQ6_YEAST	COQ6 YGR255C G9165	479	extrinsic component of mitochondrial inner membrane [GO:0031314]; mitochondrial inner membrane [GO:0005743]; mitochondrion [GO:0005739]
P53322	TNA1_YEAST	TNA1 YGR260W	534	cell periphery [GO:0071944]; cortical endoplasmic reticulum [GO:0032541]; endoplasmic reticulum [GO:0005783]; fungal-type vacuole [GO:0000324]; membrane [GO:0016020]; mitochondrion [GO:0005739]; plasma membrane [GO:0005886]
P53323	BUD32_YEAST	BUD32 LDB14 YGR262C	261	chromosome, telomeric region [GO:0000781]; cytoplasm [GO:0005737]; cytosol [GO:0005829]; EKC/KEOPS complex [GO:0000408]; nucleoplasm [GO:0005654]; nucleus [GO:0005634]
P53324	SAY1_YEAST	SAY1 YGR263C	424	cell periphery [GO:0071944]; endoplasmic reticulum [GO:0005783]; endoplasmic reticulum lumen [GO:0005788]; endoplasmic reticulum membrane [GO:0005789]; lipid droplet [GO:0005811]; membrane [GO:0016020]
P53327	ASCC3_YEAST	SLH1 RQT2 YGR271W G9365	1967	cytoplasm [GO:0005737]; cytoplasmic stress granule [GO:0010494]; cytosolic ribosome [GO:0022626]
P53330	RT102_YEAST	RTT102 YGR275W G9378	157	chromatin [GO:0000785]; nucleus [GO:0005634]; RSC-type complex [GO:0016586]; SWI/SNF complex [GO:0016514]
P53331	REXO1_YEAST	RNH70 REX1 YGR276C G9381	553	nucleus [GO:0005634]
P53333	CWC22_YEAST	CWC22 YGR278W	577	catalytic step 2 spliceosome [GO:0071013]; cytoplasm [GO:0005737]; Prp19 complex [GO:0000974]; U2-type spliceosomal complex [GO:0005684]
P53334	SCW4_YEAST	SCW4 YGR279C	386	cell surface [GO:0009986]; extracellular region [GO:0005576]; fungal-type cell wall [GO:0009277]; fungal-type vacuole [GO:0000324]; vacuole [GO:0005773]
P53335	PXR1_YEAST	PXR1 GNO1 YGR280C	271	nucleolus [GO:0005730]; nucleoplasm [GO:0005654]; small-subunit processome [GO:0032040]
P53378	TBG_YEAST	TUB4 YLR212C L8167.21	473	cytoplasm [GO:0005737]; gamma-tubulin ring complex [GO:0000931]; gamma-tubulin small complex [GO:0008275]; inner plaque of spindle pole body [GO:0005822]; microtubule [GO:0005874]; nucleus [GO:0005634]; outer plaque of spindle pole body [GO:0005824]; spindle [GO:0005819]; spindle pole body [GO:0005816]
P53379	MKC7_YEAST	MKC7 YPS2 YDR144C YD2943.03C YD8358.01C	596	extracellular region [GO:0005576]; fungal-type cell wall [GO:0009277]; fungal-type vacuole [GO:0000324]; plasma membrane [GO:0005886]; side of membrane [GO:0098552]
P53397	OGG1_YEAST	OGG1 YML060W YM9958.02	376	mitochondrion [GO:0005739]; nucleus [GO:0005634]
P53507	TOM7_YEAST	TOM7 MOM7 YNL070W N2378	60	mitochondrial outer membrane [GO:0005741]; mitochondrial outer membrane translocase complex [GO:0005742]; mitochondrion [GO:0005739]
P53538	SSU72_YEAST	SSU72 YNL222W N1279	206	mRNA cleavage and polyadenylation specificity factor complex [GO:0005847]; nucleus [GO:0005634]
P53540	SPC98_YEAST	SPC98 YNL126W N1222 N1879	846	gamma-tubulin complex [GO:0000930]; gamma-tubulin small complex [GO:0008275]; inner plaque of spindle pole body [GO:0005822]; microtubule [GO:0005874]; nucleus [GO:0005634]; outer plaque of spindle pole body [GO:0005824]; spindle pole [GO:0000922]; spindle pole body [GO:0005816]
P53541	SPO1_YEAST	SPO1 YNL012W N2858	631	cytosol [GO:0005829]; endoplasmic reticulum [GO:0005783]; endoplasmic reticulum membrane [GO:0005789]; extracellular region [GO:0005576]; fungal-type vacuole [GO:0000324]; nuclear membrane [GO:0031965]; nucleus [GO:0005634]; plasma membrane [GO:0005886]; prospore membrane [GO:0005628]
P53549	PRS10_YEAST	RPT4 CRL13 PCS1 SUG2 YOR259C	437	nucleus [GO:0005634]; proteasome complex [GO:0000502]; proteasome regulatory particle, base subcomplex [GO:0008540]
P53550	DCP2_YEAST	DCP2 PSU1 YNL118C N1917	970	cytoplasm [GO:0005737]; cytoplasmic side of membrane [GO:0098562]; nucleus [GO:0005634]; P-body [GO:0000932]; RNA decapping complex [GO:0098745]
P53551	H1_YEAST	HHO1 YPL127C LPI17C	258	chromatin [GO:0000785]; nucleosome [GO:0000786]; nucleus [GO:0005634]; protein-DNA complex [GO:0032993]
P53552	THO2_YEAST	THO2 LDB5 RLR1 ZRG13 YNL139C N1209 N1835	1597	chromosome, telomeric region [GO:0000781]; nucleoplasmic THO complex [GO:0000446]; nucleus [GO:0005634]; THO complex [GO:0000347]; THO complex part of transcription export complex [GO:0000445]; transcription export complex [GO:0000346]
P53598	SUCA_YEAST	LSC1 YOR142W YOR3352W	329	mitochondrial nucleoid [GO:0042645]; mitochondrion [GO:0005739]; succinate-CoA ligase complex (ADP-forming) [GO:0009361]
P53599	SSK2_YEAST	SSK2 YNR031C N3276	1579	cell cortex [GO:0005938]; cellular bud neck [GO:0005935]; cellular bud tip [GO:0005934]; cytosol [GO:0005829]; incipient cellular bud site [GO:0000131]
P53604	MSO1_YEAST	MSO1 YNR049C N3457	210	cellular bud membrane [GO:0033101]; cellular bud neck [GO:0005935]; cellular bud tip [GO:0005934]; cytoplasm [GO:0005737]; cytosol [GO:0005829]; nucleus [GO:0005634]; plasma membrane [GO:0005886]; prospore membrane [GO:0005628]; SNARE complex [GO:0031201]
P53615	CAN_YEAST	NCE103 NCE3 YNL036W N2695	221	cytoplasm [GO:0005737]; mitochondrial intermembrane space [GO:0005758]; nucleus [GO:0005634]
P53616	SUN4_YEAST	SUN4 SCW3 YNL066W N2411 YNL2411W	420	cell surface [GO:0009986]; cellular bud scar [GO:0005621]; fungal-type cell wall [GO:0009277]
P53617	NRD1_YEAST	NRD1 YNL251C N0868	575	Nrd1 complex [GO:0035649]; nucleus [GO:0005634]
P53622	COPA_YEAST	COP1 RET1 SEC33 SOO1 YDL145C D1578	1201	COPI vesicle coat [GO:0030126]; Golgi membrane [GO:0000139]
P53628	SNF12_YEAST	SNF12 SWP73 YNR023W N3224	566	chromatin [GO:0000785]; cytosol [GO:0005829]; nucleus [GO:0005634]; SWI/SNF complex [GO:0016514]
P53632	PAP2_YEAST	PAP2 TRF4 YOL115W HRC584 O0716	584	cytosol [GO:0005829]; nucleolus [GO:0005730]; nucleus [GO:0005634]; TRAMP complex [GO:0031499]
P53633	PRA1_YEAST	YIP3 PRA1 YNL044W N2650	176	COPII-coated ER to Golgi transport vesicle [GO:0030134]; endoplasmic reticulum [GO:0005783]; Golgi apparatus [GO:0005794]; Golgi membrane [GO:0000139]; membrane [GO:0016020]; peroxisomal membrane [GO:0005778]; peroxisome [GO:0005777]
P53685	HST1_YEAST	HST1 YOL068C	503	chromosome, telomeric region [GO:0000781]; histone deacetylase complex [GO:0000118]; nucleus [GO:0005634]; Set3 complex [GO:0034967]
P53686	HST2_YEAST	HST2 YPL015C LPA2C	357	cytoplasm [GO:0005737]; nucleus [GO:0005634]
P53687	HST3_YEAST	HST3 YOR025W OR26.15	447	chromosome, telomeric region [GO:0000781]; cytoplasm [GO:0005737]; nucleus [GO:0005634]
P53688	HST4_YEAST	HST4 YDR191W YD9346.03	370	chromosome, telomeric region [GO:0000781]; cytoplasm [GO:0005737]; mating-type region heterochromatin [GO:0031934]; mitochondrion [GO:0005739]; nucleus [GO:0005634]
P53691	PPID_YEAST	CPR6 YLR216C L8167.24	371	cytoplasm [GO:0005737]
P53720	DUS2_YEAST	SMM1 DUS2 YNR015W N2065	384	cytoplasm [GO:0005737]; nucleus [GO:0005634]
P53721	RCF2_YEAST	RCF2 AIM38 YNR018W N3185	224	mitochondrial inner membrane [GO:0005743]; mitochondrion [GO:0005739]; respiratory chain complex [GO:0098803]
P53722	ATP23_YEAST	ATP23 YNR020C N3212	227	mitochondrial inner membrane [GO:0005743]; mitochondrial intermembrane space [GO:0005758]
P53725	MPP6_YEAST	MPP6 YNR024W N3230	186	cytosol [GO:0005829]; nucleus [GO:0005634]
P53729	ZNG1_YEAST	ZNG1 YNR029C N3260	429	cytoplasm [GO:0005737]
P53731	ARPC2_YEAST	ARC35 YNR035C N3296	342	actin cortical patch [GO:0030479]; actin cytoskeleton [GO:0015629]; Arp2/3 protein complex [GO:0005885]; cytosol [GO:0005829]
P53732	RT12_YEAST	MRPS12 YNR036C N3298	153	mitochondrial inner membrane [GO:0005743]; mitochondrial small ribosomal subunit [GO:0005763]; mitochondrion [GO:0005739]; ribosome [GO:0005840]
P53734	DBP6_YEAST	DBP6 YNR038W N3302	629	nucleolus [GO:0005730]; nucleus [GO:0005634]; preribosome, large subunit precursor [GO:0030687]
P53738	TR112_YEAST	TRM112 YNR046W N3445	135	cytoplasm [GO:0005737]; cytosol [GO:0005829]; eRF1 methyltransferase complex [GO:0035657]; nucleolus [GO:0005730]; nucleus [GO:0005634]; ribosome [GO:0005840]; tRNA (m2G10) methyltransferase complex [GO:0043528]; tRNA methyltransferase complex [GO:0043527]
P53739	FPK1_YEAST	FPK1 YNR047W N3449	893	cytoplasm [GO:0005737]; mating projection tip [GO:0043332]; nucleus [GO:0005634]; plasma membrane [GO:0005886]
P53740	YN8S_YEAST	YNR048W N3453	393	endoplasmic reticulum [GO:0005783]; Golgi apparatus [GO:0005794]; phospholipid-translocating ATPase complex [GO:1990531]; plasma membrane [GO:0005886]; trans-Golgi network [GO:0005802]
P53741	BRE5_YEAST	BRE5 YNR051C N3465	515	cytoplasm [GO:0005737]; cytoplasmic stress granule [GO:0010494]; cytosol [GO:0005829]; mitochondrion [GO:0005739]; P-body [GO:0000932]; Ubp3-Bre5 deubiquitination complex [GO:1990861]
P53742	NOG2_YEAST	NOG2 YNR053C N3484	486	nucleolus [GO:0005730]; nucleoplasm [GO:0005654]; nucleus [GO:0005634]; preribosome, large subunit precursor [GO:0030687]
P53743	ESF2_YEAST	ESF2 ABT1 YNR054C N3491	316	cytoplasm [GO:0005737]; nucleolus [GO:0005730]; small-subunit processome [GO:0032040]
P53746	FRE4_YEAST	FRE4 YNR060W N3518	719	plasma membrane [GO:0005886]
P53753	ENG1_YEAST	DSE4 ENG1 YNR067C N3547	1117	cell septum [GO:0030428]; cell surface [GO:0009986]; cellular bud neck [GO:0005935]; cellular bud scar [GO:0005621]; fungal-type cell wall [GO:0009277]
P53759	DUS1_YEAST	DUS1 YML080W	423	nucleus [GO:0005634]
P53769	CWC24_YEAST	CWC24 YLR323C L8543.3	259	nucleus [GO:0005634]; Prp19 complex [GO:0000974]; spliceosomal complex [GO:0005681]; U2-type spliceosomal complex [GO:0005684]
P53829	CAF40_YEAST	CAF40 YNL288W N0540	373	CCR4-NOT core complex [GO:0030015]; nucleus [GO:0005634]; P-body [GO:0000932]
P53832	WSC2_YEAST	WSC2 YNL283C N0583	503	cellular bud [GO:0005933]; cellular bud neck [GO:0005935]; cytoplasm [GO:0005737]; fungal-type vacuole [GO:0000324]; mating projection tip [GO:0043332]; plasma membrane [GO:0005886]; site of polarized growth [GO:0030427]
P53833	POP3_YEAST	POP3 YNL282W N0586	195	cytosol [GO:0005829]; nucleolar ribonuclease P complex [GO:0005655]; nucleus [GO:0005634]; ribonuclease MRP complex [GO:0000172]
P53838	BOR1_YEAST	BOR1 YNL275W N0626	576	cell periphery [GO:0071944]; fungal-type vacuole [GO:0000324]; membrane [GO:0016020]; plasma membrane [GO:0005886]; vacuolar membrane [GO:0005774]
P53839	GOR1_YEAST	GOR1 YNL274C N0631	350	cytoplasm [GO:0005737]; cytosol [GO:0005829]; mitochondrion [GO:0005739]; nucleus [GO:0005634]
P53840	TOF1_YEAST	TOF1 YNL273W N0636	1238	cytosol [GO:0005829]; nuclear replication fork [GO:0043596]; nucleus [GO:0005634]; replication fork protection complex [GO:0031298]
P53843	IST1_YEAST	IST1 YNL265C N0809	298	cytoplasm [GO:0005737]; endosome [GO:0005768]
P53844	PDR17_YEAST	PDR17 ISS1 PSTB2 SFH4 YNL264C N0815	350	cell periphery [GO:0071944]; cytoplasm [GO:0005737]; cytosol [GO:0005829]; endosome [GO:0005768]; endosome membrane [GO:0010008]
P53845	YIF1_YEAST	YIF1 YNL263C N0820	314	COPII-coated ER to Golgi transport vesicle [GO:0030134]; endoplasmic reticulum membrane [GO:0005789]; endoplasmic reticulum-Golgi intermediate compartment [GO:0005793]; Golgi membrane [GO:0000139]
P53846	LTO1_YEAST	LTO1 YNL260C N0838	162	cytoplasm [GO:0005737]; nucleus [GO:0005634]; Yae1-Lto1 complex [GO:0062092]
P53847	DSL1_YEAST	DSL1 YNL258C N0842	754	cytosol [GO:0005829]; Dsl1/NZR complex [GO:0070939]; endoplasmic reticulum [GO:0005783]; endoplasmic reticulum membrane [GO:0005789]; nucleus [GO:0005634]; RZZ complex [GO:1990423]
P53848	FOL1_YEAST	FOL1 YNL256W N0848	824	cytoplasm [GO:0005737]; mitochondrial envelope [GO:0005740]; mitochondrial membrane [GO:0031966]; mitochondrion [GO:0005739]
P53852	SYC_YEAST	YNL247W N0885	767	cytoplasm [GO:0005737]; cytosol [GO:0005829]; mitochondrion [GO:0005739]
P53853	VPS75_YEAST	VPS75 YNL246W N0890	264	chromatin [GO:0000785]; cytosol [GO:0005829]; H3 histone acetyltransferase complex [GO:0070775]; nucleus [GO:0005634]
P53855	ATG2_YEAST	ATG2 APG2 AUT8 SPO72 YNL242W N1106	1592	cytoplasm [GO:0005737]; cytosol [GO:0005829]; endoplasmic reticulum membrane [GO:0005789]; extrinsic component of phagophore assembly site membrane [GO:0097632]; phagophore [GO:0061908]; phagophore assembly site [GO:0000407]; phagophore assembly site membrane [GO:0034045]; protein-containing complex [GO:0032991]
P53859	CSL4_YEAST	CSL4 SKI4 YNL232W N1154	292	cytoplasm [GO:0005737]; cytoplasmic exosome (RNase complex) [GO:0000177]; exosome (RNase complex) [GO:0000178]; nuclear exosome (RNase complex) [GO:0000176]; nucleolus [GO:0005730]; nucleus [GO:0005634]
P53860	PDR16_YEAST	PDR16 SFH3 YNL231C N1158	351	cell periphery [GO:0071944]; cytoplasm [GO:0005737]; cytosol [GO:0005829]; endoplasmic reticulum membrane [GO:0005789]; lipid droplet [GO:0005811]; nucleus-vacuole junction [GO:0071561]; phosphatidylinositol transporter complex [GO:1902556]; plasma membrane [GO:0005886]
P53863	JJJ1_YEAST	JJJ1 YNL227C N1254	590	cytoplasm [GO:0005737]; cytosol [GO:0005829]; mitochondrion [GO:0005739]; nucleolus [GO:0005730]
P53865	CNM67_YEAST	CNM67 YNL225C N1264	581	central plaque of spindle pole body [GO:0005823]; outer plaque of mitotic spindle pole body [GO:0061499]; outer plaque of spindle pole body [GO:0005824]; spindle pole body [GO:0005816]
P53866	SQS1_YEAST	SQS1 YNL224C N1269	767	90S preribosome [GO:0030686]; cytoplasm [GO:0005737]; nucleolus [GO:0005730]; nucleus [GO:0005634]; preribosome, large subunit precursor [GO:0030687]; preribosome, small subunit precursor [GO:0030688]
P53867	ATG4_YEAST	ATG4 APG4 AUT2 YNL223W N1274	494	cytoplasm [GO:0005737]; cytosol [GO:0005829]; mitochondrion [GO:0005739]; nucleus [GO:0005634]; phagophore assembly site [GO:0000407]
P53868	ALG9_YEAST	ALG9 YNL219C N1295	555	endoplasmic reticulum [GO:0005783]; endoplasmic reticulum membrane [GO:0005789]
P53871	DUG3_YEAST	DUG3 YNL191W N1410	357	cytoplasm [GO:0005737]; glutathione hydrolase complex [GO:0061672]
P53872	PGA14_YEAST	YNL190W N1415	204	fungal-type cell wall [GO:0009277]; side of membrane [GO:0098552]
P53874	UBP10_YEAST	UBP10 DOT4 YNL186W N1619	792	chromosome, telomeric region [GO:0000781]; cytosol [GO:0005829]; nuclear replication fork [GO:0043596]; nucleolus [GO:0005730]; nucleus [GO:0005634]
P53877	IPI3_YEAST	IPI3 YNL182C N1636	555	nuclear pre-replicative complex [GO:0005656]; nucleoplasm [GO:0005654]; nucleus [GO:0005634]; rixosome complex [GO:0120330]
P53879	RHO5_YEAST	RHO5 YNL180C N1644	331	cell projection [GO:0042995]; cytoplasm [GO:0005737]; cytoplasmic vesicle [GO:0031410]; cytoskeleton [GO:0005856]; endomembrane system [GO:0012505]; fungal-type vacuole membrane [GO:0000329]; mitochondrion [GO:0005739]; nucleus [GO:0005634]; plasma membrane [GO:0005886]
P53886	APC1_YEAST	APC1 YNL172W N1677	1748	anaphase-promoting complex [GO:0005680]; cytoplasm [GO:0005737]; nucleus [GO:0005634]; spindle pole [GO:0000922]
P53890	BNI5_YEAST	BNI5 YNL166C N1706	448	cellular bud neck [GO:0005935]; cellular bud neck septin ring [GO:0000144]; Gin4 complex [GO:1990317]
P53893	RIA1_YEAST	RIA1 EFL1 YNL163C N1718	1110	cytoplasm [GO:0005737]; cytosol [GO:0005829]; ribonucleoprotein complex [GO:1990904]
P53894	CBK1_YEAST	CBK1 YNL161W N1727	756	cell cortex [GO:0005938]; cellular bud [GO:0005933]; cellular bud neck [GO:0005935]; cellular bud tip [GO:0005934]; cytoplasm [GO:0005737]; cytoplasmic stress granule [GO:0010494]; incipient cellular bud site [GO:0000131]; mating projection tip [GO:0043332]; nucleus [GO:0005634]; prospore membrane [GO:0005628]; serine/threonine protein kinase complex [GO:1902554]
P53895	ASI2_YEAST	ASI2 YNL159C N1735	289	Asi complex [GO:0097658]; endoplasmic reticulum [GO:0005783]; nuclear inner membrane [GO:0005637]
P53896	PGA1_YEAST	PGA1 YNL158W N1739	198	endoplasmic reticulum membrane [GO:0005789]; glycosylphosphatidylinositol-mannosyltransferase II complex [GO:0120097]; mannosyltransferase complex [GO:0031501]; nuclear envelope [GO:0005635]
P53897	IGO1_YEAST	IGO1 YNL157W N1743	168	cytoplasm [GO:0005737]; nucleus [GO:0005634]; P-body [GO:0000932]
P53899	CUZ1_YEAST	CUZ1 YNL155W N1751	274	cytoplasm [GO:0005737]; nucleus [GO:0005634]
P53900	PFD4_YEAST	GIM3 PFD4 YNL153C N1761	129	cytoplasm [GO:0005737]; prefoldin complex [GO:0016272]
P53901	INN1_YEAST	INN1 YNL152W N1765	409	cellular bud neck [GO:0005935]; cellular bud neck contractile ring [GO:0000142]; cleavage furrow [GO:0032154]; cytoplasm [GO:0005737]; HICS complex [GO:0044697]; membrane [GO:0016020]
P53904	TBCB_YEAST	ALF1 YNL148C N1201 N1777	254	cytoplasm [GO:0005737]; microtubule [GO:0005874]; nucleus [GO:0005634]
P53905	LSM7_YEAST	LSM7 YNL147W N1202 N1780	115	catalytic step 2 spliceosome [GO:0071013]; cytoplasm [GO:0005737]; Lsm1-7-Pat1 complex [GO:1990726]; nucleolus [GO:0005730]; nucleus [GO:0005634]; P-body [GO:0000932]; sno(s)RNA-containing ribonucleoprotein complex [GO:0005732]; spliceosomal complex [GO:0005681]; spliceosomal tri-snRNP complex [GO:0097526]; U2-type prespliceosome [GO:0071004]; U4/U6 snRNP [GO:0071001]; U4/U6 x U5 tri-snRNP complex [GO:0046540]; U6 snRNP [GO:0005688]
P53909	ADE_YEAST	AAH1 YNL141W N1208 N1825	347	cytoplasm [GO:0005737]; nucleus [GO:0005634]
P53911	EAF7_YEAST	EAF7 YNL136W N1212 N1843	425	NuA4 histone acetyltransferase complex [GO:0035267]; nucleosome disassembly/reassembly complex [GO:1990453]; nucleus [GO:0005634]
P53914	NAT10_YEAST	KRE33 NAT10 RRA1 YNL132W N1216 N1858	1056	90S preribosome [GO:0030686]; nucleolus [GO:0005730]; preribosome, small subunit precursor [GO:0030688]; small-subunit processome [GO:0032040]
P53915	NRK1_YEAST	NRK1 YNL129W N1219 N1870	240	cytoplasm [GO:0005737]; fungal-type vacuole [GO:0000324]
P53917	FAR11_YEAST	FAR11 YNL127W N1221 N1875	953	cytosol [GO:0005829]; endoplasmic reticulum [GO:0005783]; endoplasmic reticulum membrane [GO:0005789]; FAR/SIN/STRIPAK complex [GO:0090443]; Golgi trans cisterna [GO:0000138]; mitochondrion [GO:0005739]
P53919	NAF1_YEAST	NAF1 YNL124W N1888	492	nucleoplasm [GO:0005654]; nucleus [GO:0005634]; sno(s)RNA-containing ribonucleoprotein complex [GO:0005732]
P53920	NM111_YEAST	NMA111 YNM3 YNL123W N1897	997	nucleus [GO:0005634]
P53923	CTU2_YEAST	NCS2 CTU2 TUC2 YNL119W N1913	493	cytoplasm [GO:0005737]; cytosol [GO:0005829]
P53924	DMA2_YEAST	DMA2 CHF2 YNL116W N1925	522	cell division site [GO:0032153]; cellular bud neck split septin rings [GO:0032177]; cellular bud tip [GO:0005934]; cytoplasm [GO:0005737]; cytosol [GO:0005829]; ubiquitin ligase complex [GO:0000151]
P53927	NOP15_YEAST	NOP15 YNL110C N1954	220	cytoplasm [GO:0005737]; nucleolus [GO:0005730]; nucleus [GO:0005634]; preribosome, large subunit precursor [GO:0030687]
P53930	AF9_YEAST	YAF9 YNL107W N1966	226	chromatin [GO:0000785]; chromosome, telomeric region [GO:0000781]; cytoplasm [GO:0005737]; NuA4 histone acetyltransferase complex [GO:0035267]; nucleus [GO:0005634]; Swr1 complex [GO:0000812]
P53933	APP1_YEAST	APP1 YNL094W N2219	587	actin cortical patch [GO:0030479]
P53935	NST1_YEAST	NST1 YNL091W N2231	1240	cytoplasm [GO:0005737]; P-body [GO:0000932]
P53939	NIS1_YEAST	NIS1 JIP1 YNL078W N2337	407	cell division site [GO:0032153]; cellular bud neck [GO:0005935]; cellular bud neck septin collar [GO:0032174]; cellular bud neck split septin rings [GO:0032177]; cellular bud scar [GO:0005621]; nucleus [GO:0005634]
P53940	APJ1_YEAST	APJ1 YNL077W N2342	528	cytoplasm [GO:0005737]; cytosol [GO:0005829]; mitochondrion [GO:0005739]; nuclear inclusion body [GO:0042405]; nuclear periphery [GO:0034399]; nucleus [GO:0005634]
P53941	IMP4_YEAST	IMP4 YNL075W N2353	290	90S preribosome [GO:0030686]; Mpp10 complex [GO:0034457]; nucleolus [GO:0005730]; nucleoplasm [GO:0005654]; small-subunit processome [GO:0032040]
P53942	RNH2A_YEAST	RNH201 RNH35 YNL072W N2369	307	cytoplasm [GO:0005737]; nucleus [GO:0005634]; ribonuclease H2 complex [GO:0032299]
P53943	AQR1_YEAST	AQR1 YNL065W N2417 YNL2417W	586	cell periphery [GO:0071944]; cytoplasm [GO:0005737]; fungal-type vacuole [GO:0000324]; plasma membrane [GO:0005886]
P53946	ARP5_YEAST	ARP5 YNL059C N2430 YNL2430C	755	cytoplasm [GO:0005737]; Ino80 complex [GO:0031011]; nucleus [GO:0005634]
P53950	VAC7_YEAST	VAC7 YNL054W N2467 YNL2467W	1165	cytoplasm [GO:0005737]; fungal-type vacuole membrane [GO:0000329]; membrane [GO:0016020]; PAS complex [GO:0070772]; vacuolar membrane [GO:0005774]
P53951	COG5_YEAST	COG5 COD4 YNL051W N2476 YNL2476W	403	cytosol [GO:0005829]; Golgi membrane [GO:0000139]; Golgi transport complex [GO:0017119]
P53953	SFB2_YEAST	SFB2 ISS1 YNL049C N2505 YNL2505C	876	COPII vesicle coat [GO:0030127]; endoplasmic reticulum exit site [GO:0070971]; endoplasmic reticulum membrane [GO:0005789]; Golgi membrane [GO:0000139]
P53954	ALG11_YEAST	ALG11 YNL048W N2510 YNL2510W	548	endoplasmic reticulum membrane [GO:0005789]
P53955	SLM2_YEAST	SLM2 LIT1 YNL047C N2515 YNL2515P	656	cell periphery [GO:0071944]; cytoplasm [GO:0005737]; plasma membrane [GO:0005886]
P53959	COG6_YEAST	COG6 COD2 SEC37 TFI2 YNL041C N2675	839	Golgi membrane [GO:0000139]; Golgi transport complex [GO:0017119]
P53965	SIW14_YEAST	SIW14 OCA3 YNL032W N2746	281	cytoplasm [GO:0005737]; cytosol [GO:0005829]
P53968	CRZ1_YEAST	CRZ1 HAL8 TCN1 YNL027W N2760	678	cytoplasm [GO:0005737]; nucleus [GO:0005634]
P53969	SAM50_YEAST	SAM50 TOB55 YNL026W N2802	484	mitochondrial outer membrane [GO:0005741]; mitochondrion [GO:0005739]; SAM complex [GO:0001401]
P53972	RCM1_YEAST	RCM1 YNL022C N2815	490	nucleolus [GO:0005730]; nucleus [GO:0005634]
P53973	HDA1_YEAST	HDA1 YNL021W N2819	706	cytoplasm [GO:0005737]; HDA1 complex [GO:0070823]; histone deacetylase complex [GO:0000118]
P53974	ARK1_YEAST	ARK1 YNL020C N2823	638	actin cortical patch [GO:0030479]; cytoplasm [GO:0005737]; mating projection tip [GO:0043332]
P53978	EF3B_YEAST	HEF3 YEF3B ZRG7 YNL014W N2846	1044	cytosolic ribosome [GO:0022626]
P53981	PYP1_YEAST	PYP1 YNL010W N2866	241	cytoplasm [GO:0005737]; nucleus [GO:0005634]
P53982	IDHH_YEAST	IDP3 YNL009W N2870	420	cytoplasm [GO:0005737]; mitochondrion [GO:0005739]; peroxisome [GO:0005777]
P53983	ASI3_YEAST	ASI3 YNL008C N2874	676	Asi complex [GO:0097658]; nuclear inner membrane [GO:0005637]; nuclear periphery [GO:0034399]
P54000	SUB1_YEAST	SUB1 TSP1 YMR039C YM9532.04C	292	nucleolus [GO:0005730]; nucleoplasm [GO:0005654]; nucleus [GO:0005634]; transcription regulator complex [GO:0005667]
P54070	KTR6_YEAST	KTR6 MNN6 YPL053C LPE19C	446	endoplasmic reticulum [GO:0005783]; fungal-type vacuole [GO:0000324]; Golgi apparatus [GO:0005794]; membrane [GO:0016020]
P54074	ASI1_YEAST	ASI1 YMR119W YM8564.01 YM9718.18	624	Asi complex [GO:0097658]; nuclear inner membrane [GO:0005637]; nuclear periphery [GO:0034399]
P54113	PUR91_YEAST	ADE16 YLR028C	591	cytosol [GO:0005829]
P54115	ALDH6_YEAST	ALD6 ALDH1 YPL061W LPE9	500	cytosol [GO:0005829]; mitochondrion [GO:0005739]
P54199	MPS1_YEAST	MPS1 RPK1 YDL028C D2785	764	kinetochore [GO:0000776]; nucleus [GO:0005634]; peroxisome [GO:0005777]; spindle pole body [GO:0005816]
P54780	RL15B_YEAST	RPL15B RPL10B RPL13B YL10B YMR121C YM8564.03C	204	cytoplasm [GO:0005737]; cytosol [GO:0005829]; cytosolic large ribosomal subunit [GO:0022625]; nucleolus [GO:0005730]; nucleus [GO:0005634]
P54781	ERG5_YEAST	ERG5 CYP61 YMR015C YM9711.02C	538	endoplasmic reticulum [GO:0005783]; endoplasmic reticulum membrane [GO:0005789]
P54783	ALO_YEAST	ALO1 YML086C	526	cytoplasmic side of mitochondrial outer membrane [GO:0032473]; mitochondrial outer membrane [GO:0005741]; mitochondrion [GO:0005739]
P54784	ORC1_YEAST	ORC1 YML065W	914	DNA replication preinitiation complex [GO:0031261]; nuclear origin of replication recognition complex [GO:0005664]; nuclear pre-replicative complex [GO:0005656]; nucleoplasm [GO:0005654]; nucleus [GO:0005634]
P54785	MOT3_YEAST	MOT3 ROX7 YMR070W YM9916.09	490	chromatin [GO:0000785]; cytosol [GO:0005829]; nucleus [GO:0005634]
P54786	ZDS2_YEAST	ZDS2 MCS1 YML109W YM8339.10	942	cellular bud neck [GO:0005935]; cellular bud tip [GO:0005934]; cytoplasm [GO:0005737]
P54787	VPS9_YEAST	VPS9 VPT9 YML097C	451	cytosol [GO:0005829]; early endosome [GO:0005769]; endocytic vesicle [GO:0030139]
P54790	ORC3_YEAST	ORC3 OAF1 OIF1 YLL004W L1365	616	DNA replication preinitiation complex [GO:0031261]; nuclear origin of replication recognition complex [GO:0005664]; nuclear pre-replicative complex [GO:0005656]; nucleoplasm [GO:0005654]; nucleus [GO:0005634]
P54791	ORC4_YEAST	ORC4 YPR162C P9325.5	529	DNA replication preinitiation complex [GO:0031261]; nuclear origin of replication recognition complex [GO:0005664]; nuclear pre-replicative complex [GO:0005656]; nucleoplasm [GO:0005654]; nucleus [GO:0005634]
P54837	TMEDA_YEAST	ERV25 YML012W YM9571.06	211	COPII-coated ER to Golgi transport vesicle [GO:0030134]; endoplasmic reticulum [GO:0005783]; endoplasmic reticulum membrane [GO:0005789]; endoplasmic reticulum-Golgi intermediate compartment [GO:0005793]; fungal-type vacuole [GO:0000324]; Golgi apparatus [GO:0005794]; Golgi membrane [GO:0000139]; Golgi-associated vesicle [GO:0005798]
P54839	ERG13_YEAST	ERG13 HMGS YML126C YM4987.09C	491	mitochondrion [GO:0005739]; nucleus [GO:0005634]
P54854	HXT15_YEAST	HXT15 YDL245C	567	cell periphery [GO:0071944]; plasma membrane [GO:0005886]
P54857	TGL2_YEAST	TGL2 YDR058C D4225 YD9609.12C	326	mitochondrial inner membrane [GO:0005743]; mitochondrial intermembrane space [GO:0005758]; mitochondrion [GO:0005739]
P54860	UFD2_YEAST	UFD2 YDL190C D1255	961	cytoplasm [GO:0005737]; nucleus [GO:0005634]; ubiquitin ligase complex [GO:0000151]
P54861	DNM1_YEAST	DNM1 YLL001W L1381	757	cytoplasm [GO:0005737]; cytosol [GO:0005829]; membrane [GO:0016020]; microtubule [GO:0005874]; mitochondrial outer membrane [GO:0005741]; mitochondrion [GO:0005739]; peroxisome [GO:0005777]
P54862	HXT11_YEAST	HXT11 LGT3 YOL156W AOB567 O0414	567	cell periphery [GO:0071944]; plasma membrane [GO:0005886]
P54867	SLG1_YEAST	SLG1 WSC1 YOR008C UNF378	378	cellular bud [GO:0005933]; cellular bud neck [GO:0005935]; endoplasmic reticulum [GO:0005783]; fungal-type vacuole [GO:0000324]; mating projection tip [GO:0043332]; plasma membrane [GO:0005886]
P54999	RUXF_YEAST	SMX3 YPR182W P9705.4	86	catalytic step 2 spliceosome [GO:0071013]; commitment complex [GO:0000243]; cytoplasm [GO:0005737]; nucleus [GO:0005634]; pICln-Sm protein complex [GO:0034715]; Prp19 complex [GO:0000974]; spliceosomal complex [GO:0005681]; U1 snRNP [GO:0005685]; U2 snRNP [GO:0005686]; U4 snRNP [GO:0005687]; U4/U6 snRNP [GO:0071001]; U4/U6 x U5 tri-snRNP complex [GO:0046540]; U5 snRNP [GO:0005682]
P57743	LSM3_YEAST	LSM3 SMX4 USS2 YLR438C-A	89	catalytic step 2 spliceosome [GO:0071013]; cytoplasm [GO:0005737]; Lsm1-7-Pat1 complex [GO:1990726]; nucleolus [GO:0005730]; nucleus [GO:0005634]; P-body [GO:0000932]; precatalytic spliceosome [GO:0071011]; sno(s)RNA-containing ribonucleoprotein complex [GO:0005732]; spliceosomal complex [GO:0005681]; U4/U6 snRNP [GO:0071001]; U4/U6 x U5 tri-snRNP complex [GO:0046540]; U6 snRNP [GO:0005688]
P60010	ACT_YEAST	ACT1 ABY1 END7 YFL039C	375	actin cortical patch [GO:0030479]; actin cytoskeleton [GO:0015629]; actin filament [GO:0005884]; actin filament bundle [GO:0032432]; cellular bud neck contractile ring [GO:0000142]; chromatin [GO:0000785]; Ino80 complex [GO:0031011]; NuA4 histone acetyltransferase complex [GO:0035267]; nucleus [GO:0005634]; Swr1 complex [GO:0000812]
P61829	ATP9_YEAST	OLI1 ATP9 OLI3 PHO2 Q0130	76	cytosol [GO:0005829]; mitochondrial inner membrane [GO:0005743]; mitochondrial intermembrane space [GO:0005758]; mitochondrion [GO:0005739]; proton-transporting ATP synthase complex [GO:0045259]; proton-transporting two-sector ATPase complex, proton-transporting domain [GO:0033177]
P61830	H3_YEAST	HHT1 YBR010W YBR0201; HHT2 SIN2 YNL031C N2749	136	CENP-A containing nucleosome [GO:0043505]; nucleosome [GO:0000786]; nucleus [GO:0005634]; RNA polymerase I upstream activating factor complex [GO:0000500]
P62651	ERI1_YEAST	ERI1 RIN1 YPL096C-A	68	endoplasmic reticulum [GO:0005783]; endoplasmic reticulum membrane [GO:0005789]; glycosylphosphatidylinositol-N-acetylglucosaminyltransferase (GPI-GnT) complex [GO:0000506]
P69771	DID2_YEAST	DID2 CHM1 FTI1 VPS46 YKR035W-A	204	cytoplasm [GO:0005737]; ESCRT III complex [GO:0000815]; late endosome [GO:0005770]; multivesicular body [GO:0005771]
P69850	DAD3_YEAST	DAD3 YBR233W-A	94	DASH complex [GO:0042729]; microtubule [GO:0005874]; mitotic spindle [GO:0072686]
P69851	DAD4_YEAST	DAD4 HSK2 YDR320C-A	72	DASH complex [GO:0042729]; microtubule [GO:0005874]; mitotic spindle [GO:0072686]
P69852	HSK3_YEAST	HSK3 YKL138C-A	69	DASH complex [GO:0042729]; microtubule [GO:0005874]; mitotic spindle [GO:0072686]
P80210	PURA_YEAST	ADE12 YNL220W N1290	433	cytoplasm [GO:0005737]
P80428	ARP4_YEAST	ARP4 ACT3 YJL081C J1012	489	chromatin [GO:0000785]; Ino80 complex [GO:0031011]; NuA4 histone acetyltransferase complex [GO:0035267]; nucleus [GO:0005634]; SWI/SNF complex [GO:0016514]; Swr1 complex [GO:0000812]
P80667	PEX13_YEAST	PEX13 PAS20 YLR191W L9470.1	386	peroxisomal importomer complex [GO:1990429]; peroxisomal membrane [GO:0005778]
P80967	TOM5_YEAST	TOM5 MOM8A YPR133W-A	50	mitochondrial outer membrane [GO:0005741]; mitochondrial outer membrane translocase complex [GO:0005742]; mitochondrion [GO:0005739]
P81449	ATPJ_YEAST	TIM11 ATP21 YDR322C-A YDR322BC	96	mitochondrial inner membrane [GO:0005743]; mitochondrion [GO:0005739]; proton-transporting ATP synthase complex [GO:0045259]
P81450	ATP18_YEAST	ATP18 YML081C-A YML081BC	59	mitochondrial inner membrane [GO:0005743]; mitochondrion [GO:0005739]; proton-transporting ATP synthase complex [GO:0045259]
P87108	TIM10_YEAST	TIM10 MRS11 YHR005C-A YHR005BC	93	mitochondrial inner membrane [GO:0005743]; mitochondrial intermembrane space [GO:0005758]; mitochondrial intermembrane space chaperone complex [GO:0042719]; mitochondrion [GO:0005739]; TIM22 mitochondrial import inner membrane insertion complex [GO:0042721]
P89102	SEC5_YEAST	SEC5 YDR166C YD8358.20C YD9489.01C	971	cell periphery [GO:0071944]; cellular bud neck [GO:0005935]; cellular bud tip [GO:0005934]; exocyst [GO:0000145]; incipient cellular bud site [GO:0000131]; mating projection tip [GO:0043332]; prospore membrane [GO:0005628]
P89105	CTR9_YEAST	CTR9 CDP1 YOL145C	1077	Cdc73/Paf1 complex [GO:0016593]; euchromatin [GO:0000791]; nucleus [GO:0005634]
Q00055	GPD1_YEAST	GPD1 DAR1 HOR1 OSG1 YDL022W D2830	391	cytosol [GO:0005829]; mitochondrion [GO:0005739]; nucleus [GO:0005634]; peroxisome [GO:0005777]
Q00245	RHO3_YEAST	RHO3 YIL118W	231	cellular bud [GO:0005933]; cytosol [GO:0005829]; plasma membrane [GO:0005886]
Q00246	RHO4_YEAST	RHO4 YKR055W	291	cell periphery [GO:0071944]; cellular bud neck [GO:0005935]; cytosol [GO:0005829]; endoplasmic reticulum [GO:0005783]; incipient cellular bud site [GO:0000131]; plasma membrane [GO:0005886]
Q00362	2ABA_YEAST	CDC55 YGL190C G1345	526	cellular bud neck [GO:0005935]; cellular bud tip [GO:0005934]; cytoplasm [GO:0005737]; cytosol [GO:0005829]; fungal-type vacuole membrane [GO:0000329]; mating projection tip [GO:0043332]; nucleus [GO:0005634]; protein phosphatase type 2A complex [GO:0000159]
Q00381	AP2S_YEAST	APS2 YAP17 YJR058C J1720	147	AP-2 adaptor complex [GO:0030122]; cellular bud neck [GO:0005935]; clathrin-coated vesicle [GO:0030136]; nucleus [GO:0005634]; prospore membrane [GO:0005628]
Q00402	NUM1_YEAST	NUM1 PAC12 YDR150W YD8358.06	2748	cell cortex [GO:0005938]; cellular bud tip [GO:0005934]; endoplasmic reticulum [GO:0005783]; mitochondria-associated endoplasmic reticulum membrane contact site [GO:0044233]; mitochondrion [GO:0005739]
Q00416	SEN1_YEAST	SEN1 YLR430W L9576.1	2231	cytoplasm [GO:0005737]; Nrd1 complex [GO:0035649]; nuclear body [GO:0016604]; nucleolus [GO:0005730]; nucleus [GO:0005634]; replication fork [GO:0005657]; small-subunit processome [GO:0032040]
Q00539	NAM8_YEAST	NAM8 MRE2 MUD15 YHR086W	523	commitment complex [GO:0000243]; cytoplasm [GO:0005737]; cytosol [GO:0005829]; nucleus [GO:0005634]; spliceosomal complex [GO:0005681]; U1 snRNP [GO:0005685]; U2-type prespliceosome [GO:0071004]
Q00578	RAD25_YEAST	SSL2 LOM3 RAD25 UVS112 YIL143C	843	cytosol [GO:0005829]; nucleotide-excision repair factor 3 complex [GO:0000112]; nucleus [GO:0005634]; transcription factor TFIIH core complex [GO:0000439]; transcription factor TFIIH holo complex [GO:0005675]; transcription preinitiation complex [GO:0097550]
Q00582	RAGAB_YEAST	GTR1 YML121W YM7056.05	310	chromosome, telomeric region [GO:0000781]; cytoplasm [GO:0005737]; fungal-type vacuole membrane [GO:0000329]; Gtr1-Gtr2 GTPase complex [GO:1990131]; late endosome [GO:0005770]; late endosome membrane [GO:0031902]; nucleus [GO:0005634]; Ragulator complex [GO:0071986]
Q00618	PGTA_YEAST	BET4 YJL031C J1254	327	cytoplasm [GO:0005737]; cytosol [GO:0005829]; peroxisome [GO:0005777]; Rab-protein geranylgeranyltransferase complex [GO:0005968]
Q00684	CDC14_YEAST	CDC14 OAF3 YFR028C	551	cellular bud neck [GO:0005935]; cytoplasm [GO:0005737]; mitotic spindle [GO:0072686]; mitotic spindle pole body [GO:0044732]; new mitotic spindle pole body [GO:0071958]; nucleolus [GO:0005730]; nucleus [GO:0005634]; RENT complex [GO:0030869]; spindle pole [GO:0000922]; spindle pole body [GO:0005816]
Q00711	SDHA_YEAST	SDH1 SDHA YKL148C YKL602	640	mitochondrial inner membrane [GO:0005743]; mitochondrial membrane [GO:0031966]; mitochondrion [GO:0005739]; respiratory chain complex II (succinate dehydrogenase) [GO:0045273]
Q00764	TPS1_YEAST	TPS1 BYP1 CIF1 FDP1 GGS1 GLC6 TSS1 YBR126C YBR0922	495	alpha,alpha-trehalose-phosphate synthase complex (UDP-forming) [GO:0005946]; cytoplasm [GO:0005737]
Q00772	SLT2_YEAST	SLT2 MPK1 YHR030C	484	cellular bud neck [GO:0005935]; cellular bud tip [GO:0005934]; cytoplasm [GO:0005737]; cytosol [GO:0005829]; mating projection tip [GO:0043332]; mitochondrion [GO:0005739]; nucleus [GO:0005634]
Q00776	AP1M1_YEAST	APM1 YAP54 YPL259C P0394	475	AP-1 adaptor complex [GO:0030121]; clathrin-coated pit [GO:0005905]; clathrin-coated vesicle [GO:0030136]; cytosol [GO:0005829]
Q00816	REG1_YEAST	REG1 HEX2 PZF240 SPP43 SRN1 YDR028C YD9813.06C	1014	cytoplasm [GO:0005737]; nucleus [GO:0005634]; protein phosphatase type 1 complex [GO:0000164]; vacuole [GO:0005773]
Q00916	RU17_YEAST	SNP1 YIL061C	300	commitment complex [GO:0000243]; nucleus [GO:0005634]; spliceosomal complex [GO:0005681]; U1 snRNP [GO:0005685]; U2-type prespliceosome [GO:0071004]
Q00947	STP1_YEAST	STP1 BAP1 SSY2 YDR463W D8035.7	519	cytoplasm [GO:0005737]; nucleus [GO:0005634]; plasma membrane [GO:0005886]
Q00955	ACAC_YEAST	ACC1 ABP2 FAS3 MTR7 YNR016C N3175	2233	acetyl-CoA carboxylase complex [GO:0009317]; cytosol [GO:0005829]; endoplasmic reticulum membrane [GO:0005789]; mitochondrion [GO:0005739]
Q01080	RPA49_YEAST	RPA49 RRN13 YNL248C N0880	415	nucleolus [GO:0005730]; nucleus [GO:0005634]; RNA polymerase I complex [GO:0005736]
Q01159	MCE1_YEAST	CEG1 YGL130W G2853	459	mRNA capping enzyme complex [GO:0031533]; nucleus [GO:0005634]
Q01163	RT23_YEAST	RSM23 YGL129C G2856	450	mitochondrial inner membrane [GO:0005743]; mitochondrial small ribosomal subunit [GO:0005763]; mitochondrion [GO:0005739]
Q01217	ARG56_YEAST	ARG5,6 YER069W	863	mitochondrial matrix [GO:0005759]; mitochondrion [GO:0005739]
Q01329	PTA1_YEAST	PTA1 YAL043C FUN39	785	mRNA cleavage and polyadenylation specificity factor complex [GO:0005847]; nucleus [GO:0005634]
Q01389	BCK1_YEAST	BCK1 LAS3 SLK1 SSP31 YJL095W J0906	1478	cellular bud neck [GO:0005935]; cytoplasm [GO:0005737]; mating projection tip [GO:0043332]
Q01448	HPC2_YEAST	HPC2 YBR215W YBR1503	625	chromosome [GO:0005694]; HIR complex [GO:0000417]; nucleus [GO:0005634]
Q01454	CTF4_YEAST	CTF4 CHL15 POB1 YPR135W P9659.7	927	Cul8-RING ubiquitin ligase complex [GO:0035361]; nuclear chromosome [GO:0000228]; nuclear replication fork [GO:0043596]; nucleus [GO:0005634]
Q01476	UBP2_YEAST	UBP2 YOR124C O3281 YOR3281C	1272	cytoplasm [GO:0005737]; cytosol [GO:0005829]; nucleus [GO:0005634]
Q01477	UBP3_YEAST	UBP3 YER151C	912	cytoplasm [GO:0005737]; cytosol [GO:0005829]; mitochondrion [GO:0005739]; nucleus [GO:0005634]; Ubp3-Bre5 deubiquitination complex [GO:1990861]
Q01519	COX12_YEAST	COX12 YLR038C	83	mitochondrial inner membrane [GO:0005743]; mitochondrial intermembrane space [GO:0005758]; mitochondrial membrane [GO:0031966]; mitochondrion [GO:0005739]; respiratory chain complex IV [GO:0045277]
Q01532	BLH1_YEAST	LAP3 BLH1 GAL6 YCP1 YNL239W N1118	483	cytoplasm [GO:0005737]; mitochondrion [GO:0005739]
Q01560	NOP3_YEAST	NPL3 MTR13 MTS1 NAB1 NOP3 YDR432W D9461.19	414	cytoplasm [GO:0005737]; cytoplasmic stress granule [GO:0010494]; nucleus [GO:0005634]; ribonucleoprotein complex [GO:1990904]
Q01574	ACS1_YEAST	ACS1 YAL054C FUN44	713	cytosol [GO:0005829]; mitochondrion [GO:0005739]; nucleus [GO:0005634]
Q01589	SED1_YEAST	SED1 YDR077W D4431	338	cell periphery [GO:0071944]; fungal-type cell wall [GO:0009277]; mitochondrion [GO:0005739]; ribosome [GO:0005840]; side of membrane [GO:0098552]
Q01590	SED5_YEAST	SED5 YLR026C	340	cis-Golgi network [GO:0005801]; endomembrane system [GO:0012505]; endoplasmic reticulum membrane [GO:0005789]; Golgi cis cisterna membrane [GO:1990674]; Golgi membrane [GO:0000139]; membrane [GO:0016020]; SNARE complex [GO:0031201]
Q01649	CIK1_YEAST	CIK1 YMR198W YM9646.11	594	cytoplasmic microtubule [GO:0005881]; kinesin complex [GO:0005871]; nucleus [GO:0005634]; spindle [GO:0005819]; spindle pole body [GO:0005816]
Q01662	MAP1_YEAST	MAP1 YLR244C L9672.12	387	cytoplasmic stress granule [GO:0010494]; cytosol [GO:0005829]; cytosolic ribosome [GO:0022626]
Q01722	GCR2_YEAST	GCR2 YNL199C N1374	534	nuclear envelope [GO:0005635]; nucleus [GO:0005634]; transcription regulator complex [GO:0005667]
Q01852	TIM44_YEAST	TIM44 ISP45 MIM44 MPI1 YIL022W	431	extrinsic component of mitochondrial inner membrane [GO:0031314]; mitochondrial inner membrane [GO:0005743]; mitochondrion [GO:0005739]; PAM complex, Tim23 associated import motor [GO:0001405]; TIM23 mitochondrial import inner membrane translocase complex [GO:0005744]
Q01855	RS15_YEAST	RPS15 RPS21 YOL040C	142	cytoplasm [GO:0005737]; cytosol [GO:0005829]; cytosolic small ribosomal subunit [GO:0022627]
Q01896	ATN2_YEAST	ENA2 PMR2B YDR039C	1091	mitochondrion [GO:0005739]; plasma membrane [GO:0005886]
Q01919	KIN4_YEAST	KIN4 KIN3 KIN31 YOR233W O5220	800	cell cortex [GO:0005938]; cellular bud neck [GO:0005935]; spindle pole body [GO:0005816]
Q01926	MRS2_YEAST	MRS2 YOR334W	470	mitochondrial inner membrane [GO:0005743]; mitochondrion [GO:0005739]
Q01939	PRS8_YEAST	RPT6 CIM3 CRL3 SUG1 TBPY TBY1 YGL048C	405	nucleus [GO:0005634]; proteasome complex [GO:0000502]; proteasome regulatory particle, base subcomplex [GO:0008540]; proteasome storage granule [GO:0034515]
Q01976	ADPP_YEAST	YSA1 YBR111C YBR0907	231	cytoplasm [GO:0005737]; cytosol [GO:0005829]; mitochondrion [GO:0005739]; nucleus [GO:0005634]
Q02046	MTD1_YEAST	MTD1 YKR080W YKR400	320	cytosol [GO:0005829]; nucleus [GO:0005634]
Q02100	SKO1_YEAST	SKO1 ACR1 YNL167C N1702	647	cytosol [GO:0005829]; nucleus [GO:0005634]
Q02159	UBC7_YEAST	UBC7 QRI8 YMR022W YM9711.12	165	CUE1-UBC7 ubiquitin-conjugating enzyme complex [GO:1990389]; Doa10p ubiquitin ligase complex [GO:0000837]; endoplasmic reticulum [GO:0005783]; endoplasmic reticulum membrane [GO:0005789]; Hrd1p ubiquitin ligase ERAD-L complex [GO:0000839]
Q02199	NUP49_YEAST	NUP49 NSP49 YGL172W G1648	472	nuclear envelope [GO:0005635]; nuclear membrane [GO:0031965]; nuclear pore [GO:0005643]; nuclear pore central transport channel [GO:0044613]; nuclear pore cytoplasmic filaments [GO:0044614]
Q02201	OSH6_YEAST	OSH6 YKR003W YK102	448	cortical endoplasmic reticulum [GO:0032541]; cytoplasm [GO:0005737]; cytosol [GO:0005829]; endoplasmic reticulum membrane [GO:0005789]; membrane [GO:0016020]; plasma membrane [GO:0005886]
Q02205	MEH1_YEAST	MEH1 EGO1 GSE2 YKR007W YK106	184	cytosol [GO:0005829]; fungal-type vacuole membrane [GO:0000329]; late endosome [GO:0005770]; late endosome membrane [GO:0031902]; membrane raft [GO:0045121]; Ragulator complex [GO:0071986]
Q02206	RSC4_YEAST	RSC4 YKR008W YK107	625	chromatin [GO:0000785]; RSC-type complex [GO:0016586]
Q02207	FOX2_YEAST	FOX2 YKR009C YK108	900	peroxisome [GO:0005777]
Q02256	PVH1_YEAST	YVH1 YIR026C	364	cytoplasm [GO:0005737]; cytoplasmic stress granule [GO:0010494]; nucleus [GO:0005634]
Q02260	SMD1_YEAST	SMD1 YGR074W	146	catalytic step 2 spliceosome [GO:0071013]; commitment complex [GO:0000243]; cytoplasm [GO:0005737]; cytosol [GO:0005829]; nucleus [GO:0005634]; pICln-Sm protein complex [GO:0034715]; precatalytic spliceosome [GO:0071011]; Prp19 complex [GO:0000974]; small nuclear ribonucleoprotein complex [GO:0030532]; SMN-Sm protein complex [GO:0034719]; spliceosomal complex [GO:0005681]; spliceosomal tri-snRNP complex [GO:0097526]; U1 snRNP [GO:0005685]; U2 snRNP [GO:0005686]; U2-type prespliceosome [GO:0071004]; U4 snRNP [GO:0005687]; U4/U6 snRNP [GO:0071001]; U4/U6 x U5 tri-snRNP complex [GO:0046540]; U5 snRNP [GO:0005682]
Q02326	RL6A_YEAST	RPL6A RPL17A YL16A YML073C	176	cytosol [GO:0005829]; cytosolic large ribosomal subunit [GO:0022625]
Q02336	ADA2_YEAST	ADA2 YDR448W D9461.33	434	ADA complex [GO:0140671]; chromosome, telomeric region [GO:0000781]; nucleus [GO:0005634]; SAGA complex [GO:0000124]; SAGA-type complex [GO:0070461]; SLIK (SAGA-like) complex [GO:0046695]
Q02354	UTP6_YEAST	UTP6 YDR449C D9461.34	440	90S preribosome [GO:0030686]; nucleolus [GO:0005730]; nucleoplasm [GO:0005654]; Pwp2p-containing subcomplex of 90S preribosome [GO:0034388]; small-subunit processome [GO:0032040]
Q02455	MLP1_YEAST	MLP1 YKR095W YKR415	1875	nuclear envelope [GO:0005635]; nuclear pore [GO:0005643]; nuclear pore nuclear basket [GO:0044615]; nucleoplasm [GO:0005654]
Q02457	TBF1_YEAST	TBF1 YPL128C LPI16C	562	chromosome, telomeric region [GO:0000781]; nucleus [GO:0005634]
Q02486	ABF2_YEAST	ABF2 HIM1 YMR072W YM9916.11	183	mitochondrial chromosome [GO:0000262]; mitochondrial nucleoid [GO:0042645]; mitochondrion [GO:0005739]; nucleus [GO:0005634]
Q02521	SPP2_YEAST	SPP2 YOR148C	185	cytoplasm [GO:0005737]; Prp19 complex [GO:0000974]; spliceosomal complex [GO:0005681]
Q02554	CUS1_YEAST	CUS1 YMR240C YM9408.02C	436	catalytic step 2 spliceosome [GO:0071013]; nucleus [GO:0005634]; precatalytic spliceosome [GO:0071011]; Prp19 complex [GO:0000974]; spliceosomal complex [GO:0005681]; U2 snRNP [GO:0005686]; U2-type prespliceosome [GO:0071004]; U2-type spliceosomal complex [GO:0005684]
Q02555	RNT1_YEAST	RNT1 YMR239C YM9408.01C YM9959.21	471	nucleolus [GO:0005730]; nucleoplasm [GO:0005654]; nucleus [GO:0005634]
Q02574	MEC3_YEAST	MEC3 PIP3 PSO9 YLR288C L8003.15	474	checkpoint clamp complex [GO:0030896]; chromosome, telomeric region [GO:0000781]; nucleus [GO:0005634]; site of double-strand break [GO:0035861]
Q02606	CIP1_YEAST	CIP1 YPL014W	381	cytoplasm [GO:0005737]; nucleus [GO:0005634]
Q02629	NU100_YEAST	NUP100 NSP100 YKL068W YKL336	959	nuclear envelope [GO:0005635]; nuclear membrane [GO:0031965]; nuclear pore [GO:0005643]; nuclear pore central transport channel [GO:0044613]; nuclear pore cytoplasmic filaments [GO:0044614]
Q02630	NU116_YEAST	NUP116 NSP116 YMR047C YM9532.12C	1113	nuclear envelope [GO:0005635]; nuclear membrane [GO:0031965]; nuclear pore [GO:0005643]; nuclear pore central transport channel [GO:0044613]; nuclear pore cytoplasmic filaments [GO:0044614]
Q02642	NACB1_YEAST	EGD1 YPL037C	157	cytoplasm [GO:0005737]; cytosol [GO:0005829]; nascent polypeptide-associated complex [GO:0005854]; nucleus [GO:0005634]
Q02647	DYL1_YEAST	DYN2 SLC1 YDR424C	92	cytoplasm [GO:0005737]; cytoplasmic dynein complex [GO:0005868]; cytoplasmic microtubule [GO:0005881]; nuclear envelope [GO:0005635]; nuclear periphery [GO:0034399]; nuclear pore [GO:0005643]; peroxisomal importomer complex [GO:1990429]
Q02685	RMI1_YEAST	RMI1 NCE4 YPL024W	241	cytoplasm [GO:0005737]; nuclear replication fork [GO:0043596]; nucleus [GO:0005634]; RecQ family helicase-topoisomerase III complex [GO:0031422]
Q02724	ULP1_YEAST	ULP1 YPL020C LPB11C	621	nuclear envelope [GO:0005635]; nuclear pore [GO:0005643]; nucleolus [GO:0005730]; nucleus [GO:0005634]
Q02725	VTC3_YEAST	VTC3 PHM2 YPL019C	835	autophagosome membrane [GO:0000421]; cell cortex [GO:0005938]; cytoplasmic vesicle [GO:0031410]; endoplasmic reticulum [GO:0005783]; endoplasmic reticulum membrane [GO:0005789]; fungal-type vacuole membrane [GO:0000329]; vacuolar transporter chaperone complex [GO:0033254]
Q02732	CENPP_YEAST	CTF19 MCM18 YPL018W LPB13W	369	COMA complex [GO:0000817]; kinetochore [GO:0000776]; nucleus [GO:0005634]
Q02733	IRC15_YEAST	IRC15 YPL017C	499	cytoplasm [GO:0005737]; microtubule [GO:0005874]; mitochondrion [GO:0005739]; oxoglutarate dehydrogenase complex [GO:0045252]
Q02767	VPS28_YEAST	VPS28 VPT28 YPL065W LPE5W	242	cytosol [GO:0005829]; endosome [GO:0005768]; ESCRT I complex [GO:0000813]; late endosome membrane [GO:0031902]
Q02773	RPM2_YEAST	RPM2 YML091C	1202	mitochondrial matrix [GO:0005759]; mitochondrial ribonuclease P complex [GO:0030678]; mitochondrion [GO:0005739]; nucleus [GO:0005634]; ribonuclease P complex [GO:0030677]
Q02774	SHR3_YEAST	SHR3 YDL212W D1022	210	endoplasmic reticulum [GO:0005783]; endoplasmic reticulum membrane [GO:0005789]; mating projection tip [GO:0043332]
Q02775	SLU7_YEAST	SLU7 SLT17 YDR088C D4483	382	Prp19 complex [GO:0000974]; spliceosomal complex [GO:0005681]; U2-type post-spliceosomal complex [GO:0071021]
Q02776	TIM50_YEAST	TIM50 YPL063W	476	mitochondrial inner membrane [GO:0005743]; mitochondrion [GO:0005739]; TIM23 mitochondrial import inner membrane translocase complex [GO:0005744]
Q02784	GLRX5_YEAST	GRX5 YPL059W LPE13W	150	iron-sulfur cluster assembly complex [GO:1990229]; mitochondrial matrix [GO:0005759]; mitochondrion [GO:0005739]
Q02785	PDR12_YEAST	PDR12 YPL058C LPE14C	1511	cell periphery [GO:0071944]; plasma membrane [GO:0005886]
Q02792	XRN2_YEAST	RAT1 HKE1 TAP1 YOR048C	1006	Las1 complex [GO:0090730]; mitochondrion [GO:0005739]; nucleoplasm [GO:0005654]; nucleus [GO:0005634]; RNA polymerase II termination complex [GO:0110103]
Q02793	SKI8_YEAST	SKI8 REC103 YGL213C	397	cytoplasm [GO:0005737]; nuclear chromosome [GO:0000228]; nucleus [GO:0005634]; Ski complex [GO:0055087]
Q02794	STD1_YEAST	STD1 MSN3 SFS3 YOR047C	444	nucleus [GO:0005634]; plasma membrane [GO:0005886]
Q02795	OSTD_YEAST	SWP1 YMR149W YM9375.19	286	endoplasmic reticulum membrane [GO:0005789]; oligosaccharyltransferase complex [GO:0008250]
Q02796	LGE1_YEAST	LGE1 YPL055C	332	chromosome, telomeric region [GO:0000781]; nucleus [GO:0005634]
Q02804	ARL3_YEAST	ARL3 ARP1 YPL051W	198	cytosol [GO:0005829]; Golgi apparatus [GO:0005794]; nuclear outer membrane-endoplasmic reticulum membrane network [GO:0042175]
Q02805	ROD1_YEAST	ROD1 YOR018W OR26.08	837	cytoplasm [GO:0005737]; cytosol [GO:0005829]; plasma membrane [GO:0005886]
Q02821	IMA1_YEAST	SRP1 KAP60 YNL189W N1606	542	cytoplasm [GO:0005737]; cytosol [GO:0005829]; NLS-dependent protein nuclear import complex [GO:0042564]; nuclear envelope [GO:0005635]; nucleoplasm [GO:0005654]; nucleus [GO:0005634]; perinuclear region of cytoplasm [GO:0048471]; protein-containing complex [GO:0032991]
Q02884	ELP4_YEAST	ELP4 HAP1 TOT7 YPL101W	456	cytoplasm [GO:0005737]; elongator holoenzyme complex [GO:0033588]; nucleoplasm [GO:0005654]
Q02887	ATG21_YEAST	ATG21 CVT21 HSV1 MAI1 YPL100W	496	cytosol [GO:0005829]; endosome [GO:0005768]; fungal-type vacuole membrane [GO:0000329]; phagophore assembly site [GO:0000407]; phagophore assembly site membrane [GO:0034045]
Q02888	INA17_YEAST	INA17 AIM43 FMP14 YPL099C	182	INA complex [GO:1990524]; mitochondrial inner membrane [GO:0005743]; mitochondrial inner membrane assembly complex [GO:1990677]; mitochondrion [GO:0005739]
Q02890	PNG1_YEAST	PNG1 YPL096W	363	cytoplasm [GO:0005737]; cytosol [GO:0005829]; mitochondrion [GO:0005739]; nucleus [GO:0005634]; PNGase complex [GO:0120125]
Q02892	NOG1_YEAST	NOG1 YPL093W LPG15W	647	cytoplasm [GO:0005737]; nucleolus [GO:0005730]; preribosome, large subunit precursor [GO:0030687]
Q02896	YDC1_YEAST	YDC1 YPL087W LPG21W	317	endoplasmic reticulum [GO:0005783]; endoplasmic reticulum membrane [GO:0005789]; fungal-type vacuole membrane [GO:0000329]
Q02908	ELP3_YEAST	ELP3 HPA1 TOT3 YPL086C	557	cytoplasm [GO:0005737]; elongator holoenzyme complex [GO:0033588]; nucleoplasm [GO:0005654]; nucleus [GO:0005634]
Q02931	UTP17_YEAST	NAN1 UTP17 YPL126W	896	90S preribosome [GO:0030686]; nucleolus [GO:0005730]; nucleoplasm [GO:0005654]; peroxisome [GO:0005777]; rDNA heterochromatin [GO:0033553]; small-subunit processome [GO:0032040]; t-UTP complex [GO:0034455]
Q02933	RNY1_YEAST	RNY1 YPL123C	434	cytosol [GO:0005829]; extracellular region [GO:0005576]; fungal-type vacuole [GO:0000324]; vacuolar lumen [GO:0005775]; vacuole [GO:0005773]
Q02939	TFB2_YEAST	TFB2 YPL122C	513	nucleotide-excision repair factor 3 complex [GO:0000112]; transcription factor TFIIH core complex [GO:0000439]; transcription factor TFIIH holo complex [GO:0005675]
Q02948	BECN1_YEAST	VPS30 APG6 ATG6 VPT30 YPL120W LPH7	557	cytoplasm [GO:0005737]; cytosol [GO:0005829]; endosome membrane [GO:0010008]; fungal-type vacuole membrane [GO:0000329]; Golgi membrane [GO:0000139]; phagophore assembly site [GO:0000407]; phagophore assembly site membrane [GO:0034045]; phosphatidylinositol 3-kinase complex, class III, type I [GO:0034271]; phosphatidylinositol 3-kinase complex, class III, type II [GO:0034272]; vacuole-isolation membrane contact site [GO:0120095]
Q02950	RT51_YEAST	MRP51 YPL118W	344	mitochondrial inner membrane [GO:0005743]; mitochondrial small ribosomal subunit [GO:0005763]; mitochondrion [GO:0005739]
Q02959	HOS3_YEAST	HOS3 YPL116W LPH11W	697	cellular bud neck [GO:0005935]; cytoplasm [GO:0005737]; nucleus [GO:0005634]; prospore membrane [GO:0005628]
Q02979	GDE1_YEAST	GDE1 YPL110C	1223	cytoplasm [GO:0005737]
Q03002	FRK1_YEAST	FRK1 YPL141C	865	cell cortex [GO:0005938]; cytoplasm [GO:0005737]
Q03010	UME1_YEAST	UME1 WTM3 YPL139C LPI7C	460	cytoplasm [GO:0005737]; nucleus [GO:0005634]; Rpd3L complex [GO:0033698]; Rpd3L-Expanded complex [GO:0070210]; Rpd3S complex [GO:0032221]
Q03012	SPP1_YEAST	SPP1 CPS40 SAF41 YPL138C	353	chromosome, telomeric region [GO:0000781]; cytosol [GO:0005829]; nucleus [GO:0005634]; Set1C/COMPASS complex [GO:0048188]
Q03018	ESP1_YEAST	ESP1 YGR098C	1630	cytoplasm [GO:0005737]; mitochondrion [GO:0005739]; mitotic spindle [GO:0072686]; mitotic spindle pole body [GO:0044732]; nucleus [GO:0005634]; separase-securin complex [GO:1990520]; spindle [GO:0005819]
Q03020	ISU1_YEAST	ISU1 NUA1 YPL135W	165	cytoplasm [GO:0005737]; iron-sulfur cluster assembly complex [GO:1990229]; mitochondrial matrix [GO:0005759]; mitochondrion [GO:0005739]
Q03034	FDC1_YEAST	FDC1 YDR539W D3703.2	503	cytoplasm [GO:0005737]
Q03048	COFI_YEAST	COF1 YLL050C L0596	143	actin cortical patch [GO:0030479]; actin cytoskeleton [GO:0015629]; cytoplasm [GO:0005737]; nuclear matrix [GO:0016363]; plasma membrane [GO:0005886]
Q03063	DIG1_YEAST	DIG1 RST1 YPL049C P7102.02	452	nucleus [GO:0005634]; Ste12p-Dig1p-Dig2p complex [GO:1990526]; Tec1p-Ste12p-Dig1p complex [GO:1990527]
Q03067	SGF11_YEAST	SGF11 YPL047W	99	DUBm complex [GO:0071819]; nucleus [GO:0005634]; SAGA complex [GO:0000124]; SLIK (SAGA-like) complex [GO:0046695]
Q03071	ELOC_YEAST	ELC1 YPL046C	99	Cul3-RING ubiquitin ligase complex [GO:0031463]; cytoplasm [GO:0005737]; elongin complex [GO:0070449]; nucleotide-excision repair factor 4 complex [GO:0000113]
Q03081	MET31_YEAST	MET31 YPL038W P7102.12	177	cytoplasm [GO:0005737]; nucleus [GO:0005634]; transcription regulator complex [GO:0005667]
Q03096	EST3_YEAST	EST3 YIL009C-A	181	chromosome, telomeric region [GO:0000781]; cytosol [GO:0005829]; nucleus [GO:0005634]; telomerase holoenzyme complex [GO:0005697]
Q03103	ERO1_YEAST	ERO1 YML130C YM4987.05C	563	endoplasmic reticulum [GO:0005783]; endoplasmic reticulum membrane [GO:0005789]
Q03124	RSC9_YEAST	RSC9 YML127W YM4987.08	581	chromatin [GO:0000785]; RSC-type complex [GO:0016586]
Q03125	NRG1_YEAST	NRG1 MSS1 YDR043C YD5112.01C	231	chromatin [GO:0000785]; nucleus [GO:0005634]; PcG protein complex [GO:0031519]; transcription regulator complex [GO:0005667]
Q03144	SNO1_YEAST	SNO1 YMR095C YM6543.02C	224	cytoplasm [GO:0005737]; cytosol [GO:0005829]; glutaminase complex [GO:1903600]
Q03148	SNZ1_YEAST	SNZ1 YMR096W YM6543.03	297	glutaminase complex [GO:1903600]
Q03162	MUB1_YEAST	MUB1 YMR100W YM6543.07	620	cytoplasm [GO:0005737]; MUB1-RAD6-UBR2 ubiquitin ligase complex [GO:1990304]
Q03178	PIR1_YEAST	PIR1 CCW6 YKL164C YKL618	341	cellular bud scar [GO:0005621]; fungal-type cell wall [GO:0009277]; nuclear periphery [GO:0034399]
Q03180	PIR3_YEAST	PIR3 CCW8 YKL163W YKL617	325	fungal-type cell wall [GO:0009277]
Q03195	RLI1_YEAST	RLI1 YDR091C	608	cytoplasm [GO:0005737]; cytosol [GO:0005829]; nucleus [GO:0005634]
Q03213	HOT1_YEAST	HOT1 YMR172W YM8010.02	719	nucleus [GO:0005634]
Q03219	FPYP1_YEAST	FPY1 YMR178W YM8010.08	274	cytoplasm [GO:0005737]; nucleus [GO:0005634]
Q03262	PGM3_YEAST	PRM15 PGM3 YMR278W YM8021.04	622	cytoplasm [GO:0005737]; nucleus [GO:0005634]
Q03280	TOM1_YEAST	TOM1 SSR2 YDR457W D8035.1	3268	cytoplasm [GO:0005737]; nucleolus [GO:0005730]; nucleus [GO:0005634]
Q03290	TFB3_YEAST	TFB3 RIG2 YDR460W	321	transcription factor TFIIH holo complex [GO:0005675]; transcription factor TFIIK complex [GO:0070985]
Q03305	RMT2_YEAST	RMT2 YDR465C	412	cytoplasm [GO:0005737]; nucleus [GO:0005634]
Q03308	VPS16_YEAST	VPS16 VAM9 VPT16 YPL045W	798	CORVET complex [GO:0033263]; cytosol [GO:0005829]; early endosome membrane [GO:0031901]; endosome [GO:0005768]; fungal-type vacuole membrane [GO:0000329]; HOPS complex [GO:0030897]
Q03322	TLG1_YEAST	TLG1 YDR468C D8035.11	224	cytosol [GO:0005829]; early endosome membrane [GO:0031901]; endomembrane system [GO:0012505]; endosome [GO:0005768]; endosome membrane [GO:0010008]; Golgi membrane [GO:0000139]; late endosome membrane [GO:0031902]; SNARE complex [GO:0031201]; trans-Golgi network [GO:0005802]
Q03323	SDC1_YEAST	SDC1 CPS25 SAF19 YDR469W	175	chromosome, telomeric region [GO:0000781]; nucleus [GO:0005634]; Set1C/COMPASS complex [GO:0048188]
Q03330	GCN5_YEAST	GCN5 ADA4 SWI9 YGR252W	439	ADA complex [GO:0140671]; chromosome, centromeric region [GO:0000775]; cytosol [GO:0005829]; histone acetyltransferase complex [GO:0000123]; nucleus [GO:0005634]; SAGA complex [GO:0000124]; SLIK (SAGA-like) complex [GO:0046695]
Q03337	TRS31_YEAST	TRS31 YDR472W	283	cytosol [GO:0005829]; endoplasmic reticulum [GO:0005783]; phagophore assembly site [GO:0000407]; TRAPPI protein complex [GO:1990070]; TRAPPII protein complex [GO:1990071]; TRAPPIII protein complex [GO:1990072]
Q03338	PRP3_YEAST	PRP3 RNA3 YDR473C D8035.16	469	nucleus [GO:0005634]; spliceosomal complex [GO:0005681]; U4 snRNP [GO:0005687]; U4/U6 snRNP [GO:0071001]; U4/U6 x U5 tri-snRNP complex [GO:0046540]
Q03373	DIG2_YEAST	DIG2 RST2 YDR480W D8035.23	323	nucleus [GO:0005634]; Ste12p-Dig1p-Dig2p complex [GO:1990526]
Q03375	CWC21_YEAST	CWC21 YDR482C	135	cytoplasm [GO:0005737]; Prp19 complex [GO:0000974]; U2-type spliceosomal complex [GO:0005684]
Q03388	VPS72_YEAST	VPS72 SWC2 YDR485C	795	chromatin [GO:0000785]; cytoplasm [GO:0005737]; nucleus [GO:0005634]; Swr1 complex [GO:0000812]
Q03390	VPS60_YEAST	VPS60 CHM5 MOS10 YDR486C	229	cytoplasm [GO:0005737]; endosome membrane [GO:0010008]; fungal-type vacuole membrane [GO:0000329]; multivesicular body [GO:0005771]
Q03406	SLD5_YEAST	SLD5 YDR489W	294	CMG complex [GO:0071162]; DNA replication preinitiation complex [GO:0031261]; GINS complex [GO:0000811]; nuclear replication fork [GO:0043596]; nucleus [GO:0005634]
Q03407	PKH1_YEAST	PKH1 YDR490C	766	cell cortex [GO:0005938]; cytosol [GO:0005829]
Q03433	VPS71_YEAST	VPS71 SWC6 YML041C YM8054.02C	280	chromatin [GO:0000785]; nucleus [GO:0005634]; Swr1 complex [GO:0000812]
Q03434	YM12B_YEAST	TY1B-ML2 YMLWTy1-2 POL YML039W YM8054.04	1755	cytoplasm [GO:0005737]; nucleus [GO:0005634]
Q03435	NHP10_YEAST	NHP10 HMO2 YDL002C YD8119.05C	203	Ino80 complex [GO:0031011]; nucleus [GO:0005634]
Q03455	MSC2_YEAST	MSC2 YDR205W YD8142.02	724	cytoplasmic vesicle [GO:0031410]; endoplasmic reticulum [GO:0005783]; endoplasmic reticulum membrane [GO:0005789]; Golgi apparatus [GO:0005794]; nuclear membrane [GO:0031965]
Q03465	RPN4_YEAST	RPN4 SON1 UFD5 YDL020C D2840	531	cytoplasm [GO:0005737]; nucleus [GO:0005634]
Q03466	EBS1_YEAST	EBS1 YDR206W YD8142.03	884	chromosome, telomeric region [GO:0000781]; cytoplasm [GO:0005737]; P-body [GO:0000932]; telomerase holoenzyme complex [GO:0005697]
Q03494	YD22B_YEAST	TY2B-DR2 YDRWTy2-2 POL YDR210W-B YD8142A.09	1770	cytoplasm [GO:0005737]; nucleus [GO:0005634]
Q03496	THADA_YEAST	TRM732 YMR259C YM8156.01C YM9920.13C	1420	cytoplasm [GO:0005737]
Q03497	STE20_YEAST	STE20 YHL007C	939	cytoplasm [GO:0005737]; incipient cellular bud site [GO:0000131]; mating projection tip [GO:0043332]; nucleus [GO:0005634]; plasma membrane [GO:0005886]
Q03503	NAA30_YEAST	MAK3 NAA30 YPR051W YP9499.08	176	cytosol [GO:0005829]; NatC complex [GO:0031417]; nucleus [GO:0005634]
Q03529	SCS7_YEAST	SCS7 FAH1 YMR272C YM8156.14C	384	endoplasmic reticulum [GO:0005783]; endoplasmic reticulum membrane [GO:0005789]; membrane [GO:0016020]
Q03532	HAS1_YEAST	HAS1 YMR290C	505	90S preribosome [GO:0030686]; nuclear envelope [GO:0005635]; nucleolus [GO:0005730]; preribosome, large subunit precursor [GO:0030687]; small-subunit processome [GO:0032040]
Q03533	TDA1_YEAST	TDA1 YMR291W	586	cytoplasm [GO:0005737]; nucleus [GO:0005634]
Q03554	GOT1_YEAST	GOT1 YMR292W	138	COPII-coated ER to Golgi transport vesicle [GO:0030134]; cytosol [GO:0005829]; endoplasmic reticulum [GO:0005783]; Golgi apparatus [GO:0005794]; Golgi cis cisterna [GO:0000137]; Golgi membrane [GO:0000139]
Q03557	GATA_YEAST	HER2 GEP6 LRC6 YMR293C	464	glutamyl-tRNA(Gln) amidotransferase complex [GO:0030956]; mitochondrion [GO:0005739]
Q03558	OYE2_YEAST	OYE2 YHR179W	400	cytoplasm [GO:0005737]; mitochondrion [GO:0005739]; nucleus [GO:0005634]
Q03579	LIP1_YEAST	LIP1 YMR298W	150	acyl-CoA ceramide synthase complex [GO:0061576]; endoplasmic reticulum [GO:0005783]; endoplasmic reticulum membrane [GO:0005789]; nuclear envelope [GO:0005635]
Q03612	YE11B_YEAST	TY1B-ER1 YERCTy1-1 POL YER138C	1755	cytoplasm [GO:0005737]; nucleus [GO:0005634]
Q03619	YE12B_YEAST	TY1B-ER2 YERCTy1-2 POL YER160C	1755	cytoplasm [GO:0005737]; nucleus [GO:0005634]
Q03630	BET5_YEAST	BET5 YML077W	159	cytosol [GO:0005829]; endoplasmic reticulum [GO:0005783]; phagophore assembly site [GO:0000407]; TRAPP complex [GO:0030008]; TRAPPI protein complex [GO:1990070]; TRAPPII protein complex [GO:1990071]; TRAPPIII protein complex [GO:1990072]
Q03631	WAR1_YEAST	WAR1 YML076C	944	mitochondrion [GO:0005739]; nucleus [GO:0005634]
Q03640	TCB3_YEAST	TCB3 YML072C	1545	cellular bud [GO:0005933]; cortical endoplasmic reticulum [GO:0032541]; endoplasmic reticulum [GO:0005783]; endoplasmic reticulum membrane [GO:0005789]; mitochondrion [GO:0005739]; plasma membrane [GO:0005886]
Q03649	MGL2_YEAST	MGL2 YMR210W YM8261.04	449	
Q03654	CEF1_YEAST	CEF1 NTC85 YMR213W YM8261.07	590	cytoplasm [GO:0005737]; Prp19 complex [GO:0000974]; spliceosomal complex [GO:0005681]; U2-type catalytic step 1 spliceosome [GO:0071006]
Q03655	GAS3_YEAST	GAS3 YMR215W YM8261.09	524	fungal-type cell wall [GO:0009277]; fungal-type vacuole [GO:0000324]; plasma membrane [GO:0005886]; side of membrane [GO:0098552]
Q03656	SKY1_YEAST	SKY1 YMR216C YM8261.10C	742	cytoplasm [GO:0005737]; cytoplasmic stress granule [GO:0010494]; nucleus [GO:0005634]
Q03660	TR130_YEAST	TRS130 YMR218C YM8261.12C	1102	cytosol [GO:0005829]; early endosome [GO:0005769]; trans-Golgi network [GO:0005802]; TRAPPII protein complex [GO:1990071]
Q03674	PLB2_YEAST	PLB2 YMR006C YM8270.08C	706	cell periphery [GO:0071944]; cytosol [GO:0005829]; endoplasmic reticulum [GO:0005783]; extracellular region [GO:0005576]; fungal-type cell wall [GO:0009277]; plasma membrane [GO:0005886]; side of membrane [GO:0098552]
Q03677	MTND_YEAST	ADI1 YMR009W YM8270.12	179	cytoplasm [GO:0005737]; nucleus [GO:0005634]
Q03687	ANY1_YEAST	ANY1 CFS1 YMR010W YM8270.13	405	cytoplasm [GO:0005737]; cytosol [GO:0005829]; early endosome [GO:0005769]; endoplasmic reticulum [GO:0005783]; endosome [GO:0005768]; endosome membrane [GO:0010008]; Golgi membrane [GO:0000139]; late endosome membrane [GO:0031902]; trans-Golgi network [GO:0005802]; trans-Golgi network membrane [GO:0032588]
Q03690	CLU_YEAST	CLU1 TIF31 YMR012W YM8270.16	1277	cytoplasm [GO:0005737]; cytoplasmic stress granule [GO:0010494]
Q03691	ROT1_YEAST	ROT1 YMR200W YM8325.01	256	endoplasmic reticulum [GO:0005783]; endoplasmic reticulum membrane [GO:0005789]
Q03702	CCE1_YEAST	CCE1 YKL011C YKL164	353	mitochondrial inner membrane [GO:0005743]; mitochondrion [GO:0005739]
Q03705	CG121_YEAST	CGI121 YML036W	181	chromosome, telomeric region [GO:0000781]; cytosol [GO:0005829]; EKC/KEOPS complex [GO:0000408]; nucleoplasm [GO:0005654]; nucleus [GO:0005634]
Q03713	RCF1_YEAST	RCF1 AIM31 YML030W	159	mitochondrial inner membrane [GO:0005743]; mitochondrion [GO:0005739]; respiratory chain complex [GO:0098803]
Q03714	USA1_YEAST	USA1 YML029W	838	endoplasmic reticulum [GO:0005783]; endoplasmic reticulum membrane [GO:0005789]; Hrd1p ubiquitin ligase complex [GO:0000836]
Q03723	OST6_YEAST	OST6 YML019W	332	endoplasmic reticulum [GO:0005783]; endoplasmic reticulum membrane [GO:0005789]; oligosaccharyltransferase complex [GO:0008250]
Q03750	TAF8_YEAST	TAF8 TAF65 YML114C YM8339.05C	510	nucleus [GO:0005634]; transcription factor TFIID complex [GO:0005669]
Q03758	BUL2_YEAST	BUL2 YML111W YM8339.08	920	cytoplasm [GO:0005737]; RSP5-BUL ubiquitin ligase complex [GO:1990306]; ubiquitin ligase complex [GO:0000151]
Q03761	TAF12_YEAST	TAF12 TAF61 TAF68 YDR145W YD8358.02	539	nucleus [GO:0005634]; peroxisome [GO:0005777]; SAGA complex [GO:0000124]; SLIK (SAGA-like) complex [GO:0046695]; transcription factor TFIID complex [GO:0005669]
Q03768	GIR2_YEAST	GIR2 DFRP2 YDR152W YD8358.08	265	cytoplasm [GO:0005737]
Q03769	ENT5_YEAST	ENT5 YDR153C	411	clathrin vesicle coat [GO:0030125]; cytoplasm [GO:0005737]; cytosol [GO:0005829]; endosome [GO:0005768]; endosome membrane [GO:0010008]; plasma membrane [GO:0005886]
Q03770	SSY1_YEAST	SSY1 APF7 SHR10 YDR160W YD8358.14	852	endoplasmic reticulum [GO:0005783]; membrane [GO:0016020]; plasma membrane [GO:0005886]
Q03771	ACL4_YEAST	ACL4 YDR161W	387	cytoplasm [GO:0005737]; mitochondrial outer membrane [GO:0005741]; nucleus [GO:0005634]
Q03774	TRM82_YEAST	TRM82 YDR165W YD8358.19	444	cytosol [GO:0005829]; nucleoplasm [GO:0005654]; nucleus [GO:0005634]; tRNA (m7G46) methyltransferase complex [GO:0106143]; tRNA methyltransferase complex [GO:0043527]
Q03776	PRP42_YEAST	PRP42 MUD16 SNU65 YDR235W YD8419.02	544	commitment complex [GO:0000243]; nucleus [GO:0005634]; spliceosomal complex [GO:0005681]; U1 snRNP [GO:0005685]; U2-type prespliceosome [GO:0071004]
Q03778	RIFK_YEAST	FMN1 YDR236C YD8419.03C	218	endoplasmic reticulum [GO:0005783]; mitochondrial inner membrane [GO:0005743]; mitochondrion [GO:0005739]
Q03782	SNU56_YEAST	SNU56 MUD10 YDR240C	492	commitment complex [GO:0000243]; nucleus [GO:0005634]; spliceosomal complex [GO:0005681]; U1 snRNP [GO:0005685]; U2-type prespliceosome [GO:0071004]
Q03784	TRS23_YEAST	TRS23 YDR246W YD8419.13	219	cytosol [GO:0005829]; endoplasmic reticulum [GO:0005783]; phagophore assembly site [GO:0000407]; TRAPP complex [GO:0030008]; TRAPPI protein complex [GO:1990070]; TRAPPII protein complex [GO:1990071]; TRAPPIII protein complex [GO:1990072]
Q03785	VHS1_YEAST	VHS1 YDR247W YD8419.14	461	cytoplasm [GO:0005737]; nucleus [GO:0005634]
Q03790	NUP53_YEAST	NUP53 YMR153W YM8520.02	475	nuclear envelope [GO:0005635]; nuclear membrane [GO:0031965]; nuclear pore [GO:0005643]; nuclear pore central transport channel [GO:0044613]; nuclear pore nuclear basket [GO:0044615]
Q03818	ATG16_YEAST	ATG16 APG15 APG16 CVT11 SAP18 YMR159C YM8520.08C	150	Atg12-Atg5-Atg16 complex [GO:0034274]; cytoplasm [GO:0005737]; cytosol [GO:0005829]; nucleus [GO:0005634]; phagophore [GO:0061908]; phagophore assembly site [GO:0000407]; phagophore assembly site membrane [GO:0034045]; vacuole-isolation membrane contact site [GO:0120095]
Q03825	MSS11_YEAST	MSS11 YMR164C YM8520.13C	758	cytoplasm [GO:0005737]; nucleus [GO:0005634]
Q03833	GIS1_YEAST	GIS1 YDR096W YD8557.01	894	chromatin [GO:0000785]; cytosol [GO:0005829]; mitochondrion [GO:0005739]; nucleus [GO:0005634]
Q03834	MSH6_YEAST	MSH6 PMS3 YDR097C YD8557.04C	1242	cytoplasm [GO:0005737]; MutSalpha complex [GO:0032301]; nucleus [GO:0005634]
Q03835	GLRX3_YEAST	GRX3 YDR098C YD8557.05C	250	cytoplasm [GO:0005737]; cytosol [GO:0005829]; iron-sulfur cluster assembly complex [GO:1990229]; nucleus [GO:0005634]
Q03855	YD11B_YEAST	TY1B-DR1 YDRCTy1-1 POL YDR098C-B YD8557.06c	1755	cytoplasm [GO:0005737]; nucleus [GO:0005634]
Q03862	ARX1_YEAST	ARX1 YDR101C YD8557.10c	593	cytoplasm [GO:0005737]; nucleolus [GO:0005730]; nucleoplasm [GO:0005654]; nucleus [GO:0005634]; preribosome, large subunit precursor [GO:0030687]
Q03868	SPO71_YEAST	SPO71 YDR104C YD8557.13c	1245	prospore membrane [GO:0005628]
Q03897	WDR59_YEAST	MTC5 SEA3 YDR128W	1148	fungal-type vacuole membrane [GO:0000329]; Seh1-associated complex [GO:0035859]; vacuolar membrane [GO:0005774]
Q03898	FIN1_YEAST	FIN1 YDR130C YD9302.05C	291	astral microtubule [GO:0000235]; cytoplasm [GO:0005737]; intermediate filament [GO:0005882]; kinetochore [GO:0000776]; mitotic spindle [GO:0072686]; nucleus [GO:0005634]; protein phosphatase type 1 complex [GO:0000164]; spindle microtubule [GO:0005876]; spindle pole [GO:0000922]; spindle pole body [GO:0005816]
Q03920	MTQ2_YEAST	MTQ2 MTC6 YDR140W	221	cytoplasm [GO:0005737]; eRF1 methyltransferase complex [GO:0035657]; large ribosomal subunit [GO:0015934]; nucleus [GO:0005634]; ribosome [GO:0005840]
Q03921	DOP1_YEAST	DOP1 YDR141C YD9302.17C	1698	cytoplasm [GO:0005737]; cytosol [GO:0005829]; endosome [GO:0005768]; endosome membrane [GO:0010008]; Golgi membrane [GO:0000139]; mitochondrion [GO:0005739]; trans-Golgi network [GO:0005802]
Q03940	RUVB1_YEAST	RVB1 TIH1 TIP49A YDR190C	463	chromatin [GO:0000785]; Ino80 complex [GO:0031011]; NuA4 histone acetyltransferase complex [GO:0035267]; nucleus [GO:0005634]; R2TP complex [GO:0097255]; Swr1 complex [GO:0000812]; TTT Hsp90 cochaperone complex [GO:0110078]
Q03941	CAB5_YEAST	CAB5 YDR196C YD9346.07C	241	CoA-synthesizing protein complex [GO:1990143]; cytosol [GO:0005829]; endoplasmic reticulum [GO:0005783]; extrinsic component of mitochondrial outer membrane [GO:0031315]; lipid droplet [GO:0005811]; mitochondrion [GO:0005739]; nuclear envelope [GO:0005635]
Q03944	VPS64_YEAST	VPS64 FAR9 YDR200C YD9346.10C	604	cytoplasm [GO:0005737]; endoplasmic reticulum [GO:0005783]; endoplasmic reticulum membrane [GO:0005789]; endoplasmic reticulum-Golgi intermediate compartment [GO:0005793]; FAR/SIN/STRIPAK complex [GO:0090443]; mitochondrion [GO:0005739]
Q03954	SPC19_YEAST	SPC19 YDR201W	165	DASH complex [GO:0042729]; mitotic spindle [GO:0072686]; spindle microtubule [GO:0005876]
Q03957	CTK1_YEAST	CTK1 YKL139W	528	carboxy-terminal domain protein kinase complex [GO:0032806]; CTDK-1 complex [GO:0070692]; cyclin/CDK positive transcription elongation factor complex [GO:0008024]; cytoplasm [GO:0005737]; nucleolus [GO:0005730]; nucleoplasm [GO:0005654]; nucleus [GO:0005634]
Q03973	HMO1_YEAST	HMO1 HSM2 YDR174W YD9395.07	246	chromatin [GO:0000785]; cytoplasm [GO:0005737]; cytosol [GO:0005829]; nucleolus [GO:0005730]; nucleus [GO:0005634]; rDNA heterochromatin [GO:0033553]; small-subunit processome [GO:0032040]
Q03976	RT24_YEAST	RSM24 YDR175C	319	mitochondrial inner membrane [GO:0005743]; mitochondrial small ribosomal subunit [GO:0005763]; mitochondrion [GO:0005739]
Q03981	CSN9_YEAST	CSN9 YDR179C	162	COP9 signalosome [GO:0008180]; eukaryotic translation initiation factor 3 complex [GO:0005852]; nucleus [GO:0005634]
Q04002	SCC2_YEAST	SCC2 YDR180W YD9395.14	1493	2-micrometer circle DNA [GO:0005729]; chromatin [GO:0000785]; chromosome, centromeric region [GO:0000775]; cytosol [GO:0005829]; nucleus [GO:0005634]; Scc2-Scc4 cohesin loading complex [GO:0090694]; SMC loading complex [GO:0032116]
Q04003	SAS4_YEAST	SAS4 YDR181C YD9395.15C	481	chromatin [GO:0000785]; chromosome, telomeric region [GO:0000781]; nucleus [GO:0005634]; SAS acetyltransferase complex [GO:0033255]
Q04013	YHM2_YEAST	YHM2 YMR241W YM9408.03	314	mitochondrial inner membrane [GO:0005743]; mitochondrial nucleoid [GO:0042645]; mitochondrion [GO:0005739]
Q04031	RRP17_YEAST	RRP17 YDR412W	235	cytoplasm [GO:0005737]; nuclear periphery [GO:0034399]; nucleolus [GO:0005730]
Q04048	SYF1_YEAST	SYF1 NTC90 YDR416W	859	cytosol [GO:0005829]; nucleus [GO:0005634]; post-mRNA release spliceosomal complex [GO:0071014]; Prp19 complex [GO:0000974]; U2-type catalytic step 1 spliceosome [GO:0071006]; U2-type catalytic step 2 spliceosome [GO:0071007]; U2-type post-mRNA release spliceosomal complex [GO:0071008]; U2-type prespliceosome [GO:0071004]
Q04049	POLH_YEAST	RAD30 DBH1 YDR419W	632	mitochondrion [GO:0005739]; nucleus [GO:0005634]; replication fork [GO:0005657]; site of double-strand break [GO:0035861]
Q04053	SNX41_YEAST	SNX41 YDR425W	625	cytoplasmic side of endosome membrane [GO:0010009]; cytosol [GO:0005829]; endosome [GO:0005768]; phagophore assembly site [GO:0000407]
Q04062	RPN9_YEAST	RPN9 NAS7 YDR427W D9461.14	393	cytosol [GO:0005829]; nucleus [GO:0005634]; proteasome complex [GO:0000502]; proteasome regulatory particle, lid subcomplex [GO:0008541]; proteasome storage granule [GO:0034515]
Q04067	EIF3G_YEAST	TIF35 YDR429C D9461.16	274	cytoplasmic stress granule [GO:0010494]; eukaryotic 43S preinitiation complex [GO:0016282]; eukaryotic 48S preinitiation complex [GO:0033290]; eukaryotic translation initiation factor 3 complex [GO:0005852]; multi-eIF complex [GO:0043614]
Q04080	GPI17_YEAST	GPI17 YDR434W D9461.20	534	endoplasmic reticulum [GO:0005783]; endoplasmic reticulum membrane [GO:0005789]; GPI-anchor transamidase complex [GO:0042765]; membrane [GO:0016020]; nuclear inner membrane [GO:0005637]
Q04082	GPI19_YEAST	GPI19 YDR437W D9461.23	140	endoplasmic reticulum [GO:0005783]; endoplasmic reticulum membrane [GO:0005789]; glycosylphosphatidylinositol-N-acetylglucosaminyltransferase (GPI-GnT) complex [GO:0000506]; nuclear envelope [GO:0005635]
Q04087	LRS4_YEAST	LRS4 YDR439W D9461.25	347	monopolin complex [GO:0033551]; nucleolus [GO:0005730]; nucleus [GO:0005634]
Q04089	DOT1_YEAST	DOT1 KMT4 PCH1 YDR440W D9461.26	582	chromosome, telomeric region [GO:0000781]; nucleosome [GO:0000786]; nucleus [GO:0005634]
Q04110	ECM11_YEAST	ECM11 YDR446W D9461.31	302	condensed nuclear chromosome [GO:0000794]; nucleus [GO:0005634]; synaptonemal complex [GO:0000795]
Q04119	PPN1_YEAST	PPN1 PHM5 YDR452W D9461.37	674	cytosol [GO:0005829]; fungal-type vacuole [GO:0000324]; fungal-type vacuole membrane [GO:0000329]; nucleus [GO:0005634]
Q04120	TSA2_YEAST	TSA2 YDR453C D9461.38	196	cytoplasm [GO:0005737]; cytosol [GO:0005829]
Q04121	NHX1_YEAST	NHX1 NHA2 VPL27 VPS44 YDR456W D9461.40	633	early endosome [GO:0005769]; endoplasmic reticulum [GO:0005783]; endosome membrane [GO:0010008]; fungal-type vacuole membrane [GO:0000329]; late endosome [GO:0005770]; trans-Golgi network [GO:0005802]
Q04149	MUS81_YEAST	MUS81 SLX3 YDR386W D9509.6	632	Holliday junction resolvase complex [GO:0048476]; nuclear replication fork [GO:0043596]; nucleus [GO:0005634]
Q04175	SXM1_YEAST	SXM1 KAP108 YDR395W	944	cytoplasm [GO:0005737]; cytosol [GO:0005829]; nuclear envelope [GO:0005635]; nuclear pore [GO:0005643]; nucleus [GO:0005634]
Q04177	UTP5_YEAST	UTP5 YDR398W D9509.17	643	nucleolus [GO:0005730]; nucleoplasm [GO:0005654]; rDNA heterochromatin [GO:0033553]; small-subunit processome [GO:0032040]; t-UTP complex [GO:0034455]
Q04178	HPRT_YEAST	HPT1 BRA6 YDR399W D9509.18	221	cytoplasm [GO:0005737]; nucleus [GO:0005634]
Q04179	URH1_YEAST	URH1 YDR400W D9509.19	340	cytoplasm [GO:0005737]; cytosol [GO:0005829]; nucleus [GO:0005634]
Q04183	TR120_YEAST	TRS120 YDR407C D9509.25 ESBP10	1289	cytosol [GO:0005829]; early endosome [GO:0005769]; trans-Golgi network [GO:0005802]; TRAPPII protein complex [GO:1990071]
Q04195	SIZ1_YEAST	SIZ1 ULL1 YDR409W	904	cellular bud neck [GO:0005935]; chromatin [GO:0000785]; nucleus [GO:0005634]; septin ring [GO:0005940]
Q04199	CAF1B_YEAST	CAC2 YML102W	468	CAF-1 complex [GO:0033186]; chromosome, centromeric region [GO:0000775]; cytosol [GO:0005829]; nucleosome [GO:0000786]; nucleus [GO:0005634]
Q04213	IOC4_YEAST	IOC4 YMR044W YM9532.09	475	Isw1 complex [GO:0016587]; Isw1b complex [GO:0036437]
Q04214	YM13B_YEAST	TY1B-MR1 YMRCTy1-3 POL YMR045C YM9532.10C	1755	cytoplasm [GO:0005737]; nucleus [GO:0005634]
Q04217	DHR1_YEAST	ECM16 DHR1 YMR128W YM9553.04	1267	90S preribosome [GO:0030686]; mitochondrion [GO:0005739]; nucleolus [GO:0005730]; nucleoplasm [GO:0005654]; small-subunit processome [GO:0032040]
Q04226	TAF11_YEAST	TAF11 TAF40 YML015C YM9571.03C	346	nucleus [GO:0005634]; transcription factor TFIID complex [GO:0005669]
Q04228	UBX2_YEAST	UBX2 SEL1 YML013W YM9571.05	584	Doa10p ubiquitin ligase complex [GO:0000837]; endoplasmic reticulum [GO:0005783]; endoplasmic reticulum membrane [GO:0005789]; Hrd1p ubiquitin ligase complex [GO:0000836]; Hrd1p ubiquitin ligase ERAD-L complex [GO:0000839]; lipid droplet [GO:0005811]; mitochondrial outer membrane [GO:0005741]; plasma membrane [GO:0005886]
Q04235	TYW2_YEAST	TRM12 TYW2 YML005W YM9571.14	462	cytoplasm [GO:0005737]
Q04264	PDS5_YEAST	PDS5 YMR076C YM9582.01C YM9916.15C	1277	chromatin [GO:0000785]; condensed nuclear chromosome [GO:0000794]; cytosol [GO:0005829]; meiotic recombination initiation complex [GO:0035808]; nucleus [GO:0005634]
Q04272	VPS20_YEAST	VPS20 ASI10 CHM6 VPT20 YMR077C YM9582.02C	221	cytoplasm [GO:0005737]; cytosol [GO:0005829]; endoplasmic reticulum [GO:0005783]; ESCRT III complex [GO:0000815]; multivesicular body [GO:0005771]; vacuolar membrane [GO:0005774]
Q04305	UTP15_YEAST	UTP15 YMR093W YM9582.18	513	90S preribosome [GO:0030686]; nucleolus [GO:0005730]; nucleoplasm [GO:0005654]; rDNA heterochromatin [GO:0033553]; small-subunit processome [GO:0032040]; t-UTP complex [GO:0034455]
Q04307	RPC10_YEAST	RPC11 YDR045C YD9609.01C	110	nucleolus [GO:0005730]; nucleoplasm [GO:0005654]; nucleus [GO:0005634]; RNA polymerase III complex [GO:0005666]
Q04311	VMS1_YEAST	VMS1 YDR049W	632	Cdc48p-Npl4p-Vms1p AAA ATPase complex [GO:0036266]; cytoplasm [GO:0005737]; cytosol [GO:0005829]; endoplasmic reticulum membrane [GO:0005789]; mitochondrion [GO:0005739]
Q04322	GYL1_YEAST	GYL1 APP2 YMR192W YM9646.04	720	cellular bud [GO:0005933]; cellular bud neck [GO:0005935]; cellular bud tip [GO:0005934]; cytoplasm [GO:0005737]; Golgi-associated vesicle [GO:0005798]; incipient cellular bud site [GO:0000131]; mitochondrion [GO:0005739]; plasma membrane [GO:0005886]
Q04338	VTI1_YEAST	VTI1 YMR197C YM9646.10C	217	autophagosome membrane [GO:0000421]; cytosol [GO:0005829]; endoplasmic reticulum membrane [GO:0005789]; endosome membrane [GO:0010008]; ER to Golgi transport vesicle membrane [GO:0012507]; fungal-type vacuole membrane [GO:0000329]; Golgi apparatus [GO:0005794]; Golgi membrane [GO:0000139]; late endosome membrane [GO:0031902]; SNARE complex [GO:0031201]; vacuolar membrane [GO:0005774]
Q04344	HNT1_YEAST	HNT1 HIT1 YDL125C	158	cytoplasm [GO:0005737]; nucleus [GO:0005634]
Q04359	SPO20_YEAST	SPO20 YMR017W YM9711.05	397	Golgi membrane [GO:0000139]; nucleus [GO:0005634]; plasma membrane [GO:0005886]; prospore membrane [GO:0005628]; SNARE complex [GO:0031201]
Q04364	PEX9_YEAST	PEX9 YMR018W YM9711.06	514	cytosol [GO:0005829]; peroxisomal membrane [GO:0005778]; peroxisome [GO:0005777]
Q04370	PEX12_YEAST	PEX12 YMR026C YM9711.16C	399	peroxisomal importomer complex [GO:1990429]; peroxisomal membrane [GO:0005778]; ubiquitin ligase complex [GO:0000151]
Q04371	ARMT1_YEAST	YMR027W YM9711.17	470	cytoplasm [GO:0005737]; nucleus [GO:0005634]
Q04372	TAP42_YEAST	TAP42 YMR028W YM9711.18 YM9973.01C	366	cytosol [GO:0005829]; protein phosphatase type 2A complex [GO:0000159]
Q04373	PUF6_YEAST	PUF6 YDR496C D9719.2	656	cellular bud tip [GO:0005934]; large ribosomal subunit [GO:0015934]; nucleolus [GO:0005730]; nucleus [GO:0005634]; preribosome, large subunit precursor [GO:0030687]; protein folding chaperone complex [GO:0101031]
Q04377	LCD1_YEAST	LCD1 DDC2 PIE1 YDR499W	747	ATR-ATRIP complex [GO:0070310]; cytoplasm [GO:0005737]; nuclear chromosome [GO:0000228]; nucleus [GO:0005634]
Q04396	LPP1_YEAST	LPP1 YDR503C D9719.9	274	Golgi membrane [GO:0000139]; membrane [GO:0016020]
Q04401	SDHF3_YEAST	SDH7 ACN9 YDR511W D9719.16	133	mitochondrial intermembrane space [GO:0005758]; mitochondrial matrix [GO:0005759]; mitochondrion [GO:0005739]
Q04409	EMI2_YEAST	EMI2 YDR516C D9719.21	500	cytoplasm [GO:0005737]; cytosol [GO:0005829]; mitochondrion [GO:0005739]
Q04410	GRH1_YEAST	GRH1 YDR517W	372	cis-Golgi network [GO:0005801]; cis-Golgi network membrane [GO:0033106]; COPII vesicles tethering complex [GO:0106103]; cytoplasm [GO:0005737]; cytosol [GO:0005829]; Golgi apparatus [GO:0005794]; Golgi membrane [GO:0000139]
Q04430	PANK_YEAST	CAB1 YDR531W	367	cytoplasm [GO:0005737]; cytosol [GO:0005829]; nucleus [GO:0005634]
Q04431	ZWINT_YEAST	KRE28 YDR532C	385	chromosome, centromeric region [GO:0000775]; kinetochore [GO:0000776]; Knl1/Spc105 complex [GO:0180019]; nucleus [GO:0005634]; outer kinetochore [GO:0000940]
Q04432	HSP31_YEAST	HSP31 YDR533C D9719.36	237	cytoplasm [GO:0005737]; cytoplasmic stress granule [GO:0010494]; P-body [GO:0000932]
Q04437	KU80_YEAST	YKU80 HDF2 YMR106C YM9718.05C	629	chromosome, telomeric region [GO:0000781]; Ku70:Ku80 complex [GO:0043564]
Q04439	MYO5_YEAST	MYO5 YMR109W YM9718.08	1219	actin cortical patch [GO:0030479]; actin cytoskeleton [GO:0015629]; cell periphery [GO:0071944]; cell tip [GO:0051286]; cellular bud [GO:0005933]; cytoplasm [GO:0005737]; mating projection tip [GO:0043332]; microvillus [GO:0005902]; myosin I complex [GO:0045160]; plasma membrane [GO:0005886]
Q04458	HFD1_YEAST	HFD1 YMR110C YM9718.09C	532	cytoplasm [GO:0005737]; endoplasmic reticulum [GO:0005783]; endosome [GO:0005768]; endosome membrane [GO:0010008]; lipid droplet [GO:0005811]; mitochondrial inner membrane [GO:0005743]; mitochondrial outer membrane [GO:0005741]; mitochondrion [GO:0005739]
Q04461	EUC1_YEAST	EUC1 YMR111C YM9718.10C	462	chromatin [GO:0000785]; cytoplasm [GO:0005737]; nucleus [GO:0005634]
Q04472	MGR3_YEAST	MGR3 FMP24 YMR115W YM9718.14	501	i-AAA complex [GO:0031942]; mitochondrial inner membrane [GO:0005743]; mitochondrion [GO:0005739]
Q04477	SPC24_YEAST	SPC24 YMR117C YM9718.16C	213	kinetochore [GO:0000776]; Ndc80 complex [GO:0031262]; nucleus [GO:0005634]; outer kinetochore [GO:0000940]
Q04491	SEC13_YEAST	SEC13 ANU3 YLR208W L8167.4	297	cell periphery [GO:0071944]; COPII vesicle coat [GO:0030127]; endoplasmic reticulum [GO:0005783]; endoplasmic reticulum membrane [GO:0005789]; nuclear envelope [GO:0005635]; nuclear pore [GO:0005643]; nuclear pore outer ring [GO:0031080]; Seh1-associated complex [GO:0035859]; vacuolar membrane [GO:0005774]
Q04493	PFD5_YEAST	GIM5 PFD5 YML094W	163	cytoplasm [GO:0005737]; prefoldin complex [GO:0016272]
Q04500	UTP14_YEAST	UTP14 YML093W	899	nucleolus [GO:0005730]; nucleoplasm [GO:0005654]; small-subunit processome [GO:0032040]
Q04511	UFO1_YEAST	UFO1 YML088W	668	cytoplasm [GO:0005737]; nucleus [GO:0005634]; SCF ubiquitin ligase complex [GO:0019005]
Q04601	APC4_YEAST	APC4 YDR118W	652	anaphase-promoting complex [GO:0005680]; cytoplasm [GO:0005737]; nuclear periphery [GO:0034399]; nucleus [GO:0005634]
Q04603	DPB4_YEAST	DPB4 YDR121W	196	CHRAC [GO:0008623]; epsilon DNA polymerase complex [GO:0008622]; nuclear replication fork [GO:0043596]; nucleus [GO:0005634]
Q04629	SWF1_YEAST	SWF1 PSL10 YDR126W YD9302.01 YD9727.21	336	actin cortical patch [GO:0030479]; actin filament bundle [GO:0032432]; endoplasmic reticulum [GO:0005783]; endoplasmic reticulum membrane [GO:0005789]; Golgi apparatus [GO:0005794]; nuclear outer membrane-endoplasmic reticulum membrane network [GO:0042175]
Q04632	COG8_YEAST	COG8 DOR1 YML071C	607	cytosol [GO:0005829]; Golgi membrane [GO:0000139]; Golgi transport complex [GO:0017119]
Q04636	POB3_YEAST	POB3 YML069W	552	chromatin [GO:0000785]; FACT complex [GO:0035101]
Q04638	ITT1_YEAST	ITT1 YML068W	464	cytoplasm [GO:0005737]; ubiquitin ligase complex [GO:0000151]
Q04651	ERV41_YEAST	ERV41 YML067C	352	COPII-coated ER to Golgi transport vesicle [GO:0030134]; endoplasmic reticulum [GO:0005783]; endoplasmic reticulum membrane [GO:0005789]; ER to Golgi transport vesicle membrane [GO:0012507]; Golgi membrane [GO:0000139]; retrograde transporter complex, Golgi to ER [GO:0061852]
Q04659	CSM3_YEAST	CSM3 YMR048W YM9796.01	317	cytoplasm [GO:0005737]; nuclear replication fork [GO:0043596]; nucleus [GO:0005634]; replication fork protection complex [GO:0031298]
Q04660	ERB1_YEAST	ERB1 YMR049C YM9796.02C	807	nucleolus [GO:0005730]; nucleoplasm [GO:0005654]; nucleus [GO:0005634]; PeBoW complex [GO:0070545]; preribosome, large subunit precursor [GO:0030687]
Q04670	YM14B_YEAST	TY1B-MR2 YMRCTy1-4 POL YMR050C YM9796.03C	1755	cytoplasm [GO:0005737]; nucleus [GO:0005634]
Q04673	SSL1_YEAST	SSL1 YLR005W	461	nucleotide-excision repair factor 3 complex [GO:0000112]; transcription factor TFIIH core complex [GO:0000439]; transcription factor TFIIH holo complex [GO:0005675]
Q04693	RSE1_YEAST	RSE1 SAP130 YML049C YM9827.03C	1361	nucleus [GO:0005634]; Prp19 complex [GO:0000974]; spliceosomal complex [GO:0005681]; U2 snRNP [GO:0005686]; U2-type prespliceosome [GO:0071004]; U2-type spliceosomal complex [GO:0005684]
Q04705	PRM6_YEAST	PRM6 KCH2 YML047C YM9827.05C	352	cellular bud tip [GO:0005934]; fungal-type vacuole [GO:0000324]; mating projection tip [GO:0043332]; plasma membrane [GO:0005886]; vacuolar lumen [GO:0005775]
Q04711	YM11B_YEAST	TY1B-ML1 YMLWTy1-1 POL YML045W YM9827.08	1755	cytoplasm [GO:0005737]; nucleus [GO:0005634]
Q04712	RRN11_YEAST	RRN11 YML043C YM9827.09C	507	nucleolus [GO:0005730]; nucleus [GO:0005634]; RNA polymerase I core factor complex [GO:0070860]
Q04728	ARGJ_YEAST	ARG7 ECM40 YMR062C YM9916.01C	441	mitochondrial matrix [GO:0005759]; mitochondrion [GO:0005739]
Q04739	GAL83_YEAST	GAL83 SPM1 YER027C	417	cytoplasm [GO:0005737]; nuclear envelope lumen [GO:0005641]; nucleotide-activated protein kinase complex [GO:0031588]; nucleus [GO:0005634]
Q04746	KAR5_YEAST	KAR5 FIG3 YMR065W YM9916.04	504	endoplasmic reticulum membrane [GO:0005789]; mitochondrion [GO:0005739]; nuclear membrane [GO:0031965]
Q04749	AVO2_YEAST	AVO2 YMR068W YM9916.07	426	cytoplasm [GO:0005737]; cytosol [GO:0005829]; nucleus [GO:0005634]; plasma membrane [GO:0005886]; TORC2 complex [GO:0031932]; vacuolar membrane [GO:0005774]
Q04779	RCO1_YEAST	RCO1 YMR075W YM9916.14	684	histone deacetylase complex [GO:0000118]; nucleus [GO:0005634]; Rpd3S complex [GO:0032221]
Q04781	LTN1_YEAST	RKR1 LTN1 YMR247C YM9408.09C YM9920.01C	1562	chromosome, telomeric region [GO:0000781]; cytosol [GO:0005829]; cytosolic ribosome [GO:0022626]; nucleus [GO:0005634]; RQC complex [GO:1990112]
Q04839	GFD1_YEAST	GFD1 YMR255W YM9920.09	188	cytoplasm [GO:0005737]; nuclear membrane [GO:0031965]; nuclear pore [GO:0005643]
Q04847	ROY1_YEAST	ROY1 YMR258C YM9920.12C	553	cytoplasm [GO:0005737]; cytoplasmic vesicle membrane [GO:0030659]; endoplasmic reticulum [GO:0005783]; nucleus [GO:0005634]
Q04868	ELP6_YEAST	ELP6 HAP3 TOT6 YMR312W YM9924.04	273	cytoplasm [GO:0005737]; elongator holoenzyme complex [GO:0033588]; nucleoplasm [GO:0005654]
Q04894	ADH6_YEAST	ADH6 YMR318C YM9924.10C	360	cytoplasm [GO:0005737]; nucleus [GO:0005634]
Q04921	SPR28_YEAST	SPR28 YDR218C YD9934.03C	423	ascospore wall [GO:0005619]; cell division site [GO:0032153]; cellular bud neck [GO:0005935]; cytosol [GO:0005829]; meiotic spindle [GO:0072687]; microtubule cytoskeleton [GO:0015630]; prospore membrane [GO:0005628]; septin complex [GO:0031105]; septin ring [GO:0005940]; spindle microtubule [GO:0005876]
Q04924	GLU2B_YEAST	GTB1 YDR221W	702	endoplasmic reticulum [GO:0005783]; endoplasmic reticulum lumen [GO:0005788]; glucosidase II complex [GO:0017177]
Q04930	CRF1_YEAST	CRF1 YDR223W YD9934.08	467	chromatin [GO:0000785]; cytoplasm [GO:0005737]; nucleus [GO:0005634]
Q04935	COX20_YEAST	COX20 YDR231C YD9934.15c	205	mitochondrial inner membrane [GO:0005743]; mitochondrion [GO:0005739]
Q04947	RTN1_YEAST	RTN1 YDR233C	295	cell periphery [GO:0071944]; cortical endoplasmic reticulum [GO:0032541]; cytoplasmic side of endoplasmic reticulum membrane [GO:0098554]; endoplasmic reticulum [GO:0005783]; endoplasmic reticulum membrane [GO:0005789]; endoplasmic reticulum tubular network [GO:0071782]; Golgi apparatus [GO:0005794]; mitochondrion [GO:0005739]
Q04951	SCW10_YEAST	SCW10 YMR305C YM9952.07C	389	cell periphery [GO:0071944]; cell surface [GO:0009986]; cytoplasm [GO:0005737]; endoplasmic reticulum [GO:0005783]; extracellular region [GO:0005576]; fungal-type cell wall [GO:0009277]
Q04958	NTE1_YEAST	NTE1 YML059C YM9958.03C	1679	endoplasmic reticulum [GO:0005783]; endoplasmic reticulum membrane [GO:0005789]; lipid droplet [GO:0005811]
Q04964	SML1_YEAST	SML1 YML058W YM9958.04	104	cytoplasm [GO:0005737]; nucleus [GO:0005634]
Q04969	SPC2_YEAST	SPC2 SPY1 YML055W YM9958.07	178	endoplasmic reticulum [GO:0005783]; endoplasmic reticulum membrane [GO:0005789]; signal peptidase complex [GO:0005787]
Q05016	YM71_YEAST	YMR226C YM9959.08C	267	cytoplasm [GO:0005737]; nucleus [GO:0005634]
Q05021	TAF7_YEAST	TAF7 TAF67 YMR227C YM9959.09C	590	nucleus [GO:0005634]; transcription factor TFIID complex [GO:0005669]
Q05022	RRP5_YEAST	RRP5 FMI1 YMR229C YM9959.11C	1729	90S preribosome [GO:0030686]; nucleolus [GO:0005730]; nucleoplasm [GO:0005654]; small-subunit processome [GO:0032040]
Q05027	TAF9_YEAST	TAF9 TAF17 YMR236W YM9959.18	157	nucleus [GO:0005634]; SAGA complex [GO:0000124]; SLIK (SAGA-like) complex [GO:0046695]; transcription factor TFIID complex [GO:0005669]
Q05029	BCH1_YEAST	BCH1 YMR237W YM9959.19	724	exomer complex [GO:0034044]
Q05031	DFG5_YEAST	DFG5 YMR238W YM9959.20	458	endoplasmic reticulum [GO:0005783]; plasma membrane [GO:0005886]; side of membrane [GO:0098552]
Q05040	FAR8_YEAST	FAR8 YMR029C YM9973.02C	523	cytosol [GO:0005829]; endoplasmic reticulum [GO:0005783]; endoplasmic reticulum membrane [GO:0005789]; FAR/SIN/STRIPAK complex [GO:0090443]; mitochondrion [GO:0005739]
Q05050	EIS1_YEAST	EIS1 YMR031C YM9973.04C	843	cell periphery [GO:0071944]; cytoplasm [GO:0005737]; eisosome [GO:0032126]; mitochondrion [GO:0005739]; plasma membrane [GO:0005886]
Q05080	CYK2_YEAST	HOF1 CYK2 YMR032W YM9973.05	669	cell cortex [GO:0005938]; cell division site [GO:0032153]; cellular bud neck [GO:0005935]; cellular bud neck contractile ring [GO:0000142]; cellular bud neck septin ring [GO:0000144]; cytoplasm [GO:0005737]; cytoplasmic side of plasma membrane [GO:0009898]; HICS complex [GO:0044697]; membrane [GO:0016020]; MIH complex [GO:0120155]; mitotic actomyosin contractile ring, proximal layer [GO:0120104]; plasma membrane [GO:0005886]; site of polarized growth [GO:0030427]
Q05123	ARP9_YEAST	ARP9 SWP59 YMR033W YM9973.07	467	chromatin [GO:0000785]; nucleus [GO:0005634]; RSC-type complex [GO:0016586]; SWI/SNF complex [GO:0016514]
Q05164	HPF1_YEAST	HPF1 YOL155C AOF1001	967	cell periphery [GO:0071944]; extracellular region [GO:0005576]; fungal-type cell wall [GO:0009277]; side of membrane [GO:0098552]
Q05166	NUP59_YEAST	ASM4 NUP59 YDL088C D2420	528	nuclear envelope [GO:0005635]; nuclear membrane [GO:0031965]; nuclear pore [GO:0005643]; nuclear pore central transport channel [GO:0044613]; nuclear pore nuclear basket [GO:0044615]
Q05359	ERP1_YEAST	ERP1 YAR002C-A YAR002A	219	COPII-coated ER to Golgi transport vesicle [GO:0030134]; endoplasmic reticulum [GO:0005783]; endoplasmic reticulum membrane [GO:0005789]; endoplasmic reticulum-Golgi intermediate compartment [GO:0005793]; Golgi apparatus [GO:0005794]; Golgi-associated vesicle [GO:0005798]; mitochondrion [GO:0005739]
Q05471	SWR1_YEAST	SWR1 YDR334W D9651.6	1514	chromatin [GO:0000785]; cytosol [GO:0005829]; nucleus [GO:0005634]; Swr1 complex [GO:0000812]
Q05498	FCF1_YEAST	FCF1 YDR339C D9651.9	189	nucleolus [GO:0005730]; nucleoplasm [GO:0005654]; small-subunit processome [GO:0032040]
Q05515	SVF1_YEAST	SVF1 SGI1 YDR346C	481	cis-Golgi network [GO:0005801]; cis-Golgi network membrane [GO:0033106]; cytoplasm [GO:0005737]; endoplasmic reticulum exit site [GO:0070971]; endoplasmic reticulum membrane [GO:0005789]; nucleus [GO:0005634]
Q05521	DPP1_YEAST	DPP1 ZRG1 YDR284C	289	fungal-type vacuole membrane [GO:0000329]; membrane [GO:0016020]; membrane raft [GO:0045121]
Q05543	RT103_YEAST	RTT103 YDR289C	409	chromatin [GO:0000785]; nucleus [GO:0005634]; site of double-strand break [GO:0035861]
Q05549	HRQ1_YEAST	HRQ1 YDR291W	1077	nucleus [GO:0005634]
Q05567	SGPL_YEAST	DPL1 BST1 YDR294C D9819.5	589	cortical endoplasmic reticulum [GO:0032541]; endoplasmic reticulum [GO:0005783]; endoplasmic reticulum membrane [GO:0005789]; perinuclear endoplasmic reticulum [GO:0097038]; peroxisome [GO:0005777]
Q05568	PEX10_YEAST	PEX10 PAS4 YDR265W D9954.8	337	peroxisomal importomer complex [GO:1990429]; peroxisomal membrane [GO:0005778]; ubiquitin ligase complex [GO:0000151]
Q05580	HEL2_YEAST	HEL2 YDR266C	639	cytoplasm [GO:0005737]; cytosolic ribosome [GO:0022626]
Q05583	CIAO1_YEAST	CIA1 YDR267C	330	cytoplasm [GO:0005737]; cytosol [GO:0005829]; cytosolic [4Fe-4S] assembly targeting complex [GO:0097361]; nucleus [GO:0005634]
Q05584	GLO2_YEAST	GLO2 YDR272W D9954.5	274	cytoplasm [GO:0005737]
Q05636	RRP45_YEAST	RRP45 YDR280W D9954.1	305	cytoplasmic exosome (RNase complex) [GO:0000177]; exosome (RNase complex) [GO:0000178]; nuclear exosome (RNase complex) [GO:0000176]; nucleolus [GO:0005730]; nucleus [GO:0005634]
Q05775	EIF3J_YEAST	HCR1 YLR192C L8167.11	265	cytoplasmic stress granule [GO:0010494]; eukaryotic 43S preinitiation complex [GO:0016282]; eukaryotic 48S preinitiation complex [GO:0033290]; eukaryotic translation initiation factor 3 complex [GO:0005852]
Q05776	UPS1_YEAST	UPS1 YLR193C	175	mitochondrial inner membrane [GO:0005743]; mitochondrial intermembrane space [GO:0005758]; mitochondrion [GO:0005739]
Q05777	NCW2_YEAST	NCW2 YLR194C	254	cellular bud neck [GO:0005935]; fungal-type cell wall [GO:0009277]; fungal-type vacuole [GO:0000324]; plasma membrane [GO:0005886]; side of membrane [GO:0098552]
Q05785	ENT2_YEAST	ENT2 YLR206W	613	clathrin vesicle coat [GO:0030125]; endosome [GO:0005768]; mating projection tip [GO:0043332]; plasma membrane [GO:0005886]
Q05787	HRD3_YEAST	HRD3 YLR207W	833	endoplasmic reticulum [GO:0005783]; endoplasmic reticulum membrane [GO:0005789]; Hrd1p ubiquitin ligase complex [GO:0000836]; Hrd1p ubiquitin ligase ERAD-L complex [GO:0000839]; Hrd1p ubiquitin ligase ERAD-M complex [GO:0000838]; luminal surveillance complex [GO:0034099]
Q05788	PNPH_YEAST	PNP1 YLR209C L8167.19	311	cytoplasm [GO:0005737]
Q05789	ATG38_YEAST	ATG38 YLR211C L8167.20	226	cytoplasm [GO:0005737]; phagophore assembly site [GO:0000407]; phagophore assembly site membrane [GO:0034045]; phosphatidylinositol 3-kinase complex, class III, type I [GO:0034271]; vacuolar membrane [GO:0005774]
Q05791	CD123_YEAST	CDC123 YLR215C	360	cytoplasm [GO:0005737]
Q05871	ECI1_YEAST	ECI1 YLR284C	280	peroxisomal matrix [GO:0005782]; peroxisome [GO:0005777]
Q05900	RU1C_YEAST	YHC1 YLR298C L8003.21	231	commitment complex [GO:0000243]; nucleus [GO:0005634]; spliceosomal complex [GO:0005681]; U1 snRNP [GO:0005685]; U2-type prespliceosome [GO:0071004]
Q05902	ECM38_YEAST	ECM38 CIS2 YLR299W	660	fungal-type vacuole [GO:0000324]; plasma membrane [GO:0005886]; vacuolar membrane [GO:0005774]
Q05919	VPS38_YEAST	VPS38 VPL17 YLR360W L8039.11	439	endosome [GO:0005768]; endosome membrane [GO:0010008]; fungal-type vacuole membrane [GO:0000329]; Golgi membrane [GO:0000139]; lytic vacuole [GO:0000323]; phosphatidylinositol 3-kinase complex, class III, type II [GO:0034272]
Q05930	MDM30_YEAST	MDM30 YLR368W	598	mitochondrion [GO:0005739]; nucleus [GO:0005634]; SCF ubiquitin ligase complex [GO:0019005]
Q05931	HSP7Q_YEAST	SSQ1 SSC2 YLR369W	657	cytoplasm [GO:0005737]; mitochondrial matrix [GO:0005759]; mitochondrion [GO:0005739]
Q05933	ARPC3_YEAST	ARC18 YLR370C L8039.15	178	actin cytoskeleton [GO:0015629]; Arp2/3 protein complex [GO:0005885]; mitochondrion [GO:0005739]
Q05934	VID22_YEAST	VID22 YLR373C	901	nucleus [GO:0005634]; plasma membrane [GO:0005886]; vacuole [GO:0005773]
Q05946	UTP13_YEAST	UTP13 YLR222C	817	90S preribosome [GO:0030686]; nucleolus [GO:0005730]; nucleoplasm [GO:0005654]; Pwp2p-containing subcomplex of 90S preribosome [GO:0034388]; small-subunit processome [GO:0032040]
Q05949	BUR2_YEAST	BUR2 CST4 YLR226W	395	cyclin-dependent protein kinase holoenzyme complex [GO:0000307]; cyclin/CDK positive transcription elongation factor complex [GO:0008024]; nucleus [GO:0005634]
Q05958	ECM22_YEAST	ECM22 YLR228C	814	membrane [GO:0016020]; nucleus [GO:0005634]; perinuclear region of cytoplasm [GO:0048471]
Q05979	KYNU_YEAST	BNA5 YLR231C L8083.14	453	cytoophidium [GO:0097268]; cytoplasm [GO:0005737]; nucleus [GO:0005634]
Q06010	STE23_YEAST	STE23 YLR389C L8084.12	1027	cytosol [GO:0005829]; membrane [GO:0016020]; mitochondrial matrix [GO:0005759]; mitochondrion [GO:0005739]
Q06032	CST9_YEAST	CST9 ZIP3 YLR394W	482	chromosome, centromeric region [GO:0000775]; condensed nuclear chromosome [GO:0000794]; nuclear chromosome [GO:0000228]; site of double-strand break [GO:0035861]; synapsis initiation complex [GO:0106069]; synaptonemal complex [GO:0000795]
Q06053	DUS3_YEAST	DUS3 YLR401C L8084.19	668	cytoplasm [GO:0005737]; nuclear periphery [GO:0034399]; nucleus [GO:0005634]
Q06058	SEI1_YEAST	SEI1 FLD1 YLR404W	285	cortical endoplasmic reticulum [GO:0032541]; endoplasmic reticulum [GO:0005783]; endoplasmic reticulum membrane [GO:0005789]; lipid droplet [GO:0005811]
Q06063	DUS4_YEAST	DUS4 YLR405W L8084.2	367	
Q06078	UTP21_YEAST	UTP21 YLR409C L8084.22	939	90S preribosome [GO:0030686]; nucleolus [GO:0005730]; nucleoplasm [GO:0005654]; nucleus [GO:0005634]; Pwp2p-containing subcomplex of 90S preribosome [GO:0034388]; small-subunit processome [GO:0032040]
Q06096	COG4_YEAST	COG4 SEC38 SGF1 YPR105C P8283.16	861	cytosol [GO:0005829]; Golgi membrane [GO:0000139]; Golgi transport complex [GO:0017119]
Q06102	YTH1_YEAST	YTH1 YPR107C	208	cytosol [GO:0005829]; mRNA cleavage and polyadenylation specificity factor complex [GO:0005847]; nucleus [GO:0005634]
Q06103	RPN7_YEAST	RPN7 YPR108W P8283.8	429	nucleus [GO:0005634]; proteasome complex [GO:0000502]; proteasome regulatory particle [GO:0005838]; proteasome regulatory particle, lid subcomplex [GO:0008541]
Q06106	MRD1_YEAST	MRD1 YPR112C	887	90S preribosome [GO:0030686]; cytoplasm [GO:0005737]; nucleolus [GO:0005730]; nucleus [GO:0005634]; ribonucleoprotein complex [GO:1990904]; small-subunit processome [GO:0032040]
Q06132	SGD1_YEAST	SGD1 YLR336C	899	FAL1-SGD1 complex [GO:0097078]; nucleolus [GO:0005730]; nucleus [GO:0005634]; small-subunit processome [GO:0032040]
Q06135	GAS2_YEAST	GAS2 YLR343W L8300.5	555	cytoplasm [GO:0005737]; fungal-type cell wall [GO:0009277]; fungal-type vacuole [GO:0000324]; plasma membrane [GO:0005886]; side of membrane [GO:0098552]
Q06142	IMB1_YEAST	KAP95 YLR347C L8300.15	861	cytoplasm [GO:0005737]; cytosol [GO:0005829]; NLS-dependent protein nuclear import complex [GO:0042564]; nuclear envelope [GO:0005635]; nuclear pore [GO:0005643]; nucleus [GO:0005634]
Q06143	DIC1_YEAST	DIC1 YLR348C	298	mitochondrial envelope [GO:0005740]; mitochondrial inner membrane [GO:0005743]; mitochondrion [GO:0005739]
Q06144	ORM2_YEAST	ORM2 YLR350W	216	endoplasmic reticulum [GO:0005783]; endoplasmic reticulum membrane [GO:0005789]; serine palmitoyltransferase complex [GO:0017059]
Q06147	LCB5_YEAST	LCB5 YLR260W	687	cytoplasm [GO:0005737]; cytosol [GO:0005829]; Golgi apparatus [GO:0005794]; Golgi membrane [GO:0000139]; membrane [GO:0016020]; nucleus [GO:0005634]
Q06148	NHEJ1_YEAST	NEJ1 LIF2 YLR265C	342	cytoplasm [GO:0005737]; DNA ligase IV complex [GO:0032807]; nuclear membrane [GO:0031965]; nucleus [GO:0005634]; site of double-strand break [GO:0035861]
Q06151	DCPS_YEAST	DCS1 YLR270W	350	cytoplasm [GO:0005737]; m7G(5')pppN diphosphatase complex [GO:0106095]; mitochondrion [GO:0005739]; nucleus [GO:0005634]; P-body [GO:0000932]; perinuclear region of cytoplasm [GO:0048471]
Q06156	CND1_YEAST	YCS4 LOC7 YLR272C L8479.14	1176	condensed chromosome, centromeric region [GO:0000779]; condensin complex [GO:0000796]; nucleolus [GO:0005730]
Q06159	ATG39_YEAST	ATG39 YLR312C	398	endoplasmic reticulum membrane [GO:0005789]; nuclear outer membrane [GO:0005640]; perinuclear endoplasmic reticulum [GO:0097038]; phagophore assembly site membrane [GO:0034045]
Q06160	SPH1_YEAST	SPH1 YLR313C	661	actomyosin contractile ring [GO:0005826]; cell cortex of growing cell tip [GO:1902716]; cellular bud neck [GO:0005935]; cellular bud tip [GO:0005934]; incipient cellular bud site [GO:0000131]; mating projection [GO:0005937]; mating projection tip [GO:0043332]
Q06162	NKP2_YEAST	NKP2 YLR315W	153	kinetochore [GO:0000776]; Mis6-Sim4 complex [GO:0031511]; nucleus [GO:0005634]
Q06163	TERT_YEAST	EST2 YLR318W L8543.12	884	chromosome, telomeric region [GO:0000781]; nucleolus [GO:0005730]; nucleus [GO:0005634]; telomerase catalytic core complex [GO:0000333]; telomerase holoenzyme complex [GO:0005697]
Q06164	MMS22_YEAST	MMS22 SLM2 YLR320W	1454	Cul8-RING ubiquitin ligase complex [GO:0035361]; nucleus [GO:0005634]
Q06168	SFH1_YEAST	SFH1 YLR321C L8543.4	426	chromatin [GO:0000785]; nuclear chromosome [GO:0000228]; nucleus [GO:0005634]; RSC-type complex [GO:0016586]
Q06178	NMA1_YEAST	NMA1 YLR328W L8543.16	401	cytoplasm [GO:0005737]; nucleus [GO:0005634]
Q06188	PDP3_YEAST	PDP3 YLR455W	304	cytosol [GO:0005829]; NuA3 histone acetyltransferase complex [GO:0033100]; NuA3b histone acetyltransferase complex [GO:1990468]; nucleus [GO:0005634]
Q06204	NGK1_YEAST	NGK1 YLR446W	433	cytosol [GO:0005829]; mitochondrion [GO:0005739]
Q06205	FKBP4_YEAST	FPR4 YLR449W L9324.3	392	chromatin [GO:0000785]; nucleolus [GO:0005730]; nucleus [GO:0005634]
Q06211	MMS1_YEAST	MMS1 KIM3 RTT108 SLM6 YPR164W	1407	Cul8-RING ubiquitin ligase complex [GO:0035361]; nucleus [GO:0005634]
Q06213	MED10_YEAST	NUT2 MED10 YPR168W P9325.2	157	core mediator complex [GO:0070847]; mediator complex [GO:0016592]; nucleus [GO:0005634]
Q06217	SMD2_YEAST	SMD2 YLR275W L9328.5	110	catalytic step 2 spliceosome [GO:0071013]; commitment complex [GO:0000243]; cytoplasm [GO:0005737]; cytosol [GO:0005829]; nucleus [GO:0005634]; pICln-Sm protein complex [GO:0034715]; precatalytic spliceosome [GO:0071011]; Prp19 complex [GO:0000974]; spliceosomal complex [GO:0005681]; U1 snRNP [GO:0005685]; U2 snRNP [GO:0005686]; U2-type prespliceosome [GO:0071004]; U4 snRNP [GO:0005687]; U4/U6 snRNP [GO:0071001]; U4/U6 x U5 tri-snRNP complex [GO:0046540]; U5 snRNP [GO:0005682]
Q06218	DBP9_YEAST	DBP9 YLR276C L9328.3	594	nucleolus [GO:0005730]
Q06224	YSH1_YEAST	YSH1 BRR5 YLR277C	779	mRNA cleavage and polyadenylation specificity factor complex [GO:0005847]; nucleus [GO:0005634]
Q06263	VTA1_YEAST	VTA1 YLR181C	330	endosome [GO:0005768]; ESCRT IV complex [GO:1990621]; multivesicular body [GO:0005771]
Q06266	TOS4_YEAST	TOS4 YLR183C L94705.22	489	chromatin [GO:0000785]; cytoplasm [GO:0005737]; mitochondrion [GO:0005739]; nucleus [GO:0005634]; Rpd3L-Expanded complex [GO:0070210]
Q06287	NEP1_YEAST	EMG1 NEP1 YLR186W L9470.5	252	90S preribosome [GO:0030686]; cytoplasm [GO:0005737]; nuclear microtubule [GO:0005880]; nuclear periphery [GO:0034399]; nucleolus [GO:0005730]; nucleoplasm [GO:0005654]; nucleus [GO:0005634]; small-subunit processome [GO:0032040]
Q06321	ATG26_YEAST	ATG26 UGT51 YLR189C	1198	cytoplasm [GO:0005737]; membrane [GO:0016020]
Q06324	MMR1_YEAST	MMR1 YLR190W	491	cellular bud [GO:0005933]; cellular bud neck [GO:0005935]; cellular bud tip [GO:0005934]; cortical endoplasmic reticulum [GO:0032541]; incipient cellular bud site [GO:0000131]; mitochondrial outer membrane [GO:0005741]; mitochondrion [GO:0005739]
Q06328	YPQ2_YEAST	YPQ2 YDR352W	317	fungal-type vacuole membrane [GO:0000329]
Q06333	BL1S4_YEAST	CNL1 YDR357C	122	BLOC-1 complex [GO:0031083]; cytoplasm [GO:0005737]; endosome [GO:0005768]
Q06337	EAF1_YEAST	EAF1 VID21 YDR359C	982	NuA4 histone acetyltransferase complex [GO:0035267]; nucleus [GO:0005634]
Q06339	TFC6_YEAST	TFC6 YDR362C	672	nucleus [GO:0005634]; transcription factor TFIIIC complex [GO:0000127]
Q06340	ESC2_YEAST	ESC2 YDR363W	456	Cul8-RING ubiquitin ligase complex [GO:0035361]; cytoplasm [GO:0005737]; nucleus [GO:0005634]
Q06344	ESF1_YEAST	ESF1 YDR365C	628	nucleolus [GO:0005730]; nucleus [GO:0005634]; small-subunit processome [GO:0032040]
Q06346	KEI1_YEAST	KEI1 YDR367W	221	cytoplasm [GO:0005737]; Golgi apparatus [GO:0005794]; Golgi membrane [GO:0000139]; inositol phosphoceramide synthase complex [GO:0070916]
Q06349	DXO1_YEAST	DXO1 YDR370C	442	cytoplasm [GO:0005737]; cytosol [GO:0005829]; nucleus [GO:0005634]
Q06385	VPS74_YEAST	VPS74 YDR372C D9481.15	345	cytoplasm [GO:0005737]; cytosol [GO:0005829]; Golgi apparatus [GO:0005794]; Golgi cisterna [GO:0031985]; Golgi cisterna membrane [GO:0032580]; Golgi medial cisterna [GO:0005797]; Golgi membrane [GO:0000139]; nucleus [GO:0005634]; trans-Golgi network [GO:0005802]
Q06389	NCS1_YEAST	FRQ1 NCS1 YDR373W D9481.6	190	cellular bud membrane [GO:0033101]; cytosol [GO:0005829]; Golgi membrane [GO:0000139]; membrane [GO:0016020]
Q06390	MRB1_YEAST	PHO92 MRB1 YDR374C	306	cytoplasm [GO:0005737]
Q06406	LSM6_YEAST	LSM6 YDR378C D9481.18	86	Lsm1-7-Pat1 complex [GO:1990726]; nucleolus [GO:0005730]; nucleus [GO:0005634]; P-body [GO:0000932]; sno(s)RNA-containing ribonucleoprotein complex [GO:0005732]; spliceosomal complex [GO:0005681]; U4/U6 snRNP [GO:0071001]; U4/U6 x U5 tri-snRNP complex [GO:0046540]; U6 snRNP [GO:0005688]
Q06407	RGA2_YEAST	RGA2 YDR379W D9481.4	1009	cell cortex [GO:0005938]; cell division site [GO:0032153]; cell tip [GO:0051286]; cellular bud [GO:0005933]; cellular bud neck split septin rings [GO:0032177]; plasma membrane [GO:0005886]; site of polarized growth [GO:0030427]
Q06408	ARO10_YEAST	ARO10 YDR380W D9481.3	635	cytoplasm [GO:0005737]; cytosol [GO:0005829]; nucleus [GO:0005634]
Q06409	DCK1_YEAST	DCK1 YLR422W	1932	cytoplasm [GO:0005737]; mitochondrion [GO:0005739]; plasma membrane [GO:0005886]
Q06410	ATG17_YEAST	ATG17 APG17 YLR423C	417	Atg1/ULK1 kinase complex [GO:1990316]; cytoplasm [GO:0005737]; nucleus [GO:0005634]; phagophore assembly site [GO:0000407]; phagophore assembly site membrane [GO:0034045]; protein-containing complex [GO:0032991]; vacuole-isolation membrane contact site [GO:0120095]
Q06411	SP382_YEAST	SPP382 CCF8 NTR1 YLR424W	708	chromosome, telomeric region [GO:0000781]; cytoplasm [GO:0005737]; mitochondrion [GO:0005739]; nucleolus [GO:0005730]; nucleus [GO:0005634]; U2-type post-mRNA release spliceosomal complex [GO:0071008]
Q06412	TUS1_YEAST	TUS1 SOP10 YLR425W	1307	cell division site [GO:0032153]; cell periphery [GO:0071944]; cellular bud neck [GO:0005935]; cytoplasm [GO:0005737]; incipient cellular bud site [GO:0000131]
Q06440	CORO_YEAST	CRN1 YLR429W L9576.2	651	actin cortical patch [GO:0030479]
Q06449	PIN3_YEAST	PIN3 LSB2 YPR154W	215	actin cortical patch [GO:0030479]; cytoplasm [GO:0005737]; nucleus [GO:0005634]
Q06488	RSC2_YEAST	RSC2 YLR357W L9638.1	889	RSC-type complex [GO:0016586]
Q06493	YLH47_YEAST	YLH47 MRS7 YPR125W	454	mitochondrial inner membrane [GO:0005743]; mitochondrion [GO:0005739]
Q06497	ANT1_YEAST	ANT1 YPR128C	328	cytoplasm [GO:0005737]; peroxisomal membrane [GO:0005778]
Q06504	NAT3_YEAST	NAT3 YPR131C	195	cytoplasm [GO:0005737]; NatB complex [GO:0031416]
Q06505	IWS1_YEAST	SPN1 IWS1 YPR133C	410	nucleus [GO:0005634]; RNA polymerase II, core complex [GO:0005665]
Q06506	RRP9_YEAST	RRP9 YPR137W	573	90S preribosome [GO:0030686]; box C/D methylation guide snoRNP complex [GO:0031428]; nucleolus [GO:0005730]; nucleoplasm [GO:0005654]; small-subunit processome [GO:0032040]
Q06508	LOA1_YEAST	LOA1 VPS66 YPR139C	300	cytoplasm [GO:0005737]; endoplasmic reticulum [GO:0005783]; endoplasmic reticulum membrane [GO:0005789]; lipid droplet [GO:0005811]
Q06510	TAZ_YEAST	TAZ1 YPR140W	381	mitochondrial inner membrane [GO:0005743]; mitochondrial intermembrane space [GO:0005758]; mitochondrial membrane [GO:0031966]; mitochondrial outer membrane [GO:0005741]; mitochondrion [GO:0005739]
Q06512	NOC4_YEAST	NOC4 UTP19 YPR144C	552	90S preribosome [GO:0030686]; cytosol [GO:0005829]; Noc4p-Nop14p complex [GO:0030692]; nucleolus [GO:0005730]; nucleoplasm [GO:0005654]; nucleus [GO:0005634]; preribosome, small subunit precursor [GO:0030688]; small-subunit processome [GO:0032040]
Q06522	YP147_YEAST	YPR147C	304	cytoplasm [GO:0005737]; lipid droplet [GO:0005811]; membrane [GO:0016020]
Q06541	ARV1_YEAST	ARV1 YLR242C	321	cortical endoplasmic reticulum [GO:0032541]; endoplasmic reticulum [GO:0005783]; endoplasmic reticulum membrane [GO:0005789]; Golgi apparatus [GO:0005794]; Golgi membrane [GO:0000139]
Q06549	CDD_YEAST	CDD1 YLR245C L9672.13	142	cytoplasm [GO:0005737]; cytosol [GO:0005829]; nucleus [GO:0005634]
Q06551	ERFB_YEAST	ERF2 YLR246W	359	cortical endoplasmic reticulum [GO:0032541]; endoplasmic reticulum [GO:0005783]; endoplasmic reticulum membrane [GO:0005789]; endoplasmic reticulum palmitoyltransferase complex [GO:0031211]; Golgi apparatus [GO:0005794]; perinuclear endoplasmic reticulum [GO:0097038]
Q06554	IRC20_YEAST	IRC20 YLR247C	1556	mitochondrion [GO:0005739]; nucleus [GO:0005634]
Q06580	MLC2_YEAST	MLC2 YPR188C P9677.10	163	cellular bud neck [GO:0005935]; cellular bud neck contractile ring [GO:0000142]; cytoplasm [GO:0005737]; incipient cellular bud site [GO:0000131]; myosin II complex [GO:0016460]
Q06592	HPA2_YEAST	HPA2 YPR193C P9677.12	156	cytoplasm [GO:0005737]; Hpa2 acetyltransferase complex [GO:1990331]; nucleus [GO:0005634]
Q06593	OPT2_YEAST	OPT2 YPR194C P9677.13	877	fungal-type vacuole [GO:0000324]; Golgi trans cisterna [GO:0000138]; peroxisome [GO:0005777]; plasma membrane [GO:0005886]
Q06596	ARR1_YEAST	ARR1 ACR1 YAP8 YPR199C P9677.15	294	cytoplasm [GO:0005737]; nucleus [GO:0005634]; RNA polymerase II transcription regulator complex [GO:0090575]
Q06598	ARR3_YEAST	ARR3 ACR3 YPR201W P9677.2	404	plasma membrane [GO:0005886]
Q06604	BSP1_YEAST	BSP1 YPR171W	576	actin cortical patch [GO:0030479]; cellular bud neck [GO:0005935]; cellular bud tip [GO:0005934]; mating projection tip [GO:0043332]; membrane [GO:0016020]; mitotic actomyosin contractile ring [GO:0110085]; plasma membrane [GO:0005886]
Q06616	CSA1_YEAST	CSA1 YPR174C	221	nuclear envelope [GO:0005635]; nuclear membrane [GO:0031965]; nuclear periphery [GO:0034399]; spindle pole body [GO:0005816]
Q06623	HDA3_YEAST	HDA3 PLO1 YPR179C	655	cytosol [GO:0005829]; HDA1 complex [GO:0070823]; nucleus [GO:0005634]
Q06625	GDE_YEAST	GDB1 YPR184W	1536	cytoplasm [GO:0005737]; mitochondrion [GO:0005739]
Q06628	ATG13_YEAST	ATG13 APG13 YPR185W	738	Atg1/ULK1 kinase complex [GO:1990316]; autophagosome [GO:0005776]; cytosol [GO:0005829]; PAS complex [GO:0070772]; phagophore assembly site [GO:0000407]; vacuole-isolation membrane contact site [GO:0120095]
Q06629	HDA2_YEAST	HDA2 PLO2 YDR295C	674	cytosol [GO:0005829]; HDA1 complex [GO:0070823]; nucleus [GO:0005634]
Q06630	MHR1_YEAST	MHR1 XTC1 YDR296W	226	mitochondrial inner membrane [GO:0005743]; mitochondrial large ribosomal subunit [GO:0005762]; mitochondrion [GO:0005739]; nucleus [GO:0005634]
Q06631	BFR2_YEAST	BFR2 YDR299W	534	90S preribosome [GO:0030686]; nucleolus [GO:0005730]; small-subunit processome [GO:0032040]
Q06632	CFT1_YEAST	CFT1 YHH1 YDR301W	1357	mitochondrion [GO:0005739]; mRNA cleavage and polyadenylation specificity factor complex [GO:0005847]; nucleus [GO:0005634]
Q06639	RSC3_YEAST	RSC3 YDR303C D9740.13	885	chromatin [GO:0000785]; nucleus [GO:0005634]; RSC-type complex [GO:0016586]
Q06648	GIC2_YEAST	GIC2 YDR309C D9740.18	383	cell cortex [GO:0005938]; cellular bud neck [GO:0005935]; cellular bud tip [GO:0005934]; cytoskeleton [GO:0005856]; incipient cellular bud site [GO:0000131]; mating projection tip [GO:0043332]; plasma membrane [GO:0005886]
Q06651	PIB1_YEAST	PIB1 YDR313C	286	endosome membrane [GO:0010008]; fungal-type vacuole membrane [GO:0000329]; late endosome [GO:0005770]
Q06671	ATG23_YEAST	ATG23 CVT23 YLR431C	453	phagophore assembly site [GO:0000407]; phagophore assembly site membrane [GO:0034045]
Q06672	TSR2_YEAST	TSR2 YLR435W	205	cytoplasm [GO:0005737]; nucleus [GO:0005634]
Q06675	CENPO_YEAST	MCM21 CTF5 YDR318W	368	COMA complex [GO:0000817]; kinetochore [GO:0000776]
Q06676	YFT2_YEAST	YFT2 FIT2A YDR319C	274	endoplasmic reticulum [GO:0005783]; endoplasmic reticulum lumen [GO:0005788]; endoplasmic reticulum membrane [GO:0005789]; vacuole [GO:0005773]
Q06677	SWA2_YEAST	SWA2 AUX1 BUD24 YDR320C D9798.10	668	cytoplasm [GO:0005737]; cytosol [GO:0005829]; endoplasmic reticulum membrane [GO:0005789]; vesicle [GO:0031982]
Q06678	RM35_YEAST	MRPL35 YDR322W D9798.5	367	mitochondrial inner membrane [GO:0005743]; mitochondrial large ribosomal subunit [GO:0005762]; mitochondrion [GO:0005739]
Q06679	UTP4_YEAST	UTP4 YDR324C	776	90S preribosome [GO:0030686]; nucleolus [GO:0005730]; nucleoplasm [GO:0005654]; small-subunit processome [GO:0032040]; t-UTP complex [GO:0034455]
Q06680	CND3_YEAST	YCG1 YCS5 YDR325W	1035	condensed chromosome [GO:0000793]; condensin complex [GO:0000796]; cytoplasm [GO:0005737]; nucleus [GO:0005634]
Q06681	YSP2_YEAST	YSP2 LAM2 LTC4 YDR326C	1438	cell periphery [GO:0071944]; cortical endoplasmic reticulum [GO:0032541]; cytoplasm [GO:0005737]; endoplasmic reticulum membrane [GO:0005789]; endoplasmic reticulum-plasma membrane contact site [GO:0140268]; mitochondrial membrane [GO:0031966]; mitochondrion [GO:0005739]; plasma membrane [GO:0005886]
Q06685	VIP1_YEAST	VIP1 YLR410W	1146	cytoplasm [GO:0005737]; cytoskeleton [GO:0005856]; cytosol [GO:0005829]
Q06696	VPS36_YEAST	VPS36 GRD12 VAC3 VPL11 YLR417W	566	ESCRT II complex [GO:0000814]; late endosome membrane [GO:0031902]
Q06697	CDC73_YEAST	CDC73 YLR418C	393	Cdc73/Paf1 complex [GO:0016593]; euchromatin [GO:0000791]; nucleus [GO:0005634]
Q06703	CDA2_YEAST	CDA2 YLR308W L2142.1	312	ascospore-type prospore [GO:0042764]
Q06704	IMH1_YEAST	IMH1 SYS3 YLR309C	911	cytosol [GO:0005829]; Golgi apparatus [GO:0005794]; Golgi membrane [GO:0000139]
Q06705	CSR1_YEAST	CSR1 SFH2 YLR380W	408	cytosol [GO:0005829]; endosome [GO:0005768]; lipid droplet [GO:0005811]; mitochondrion [GO:0005739]; prospore membrane [GO:0005628]
Q06706	ELP1_YEAST	IKI3 ELP1 TOT1 YLR384C L3502.7	1349	cytoplasm [GO:0005737]; cytosol [GO:0005829]; elongator holoenzyme complex [GO:0033588]; nucleoplasm [GO:0005654]; nucleus [GO:0005634]
Q06707	SWC7_YEAST	SWC7 AWS1 YLR385C	132	chromatin [GO:0000785]; nucleus [GO:0005634]; Swr1 complex [GO:0000812]
Q06708	VAC14_YEAST	VAC14 SVP2 YLR386W L3502.1	880	endosome membrane [GO:0010008]; fungal-type vacuole membrane [GO:0000329]; PAS complex [GO:0070772]
Q06810	OPY2_YEAST	OPY2 YPR075C	360	cytoplasm [GO:0005737]; endoplasmic reticulum [GO:0005783]; fungal-type vacuole [GO:0000324]; fungal-type vacuole membrane [GO:0000329]; plasma membrane [GO:0005886]
Q06817	SYG2_YEAST	GRS2 YPR081C	618	cytoplasm [GO:0005737]; mitochondrion [GO:0005739]
Q06833	NVJ2_YEAST	NVJ2 YPR091C	770	cell periphery [GO:0071944]; endoplasmic reticulum [GO:0005783]; endoplasmic reticulum membrane [GO:0005789]; endoplasmic reticulum-Golgi intermediate compartment membrane [GO:0033116]; nuclear membrane [GO:0031965]; nucleus-vacuole junction [GO:0071561]
Q06834	ASR1_YEAST	ASR1 YPR093C	288	cytoplasm [GO:0005737]; nucleus [GO:0005634]
Q06836	SYT1_YEAST	SYT1 YPR095C P9513.17	1226	Golgi membrane [GO:0000139]; mitochondrion [GO:0005739]
Q06892	POS5_YEAST	POS5 YPL188W	414	mitochondrial matrix [GO:0005759]; mitochondrion [GO:0005739]
Q07084	SSK1_YEAST	SSK1 YLR006C	712	cytoplasm [GO:0005737]
Q07350	PRP11_YEAST	PRP11 PRP10 RNA11 YDL043C D2711	266	catalytic step 2 spliceosome [GO:0071013]; nucleus [GO:0005634]; Prp19 complex [GO:0000974]; spliceosomal complex [GO:0005681]; U2 snRNP [GO:0005686]; U2-type prespliceosome [GO:0071004]
Q07381	TSR1_YEAST	TSR1 YDL060W	788	90S preribosome [GO:0030686]; cytoplasm [GO:0005737]; nucleolus [GO:0005730]; nucleus [GO:0005634]; preribosome, small subunit precursor [GO:0030688]
Q07418	PEX19_YEAST	PEX19 PAS12 YDL065C D2528	342	cytosol [GO:0005829]; endoplasmic reticulum [GO:0005783]; endoplasmic reticulum membrane [GO:0005789]; peroxisomal importomer complex [GO:1990429]; peroxisomal membrane [GO:0005778]
Q07442	BDF2_YEAST	BDF2 YDL070W	638	cell periphery [GO:0071944]; chromatin [GO:0000785]; cytoplasm [GO:0005737]; nucleus [GO:0005634]
Q07457	BRE1_YEAST	BRE1 YDL074C	700	chromatin [GO:0000785]; chromosome, telomeric region [GO:0000781]; HULC complex [GO:0033503]; nucleus [GO:0005634]
Q07468	VAM6_YEAST	VAM6 CVT4 VPL18 VPL22 VPS39 YDL077C	1049	cytoplasm [GO:0005737]; fungal-type vacuole [GO:0000324]; fungal-type vacuole membrane [GO:0000329]; HOPS complex [GO:0030897]; vacuole-mitochondrion membrane contact site [GO:1990816]
Q07471	THI3_YEAST	THI3 KID1 YDL080C	609	cytosol [GO:0005829]; nucleus [GO:0005634]
Q07478	SUB2_YEAST	SUB2 YDL084W	446	chromosome, telomeric region [GO:0000781]; cytoplasm [GO:0005737]; nucleus [GO:0005634]; spliceosomal complex [GO:0005681]; transcription export complex [GO:0000346]
Q07508	LUC7_YEAST	LUC7 EPE1 EXM2 YDL087C	261	commitment complex [GO:0000243]; cytosol [GO:0005829]; nucleus [GO:0005634]; spliceosomal complex [GO:0005681]; U1 snRNP [GO:0005685]; U2-type prespliceosome [GO:0071004]
Q07528	ATG20_YEAST	ATG20 CVT20 SNX42 YDL113C	640	cytoplasmic side of endosome membrane [GO:0010009]; cytosol [GO:0005829]; endosome [GO:0005768]; phagophore assembly site [GO:0000407]; phagophore assembly site membrane [GO:0034045]
Q07532	IWR1_YEAST	IWR1 YDL115C	353	cytoplasm [GO:0005737]; nucleus [GO:0005634]
Q07533	CYK3_YEAST	CYK3 YDL117W	885	cellular bud neck [GO:0005935]; cellular bud neck contractile ring [GO:0000142]; cytoplasm [GO:0005737]; HICS complex [GO:0044697]; membrane [GO:0016020]; mitotic actomyosin contractile ring [GO:0110085]; nucleus [GO:0005634]
Q07540	FRDA_YEAST	YFH1 YDL120W	174	iron-sulfur cluster assembly complex [GO:1990229]; mitochondrial inner membrane [GO:0005743]; mitochondrial intermembrane space [GO:0005758]; mitochondrial matrix [GO:0005759]; mitochondrion [GO:0005739]
Q07551	KAR_YEAST	YDL124W D2240	312	cytoplasm [GO:0005737]; cytosol [GO:0005829]; nucleus [GO:0005634]; plasma membrane [GO:0005886]
Q07560	CRLS1_YEAST	CRD1 CLS1 YDL142C	283	mitochondrial inner membrane [GO:0005743]; mitochondrion [GO:0005739]
Q07623	NOP6_YEAST	NOP6 YDL213C D1018	225	90S preribosome [GO:0030686]; nucleolus [GO:0005730]; small-subunit processome [GO:0032040]
Q07648	DTD_YEAST	DTD1 YDL219W	150	cytoplasm [GO:0005737]
Q07651	FMP45_YEAST	FMP45 YDL222C	309	cell cortex [GO:0005938]; cell periphery [GO:0071944]; membrane raft [GO:0045121]; mitochondrion [GO:0005739]; plasma membrane [GO:0005886]
Q07657	SHS1_YEAST	SHS1 SEP7 YDL225W	551	ascospore wall [GO:0005619]; cell division site [GO:0032153]; cellular bud neck [GO:0005935]; cellular bud neck septin ring [GO:0000144]; cytosol [GO:0005829]; Gin4 complex [GO:1990317]; mating projection tip [GO:0043332]; microtubule cytoskeleton [GO:0015630]; prospore membrane [GO:0005628]; septin complex [GO:0031105]; septin ring [GO:0005940]
Q07688	YPD1_YEAST	YPD1 YDL235C D0790	167	cytoplasm [GO:0005737]; nucleus [GO:0005634]
Q07732	ADY3_YEAST	ADY3 YDL239C	790	chromatin [GO:0000785]; condensed chromosome [GO:0000793]; condensin complex [GO:0000796]; peroxisome [GO:0005777]; prospore membrane [GO:0005628]; prospore membrane leading edge [GO:0070056]; spindle pole body [GO:0005816]
Q07791	YD23B_YEAST	TY2B-DR3 YDRWTy2-3 POL YDR261W-B YD9320A.14	1770	cytoplasm [GO:0005737]; nucleus [GO:0005634]
Q07793	YD13B_YEAST	TY1B-DR4 YDRCTy1-3 POL YDR261C-D	1604	cytoplasm [GO:0005737]; nucleus [GO:0005634]
Q07794	RT109_YEAST	RTT109 KAT11 KIM2 REM50 YLL002W L1377	436	chromatin [GO:0000785]; H3 histone acetyltransferase complex [GO:0070775]; nucleus [GO:0005634]
Q07800	PSR1_YEAST	PSR1 YLL010C L1341	427	cytosol [GO:0005829]; phosphatase complex [GO:1903293]; plasma membrane [GO:0005886]
Q07804	YEH1_YEAST	YEH1 YLL012W L1329	573	lipid droplet [GO:0005811]; membrane [GO:0016020]
Q07807	PUF3_YEAST	PUF3 YLL013C L1325	879	cytoplasm [GO:0005737]; cytoplasmic side of mitochondrial outer membrane [GO:0032473]
Q07821	ISA1_YEAST	ISA1 YLL027W	250	cytoplasm [GO:0005737]; mitochondrial matrix [GO:0005759]; mitochondrion [GO:0005739]
Q07824	TPO1_YEAST	TPO1 YLL028W L0939	586	cell periphery [GO:0071944]; cellular bud membrane [GO:0033101]; fungal-type vacuole membrane [GO:0000329]; plasma membrane [GO:0005886]
Q07825	FRA1_YEAST	FRA1 YLL029W	749	cytoplasm [GO:0005737]; cytosol [GO:0005829]
Q07830	GPI13_YEAST	GPI13 MPC1 YLL031C	1017	endoplasmic reticulum [GO:0005783]; endoplasmic reticulum membrane [GO:0005789]
Q07845	GRC3_YEAST	GRC3 YLL035W	632	Las1 complex [GO:0090730]; nucleolar chromatin [GO:0030874]; nucleus [GO:0005634]
Q07878	VPS13_YEAST	VPS13 SOI1 VPT2 YME3 YLL040C	3144	cytosol [GO:0005829]; endosome [GO:0005768]; endosome membrane [GO:0010008]; Golgi apparatus [GO:0005794]; Golgi-associated vesicle [GO:0005798]; late endosome [GO:0005770]; mitochondrial membrane [GO:0031966]; mitochondrial outer membrane [GO:0005741]; mitochondrion [GO:0005739]; nuclear outer membrane [GO:0005640]; nucleus-vacuole junction [GO:0071561]; organelle membrane contact site [GO:0044232]; peroxisome [GO:0005777]; prospore membrane [GO:0005628]; vacuolar membrane [GO:0005774]; vacuole [GO:0005773]; vacuole-mitochondrion membrane contact site [GO:1990816]
Q07879	ATG10_YEAST	ATG10 APG10 YLL042C	167	phagophore assembly site membrane [GO:0034045]
Q07896	NOC3_YEAST	NOC3 YLR002C	663	Noc2p-Noc3p complex [GO:0030691]; nuclear pre-replicative complex [GO:0005656]; nucleolus [GO:0005730]; nucleoplasm [GO:0005654]; nucleus [GO:0005634]
Q07913	NSE1_YEAST	NSE1 YLR007W	336	chromosome, telomeric region [GO:0000781]; nucleus [GO:0005634]; Smc5-Smc6 complex [GO:0030915]
Q07914	TIM14_YEAST	PAM18 TIM14 YLR008C	168	mitochondrial inner membrane [GO:0005743]; mitochondrion [GO:0005739]; PAM complex, Tim23 associated import motor [GO:0001405]; TIM23 mitochondrial import inner membrane translocase complex [GO:0005744]
Q07915	RLP24_YEAST	RLP24 YLR009W	199	cytoplasm [GO:0005737]; nucleolus [GO:0005730]; preribosome, large subunit precursor [GO:0030687]
Q07921	TEN1_YEAST	TEN1 YLR010C	160	chromosome, telomeric region [GO:0000781]; CST complex [GO:1990879]
Q07923	LOT6_YEAST	LOT6 YLR011W	191	cytoplasm [GO:0005737]; cytosol [GO:0005829]; nucleus [GO:0005634]
Q07930	PML1_YEAST	PML1 YLR016C L1591	204	cytoplasm [GO:0005737]; nucleus [GO:0005634]; RES complex [GO:0070274]; spliceosomal complex [GO:0005681]; U2 snRNP [GO:0005686]
Q07938	MTAP_YEAST	MEU1 YLR017W L1595	337	cytoplasm [GO:0005737]; cytosol [GO:0005829]; nucleus [GO:0005634]
Q07950	YEH2_YEAST	YEH2 YLR020C	538	cell periphery [GO:0071944]; membrane [GO:0016020]; plasma membrane [GO:0005886]
Q07951	POC3_YEAST	IRC25 DMP2 POC3 YLR021W	179	cytoplasm [GO:0005737]; nucleus [GO:0005634]; protein-containing complex [GO:0032991]
Q07953	SDO1_YEAST	SDO1 YLR022C	250	cytoplasm [GO:0005737]; nucleus [GO:0005634]
Q07963	UBR2_YEAST	UBR2 YLR024C	1872	cytoplasm [GO:0005737]; MUB1-RAD6-UBR2 ubiquitin ligase complex [GO:1990304]; RAD6-UBR2 ubiquitin ligase complex [GO:1990305]; ubiquitin ligase complex [GO:0000151]
Q07979	RSC58_YEAST	RSC58 YLR033W	502	chromatin [GO:0000785]; nucleus [GO:0005634]; RSC-type complex [GO:0016586]
Q08001	LAM6_YEAST	LAM6 LTC1 YLR072W	693	cortical endoplasmic reticulum [GO:0032541]; cytoplasm [GO:0005737]; endoplasmic reticulum membrane [GO:0005789]; endoplasmic reticulum-plasma membrane contact site [GO:0140268]; mitochondria-associated endoplasmic reticulum membrane contact site [GO:0044233]; mitochondrion [GO:0005739]; nucleus-vacuole junction [GO:0071561]; plasma membrane [GO:0005886]; vacuole-mitochondrion membrane contact site [GO:1990816]
Q08004	BUD20_YEAST	BUD20 YLR074C	166	cytoplasm [GO:0005737]; nucleus [GO:0005634]; preribosome, large subunit precursor [GO:0030687]
Q08032	CDC45_YEAST	CDC45 SLD4 YLR103C L8004.11	650	CMG complex [GO:0071162]; DNA replication preinitiation complex [GO:0031261]; nuclear replication fork [GO:0043596]; nucleus [GO:0005634]
Q08096	RCL1_YEAST	RCL1 RTC1 YOL010W	367	90S preribosome [GO:0030686]; nucleolus [GO:0005730]; nucleoplasm [GO:0005654]; small-subunit processome [GO:0032040]
Q08108	PLB3_YEAST	PLB3 YOL011W	686	cytosol [GO:0005829]; endoplasmic reticulum [GO:0005783]; extracellular region [GO:0005576]; fungal-type vacuole [GO:0000324]; plasma membrane [GO:0005886]; side of membrane [GO:0098552]
Q08109	HRD1_YEAST	HRD1 DER3 YOL013C	551	endoplasmic reticulum [GO:0005783]; endoplasmic reticulum membrane [GO:0005789]; Hrd1p ubiquitin ligase complex [GO:0000836]; Hrd1p ubiquitin ligase ERAD-L complex [GO:0000839]; Hrd1p ubiquitin ligase ERAD-M complex [GO:0000838]
Q08144	TLG2_YEAST	TLG2 YOL018C	397	cytosol [GO:0005829]; endomembrane system [GO:0012505]; endosome membrane [GO:0010008]; Golgi membrane [GO:0000139]; SNARE complex [GO:0031201]; trans-Golgi network [GO:0005802]
Q08162	RRP44_YEAST	DIS3 RRP44 YOL021C O2197	1001	cytoplasmic exosome (RNase complex) [GO:0000177]; exosome (RNase complex) [GO:0000178]; mitochondrion [GO:0005739]; nuclear exosome (RNase complex) [GO:0000176]; nucleolus [GO:0005730]; nucleus [GO:0005634]
Q08179	MDM38_YEAST	MDM38 YOL027C	573	mitochondrial inner membrane [GO:0005743]; mitochondrion [GO:0005739]
Q08193	GAS5_YEAST	GAS5 YOL030W	484	endoplasmic reticulum [GO:0005783]; fungal-type cell wall [GO:0009277]; side of membrane [GO:0098552]
Q08199	SIL1_YEAST	SIL1 PER100 SLS1 YOL031C	421	endoplasmic reticulum [GO:0005783]; endoplasmic reticulum lumen [GO:0005788]
Q08204	SMC5_YEAST	SMC5 YOL034W	1093	chromosome, telomeric region [GO:0000781]; nucleus [GO:0005634]; Smc5-Smc6 complex [GO:0030915]
Q08208	NOP12_YEAST	NOP12 YOL041C	459	nucleolus [GO:0005730]; preribosome [GO:0030684]
Q08214	NTH2_YEAST	NTG2 SCR2 YOL043C	380	mitochondrion [GO:0005739]; nucleus [GO:0005634]
Q08215	PEX15_YEAST	PEX15 PAS21 YOL044W	383	ATPase complex [GO:1904949]; endoplasmic reticulum membrane [GO:0005789]; peroxisomal membrane [GO:0005778]
Q08217	PSK2_YEAST	PSK2 YOL045W	1101	cytoplasm [GO:0005737]; cytosol [GO:0005829]; mitochondrion [GO:0005739]; nucleus [GO:0005634]
Q08218	LDS2_YEAST	LDS2 YOL047C	356	ascospore wall [GO:0005619]; ascus lipid droplet [GO:0005633]; cytoplasm [GO:0005737]; lipid droplet [GO:0005811]; prospore membrane [GO:0005628]
Q08220	GSHB_YEAST	GSH2 YOL049W	491	cytoplasm [GO:0005737]; cytosol [GO:0005829]
Q08224	THI20_YEAST	THI20 YOL055C O1239	551	cytosol [GO:0005829]
Q08229	NBA1_YEAST	NBA1 YOL070C	501	cell division site [GO:0032153]; cellular bud neck [GO:0005935]; cellular bud neck septin collar [GO:0032174]; cellular bud neck split septin rings [GO:0032177]; cellular bud scar [GO:0005621]; cytoplasm [GO:0005737]
Q08230	SDHF2_YEAST	SDH5 EMI5 YOL071W	162	mitochondrial matrix [GO:0005759]; mitochondrion [GO:0005739]
Q08231	THP1_YEAST	THP1 BUD29 YOL072W O1140	455	nuclear envelope [GO:0005635]; nucleus [GO:0005634]; transcription export complex 2 [GO:0070390]
Q08235	BRX1_YEAST	BRX1 YOL077C	291	nucleolus [GO:0005730]; preribosome, large subunit precursor [GO:0030687]
Q08236	AVO1_YEAST	AVO1 YOL078W O1110	1176	cytoplasm [GO:0005737]; plasma membrane [GO:0005886]; TORC2 complex [GO:0031932]; vacuolar membrane [GO:0005774]
Q08245	ZEO1_YEAST	ZEO1 YOL109W O0738	113	mitochondrial outer membrane [GO:0005741]; mitochondrion [GO:0005739]; plasma membrane [GO:0005886]
Q08273	RBX1_YEAST	HRT1 RBX1 ROC1 YOL133W	121	chromosome, telomeric region [GO:0000781]; Cul3-RING ubiquitin ligase complex [GO:0031463]; Cul8-RING ubiquitin ligase complex [GO:0035361]; cullin-RING ubiquitin ligase complex [GO:0031461]; cytoplasm [GO:0005737]; nucleus [GO:0005634]; SCF ubiquitin ligase complex [GO:0019005]
Q08278	MED7_YEAST	MED7 YOL135C	222	core mediator complex [GO:0070847]; mediator complex [GO:0016592]; nucleus [GO:0005634]
Q08281	RTC1_YEAST	RTC1 SEA2 YOL138C	1341	cytosol [GO:0005829]; fungal-type vacuole [GO:0000324]; GATOR2 complex [GO:0061700]; Seh1-associated complex [GO:0035859]; vacuolar membrane [GO:0005774]
Q08282	TYW4_YEAST	PPM2 TYW4 YOL141W	695	cytoplasm [GO:0005737]; mitochondrion [GO:0005739]
Q08285	RRP40_YEAST	RRP40 YOL142W	240	cytoplasmic exosome (RNase complex) [GO:0000177]; exosome (RNase complex) [GO:0000178]; nuclear exosome (RNase complex) [GO:0000176]; nucleolus [GO:0005730]; nucleus [GO:0005634]
Q08287	NOP8_YEAST	NOP8 YOL144W	484	nucleolus [GO:0005730]; nucleus [GO:0005634]
Q08387	DNLI4_YEAST	DNL4 LIG4 YOR005C UND407 UNE452	944	DNA ligase IV complex [GO:0032807]; nucleus [GO:0005634]
Q08412	CUE5_YEAST	CUE5 YOR042W	411	cytoplasm [GO:0005737]
Q08417	RSB1_YEAST	RSB1 YOR049C O2787	382	cell periphery [GO:0071944]; endoplasmic reticulum [GO:0005783]; fungal-type vacuole [GO:0000324]; membrane [GO:0016020]; plasma membrane [GO:0005886]
Q08438	VHS3_YEAST	VHS3 YOR054C YOR29-05	674	CoA-synthesizing protein complex [GO:1990143]; phosphopantothenoylcysteine decarboxylase complex [GO:0071513]
Q08444	NOB1_YEAST	NOB1 YOR056C YOR29-07	459	cytoplasm [GO:0005737]; endoplasmic reticulum [GO:0005783]; nucleolus [GO:0005730]; nucleus [GO:0005634]; preribosome, small subunit precursor [GO:0030688]
Q08446	SGT1_YEAST	SGT1 YOR057W YOR29-08	395	cytosol [GO:0005829]; endoplasmic reticulum [GO:0005783]; ubiquitin ligase complex [GO:0000151]
Q08448	LPL1_YEAST	LPL1 YOR059C YOR29-10	450	endoplasmic reticulum [GO:0005783]; lipid droplet [GO:0005811]; membrane [GO:0016020]
Q08465	YNG1_YEAST	YNG1 YOR064C YOR29-15	219	NuA3 histone acetyltransferase complex [GO:0033100]; NuA3a histone acetyltransferase complex [GO:1990467]; nucleus [GO:0005634]
Q08484	GYP1_YEAST	GYP1 YOR070C YOR29-21	637	cytoplasm [GO:0005737]; Golgi apparatus [GO:0005794]; Golgi stack [GO:0005795]; mitochondrion [GO:0005739]
Q08490	SGO1_YEAST	SGO1 YOR073W YOR29-24	590	chromosome, centromeric region [GO:0000775]; condensed chromosome, centromeric region [GO:0000779]; kinetochore [GO:0000776]; nucleus [GO:0005634]; spindle pole [GO:0000922]
Q08491	SKI7_YEAST	SKI7 YOR076C YOR29-27	747	cytoplasm [GO:0005737]; cytosol [GO:0005829]
Q08492	UTP16_YEAST	BUD21 UTP16 YOR078W YOR29-29	214	90S preribosome [GO:0030686]; nucleolus [GO:0005730]; small-subunit processome [GO:0032040]
Q08496	DIA2_YEAST	DIA2 YOR080W YOR29-31	732	chromosome, telomeric region [GO:0000781]; nuclear replication fork [GO:0043596]; nucleus [GO:0005634]; SCF ubiquitin ligase complex [GO:0019005]
Q08548	ALE1_YEAST	ALE1 LCA1 LPT1 SLC4 YOR175C O3635	619	endoplasmic reticulum [GO:0005783]; endoplasmic reticulum membrane [GO:0005789]; membrane [GO:0016020]; mitochondria-associated endoplasmic reticulum membrane contact site [GO:0044233]
Q08550	MPC54_YEAST	MPC54 YOR177C	464	meiotic spindle pole body [GO:0035974]; prospore membrane [GO:0005628]; spindle pole [GO:0000922]; spindle pole body [GO:0005816]
Q08558	DCI1_YEAST	DCI1 ECI2 EHD2 YOR180C	271	cytoplasm [GO:0005737]; peroxisomal matrix [GO:0005782]
Q08561	IES4_YEAST	IES4 YOR189W	116	Ino80 complex [GO:0031011]; nucleus [GO:0005634]
Q08562	ULS1_YEAST	ULS1 DIS1 RIS1 TID4 YOR191W	1619	cytoplasm [GO:0005737]; kinetochore [GO:0000776]; mitochondrion [GO:0005739]; nucleolus [GO:0005730]; nucleus [GO:0005634]
Q08581	SLK19_YEAST	SLK19 YOR195W	821	kinetochore [GO:0000776]; microtubule [GO:0005874]; spindle [GO:0005819]; spindle midzone [GO:0051233]; spindle pole body [GO:0005816]
Q08601	MCA1_YEAST	MCA1 YCA1 YOR197W	432	cytoplasm [GO:0005737]; cytosol [GO:0005829]; nucleus [GO:0005634]
Q08641	AB140_YEAST	ABP140 TRM140 YOR239W YOR240W	628	actin filament [GO:0005884]; actin filament bundle [GO:0032432]; cytoplasm [GO:0005737]; mating projection tip [GO:0043332]
Q08645	FOLE_YEAST	MET7 MET23 YOR241W O5248	548	cytoplasm [GO:0005737]; cytosol [GO:0005829]; endoplasmic reticulum [GO:0005783]; mitochondrial inner membrane [GO:0005743]; mitochondrial matrix [GO:0005759]; mitochondrion [GO:0005739]
Q08647	PUS7_YEAST	PUS7 YOR243C O5254	676	box H/ACA snoRNP complex [GO:0031429]; cytoplasm [GO:0005737]; nucleoplasm [GO:0005654]; nucleus [GO:0005634]
Q08649	ESA1_YEAST	ESA1 YOR244W O5257	445	chromatin [GO:0000785]; NuA4 histone acetyltransferase complex [GO:0035267]; nucleosome [GO:0000786]; nucleus [GO:0005634]; piccolo histone acetyltransferase complex [GO:0032777]
Q08650	DGAT2_YEAST	DGA1 YOR245C	418	endoplasmic reticulum [GO:0005783]; endoplasmic reticulum membrane [GO:0005789]; lipid droplet [GO:0005811]; membrane [GO:0016020]
Q08651	ENV9_YEAST	ENV9 YOR246C	330	lipid droplet [GO:0005811]; membrane [GO:0016020]; mitochondrion [GO:0005739]; vacuole [GO:0005773]
Q08683	APC5_YEAST	APC5 RMC1 YOR249C	685	anaphase-promoting complex [GO:0005680]; nucleus [GO:0005634]
Q08685	CLP1_YEAST	CLP1 YOR250C	445	mRNA cleavage factor complex [GO:0005849]; nucleus [GO:0005634]
Q08686	THTR_YEAST	TUM1 YOR251C	304	cytoplasm [GO:0005737]; mitochondrion [GO:0005739]
Q08689	NAT5_YEAST	NAT5 YOR253W	176	NatA complex [GO:0031415]
Q08702	APTX_YEAST	HNT3 YOR258W	217	cytoplasm [GO:0005737]; nucleus [GO:0005634]
Q08723	RPN8_YEAST	RPN8 YOR261C O5360	338	proteasome complex [GO:0000502]; proteasome regulatory particle, lid subcomplex [GO:0008541]; proteasome storage granule [GO:0034515]
Q08746	RRS1_YEAST	RRS1 YOR294W	203	nuclear periphery [GO:0034399]; nucleolus [GO:0005730]; nucleoplasm [GO:0005654]; preribosome, large subunit precursor [GO:0030687]
Q08747	UAF30_YEAST	UAF30 YOR295W	228	nucleolus [GO:0005730]; nucleus [GO:0005634]; RNA polymerase I upstream activating factor complex [GO:0000500]
Q08749	TIM18_YEAST	TIM18 YOR297C	192	mitochondrial inner membrane [GO:0005743]; mitochondrion [GO:0005739]; TIM22 mitochondrial import inner membrane insertion complex [GO:0042721]
Q08754	BUD7_YEAST	BUD7 YOR299W	746	exomer complex [GO:0034044]; trans-Golgi network transport vesicle [GO:0030140]
Q08760	RAX1_YEAST	RAX1 YOR301W	435	cellular bud neck [GO:0005935]; cellular bud scar [GO:0005621]; cellular bud tip [GO:0005934]; fungal-type vacuole [GO:0000324]; plasma membrane [GO:0005886]
Q08773	ISW2_YEAST	ISW2 YOR304W	1120	CHRAC [GO:0008623]; chromatin [GO:0000785]; chromosome, telomeric region [GO:0000781]; nuclear microtubule [GO:0005880]; nucleus [GO:0005634]
Q08816	TFB6_YEAST	TFB6 YOR352W	343	cytoplasm [GO:0005737]; nucleus [GO:0005634]; transcription factor TFIIH holo complex [GO:0005675]
Q08826	SNX3_YEAST	SNX3 GRD19 YOR357C	162	cytosol [GO:0005829]; early endosome membrane [GO:0031901]; endosome [GO:0005768]; fungal-type vacuole membrane [GO:0000329]; Golgi membrane [GO:0000139]; protein-lipid complex [GO:0032994]; retromer complex [GO:0030904]
Q08831	VTS1_YEAST	VTS1 YOR359W	523	cytosol [GO:0005829]; nucleus [GO:0005634]; P-body [GO:0000932]
Q08873	SCP1_YEAST	SCP1 YOR367W	200	actin cortical patch [GO:0030479]; actin cytoskeleton [GO:0015629]
Q08886	GPB1_YEAST	GPB1 KRH2 YOR371C	897	cytoplasm [GO:0005737]; plasma membrane [GO:0005886]
Q08887	NDD1_YEAST	NDD1 YOR372C	554	cytoplasm [GO:0005737]; nucleus [GO:0005634]
Q08905	FRE3_YEAST	FRE3 YOR381W O6754	711	fungal-type vacuole [GO:0000324]; plasma membrane [GO:0005886]
Q08920	NCBP2_YEAST	CBC2 CBP20 MUD13 SAE1 YPL178W	208	commitment complex [GO:0000243]; nuclear cap binding complex [GO:0005846]; nucleus [GO:0005634]; perinuclear region of cytoplasm [GO:0048471]
Q08921	TCO89_YEAST	TCO89 YPL180W	799	fungal-type vacuole membrane [GO:0000329]; plasma membrane [GO:0005886]; TORC1 complex [GO:0031931]
Q08923	CTI6_YEAST	CTI6 RXT1 YPL181W	506	nucleus [GO:0005634]; Rpd3L complex [GO:0033698]; Rpd3L-Expanded complex [GO:0070210]
Q08924	WDR6_YEAST	RTT10 ERE2 TRM734 YPL183C	1013	cytoplasm [GO:0005737]; endosome [GO:0005768]
Q08925	MRN1_YEAST	MRN1 PTR69 YPL184C	612	cytoplasm [GO:0005737]; cytoplasmic stress granule [GO:0010494]; nucleus [GO:0005634]; P-body [GO:0000932]
Q08930	YP191_YEAST	YPL191C	360	cell periphery [GO:0071944]; cytoplasm [GO:0005737]; endoplasmic reticulum [GO:0005783]
Q08931	PRM3_YEAST	PRM3 YPL192C	133	nuclear envelope [GO:0005635]; nuclear outer membrane [GO:0005640]; nuclear periphery [GO:0034399]; spindle pole body [GO:0005816]
Q08949	DDC1_YEAST	DDC1 YPL194W	612	checkpoint clamp complex [GO:0030896]; condensed nuclear chromosome [GO:0000794]; cytoplasm [GO:0005737]; nucleus [GO:0005634]
Q08951	AP3D_YEAST	APL5 YKS4 YPL195W	932	AP-3 adaptor complex [GO:0030123]; clathrin-coated vesicle membrane [GO:0030665]; endosome membrane [GO:0010008]; Golgi apparatus [GO:0005794]
Q08955	CSM4_YEAST	CSM4 YPL200W	156	chromosome, telomeric region [GO:0000781]; endoplasmic reticulum membrane [GO:0005789]; meiotic nuclear membrane microtubule tethering complex [GO:0034993]; nuclear outer membrane [GO:0005640]
Q08957	AFT2_YEAST	AFT2 YPL202C	416	mitochondrion [GO:0005739]; nucleus [GO:0005634]
Q08959	PGC1_YEAST	PGC1 YPL206C	321	lipid droplet [GO:0005811]; mitochondrial membrane [GO:0031966]; mitochondrion [GO:0005739]
Q08960	TYW1_YEAST	TYW1 YPL207W	810	cytoplasm [GO:0005737]; endoplasmic reticulum [GO:0005783]
Q08962	NIP7_YEAST	NIP7 YPL211W	181	cytoplasm [GO:0005737]; nucleolus [GO:0005730]; nucleus [GO:0005634]; preribosome, large subunit precursor [GO:0030687]
Q08963	RU2A_YEAST	LEA1 YPL213W	238	cytoplasm [GO:0005737]; nucleus [GO:0005634]; Prp19 complex [GO:0000974]; spliceosomal complex [GO:0005681]; U2 snRNP [GO:0005686]; U2-type prespliceosome [GO:0071004]
Q08965	BMS1_YEAST	BMS1 YPL217C	1183	90S preribosome [GO:0030686]; cytoplasm [GO:0005737]; mitochondrion [GO:0005739]; nucleolus [GO:0005730]; nucleoplasm [GO:0005654]; nucleus [GO:0005634]; small-subunit processome [GO:0032040]
Q08967	FLC1_YEAST	FLC1 BOP1 HUF1 YPL221W	793	cellular bud neck [GO:0005935]; endoplasmic reticulum [GO:0005783]; endoplasmic reticulum membrane [GO:0005789]; fungal-type vacuole [GO:0000324]; membrane [GO:0016020]
Q08968	SELO_YEAST	FMP40 YPL222W	688	mitochondrion [GO:0005739]
Q08972	NEW1_YEAST	NEW1 YPL226W P1445	1196	cytoplasm [GO:0005737]; mitochondrion [GO:0005739]; nucleus [GO:0005634]
Q08975	THI21_YEAST	THI21 YPL258C	551	cytosol [GO:0005829]
Q08985	SAM4_YEAST	SAM4 YPL273W	325	cytoplasm [GO:0005737]; nucleus [GO:0005634]
Q08986	SAM3_YEAST	SAM3 YPL274W	587	endoplasmic reticulum [GO:0005783]; membrane [GO:0016020]; plasma membrane [GO:0005886]
Q08992	HSP32_YEAST	HSP32 YPL280W	237	cytoplasm [GO:0005737]; cytoplasmic stress granule [GO:0010494]; P-body [GO:0000932]
Q10740	LKHA4_YEAST	LAP2 YNL045W N2535	671	cytoplasm [GO:0005737]; cytosol [GO:0005829]; nucleus [GO:0005634]
Q12003	ENV7_YEAST	ENV7 YPL236C	364	cytoplasm [GO:0005737]; fungal-type vacuole membrane [GO:0000329]; Golgi apparatus [GO:0005794]
Q12004	TFB4_YEAST	TFB4 YPR056W	338	nucleotide-excision repair factor 3 complex [GO:0000112]; transcription factor TFIIH core complex [GO:0000439]; transcription factor TFIIH holo complex [GO:0005675]
Q12006	PFA4_YEAST	PFA4 YOL003C UNE378	378	endoplasmic reticulum [GO:0005783]; endoplasmic reticulum membrane [GO:0005789]; Golgi apparatus [GO:0005794]
Q12009	TRMB_YEAST	TRM8 YDL201W D1075	286	nucleoplasm [GO:0005654]; nucleus [GO:0005634]; tRNA (m7G46) methyltransferase complex [GO:0106143]; tRNA methyltransferase complex [GO:0043527]
Q12010	YPQ1_YEAST	YPQ1 YOL092W O0929	308	cytoplasm [GO:0005737]; endoplasmic reticulum [GO:0005783]; fungal-type vacuole membrane [GO:0000329]; membrane [GO:0016020]
Q12015	DSC3_YEAST	DSC3 YOR223W YOR50-13	292	Dsc E3 ubiquitin ligase complex [GO:0044695]; endoplasmic reticulum [GO:0005783]; endoplasmic reticulum membrane [GO:0005789]; fungal-type vacuole lumen [GO:0000328]; Golgi membrane [GO:0000139]
Q12017	PLP2_YEAST	PLP2 VIAF1 YOR281C	286	cytoplasm [GO:0005737]
Q12018	CDC53_YEAST	CDC53 YDL132W D2190	815	chromosome, telomeric region [GO:0000781]; cytoplasm [GO:0005737]; nucleus [GO:0005634]; SCF ubiquitin ligase complex [GO:0019005]
Q12019	MDN1_YEAST	MDN1 REA1 YLR106C L2901 L8004.13	4910	mitochondrion [GO:0005739]; nucleolus [GO:0005730]; nucleoplasm [GO:0005654]; nucleus [GO:0005634]
Q12024	YTM1_YEAST	YTM1 YOR272W	460	nucleolus [GO:0005730]; nucleoplasm [GO:0005654]; nucleus [GO:0005634]; PeBoW complex [GO:0070545]; preribosome, large subunit precursor [GO:0030687]
Q12028	AP1G1_YEAST	APL4 YPR029C	832	AP-1 adaptor complex [GO:0030121]; cytosol [GO:0005829]; Golgi membrane [GO:0000139]
Q12030	TAF10_YEAST	TAF10 TAF23 TAF25 YDR167W YD9489.02	206	nucleus [GO:0005634]; SAGA complex [GO:0000124]; SLIK (SAGA-like) complex [GO:0046695]; transcription factor TFIID complex [GO:0005669]
Q12033	PALA_YEAST	RIM20 YOR275C	661	cytoplasm [GO:0005737]; endosome [GO:0005768]; nucleus [GO:0005634]; peroxisome [GO:0005777]
Q12038	SRO7_YEAST	SRO7 SNI1 SOP1 YPR032W YP9367.12	1033	cytoplasm [GO:0005737]; cytosol [GO:0005829]; mating projection tip [GO:0043332]; plasma membrane [GO:0005886]
Q12039	HMI1_YEAST	HMI1 YOL095C O0920	706	mitochondrial inner membrane [GO:0005743]; mitochondrial matrix [GO:0005759]; mitochondrion [GO:0005739]; nucleus [GO:0005634]
Q12041	MET32_YEAST	MET32 YDR253C YD9320A.03C	191	cytoplasm [GO:0005737]; nucleus [GO:0005634]; transcription regulator complex [GO:0005667]
Q12043	TGL5_YEAST	TGL5 STC2 YOR081C YOR29-32 YOR2964C	749	lipid droplet [GO:0005811]
Q12045	VIK1_YEAST	VIK1 YPL253C	647	kinesin complex [GO:0005871]; nucleus [GO:0005634]; spindle pole body [GO:0005816]
Q12046	CWC2_YEAST	CWC2 NTC40 SLC3 YDL209C D1041	339	Prp19 complex [GO:0000974]; U2-type catalytic step 1 spliceosome [GO:0071006]; U2-type catalytic step 2 spliceosome [GO:0071007]
Q12048	ATG41_YEAST	ATG41 ICY2 YPL250C	136	phagophore assembly site membrane [GO:0034045]
Q12049	THP3_YEAST	THP3 YPR045C YP9499.03c	470	euchromatin [GO:0000791]; nucleus [GO:0005634]
Q12050	ELG1_YEAST	ELG1 RTT110 YOR144C O3510 YOR3510C	791	chromosome, telomeric region [GO:0000781]; cytoplasm [GO:0005737]; Elg1 RFC-like complex [GO:0031391]; mitochondrion [GO:0005739]; nucleus [GO:0005634]
Q12051	GGPPS_YEAST	BTS1 YPL069C	335	mitochondrion [GO:0005739]
Q12052	TGS1_YEAST	TGS1 YPL157W P2573	315	nucleolus [GO:0005730]; nucleus [GO:0005634]
Q12055	KAD6_YEAST	FAP7 YDL166C	197	cytoplasm [GO:0005737]; cytoplasmic stress granule [GO:0010494]; nucleus [GO:0005634]
Q12056	ISU2_YEAST	ISU2 NUA2 YOR226C	156	cytoplasm [GO:0005737]; mitochondrial matrix [GO:0005759]
Q12060	HFI1_YEAST	HFI1 ADA1 GAN1 SUP110 YPL254W	488	nucleus [GO:0005634]; SAGA complex [GO:0000124]; SLIK (SAGA-like) complex [GO:0046695]
Q12063	UPPS_YEAST	NUS1 YDL193W D1239	375	dehydrodolichyl diphosphate synthase complex [GO:1904423]; endoplasmic reticulum [GO:0005783]; endoplasmic reticulum membrane [GO:0005789]; lipid droplet [GO:0005811]; nuclear envelope [GO:0005635]; nuclear membrane [GO:0031965]
Q12068	GRE2_YEAST	GRE2 YOL151W	342	cytoplasm [GO:0005737]; nucleus [GO:0005634]
Q12071	VPS54_YEAST	VPS54 CGP1 LUV1 RKI1 TCS3 YDR027C PZF889 YD9813.05C	889	cytosol [GO:0005829]; endosome membrane [GO:0010008]; GARP complex [GO:0000938]; Golgi apparatus [GO:0005794]; mitochondrial membrane [GO:0031966]; mitochondrion [GO:0005739]
Q12080	NOP53_YEAST	NOP53 YPL146C LPI2C P2610	455	nuclear exosome (RNase complex) [GO:0000176]; nucleolus [GO:0005730]; nucleoplasm [GO:0005654]; nucleus [GO:0005634]
Q12082	DMO2_YEAST	DMO2 DBI1 YDL157C D1533	118	mitochondrial inner membrane [GO:0005743]; mitochondrion [GO:0005739]; peroxisome [GO:0005777]
Q12083	MLH3_YEAST	MLH3 YPL164C P2550	715	mismatch repair complex [GO:0032300]; MutLgamma complex [GO:0097587]; nucleus [GO:0005634]
Q12088	YL11B_YEAST	TY1B-LR1 YLRCTy1-1 POL YLR035C-A L1807	1755	cytoplasm [GO:0005737]; nucleus [GO:0005634]
Q12092	ATG29_YEAST	ATG29 YPL166W P2540	213	Atg1/ULK1 kinase complex [GO:1990316]; cytoplasm [GO:0005737]; cytosol [GO:0005829]; nucleus [GO:0005634]; phagophore assembly site [GO:0000407]; protein-containing complex [GO:0032991]
Q12093	MTU1_YEAST	SLM3 MTO2 MTU1 YDL033C D2761	417	mitochondrial matrix [GO:0005759]; mitochondrion [GO:0005739]
Q12094	TSR3_YEAST	TSR3 YOR006C UND313	313	cytoplasm [GO:0005737]; nucleus [GO:0005634]; peroxisome [GO:0005777]
Q12098	SLX4_YEAST	SLX4 YLR135W L3140	748	cytoplasm [GO:0005737]; endonuclease complex [GO:1905348]; nuclear chromosome [GO:0000228]; nucleus [GO:0005634]; Slx1-Slx4 complex [GO:0033557]
Q12099	FAL1_YEAST	FAL1 YDR021W PZC399 YD9335.07	399	catalytic step 2 spliceosome [GO:0071013]; FAL1-SGD1 complex [GO:0097078]; nucleolus [GO:0005730]; preribosome, small subunit precursor [GO:0030688]; small-subunit processome [GO:0032040]
Q12100	RTK1_YEAST	RTK1 YDL025C D2810	620	cell periphery [GO:0071944]; cellular bud neck [GO:0005935]
Q12102	CFT2_YEAST	CFT2 YDH1 YLR115W L2946	859	mRNA cleavage and polyadenylation specificity factor complex [GO:0005847]; nucleus [GO:0005634]
Q12106	MCP1_YEAST	MCP1 YOR228C YOR50-18	302	mitochondrial membrane [GO:0031966]; mitochondrial outer membrane [GO:0005741]; mitochondrion [GO:0005739]
Q12112	YN11B_YEAST	TY1B-NL1 YNLCTy1-1 POL YNL284C-B N0564	1755	cytoplasm [GO:0005737]; nucleus [GO:0005634]
Q12113	YO21B_YEAST	TY2B-OR1 YORCTy2-1 POL YOR192C-B O4785	1770	cytoplasm [GO:0005737]; nucleus [GO:0005634]
Q12114	CHS5_YEAST	CHS5 CAL3 YLR330W L8543.18	671	cytoplasm [GO:0005737]; cytosol [GO:0005829]; exomer complex [GO:0034044]; mating projection tip [GO:0043332]; trans-Golgi network [GO:0005802]
Q12118	SGT2_YEAST	SGT2 YOR007C UNF346	346	cytoplasm [GO:0005737]; cytosol [GO:0005829]; membrane [GO:0016020]; TRC complex [GO:0072380]
Q12123	DCS2_YEAST	DCS2 YOR173W O3625	353	cytoplasm [GO:0005737]; nucleus [GO:0005634]; P-body [GO:0000932]; perinuclear region of cytoplasm [GO:0048471]
Q12124	MED2_YEAST	MED2 YDL005C D2930	431	core mediator complex [GO:0070847]; cytosol [GO:0005829]; mediator complex [GO:0016592]; nucleus [GO:0005634]
Q12127	CCW12_YEAST	CCW12 YLR110C L9354.7	133	cell periphery [GO:0071944]; cellular bud tip [GO:0005934]; fungal-type cell wall [GO:0009277]; fungal-type vacuole [GO:0000324]; mating projection tip [GO:0043332]; side of membrane [GO:0098552]
Q12136	SAS10_YEAST	SAS10 UTP3 YDL153C D1545	610	nucleolus [GO:0005730]; nucleoplasm [GO:0005654]; nucleus [GO:0005634]; small-subunit processome [GO:0032040]
Q12141	YG11B_YEAST	TY1B-GR1 YGRWTy1-1 POL YGR027W-B G4054	1755	cytoplasm [GO:0005737]; nucleus [GO:0005634]
Q12142	ATG9_YEAST	ATG9 APG9 AUT9 CVT7 YDL149W D1560	997	autophagosome [GO:0005776]; cytoplasmic vesicle membrane [GO:0030659]; endoplasmic reticulum membrane [GO:0005789]; Golgi membrane [GO:0000139]; mitochondrial membrane [GO:0031966]; mitochondrion [GO:0005739]; phagophore [GO:0061908]; phagophore assembly site [GO:0000407]; phagophore assembly site membrane [GO:0034045]
Q12143	NSL1_YEAST	NSL1 YPL233W	216	kinetochore [GO:0000776]; MIS12/MIND type complex [GO:0000444]; nucleus [GO:0005634]; outer kinetochore [GO:0000940]; spindle pole [GO:0000922]
Q12146	PSF3_YEAST	PSF3 YOL146W	194	CMG complex [GO:0071162]; DNA replication preinitiation complex [GO:0031261]; GINS complex [GO:0000811]; nuclear replication fork [GO:0043596]; nucleus [GO:0005634]
Q12149	RRP6_YEAST	RRP6 UNC733 YOR001W	733	exosome (RNase complex) [GO:0000178]; nuclear exosome (RNase complex) [GO:0000176]; nucleolus [GO:0005730]; nucleus [GO:0005634]
Q12150	CSF1_YEAST	CSF1 TWEEK YLR087C	2958	endoplasmic reticulum membrane [GO:0005789]; endoplasmic reticulum-plasma membrane contact site [GO:0140268]; mitochondrial membrane [GO:0031966]; mitochondrion [GO:0005739]; plasma membrane [GO:0005886]
Q12151	UPC2_YEAST	UPC2 MOX4 YDR213W YD8142.14 YD8142B.05	913	cytoplasm [GO:0005737]; membrane [GO:0016020]; nucleus [GO:0005634]; perinuclear region of cytoplasm [GO:0048471]
Q12154	GET3_YEAST	GET3 ARR4 YDL100C D2371	354	cytosol [GO:0005829]; endoplasmic reticulum [GO:0005783]; endoplasmic reticulum membrane [GO:0005789]; GET complex [GO:0043529]; Golgi apparatus [GO:0005794]
Q12156	AIM7_YEAST	AIM7 YDR063W D4245	149	actin cortical patch [GO:0030479]; cortical actin cytoskeleton [GO:0030864]; cytoplasm [GO:0005737]; nucleus [GO:0005634]
Q12157	APC11_YEAST	APC11 YDL008W D2900	165	anaphase-promoting complex [GO:0005680]; nucleus [GO:0005634]
Q12158	SCC1_YEAST	MCD1 PDS3 RHC21 SCC1 YDL003W YD8119.04	566	chromosome, centromeric region [GO:0000775]; condensed nuclear chromosome [GO:0000794]; mitochondrion [GO:0005739]; mitotic cohesin complex [GO:0030892]; nucleus [GO:0005634]
Q12159	YRA1_YEAST	YRA1 YDR381W D9481.2 D9509.1	226	nucleus [GO:0005634]; transcription export complex [GO:0000346]
Q12161	PSH1_YEAST	PSH1 YOL054W O1263	406	chromosome, centromeric region [GO:0000775]; nucleus [GO:0005634]
Q12164	POM33_YEAST	POM33 YLL023C L1201	279	endoplasmic reticulum [GO:0005783]; endoplasmic reticulum membrane [GO:0005789]; nuclear envelope [GO:0005635]; nuclear outer membrane [GO:0005640]; nuclear pore [GO:0005643]
Q12166	LEU9_YEAST	LEU9 YOR108W YOR3227w	604	mitochondrion [GO:0005739]
Q12168	ENG2_YEAST	ACF2 ENG2 PCA1 YLR144C L3180	779	cell surface [GO:0009986]; cytoplasm [GO:0005737]
Q12173	YG31A_YEAST	TY3A-G YGRWTy3-1 GAG YGR109W-A G5982	290	cytoplasm [GO:0005737]; retrotransposon nucleocapsid [GO:0000943]
Q12176	MAK21_YEAST	MAK21 NOC1 YDR060W D4237 YD9609.14	1025	Noc1p-Noc2p complex [GO:0030690]; nucleolus [GO:0005730]; nucleus [GO:0005634]; preribosome, large subunit precursor [GO:0030687]
Q12178	FCY1_YEAST	FCY1 YPR062W YP9499.17	158	cytoplasm [GO:0005737]; nucleus [GO:0005634]
Q12181	NDOR1_YEAST	TAH18 YPR048W YP9499.06	623	cytosol [GO:0005829]; cytosolic [4Fe-4S] assembly targeting complex [GO:0097361]; mitochondrion [GO:0005739]
Q12184	ADRX_YEAST	YAH1 YPL252C	172	iron-sulfur cluster assembly complex [GO:1990229]; mitochondrial matrix [GO:0005759]; mitochondrion [GO:0005739]
Q12186	BBP_YEAST	MSL5 BBP SF1 YLR116W L2949	476	commitment complex [GO:0000243]; cytosol [GO:0005829]; nucleus [GO:0005634]
Q12188	REC8_YEAST	REC8 SPO69 YPR007C LPZ7C	680	chromosome, centromeric region [GO:0000775]; cohesin complex [GO:0008278]; condensed chromosome, centromeric region [GO:0000779]; condensed nuclear chromosome [GO:0000794]; meiotic cohesin complex [GO:0030893]; nucleus [GO:0005634]
Q12191	BUG1_YEAST	BUG1 YDL099W	341	cis-Golgi network [GO:0005801]; cis-Golgi network membrane [GO:0033106]; COPII vesicles tethering complex [GO:0106103]; cytoplasm [GO:0005737]
Q12193	YB12B_YEAST	TY1B-BR YBRWTy1-2 POL YBR012W-B YBR0207	1756	cytoplasm [GO:0005737]; nucleus [GO:0005634]
Q12196	RIO1_YEAST	RIO1 RRP10 YOR119C O3266 YOR3266C	484	cytoplasm [GO:0005737]; cytosol [GO:0005829]; fungal-type vacuole [GO:0000324]; kinetochore [GO:0000776]; mitochondrion [GO:0005739]; nucleolar chromatin [GO:0030874]; nucleus [GO:0005634]; preribosome, small subunit precursor [GO:0030688]
Q12198	METW_YEAST	HSU1 YLL058W L0569	575	cytoplasm [GO:0005737]
Q12200	NPC1_YEAST	NCR1 YPL006W	1170	endoplasmic reticulum [GO:0005783]; fungal-type vacuole membrane [GO:0000329]; membrane [GO:0016020]
Q12206	WTM2_YEAST	WTM2 YOR229W YOR50-19	467	cytoplasm [GO:0005737]; cytosol [GO:0005829]; nucleus [GO:0005634]; Rpd3L complex [GO:0033698]; Rpd3L-Expanded complex [GO:0070210]
Q12207	NCE2_YEAST	NCE102 NCE2 RTG2S2 YPR149W P9659.2	173	cell periphery [GO:0071944]; cellular bud membrane [GO:0033101]; cytoplasm [GO:0005737]; eisosome [GO:0032126]; endoplasmic reticulum [GO:0005783]; mating projection membrane [GO:0070250]; membrane [GO:0016020]; mitochondrion [GO:0005739]; plasma membrane [GO:0005886]
Q12208	USB1_YEAST	USB1 YLR132C L3127	290	cytoplasm [GO:0005737]; mitochondrion [GO:0005739]; nucleus [GO:0005634]
Q12211	PUS1_YEAST	PUS1 YPL212C	544	nucleoplasm [GO:0005654]; nucleus [GO:0005634]
Q12213	RL7B_YEAST	RPL7B RPL6B YL8B YPL198W	244	cytoplasm [GO:0005737]; cytosol [GO:0005829]; cytosolic large ribosomal subunit [GO:0022625]; nucleolus [GO:0005730]
Q12216	SIZ2_YEAST	NFI1 SIZ2 YOR156C	726	chromatin [GO:0000785]; cytoplasm [GO:0005737]; nucleus [GO:0005634]
Q12220	UTP12_YEAST	DIP2 UTP12 YLR129W L3116 L9233.1	943	90S preribosome [GO:0030686]; nucleolus [GO:0005730]; nucleoplasm [GO:0005654]; Pwp2p-containing subcomplex of 90S preribosome [GO:0034388]; small-subunit processome [GO:0032040]
Q12223	RAD59_YEAST	RAD59 YDL059C	238	cytoplasm [GO:0005737]; mitochondrial matrix [GO:0005759]; nucleus [GO:0005634]
Q12224	RLM1_YEAST	RLM1 YPL089C LPG19C	676	nucleus [GO:0005634]
Q12229	UBX3_YEAST	UBX3 YDL091C	455	clathrin-coated vesicle [GO:0030136]; cytoplasm [GO:0005737]; Dsc E3 ubiquitin ligase complex [GO:0044695]; endoplasmic reticulum [GO:0005783]; Golgi membrane [GO:0000139]
Q12230	LSP1_YEAST	LSP1 YPL004C	341	cell periphery [GO:0071944]; cytoplasm [GO:0005737]; eisosome [GO:0032126]; eisosome filament [GO:0036286]; mitochondrial outer membrane [GO:0005741]; mitochondrion [GO:0005739]; plasma membrane [GO:0005886]
Q12236	PKH2_YEAST	PKH2 YOL100W HRC1081	1081	cell cortex [GO:0005938]; eisosome [GO:0032126]; nucleus [GO:0005634]
Q12241	VAM3_YEAST	VAM3 PTH1 YOR106W YOR3220W	283	autophagosome membrane [GO:0000421]; endomembrane system [GO:0012505]; fungal-type vacuole membrane [GO:0000329]; SNARE complex [GO:0031201]; vacuolar membrane [GO:0005774]
Q12242	RUP1_YEAST	RUP1 YOR138C YOR3332c	671	cytoplasm [GO:0005737]; nucleus [GO:0005634]
Q12245	POC4_YEAST	POC4 DMP1 YPL144W	148	cytoplasm [GO:0005737]; nucleus [GO:0005634]; protein-containing complex [GO:0032991]
Q12246	LCB4_YEAST	LCB4 YOR171C O3615	624	cell periphery [GO:0071944]; cortical endoplasmic reticulum [GO:0032541]; cytoplasm [GO:0005737]; endoplasmic reticulum [GO:0005783]; endoplasmic reticulum membrane [GO:0005789]; Golgi apparatus [GO:0005794]; Golgi membrane [GO:0000139]; late endosome membrane [GO:0031902]; membrane [GO:0016020]; plasma membrane [GO:0005886]
Q12248	DAD1_YEAST	DAD1 YDR016C	94	DASH complex [GO:0042729]; mitotic spindle [GO:0072686]; mitotic spindle pole body [GO:0044732]; spindle microtubule [GO:0005876]
Q12250	RPN5_YEAST	RPN5 NAS5 YDL147W D1572	445	COP9 signalosome [GO:0008180]; cytoplasm [GO:0005737]; proteasome complex [GO:0000502]; proteasome regulatory particle, lid subcomplex [GO:0008541]; proteasome storage granule [GO:0034515]
Q12255	NYV1_YEAST	NYV1 MAM2 YLR093C	253	fungal-type vacuole membrane [GO:0000329]; plasma membrane [GO:0005886]; SNARE complex [GO:0031201]; vacuolar membrane [GO:0005774]
Q12256	TPO4_YEAST	TPO4 YOR273C O5440	659	cell periphery [GO:0071944]; fungal-type vacuole membrane [GO:0000329]; plasma membrane [GO:0005886]
Q12259	YL108_YEAST	YLR108C L2913	485	nucleus [GO:0005634]
Q12262	CENPH_YEAST	MCM16 YPR046W	181	kinetochore [GO:0000776]; nucleus [GO:0005634]
Q12263	GIN4_YEAST	GIN4 YDR507C D9719.13	1142	cellular bud neck [GO:0005935]; cytoplasm [GO:0005737]; Gin4 complex [GO:1990317]; nucleus [GO:0005634]
Q12265	KPR5_YEAST	PRS5 PRPS5 YOL061W O1213	496	cytoophidium [GO:0097268]; cytoplasm [GO:0005737]; ribose phosphate diphosphokinase complex [GO:0002189]
Q12267	SMC4_YEAST	SMC4 YLR086W L9449.5	1418	condensin complex [GO:0000796]; cytoplasm [GO:0005737]; nucleus [GO:0005634]
Q12269	YG12B_YEAST	TY1B-GR2 YGRCTy1-2 POL YGR038C-B G4126	1755	cytoplasm [GO:0005737]; nucleus [GO:0005634]
Q12271	INP53_YEAST	INP53 SJL3 SOP2 YOR109W YOR3231w	1107	actin cortical patch [GO:0030479]; cytoplasm [GO:0005737]; membrane [GO:0016020]
Q12273	YO11B_YEAST	TY1B-OL YOLWTy1-1 POL YOL103W-B O0770	1755	cytoplasm [GO:0005737]; nucleus [GO:0005634]
Q12275	CRM2_YEAST	CRM2 DIP2 YOR093C YOR3170c	1648	cellular bud neck [GO:0005935]; cytosol [GO:0005829]; mitochondrial membrane [GO:0031966]; vacuolar membrane [GO:0005774]; vacuole-mitochondrion membrane contact site [GO:1990816]
Q12277	RRP42_YEAST	RRP42 YDL111C	265	cytoplasmic exosome (RNase complex) [GO:0000177]; exosome (RNase complex) [GO:0000178]; nuclear exosome (RNase complex) [GO:0000176]; nucleolus [GO:0005730]; nucleus [GO:0005634]
Q12280	IQG1_YEAST	IQG1 CYK1 YPL242C	1495	cell cortex [GO:0005938]; cellular bud neck [GO:0005935]; cellular bud neck contractile ring [GO:0000142]; cytoplasm [GO:0005737]; MIH complex [GO:0120155]; mitotic actomyosin contractile ring [GO:0110085]; plasma membrane [GO:0005886]
Q12284	ERV2_YEAST	ERV2 YPR037C YP3085.03C	196	endoplasmic reticulum [GO:0005783]; endoplasmic reticulum membrane [GO:0005789]; fungal-type vacuole [GO:0000324]; fungal-type vacuole membrane [GO:0000329]
Q12285	MDY2_YEAST	MDY2 GET5 TMA24 YOL111C	212	cytoplasm [GO:0005737]; cytoplasmic stress granule [GO:0010494]; cytosol [GO:0005829]; nucleus [GO:0005634]; TRC complex [GO:0072380]
Q12287	COX17_YEAST	COX17 YLL009C L1343	69	cytosol [GO:0005829]; mitochondrial intermembrane space [GO:0005758]; mitochondrion [GO:0005739]
Q12292	ATG34_YEAST	ATG34 ATG19-B YOL083W O0957	412	Cvt complex [GO:0034270]; cytosol [GO:0005829]; phagophore assembly site membrane [GO:0034045]
Q12297	TAF3_YEAST	TAF3 TAF47 YPL011C LPA6C	353	nucleus [GO:0005634]; transcription factor TFIID complex [GO:0005669]
Q12300	RGT2_YEAST	RGT2 YDL138W D2160	763	cell periphery [GO:0071944]; membrane [GO:0016020]; plasma membrane [GO:0005886]
Q12303	YPS3_YEAST	YPS3 YLR121C L2964 L9233.10	508	extracellular region [GO:0005576]; fungal-type cell wall [GO:0009277]; plasma membrane [GO:0005886]; side of membrane [GO:0098552]
Q12305	RDL1_YEAST	RDL1 YOR285W	139	endoplasmic reticulum [GO:0005783]; mitochondrial outer membrane [GO:0005741]; mitochondrion [GO:0005739]
Q12306	SUMO_YEAST	SMT3 YDR510W D9719.15	101	condensed nuclear chromosome [GO:0000794]; nucleus [GO:0005634]; septin ring [GO:0005940]
Q12308	TFC8_YEAST	TFC8 YPL007C	588	nucleus [GO:0005634]; transcription factor TFIIIC complex [GO:0000127]
Q12309	CLF1_YEAST	CLF1 NTC77 SYF3 YLR117C L2952	687	chromatin [GO:0000785]; post-mRNA release spliceosomal complex [GO:0071014]; Prp19 complex [GO:0000974]; U2-type catalytic step 1 spliceosome [GO:0071006]; U2-type catalytic step 2 spliceosome [GO:0071007]; U2-type post-mRNA release spliceosomal complex [GO:0071008]; U2-type prespliceosome [GO:0071004]
Q12311	NTO1_YEAST	NTO1 YPR031W	748	cytoplasm [GO:0005737]; NuA3 histone acetyltransferase complex [GO:0033100]; NuA3a histone acetyltransferase complex [GO:1990467]; NuA3b histone acetyltransferase complex [GO:1990468]; nucleus [GO:0005634]
Q12315	GLE1_YEAST	GLE1 BRR3 RSS1 YDL207W D1049	538	cytoplasm [GO:0005737]; mitochondrion [GO:0005739]; nuclear envelope [GO:0005635]; nuclear membrane [GO:0031965]; nuclear pore [GO:0005643]; nuclear pore cytoplasmic filaments [GO:0044614]
Q12316	YG13B_YEAST	TY1B-GR3 YGRCTy1-3 POL YGR161C-D G7025	1755	cytoplasm [GO:0005737]; nucleus [GO:0005634]
Q12317	MSB4_YEAST	MSB4 YOL112W HRC492	492	cellular bud neck [GO:0005935]; cellular bud tip [GO:0005934]; cytoplasm [GO:0005737]; incipient cellular bud site [GO:0000131]; mating projection tip [GO:0043332]; plasma membrane [GO:0005886]; polarisome [GO:0000133]
Q12318	PSY3_YEAST	PSY3 YLR376C L8039.17	242	cytoplasm [GO:0005737]; cytosol [GO:0005829]; nucleus [GO:0005634]; Shu complex [GO:0097196]; site of double-strand break [GO:0035861]
Q12320	GLO4_YEAST	GLO4 GER1 YOR040W O2758 OR26.33	285	mitochondrial matrix [GO:0005759]; mitochondrion [GO:0005739]
Q12321	MED1_YEAST	MED1 YPR070W YP9499.25 YPR063W	566	core mediator complex [GO:0070847]; mediator complex [GO:0016592]; nucleus [GO:0005634]
Q12324	YVC1_YEAST	YVC1 YOR087W YOR088W YOR3151W	675	fungal-type vacuole [GO:0000324]; fungal-type vacuole membrane [GO:0000329]; plasma membrane [GO:0005886]; vacuole-mitochondrion membrane contact site [GO:1990816]
Q12328	TIM22_YEAST	TIM22 YDL217C D0884	207	cytosol [GO:0005829]; mitochondrial inner membrane [GO:0005743]; mitochondrial intermembrane space [GO:0005758]; mitochondrion [GO:0005739]; TIM22 mitochondrial import inner membrane insertion complex [GO:0042721]
Q12329	HSP42_YEAST	HSP42 YDR171W YD9395.04	375	cytoplasm [GO:0005737]
Q12330	RUXE_YEAST	SME1 YOR159C	94	commitment complex [GO:0000243]; cytoplasm [GO:0005737]; nucleus [GO:0005634]; pICln-Sm protein complex [GO:0034715]; precatalytic spliceosome [GO:0071011]; spliceosomal complex [GO:0005681]; U1 snRNP [GO:0005685]; U2 snRNP [GO:0005686]; U2-type prespliceosome [GO:0071004]; U4 snRNP [GO:0005687]; U4/U6 snRNP [GO:0071001]; U4/U6 x U5 tri-snRNP complex [GO:0046540]; U5 snRNP [GO:0005682]
Q12333	FRE7_YEAST	FRE7 YOL152W AOB629	620	plasma membrane [GO:0005886]
Q12334	SCM3_YEAST	SCM3 YDL139C D2155	223	condensed chromosome, centromeric region [GO:0000779]; cytoplasm [GO:0005737]; nucleus [GO:0005634]
Q12337	YG21B_YEAST	TY2B-GR1 YGRCTy2-1 POL YGR038C-D/YGR038C-C	1770	cytoplasm [GO:0005737]; nucleus [GO:0005634]
Q12339	UTP23_YEAST	UTP23 YOR004W	254	mitochondrion [GO:0005739]; nucleolus [GO:0005730]; nucleoplasm [GO:0005654]; small-subunit processome [GO:0032040]
Q12341	HAT1_YEAST	HAT1 YPL001W LPA16W YP8132.12	374	chromosome, telomeric region [GO:0000781]; cytoplasm [GO:0005737]; histone acetyltransferase complex [GO:0000123]; nucleus [GO:0005634]
Q12343	MED4_YEAST	MED4 YOR174W O3630	284	core mediator complex [GO:0070847]; mediator complex [GO:0016592]; nucleus [GO:0005634]
Q12344	GYP5_YEAST	GYP5 YPL249C	894	cellular bud neck [GO:0005935]; cellular bud tip [GO:0005934]; cytoplasm [GO:0005737]; cytosol [GO:0005829]; Golgi-associated vesicle [GO:0005798]; incipient cellular bud site [GO:0000131]; mating projection tip [GO:0043332]; plasma membrane [GO:0005886]
Q12345	IES3_YEAST	IES3 YLR052W L2131	250	chromosome, telomeric region [GO:0000781]; Ino80 complex [GO:0031011]; nucleus [GO:0005634]
Q12348	CSN10_YEAST	RRI2 CSN10 YOL117W	645	COP9 signalosome [GO:0008180]; cytoplasm [GO:0005737]; nucleus [GO:0005634]
Q12349	ATP14_YEAST	ATP14 YLR295C L8003.20	124	mitochondrial inner membrane [GO:0005743]; mitochondrion [GO:0005739]; proton-transporting ATP synthase complex [GO:0045259]
Q12355	PST1_YEAST	PST1 HPF2 YDR055W D4214 YD9609.09	444	cell periphery [GO:0071944]; fungal-type cell wall [GO:0009277]; fungal-type vacuole [GO:0000324]; plasma membrane [GO:0005886]; side of membrane [GO:0098552]
Q12361	GPR1_YEAST	GPR1 YDL035C	961	plasma membrane [GO:0005886]
Q12362	RIB2_YEAST	RIB2 PUS8 YOL066C	591	cytoplasm [GO:0005737]
Q12363	WTM1_YEAST	WTM1 YOR230W YOR50-20	437	cytoplasm [GO:0005737]; nucleus [GO:0005634]; Rpd3L complex [GO:0033698]; Rpd3L-Expanded complex [GO:0070210]
Q12365	BBP1_YEAST	BBP1 YPL255W P0745	385	central plaque of spindle pole body [GO:0005823]; membrane [GO:0016020]; mitotic nuclear membrane microtubule tethering complex [GO:0106084]; nuclear envelope [GO:0005635]; spindle pole body [GO:0005816]
Q12366	NDJ1_YEAST	NDJ1 TAM1 YOL104C	352	chromosome, telomeric region [GO:0000781]; meiotic spindle pole body [GO:0035974]; nucleus [GO:0005634]
Q12373	HIF1_YEAST	HIF1 YLL022C L1205	385	chromosome, telomeric region [GO:0000781]; histone acetyltransferase complex [GO:0000123]; nucleus [GO:0005634]
Q12377	RPN6_YEAST	RPN6 NAS4 YDL097C D2381	434	proteasome complex [GO:0000502]; proteasome regulatory particle, lid subcomplex [GO:0008541]; proteasome storage granule [GO:0034515]
Q12379	SWM1_YEAST	SWM1 APC13 YDR260C YD9320A.11 YD9320A.11c	170	anaphase-promoting complex [GO:0005680]; nucleus [GO:0005634]
Q12380	ATG5_YEAST	ATG5 APG5 YPL149W P2601	294	Atg12-Atg5-Atg16 complex [GO:0034274]; autophagosome [GO:0005776]; cytosol [GO:0005829]; membrane [GO:0016020]; nucleus [GO:0005634]; phagophore [GO:0061908]; phagophore assembly site [GO:0000407]; phagophore assembly site membrane [GO:0034045]; transferase complex [GO:1990234]; vacuole-isolation membrane contact site [GO:0120095]
Q12382	DGK1_YEAST	DGK1 HSD1 YOR311C O6111	290	endoplasmic reticulum [GO:0005783]; endoplasmic reticulum membrane [GO:0005789]; nuclear membrane [GO:0031965]
Q12383	TRM13_YEAST	TRM13 YOL125W	476	cytoplasm [GO:0005737]; nucleus [GO:0005634]
Q12386	ARP8_YEAST	ARP8 YOR141C YOR3348C	881	cytoskeleton [GO:0005856]; Ino80 complex [GO:0031011]; nucleus [GO:0005634]
Q12389	DBP10_YEAST	DBP10 YDL031W D2770	995	nucleolus [GO:0005730]; preribosome, large subunit precursor [GO:0030687]
Q12396	EMP46_YEAST	EMP46 YLR080W	444	COPII-coated ER to Golgi transport vesicle [GO:0030134]; endoplasmic reticulum [GO:0005783]; endoplasmic reticulum membrane [GO:0005789]; endoplasmic reticulum-Golgi intermediate compartment [GO:0005793]; Golgi membrane [GO:0000139]
Q12400	TRM10_YEAST	TRM10 YOL093W O0926	293	cytoplasm [GO:0005737]; nucleoplasm [GO:0005654]; nucleus [GO:0005634]
Q12402	YOP1_YEAST	YOP1 YIP2 YPR028W YP9367.08	180	cell periphery [GO:0071944]; cellular bud [GO:0005933]; cellular bud tip [GO:0005934]; endoplasmic reticulum [GO:0005783]; endoplasmic reticulum membrane [GO:0005789]; endoplasmic reticulum tubular network [GO:0071782]; Golgi membrane [GO:0000139]; membrane [GO:0016020]
Q12404	MPD1_YEAST	MPD1 YOR288C	318	endoplasmic reticulum [GO:0005783]; endoplasmic reticulum lumen [GO:0005788]; fungal-type vacuole [GO:0000324]
Q12406	ARP7_YEAST	ARP7 SWP61 YPR034W YP9367.14	477	chromatin [GO:0000785]; NuA4 histone acetyltransferase complex [GO:0035267]; nucleus [GO:0005634]; RSC-type complex [GO:0016586]; SWI/SNF complex [GO:0016514]
Q12411	MPC70_YEAST	SPO21 MPC70 YOL091W	609	meiotic spindle pole body [GO:0035974]; prospore membrane [GO:0005628]; spindle pole [GO:0000922]; spindle pole body [GO:0005816]
Q12414	YP11B_YEAST	TY1B-PL YPLWTy1-1 POL YPL257W-B P0729	1755	cytoplasm [GO:0005737]; nucleus [GO:0005634]
Q12415	TFC7_YEAST	TFC7 YOR110W O3234 YOR3234w	435	nucleus [GO:0005634]; transcription factor TFIIIC complex [GO:0000127]
Q12416	WHI5_YEAST	WHI5 YOR083W YOR3116W	295	cytoplasm [GO:0005737]; nucleus [GO:0005634]; SBF transcription complex [GO:0033309]
Q12417	PRP46_YEAST	PRP46 CWC1 NTC50 YPL151C P2594	451	catalytic step 2 spliceosome [GO:0071013]; cytoplasm [GO:0005737]; Prp19 complex [GO:0000974]; spliceosomal complex [GO:0005681]
Q12420	SNU66_YEAST	SNU66 YOR308C 05667	587	nucleus [GO:0005634]; spliceosomal complex [GO:0005681]; U4/U6 x U5 tri-snRNP complex [GO:0046540]
Q12421	ATG31_YEAST	ATG31 CIS1 YDR022C PZD196 YD9335.08c	196	Atg1/ULK1 kinase complex [GO:1990316]; cytoplasm [GO:0005737]; cytosol [GO:0005829]; microtubule [GO:0005874]; phagophore assembly site [GO:0000407]; protein-containing complex [GO:0032991]
Q12425	ISA2_YEAST	ISA2 YPR067W YP9499.22	185	mitochondrial intermembrane space [GO:0005758]; mitochondrial matrix [GO:0005759]; mitochondrion [GO:0005739]
Q12429	DPH6_YEAST	DPH6 YLR143W L3177	685	cytoplasm [GO:0005737]
Q12432	EAF3_YEAST	EAF3 YPR023C YP9367.03C	401	histone acetyltransferase complex [GO:0000123]; NuA4 histone acetyltransferase complex [GO:0035267]; nucleosome disassembly/reassembly complex [GO:1990453]; nucleus [GO:0005634]; Rpd3S complex [GO:0032221]
Q12433	AHC1_YEAST	AHC1 YOR023C OR26.13	566	ADA complex [GO:0140671]; cytoplasm [GO:0005737]; nucleus [GO:0005634]
Q12438	GLRX6_YEAST	GRX6 YDL010W D2890	231	cis-Golgi network [GO:0005801]; cytoplasm [GO:0005737]; endoplasmic reticulum membrane [GO:0005789]; fungal-type vacuole [GO:0000324]; Golgi apparatus [GO:0005794]; Golgi lumen [GO:0005796]; iron-sulfur cluster assembly complex [GO:1990229]; membrane [GO:0016020]
Q12440	APC2_YEAST	APC2 RSI1 YLR127C L3105 L3108	853	anaphase-promoting complex [GO:0005680]; cytoplasm [GO:0005737]
Q12443	RTN2_YEAST	RTN2 YDL204W D1062	393	cell periphery [GO:0071944]; cortical endoplasmic reticulum [GO:0032541]; cytoplasm [GO:0005737]; endoplasmic reticulum [GO:0005783]; endoplasmic reticulum membrane [GO:0005789]; endoplasmic reticulum tubular network [GO:0071782]; nucleus [GO:0005634]
Q12445	POM34_YEAST	POM34 YLR018C	299	nuclear envelope [GO:0005635]; nuclear outer membrane [GO:0005640]; nuclear periphery [GO:0034399]; nuclear pore [GO:0005643]; nuclear pore transmembrane ring [GO:0070762]
Q12446	LAS17_YEAST	LAS17 YOR181W	633	actin cortical patch [GO:0030479]; cytoplasm [GO:0005737]; mating projection tip [GO:0043332]; SLAC complex [GO:0140224]
Q12449	AHA1_YEAST	AHA1 YDR214W YD8142.16 YD8142B.06	350	cytoplasm [GO:0005737]; cytosol [GO:0005829]; nucleus [GO:0005634]
Q12451	OSH2_YEAST	OSH2 YDL019C D2845	1283	cell periphery [GO:0071944]; cellular bud neck [GO:0005935]; cortical endoplasmic reticulum [GO:0032541]; cytosol [GO:0005829]; endoplasmic reticulum [GO:0005783]; endoplasmic reticulum membrane [GO:0005789]; nuclear envelope [GO:0005635]; perinuclear endoplasmic reticulum [GO:0097038]; plasma membrane [GO:0005886]
Q12452	ERG27_YEAST	ERG27 YLR100W	347	endoplasmic reticulum [GO:0005783]; endoplasmic reticulum membrane [GO:0005789]; lipid droplet [GO:0005811]; mitochondrial outer membrane [GO:0005741]
Q12457	NSI1_YEAST	NSI1 YDR026C PZE570	570	nucleolus [GO:0005730]; nucleus [GO:0005634]; rDNA heterochromatin [GO:0033553]
Q12458	YPR1_YEAST	YPR1 YDR368W D9481.8	312	cytoplasm [GO:0005737]; cytosol [GO:0005829]; nucleus [GO:0005634]
Q12460	NOP56_YEAST	NOP56 SIK1 YLR197W L8167.9	504	90S preribosome [GO:0030686]; box C/D methylation guide snoRNP complex [GO:0031428]; nucleolus [GO:0005730]; nucleoplasm [GO:0005654]; nucleus [GO:0005634]; small-subunit processome [GO:0032040]
Q12461	PTPA2_YEAST	RRD2 NOH1 YPA2 YPL152W	358	cytoplasm [GO:0005737]; nucleus [GO:0005634]; protein phosphatase type 2A complex [GO:0000159]
Q12462	PEX11_YEAST	PEX11 PMP24 PMP27 YOL147C O0454	236	endoplasmic reticulum [GO:0005783]; peroxisomal importomer complex [GO:1990429]; peroxisomal membrane [GO:0005778]; peroxisome [GO:0005777]
Q12463	TRM11_YEAST	TRM11 YOL124C	433	cytoplasm [GO:0005737]; cytosol [GO:0005829]; tRNA (m2G10) methyltransferase complex [GO:0043528]
Q12464	RUVB2_YEAST	RVB2 TIH2 TIP49B YPL235W P1060	471	chromatin [GO:0000785]; Ino80 complex [GO:0031011]; NuA4 histone acetyltransferase complex [GO:0035267]; nucleus [GO:0005634]; R2TP complex [GO:0097255]; Swr1 complex [GO:0000812]; TTT Hsp90 cochaperone complex [GO:0110078]
Q12465	RAX2_YEAST	RAX2 YLR084C L2389 L9449.12	1220	cellular bud neck [GO:0005935]; cellular bud scar [GO:0005621]; cellular bud tip [GO:0005934]; endoplasmic reticulum [GO:0005783]; mitochondrion [GO:0005739]; plasma membrane of growing cell tip [GO:1902929]
Q12466	TCB1_YEAST	TCB1 YOR086C YOR3141c	1186	cell periphery [GO:0071944]; cortical endoplasmic reticulum [GO:0032541]; endoplasmic reticulum [GO:0005783]; endoplasmic reticulum membrane [GO:0005789]; mitochondrion [GO:0005739]; plasma membrane [GO:0005886]
Q12468	CSN5_YEAST	RRI1 CSN5 JAB1 YDL216C D0888	440	COP9 signalosome [GO:0008180]; cytoplasm [GO:0005737]; nucleus [GO:0005634]
Q12469	SKM1_YEAST	SKM1 YOL113W HRA655	655	cytoplasm [GO:0005737]; nucleus [GO:0005634]; plasma membrane [GO:0005886]
Q12472	YD21B_YEAST	TY2B-DR1 YDRCTy2-1 POL YDR034C-D YD9673.05c	1770	cytoplasm [GO:0005737]; nucleus [GO:0005634]
Q12473	FRE6_YEAST	FRE6 YLL051C L0593	712	fungal-type vacuole [GO:0000324]; fungal-type vacuole membrane [GO:0000329]; plasma membrane [GO:0005886]
Q12476	AIR2_YEAST	AIR2 YDL175C	344	nucleolus [GO:0005730]; TRAMP complex [GO:0031499]
Q12477	PCL9_YEAST	PCL9 YDL179W D1408	304	cellular bud neck [GO:0005935]; cyclin-dependent protein kinase holoenzyme complex [GO:0000307]; incipient cellular bud site [GO:0000131]; nucleus [GO:0005634]
Q12481	RRP36_YEAST	RRP36 YOR287C	300	90S preribosome [GO:0030686]; nucleolus [GO:0005730]; nucleoplasm [GO:0005654]; small-subunit processome [GO:0032040]
Q12483	SNF8_YEAST	SNF8 VPS22 YPL002C	233	ESCRT II complex [GO:0000814]
Q12488	PSF1_YEAST	PSF1 YDR013W PZA208 YD8119.18	208	CMG complex [GO:0071162]; DNA replication preinitiation complex [GO:0031261]; GINS complex [GO:0000811]; nuclear replication fork [GO:0043596]; nucleus [GO:0005634]
Q12490	YB11B_YEAST	TY1B-BL YBLWTy1-1 POL YBL005W-B YBL004W-A YBL0325	1755	cytoplasm [GO:0005737]; nucleus [GO:0005634]
Q12491	YB21B_YEAST	TY2B-B YBLWTy2-1 POL YBL100W-B YBL0822 YBL101W-B	1770	cytoplasm [GO:0005737]; nucleus [GO:0005634]
Q12494	KCS1_YEAST	KCS1 YDR017C PZF1050	1050	cytoplasm [GO:0005737]; nucleus [GO:0005634]
Q12495	CAF1A_YEAST	RLF2 CAC1 YPR018W YP9531.12	606	CAF-1 complex [GO:0033186]; chromatin [GO:0000785]; chromosome, centromeric region [GO:0000775]; nucleosome [GO:0000786]; nucleus [GO:0005634]
Q12499	NOP58_YEAST	NOP58 NOP5 YOR310C O6108	511	90S preribosome [GO:0030686]; box C/D methylation guide snoRNP complex [GO:0031428]; nucleolus [GO:0005730]; nucleoplasm [GO:0005654]; small-subunit processome [GO:0032040]
Q12501	YO22B_YEAST	TY2B-OR2 YORWTy2-2 POL YOR343W-B O6304	1770	cytoplasm [GO:0005737]; nucleus [GO:0005634]
Q12502	LDB19_YEAST	LDB19 YOR322C O6152	818	cytoplasm [GO:0005737]; cytosol [GO:0005829]; Golgi apparatus [GO:0005794]; Golgi trans cisterna [GO:0000138]; plasma membrane [GO:0005886]
Q12505	SKS1_YEAST	SKS1 SHA3 YPL026C LPB5	502	cytoplasm [GO:0005737]; nucleus [GO:0005634]
Q12508	RMD5_YEAST	RMD5 GID2 YDR255C YD9320A.05c	421	cytoplasm [GO:0005737]; cytosol [GO:0005829]; GID complex [GO:0034657]; nucleus [GO:0005634]; peroxisome [GO:0005777]
Q12509	ARP6_YEAST	ARP6 YLR085C L2393 L9449.13	438	chromatin [GO:0000785]; cytoplasm [GO:0005737]; nuclear periphery [GO:0034399]; Swr1 complex [GO:0000812]
Q12510	CMR1_YEAST	CMR1 YDL156W D1536	522	chromatin [GO:0000785]; cytoplasm [GO:0005737]; nuclear periphery [GO:0034399]; nucleus [GO:0005634]
Q12511	PDP1_YEAST	PTC5 PPP1 YOR090C YOR3157C	572	mitochondrial intermembrane space [GO:0005758]; mitochondrion [GO:0005739]; peroxisome [GO:0005777]
Q12513	TMA17_YEAST	TMA17 YDL110C D2320	150	cytoplasm [GO:0005737]; fatty acid synthase complex [GO:0005835]; nucleus [GO:0005634]
Q12514	NOT5_YEAST	NOT5 YPR072W YP9499.27	560	CCR4-NOT core complex [GO:0030015]; cytoplasm [GO:0005737]; nucleus [GO:0005634]; P-body [GO:0000932]
Q12517	DCP1_YEAST	DCP1 YOL149W	231	cytoplasm [GO:0005737]; cytoplasmic side of membrane [GO:0098562]; nucleus [GO:0005634]; P-body [GO:0000932]; RNA decapping complex [GO:0098745]
Q12518	ENT1_YEAST	ENT1 YDL161W	454	cellular bud neck [GO:0005935]; cellular bud tip [GO:0005934]; clathrin vesicle coat [GO:0030125]; cytoplasm [GO:0005737]; early endosome [GO:0005769]; endosome [GO:0005768]; mating projection tip [GO:0043332]; plasma membrane [GO:0005886]
Q12522	IF6_YEAST	TIF6 CDC95 YPR016C LPZ15C	245	cytoplasm [GO:0005737]; cytosol [GO:0005829]; nucleolus [GO:0005730]; nucleus [GO:0005634]; preribosome, large subunit precursor [GO:0030687]
Q12524	PCD1_YEAST	PCD1 YLR151C L9634.8	340	cytosol [GO:0005829]; peroxisome [GO:0005777]
Q12527	ATG11_YEAST	ATG11 CVT9 YPR049C YP9499.07c	1178	Atg1/ULK1 kinase complex [GO:1990316]; old mitotic spindle pole body [GO:0071957]; phagophore assembly site [GO:0000407]; phagophore assembly site membrane [GO:0034045]; vacuolar membrane [GO:0005774]
Q12530	RMP1_YEAST	RMP1 YLR145W	201	cytoplasm [GO:0005737]; membrane [GO:0016020]; nucleolus [GO:0005730]; nucleus [GO:0005634]; ribonuclease MRP complex [GO:0000172]
Q12532	RQC2_YEAST	RQC2 TAE2 YPL009C YP8132.04C	1038	cytoplasm [GO:0005737]; cytoplasmic stress granule [GO:0010494]; cytosolic ribosome [GO:0022626]; RQC complex [GO:1990112]
Q12674	ATC8_YEAST	DNF3 YMR162C YM8520.11C	1656	endoplasmic reticulum [GO:0005783]; endosome membrane [GO:0010008]; mating projection tip membrane [GO:0070867]; phospholipid-translocating ATPase complex [GO:1990531]; plasma membrane [GO:0005886]; trans-Golgi network [GO:0005802]; trans-Golgi network transport vesicle [GO:0030140]
Q12675	ATC4_YEAST	DNF2 YDR093W YD8557.01	1612	cell periphery [GO:0071944]; cellular bud neck [GO:0005935]; endoplasmic reticulum [GO:0005783]; mating projection tip membrane [GO:0070867]; phospholipid-translocating ATPase complex [GO:1990531]; plasma membrane [GO:0005886]
Q12680	GLT1_YEAST	GLT1 YDL171C	2145	cytoophidium [GO:0097268]; mitochondrion [GO:0005739]
Q12691	ATN5_YEAST	ENA5 YDR038C YD9673.10c	1091	cell periphery [GO:0071944]; plasma membrane [GO:0005886]
Q12692	H2AZ_YEAST	HTZ1 H2AZ HTA3 YOL012C O2345	134	chromatin [GO:0000785]; euchromatin [GO:0000791]; nucleosome [GO:0000786]; nucleus [GO:0005634]
Q12697	YPK9_YEAST	YPK9 YOR291W	1472	fungal-type vacuole membrane [GO:0000329]; membrane [GO:0016020]; vacuole-mitochondrion membrane contact site [GO:1990816]
Q12734	CSR2_YEAST	CSR2 MRG19 YPR030W YP9367.10	1121	cytoplasm [GO:0005737]; cytosol [GO:0005829]; nucleus [GO:0005634]
Q12745	SEC39_YEAST	SEC39 DSL3 YLR440C	709	Dsl1/NZR complex [GO:0070939]; endoplasmic reticulum [GO:0005783]; endoplasmic reticulum membrane [GO:0005789]; nuclear envelope [GO:0005635]
Q12746	PGA3_YEAST	PGA3 NQR1 YML125C YM4987.10C YM7056.01C	312	endoplasmic reticulum [GO:0005783]; endoplasmic reticulum membrane [GO:0005789]; plasma membrane [GO:0005886]
Q12748	CENPI_YEAST	CTF3 CHL3 YLR381W	733	kinetochore [GO:0000776]; nucleus [GO:0005634]
Q12749	SMC6_YEAST	SMC6 RHC18 YLR383W L3502.2	1114	chromosome, telomeric region [GO:0000781]; mitochondrion [GO:0005739]; nucleus [GO:0005634]; site of double-strand break [GO:0035861]; Smc5-Smc6 complex [GO:0030915]
Q12754	RRP12_YEAST	RRP12 YPL012W	1228	90S preribosome [GO:0030686]; cytoplasm [GO:0005737]; nucleolus [GO:0005730]; nucleus [GO:0005634]; preribosome, small subunit precursor [GO:0030688]; ribosome [GO:0005840]
Q3E731	COX19_YEAST	COX19 YLL018C-A	98	cytosol [GO:0005829]; mitochondrial intermembrane space [GO:0005758]
Q3E754	RS21B_YEAST	RPS21B RPS25B RPS26B YJL136C J0664	87	cytosol [GO:0005829]; cytosolic small ribosomal subunit [GO:0022627]
Q3E757	RL11B_YEAST	RPL11B RP39B RPL16B YGR085C	174	cytosol [GO:0005829]; cytosolic large ribosomal subunit [GO:0022625]; nucleus [GO:0005634]
Q3E772	LSO2_YEAST	LSO2 YGR169C-A	92	cytoplasm [GO:0005737]; nucleus [GO:0005634]
Q3E792	RS25A_YEAST	RPS25A RPS31A YGR027C	108	cytosol [GO:0005829]; cytosolic small ribosomal subunit [GO:0022627]
Q3E793	BOL1_YEAST	BOL1 YAL044W-A	110	iron-sulfur cluster assembly complex [GO:1990229]; mitochondrial matrix [GO:0005759]; mitochondrion [GO:0005739]
Q3E7A4	COXM2_YEAST	CMC2 YBL059C-A	109	cytoplasm [GO:0005737]; mitochondrial inner membrane [GO:0005743]; mitochondrial intermembrane space [GO:0005758]; mitochondrion [GO:0005739]; nucleus [GO:0005634]
Q3E7B2	COA3_YEAST	COA3 COX25 RRG10 YJL062W-A	85	mitochondrial inner membrane [GO:0005743]; mitochondrion [GO:0005739]
Q3E7B6	VA0E_YEAST	VMA9 CWH36 LDB10 YCL005W-A	73	fungal-type vacuole membrane [GO:0000329]; Golgi membrane [GO:0000139]; proton-transporting V-type ATPase complex [GO:0033176]; vacuolar proton-transporting V-type ATPase complex [GO:0016471]; vacuolar proton-transporting V-type ATPase, V0 domain [GO:0000220]
Q3E7C1	TFB5_YEAST	TFB5 YDR079C-A	72	cytosol [GO:0005829]; nucleus [GO:0005634]; transcription factor TFIIH core complex [GO:0000439]; transcription factor TFIIH holo complex [GO:0005675]
Q3E7X9	RS28A_YEAST	RPS28A RPS33 RPS33A YOR167C O3600	67	cytosol [GO:0005829]; cytosolic small ribosomal subunit [GO:0022627]
Q3E833	PCC1_YEAST	PCC1 YKR095W-A	88	chromatin [GO:0000785]; chromosome, telomeric region [GO:0000781]; EKC/KEOPS complex [GO:0000408]; nucleoplasm [GO:0005654]
Q3E840	DPH3_YEAST	KTI11 DPH3 YBL071W-A	82	cytoplasm [GO:0005737]; cytosol [GO:0005829]; nucleus [GO:0005634]
Q3E846	COA6_YEAST	COA6 YMR244C-A	104	cytoplasm [GO:0005737]; mitochondrial intermembrane space [GO:0005758]; mitochondrion [GO:0005739]; nucleus [GO:0005634]
Q6Q547	NOP10_YEAST	NOP10 YHR072W-A	58	box H/ACA snoRNP complex [GO:0031429]; nucleolus [GO:0005730]; sno(s)RNA-containing ribonucleoprotein complex [GO:0005732]
Q6WNK7	SUS1_YEAST	SUS1 YBR111W-A	96	DUBm complex [GO:0071819]; nuclear pore [GO:0005643]; nucleoplasm [GO:0005654]; nucleus [GO:0005634]; P-body [GO:0000932]; SAGA complex [GO:0000124]; SLIK (SAGA-like) complex [GO:0046695]; transcription export complex 2 [GO:0070390]
Q7LHG5	YI31B_YEAST	TY3B-I YILWTy3-1 POL YIL082W-A	1498	cytoplasm [GO:0005737]; nucleus [GO:0005634]
Q92316	OST5_YEAST	OST5 YGL226C-A YGL226BC	86	endoplasmic reticulum membrane [GO:0005789]; oligosaccharyltransferase complex [GO:0008250]
Q92317	NCB2_YEAST	NCB2 YDR1 YDR397C	146	negative cofactor 2 complex [GO:0017054]; nucleus [GO:0005634]
Q92325	LAG2_YEAST	LAG2 YOL025W	660	mitochondrion [GO:0005739]
Q92328	MDM12_YEAST	MDM12 YOL009C	271	cytoplasm [GO:0005737]; endoplasmic reticulum membrane [GO:0005789]; ERMES complex [GO:0032865]; mitochondria-associated endoplasmic reticulum membrane contact site [GO:0044233]; mitochondrial outer membrane [GO:0005741]; mitochondrion [GO:0005739]; nucleus [GO:0005634]; outer mitochondrial membrane protein complex [GO:0098799]; plasma membrane [GO:0005886]
Q92331	VPS5_YEAST	VPS5 GRD2 PEP10 VPT5 YOR069W YOR29-20	675	cytosol [GO:0005829]; endomembrane system [GO:0012505]; endosome [GO:0005768]; endosome membrane [GO:0010008]; Golgi membrane [GO:0000139]; retromer complex [GO:0030904]; retromer, tubulation complex [GO:0030905]
Q92393	YO12B_YEAST	TY1B-OR YORWTy1-2 POL YOR142W-B O3367 YOR3367W	1755	cytoplasm [GO:0005737]; nucleus [GO:0005634]
Q96VH5	MIC10_YEAST	MIC10 MCS10 MIO10 MOS1 YCL057C-A	97	MICOS complex [GO:0061617]; mitochondrial crista junction [GO:0044284]; mitochondrial inner membrane [GO:0005743]; mitochondrion [GO:0005739]
Q99176	SRN2_YEAST	SRN2 SRN10 VPS37 YLR119W L2958 L9233.5	213	endosome [GO:0005768]; ESCRT I complex [GO:0000813]; late endosome membrane [GO:0031902]; nucleus [GO:0005634]
Q99186	AP2M_YEAST	APM4 AMP1 YOL062C O1210	491	AP-2 adaptor complex [GO:0030122]; cytoplasmic vesicle [GO:0031410]; cytosol [GO:0005829]
Q99190	TECR_YEAST	TSC13 YDL015C D2865	310	endoplasmic reticulum [GO:0005783]; endoplasmic reticulum membrane [GO:0005789]; mitochondrion [GO:0005739]
Q99207	NOP14_YEAST	NOP14 UTP2 YDL148C D1566	810	90S preribosome [GO:0030686]; mitochondrion [GO:0005739]; Noc4p-Nop14p complex [GO:0030692]; nucleolus [GO:0005730]; nucleoplasm [GO:0005654]; nucleus [GO:0005634]; preribosome, small subunit precursor [GO:0030688]; small-subunit processome [GO:0032040]
Q99210	NTPPA_YEAST	YOR111W O3237 YOR3237W	232	cytoplasm [GO:0005737]
Q99216	PNO1_YEAST	PNO1 DIM2 RRP20 YOR145C O3513 YOR3513C	274	90S preribosome [GO:0030686]; cytoplasm [GO:0005737]; nucleolus [GO:0005730]; nucleus [GO:0005634]
Q99219	YI31A_YEAST	TY3A-I YILWTy3-1 GAG YIL082W	290	cytoplasm [GO:0005737]; retrotransposon nucleocapsid [GO:0000943]
Q99220	OS9_YEAST	YOS9 YDR057W D4222	542	endoplasmic reticulum [GO:0005783]; endoplasmic reticulum lumen [GO:0005788]; endoplasmic reticulum membrane [GO:0005789]; Hrd1p ubiquitin ligase complex [GO:0000836]; Hrd1p ubiquitin ligase ERAD-L complex [GO:0000839]; luminal surveillance complex [GO:0034099]
Q99222	AFI1_YEAST	AFI1 YOR129C YOR3296C	893	cell cortex [GO:0005938]; cellular bud neck [GO:0005935]; cytoplasm [GO:0005737]; nucleus [GO:0005634]; perinuclear region of cytoplasm [GO:0048471]; plasma membrane [GO:0005886]
Q99231	YD12B_YEAST	TY1B-DR3 YDRCTy1-2 POL YDR210C-D YD8142B.01	1755	cytoplasm [GO:0005737]; nucleus [GO:0005634]
Q99257	MEX67_YEAST	MEX67 YPL169C P2520	599	cytoplasm [GO:0005737]; nuclear pore [GO:0005643]; nuclear RNA export factor complex [GO:0042272]; nucleus [GO:0005634]
Q99258	RIB3_YEAST	RIB3 YDR487C D8035.30	208	cytosol [GO:0005829]; mitochondrial intermembrane space [GO:0005758]; nucleus [GO:0005634]
Q99260	YPT6_YEAST	YPT6 YLR262C L8479.11	215	cis-Golgi network [GO:0005801]; cytosol [GO:0005829]; endomembrane system [GO:0012505]; Golgi apparatus [GO:0005794]; phagophore assembly site [GO:0000407]; plasma membrane [GO:0005886]
Q99271	NAH1_YEAST	NHA1 YLR138W L3149 L9606.4	985	endoplasmic reticulum [GO:0005783]; membrane raft [GO:0045121]; plasma membrane [GO:0005886]
Q99278	MED11_YEAST	MED11 YMR112C YM9718.11C	115	core mediator complex [GO:0070847]; mediator complex [GO:0016592]; nucleus [GO:0005634]
Q99287	SEY1_YEAST	SEY1 YOR165W O3590	776	cell periphery [GO:0071944]; cellular bud [GO:0005933]; cortical endoplasmic reticulum [GO:0032541]; cytoplasm [GO:0005737]; endoplasmic reticulum [GO:0005783]; endoplasmic reticulum membrane [GO:0005789]
Q99299	AIM44_YEAST	AIM44 YPL158C P2570	758	cell division site [GO:0032153]; cellular bud neck [GO:0005935]; cellular bud neck septin collar [GO:0032174]; cellular bud neck split septin rings [GO:0032177]; cellular bud tip [GO:0005934]; nuclear inner membrane [GO:0005637]; plasma membrane [GO:0005886]
Q99312	ISN1_YEAST	ISN1 YOR155C O3548	450	
Q99314	SAS5_YEAST	SAS5 YOR213C	248	chromatin [GO:0000785]; chromosome, telomeric region [GO:0000781]; Ino80 complex [GO:0031011]; nucleus [GO:0005634]; SAS acetyltransferase complex [GO:0033255]; SWI/SNF complex [GO:0016514]; transcription factor TFIID complex [GO:0005669]; transcription factor TFIIF complex [GO:0005674]
Q99315	YG31B_YEAST	TY3B-G YGRWTy3-1 POL YGR109W-B G5984	1547	cytoplasm [GO:0005737]; nucleus [GO:0005634]
Q99321	DDP1_YEAST	DDP1 YOR163W O3575	188	cytoplasm [GO:0005737]; nucleus [GO:0005634]
Q99325	ATG40_YEAST	ATG40 YOR152C O3536	256	cortical endoplasmic reticulum [GO:0032541]; endoplasmic reticulum membrane [GO:0005789]; membrane [GO:0016020]; phagophore assembly site membrane [GO:0034045]
Q99337	YN12B_YEAST	TY1B-NL2 YNLWTy1-2 POL YNL054W-B N2453	1749	cytoplasm [GO:0005737]; nucleus [GO:0005634]
Q99380	OST4_YEAST	OST4 YDL232W	36	endoplasmic reticulum membrane [GO:0005789]; mitochondrion [GO:0005739]; oligosaccharyltransferase complex [GO:0008250]
Q99383	HRP1_YEAST	HRP1 NAB4 NAB5 YOL123W	534	cytoplasm [GO:0005737]; cytoplasmic stress granule [GO:0010494]; mRNA cleavage factor complex [GO:0005849]; nucleus [GO:0005634]
Q99385	VCX1_YEAST	VCX1 HUM1 MNR1 YDL128W	411	fungal-type vacuole [GO:0000324]; fungal-type vacuole membrane [GO:0000329]
Q99394	TRS33_YEAST	TRS33 YOR115C O3251 YOR3251C	268	cis-Golgi network [GO:0005801]; cytosol [GO:0005829]; endoplasmic reticulum [GO:0005783]; phagophore assembly site [GO:0000407]; trans-Golgi network [GO:0005802]; TRAPP complex [GO:0030008]; TRAPPI protein complex [GO:1990070]; TRAPPII protein complex [GO:1990071]; TRAPPIII protein complex [GO:1990072]
Q9URQ3	ADAT3_YEAST	TAD3 YLR316C	322	cytoplasm [GO:0005737]; nucleus [GO:0005634]; peroxisome [GO:0005777]; tRNA-specific adenosine-34 deaminase complex [GO:0052718]
Q9URQ5	HTL1_YEAST	HTL1 DRT1 YCR020W-B	78	chromatin [GO:0000785]; nucleus [GO:0005634]; RSC-type complex [GO:0016586]
Q9ZZW7	MBI3_YEAST	BI3 Q0115	517	mitochondrial inner membrane [GO:0005743]; mitochondrion [GO:0005739]
Q9ZZX1	SCE4_YEAST	AI5_ALPHA I-SCEIV Q0070	630	mitochondrion [GO:0005739]; respiratory chain complex IV [GO:0045277]
D6W196	CMC1_YEAST	SAL1 YNL083W N2312	494	mitochondrial inner membrane [GO:0005743]; mitochondrion [GO:0005739]
O13559	YRF14_YEAST	YRF1-4 YLR466W	1382	cytoplasm [GO:0005737]; nucleus [GO:0005634]
O13577	DIF1_YEAST	DIF1 YLR437C	133	cytoplasm [GO:0005737]; nucleus [GO:0005634]
O14464	RTC6_YEAST	RTC6 TAE4 YPL183W-A YPL183BW	93	mitochondrial inner membrane [GO:0005743]; mitochondrial large ribosomal subunit [GO:0005762]
O14468	YO304_YEAST	YOR304C-A	76	cellular bud [GO:0005933]; cellular bud neck [GO:0005935]; cellular bud tip [GO:0005934]; cytoplasm [GO:0005737]; mating projection tip [GO:0043332]
P00045	CYC7_YEAST	CYC7 CYP3 YEL039C	113	mitochondrial intermembrane space [GO:0005758]; mitochondrion [GO:0005739]
P00425	COX5B_YEAST	COX5B YIL111W	151	mitochondrial inner membrane [GO:0005743]; mitochondrion [GO:0005739]; respiratory chain complex IV [GO:0045277]
P00427	COX6_YEAST	COX6 YHR051W	148	mitochondrial inner membrane [GO:0005743]; mitochondrion [GO:0005739]; respiratory chain complex IV [GO:0045277]
P00447	SODM_YEAST	SOD2 YHR008C	233	mitochondrial matrix [GO:0005759]; mitochondrion [GO:0005739]
P00856	ATP8_YEAST	ATP8 AAP1 Q0080	48	mitochondrial inner membrane [GO:0005743]; mitochondrion [GO:0005739]; proton-transporting ATP synthase complex [GO:0045259]
P00899	TRPE_YEAST	TRP2 YER090W	507	anthranilate synthase complex [GO:0005950]; cytoplasm [GO:0005737]
P00931	TRP_YEAST	TRP5 YGL026C	707	cytoplasm [GO:0005737]; nucleus [GO:0005634]
P01098	STF1_YEAST	STF1 AIS2 YDL130W-A YDL130BW	86	mitochondrion [GO:0005739]
P01149	MFAL1_YEAST	MF(ALPHA)1 MF-ALPHA-1 MFAL1 YPL187W	165	extracellular region [GO:0005576]
P02381	RMAR_YEAST	VAR1 Q0140	398	mitochondrial inner membrane [GO:0005743]; mitochondrial ribosome [GO:0005761]; mitochondrial small ribosomal subunit [GO:0005763]; mitochondrion [GO:0005739]
P03872	REP2_YEAST	REP2 R0040C	296	nuclear chromosome [GO:0000228]; nucleus [GO:0005634]
P03882	SCE1_YEAST	SCEI OMEGA SECY Q0160	235	mitochondrion [GO:0005739]
P04046	PUR1_YEAST	ADE4 YMR300C YM9952.02C	510	cytoplasm [GO:0005737]
P04076	ARLY_YEAST	ARG4 YHR018C	463	cytosol [GO:0005829]
P04161	PUR3_YEAST	ADE8 YDR408C D9509.26	214	cytoplasm [GO:0005737]; nucleus [GO:0005634]
P04173	LEU3_YEAST	LEU2 YCL018W YCL18W	364	cytosol [GO:0005829]
P04650	RL39_YEAST	RPL39 RPL46 SPB2 YJL189W J0360	51	cytoplasm [GO:0005737]; cytosol [GO:0005829]; cytosolic large ribosomal subunit [GO:0022625]
P04801	SYTC_YEAST	THS1 YIL078W	734	cytoplasm [GO:0005737]; mitochondrion [GO:0005739]
P04803	SYWM_YEAST	MSW1 MSW YDR268W D9954.7	379	mitochondrial matrix [GO:0005759]; mitochondrion [GO:0005739]
P05085	ARGR2_YEAST	ARG81 ARGR2 YML099C	880	cytoplasm [GO:0005737]; nucleus [GO:0005634]; RNA polymerase II transcription regulator complex [GO:0090575]
P05316	FUR4_YEAST	FUR4 YBR021W YBR0303	633	cell periphery [GO:0071944]; eisosome [GO:0032126]; fungal-type vacuole [GO:0000324]; plasma membrane [GO:0005886]
P05626	ATPF_YEAST	ATP4 YPL078C LPF7C	244	mitochondrial inner membrane [GO:0005743]; mitochondrion [GO:0005739]; proton-transporting ATP synthase complex [GO:0045259]
P05738	RL9A_YEAST	RPL9A RPL8A RPL9 YGL147C	191	cytosol [GO:0005829]; cytosolic large ribosomal subunit [GO:0022625]
P05743	RL26A_YEAST	RPL26A RPL26 RPL33A YLR344W L8300.4	127	cytosol [GO:0005829]; cytosolic large ribosomal subunit [GO:0022625]
P05747	RL29_YEAST	RPL29 YL43 YFR032C-A YFR032BW	59	cytoplasm [GO:0005737]; cytosol [GO:0005829]; cytosolic large ribosomal subunit [GO:0022625]
P05749	RL22A_YEAST	RPL22A YLR061W L2168	121	cytosol [GO:0005829]; cytosolic large ribosomal subunit [GO:0022625]
P06182	CCHL_YEAST	CYC3 YAL039C	269	mitochondrial inner membrane [GO:0005743]; mitochondrial intermembrane space [GO:0005758]; mitochondrion [GO:0005739]
P06633	HIS7_YEAST	HIS3 YOR202W	220	
P06773	DCTD_YEAST	DCD1 YHR144C	312	cytoplasm [GO:0005737]
P06775	HIP1_YEAST	HIP1 YGR191W G7572	603	cell periphery [GO:0071944]; endoplasmic reticulum [GO:0005783]; membrane [GO:0016020]; plasma membrane [GO:0005886]
P06776	PDE2_YEAST	PDE2 SRA5 YOR360C	526	cytoplasm [GO:0005737]; nucleus [GO:0005634]
P06783	STE3_YEAST	STE3 YKL178C	470	endoplasmic reticulum [GO:0005783]; plasma membrane [GO:0005886]; vacuolar lumen [GO:0005775]
P07253	CBP6_YEAST	CBP6 YBR120C YBR0916	162	Cbp3p-Cbp6 complex [GO:0061671]; mitochondrial matrix [GO:0005759]; mitochondrial ribosome [GO:0005761]; mitochondrion [GO:0005739]
P07262	DHE4_YEAST	GDH1 DHE4 URE1 YOR375C	454	cytoplasm [GO:0005737]; cytosol [GO:0005829]; nucleus [GO:0005634]
P07266	MRS1_YEAST	MRS1 PET157 YIR021W	363	mitochondrial matrix [GO:0005759]; mitochondrion [GO:0005739]; ribonucleoprotein complex [GO:1990904]
P07275	PUT2_YEAST	PUT2 YHR037W	575	mitochondrial inner membrane [GO:0005743]; mitochondrial matrix [GO:0005759]; mitochondrion [GO:0005739]
P07285	TRPD_YEAST	TRP4 YDR354W D9476.4	380	cytoplasm [GO:0005737]; cytosol [GO:0005829]; nucleus [GO:0005634]
P07806	SYV_YEAST	VAS1 YGR094W	1104	cytoplasm [GO:0005737]; cytosol [GO:0005829]; mitochondrion [GO:0005739]
P07807	DYR_YEAST	DFR1 YOR236W O5231	211	cytoplasm [GO:0005737]; mitochondrion [GO:0005739]
P08431	GAL7_YEAST	GAL7 YBR018C YBR0226	366	cytoplasm [GO:0005737]
P08465	MET2_YEAST	MET2 YNL277W N0615	486	cytoplasm [GO:0005737]
P09368	PUT1_YEAST	PUT1 YLR142W L3170 L9606.2	476	mitochondrial matrix [GO:0005759]; mitochondrion [GO:0005739]
P09436	SYIC_YEAST	ILS1 YBL076C YBL0734	1072	cytosol [GO:0005829]
P09457	ATPO_YEAST	ATP5 OSCP YDR298C D9740.11	212	mitochondrial inner membrane [GO:0005743]; mitochondrion [GO:0005739]; proton-transporting ATP synthase complex [GO:0045259]
P0C074	YSF3_YEAST	YSF3 RCP10 YNL138W-A	85	nucleus [GO:0005634]; precatalytic spliceosome [GO:0071011]; spliceosomal complex [GO:0005681]; U2 snRNP [GO:0005686]; U2-type spliceosomal complex [GO:0005684]
P0C0W1	RS22A_YEAST	RPS22A RPS24 RPS24A YJL190C J0355	130	cytosol [GO:0005829]; cytosolic small ribosomal subunit [GO:0022627]
P0C2H6	RL27A_YEAST	RPL27A RPL27 YHR010W	136	cytosol [GO:0005829]; cytosolic large ribosomal subunit [GO:0022625]
P0C2H8	RL31A_YEAST	RPL31A RPL34 RPL34A YDL075W D2478	113	cytosol [GO:0005829]; cytosolic large ribosomal subunit [GO:0022625]
P0C2H9	RL31B_YEAST	RPL31B RPL34 RPL34B YLR406C	113	cytosol [GO:0005829]; cytosolic large ribosomal subunit [GO:0022625]
P0CD90	AQY2_YEAST	AQY2 AQY2-2 YLL052C L0590	149	cytosol [GO:0005829]; endoplasmic reticulum membrane [GO:0005789]; plasma membrane [GO:0005886]
P0CD99	MPH2_YEAST	MPH2 YDL247W	609	cell periphery [GO:0071944]; membrane [GO:0016020]; plasma membrane [GO:0005886]
P0CE00	MPH3_YEAST	MPH3 YJR160C J2400	602	cell periphery [GO:0071944]; fungal-type vacuole [GO:0000324]; membrane [GO:0016020]; plasma membrane [GO:0005886]
P0CE68	NFT1_YEAST	NFT1 YKR103W	1218	fungal-type vacuole membrane [GO:0000329]
P0CH63	DDI2_YEAST	DDI2 YFL061W	225	
P0CH64	DDI3_YEAST	DDI3 YNL335W N0280	225	
P0CW40	MALX2_YEAST	IMA3 YIL172C	589	cytoplasm [GO:0005737]
P0CW41	MALX4_YEAST	IMA4 FSP2 YJL221C HRE589 J0218	589	
P0CX08	DSF1_YEAST	DSF1 MAN1 YEL070W	502	
P0CX20	YRF11_YEAST	YRF1-1 YDR545W D3703.4	1796	cytoplasm [GO:0005737]; nucleus [GO:0005634]
P0CX21	YRF15_YEAST	YRF1-5 YLR467W L9040	1796	cytoplasm [GO:0005737]; nucleus [GO:0005634]
P0CX26	RL43B_YEAST	RPL43B YJR094W-A YJR094BW	92	cytosol [GO:0005829]; cytosolic large ribosomal subunit [GO:0022625]
P0CX33	RS30A_YEAST	RPS30A YLR287C-A L8003.23 YLR287BC	63	cytoplasmic stress granule [GO:0010494]; cytosol [GO:0005829]; cytosolic small ribosomal subunit [GO:0022627]
P0CX34	RS30B_YEAST	RPS30B YOR182C	63	cytosol [GO:0005829]; cytosolic small ribosomal subunit [GO:0022627]
P0CX39	RS8A_YEAST	RPS8A RPS14A YBL072C YBL06.05 YBL0613	200	90S preribosome [GO:0030686]; cytosol [GO:0005829]; cytosolic small ribosomal subunit [GO:0022627]
P0CX40	RS8B_YEAST	RPS8B RPS14B YER102W	200	90S preribosome [GO:0030686]; cytosol [GO:0005829]; cytosolic small ribosomal subunit [GO:0022627]
P0CX52	RS16B_YEAST	RPS16B YDL083C	143	cytosol [GO:0005829]; cytosolic small ribosomal subunit [GO:0022627]
P0CX86	RS32A_YEAST	RPL41A RPL47A YL41A YDL184C D1290	25	cytosol [GO:0005829]; cytosolic large ribosomal subunit [GO:0022625]
P0CX87	RS32B_YEAST	RPL41B RPL47B YL41B YDL133C-A YDL133BC	25	cytosol [GO:0005829]; cytosolic large ribosomal subunit [GO:0022625]
P10355	PT122_YEAST	PET122 YER153C	254	mitochondrial inner membrane [GO:0005743]; mitochondrion [GO:0005739]
P10566	MRS3_YEAST	MRS3 YJL133W J0675	314	mitochondrial inner membrane [GO:0005743]; mitochondrial membrane [GO:0031966]; mitochondrion [GO:0005739]
P10834	PET54_YEAST	PET54 YGR222W G8527	293	mitochondrial inner membrane [GO:0005743]; mitochondrial matrix [GO:0005759]; mitochondrion [GO:0005739]
P10849	MITF2_YEAST	MTF2 NAM1 YDL044C D2705	440	mitochondrial matrix [GO:0005759]; mitochondrion [GO:0005739]
P10963	PCKA_YEAST	PCK1 PEPC PPC1 YKR097W	549	cytosol [GO:0005829]
P12685	TRK1_YEAST	TRK1 YJL129C J0693	1235	cell periphery [GO:0071944]; membrane raft [GO:0045121]; plasma membrane [GO:0005886]
P12887	UNG_YEAST	UNG1 YML021C	359	mitochondrion [GO:0005739]; nucleus [GO:0005634]
P13045	GAL3_YEAST	GAL3 YDR009W YD8119.14	520	cytoplasm [GO:0005737]; cytosol [GO:0005829]; nucleus [GO:0005634]; transcription regulator complex [GO:0005667]
P13090	ATR1_YEAST	ATR1 SNQ1 YML116W YM8339.03	542	cell periphery [GO:0071944]; membrane [GO:0016020]; plasma membrane [GO:0005886]; vacuole [GO:0005773]
P13181	GAL2_YEAST	GAL2 IMP1 YLR081W L9449.6	574	cell periphery [GO:0071944]; plasma membrane [GO:0005886]
P13188	SYQ_YEAST	GLN4 YOR168W O3601	809	cytosol [GO:0005829]; mitochondrion [GO:0005739]
P13298	PYRE_YEAST	URA5 PYR5 YML106W YM8339.13	226	cytoplasm [GO:0005737]; nucleus [GO:0005634]
P13433	RPOM_YEAST	RPO41 YFL036W	1351	cytoplasm [GO:0005737]; mitochondrial DNA-directed RNA polymerase complex [GO:0034245]; mitochondrial matrix [GO:0005759]; mitochondrial nucleoid [GO:0042645]; mitochondrion [GO:0005739]
P13483	DATI_YEAST	DAT1 DAT YML113W YM8339.06	248	cytosol [GO:0005829]; nucleus [GO:0005634]
P13711	ACOX_YEAST	POX1 FOX1 YGL205W	748	peroxisomal matrix [GO:0005782]; peroxisome [GO:0005777]
P13902	INO4_YEAST	INO4 YOL108C HRF151	151	nucleus [GO:0005634]; RNA polymerase II transcription regulator complex [GO:0090575]
P14063	RM31_YEAST	MRPL31 YKL138C	131	mitochondrial inner membrane [GO:0005743]; mitochondrial large ribosomal subunit [GO:0005762]; mitochondrion [GO:0005739]
P14066	CBS1_YEAST	CBS1 YDL069C	229	mitochondrial inner membrane [GO:0005743]; mitochondrial ribosome [GO:0005761]; mitochondrion [GO:0005739]
P14359	SNA3_YEAST	SNA3 YJL151C J0630	133	fungal-type vacuole [GO:0000324]; fungal-type vacuole lumen [GO:0000328]; late endosome membrane [GO:0031902]; membrane [GO:0016020]
P15179	SYDM_YEAST	MSD1 YPL104W LPG5W	658	mitochondrial matrix [GO:0005759]; mitochondrion [GO:0005739]
P15365	DAL5_YEAST	DAL5 UREP1 YJR152W J2230	543	cell periphery [GO:0071944]; fungal-type vacuole [GO:0000324]; plasma membrane [GO:0005886]
P15380	PUT4_YEAST	PUT4 YOR348C O6345	627	membrane [GO:0016020]; plasma membrane [GO:0005886]
P16965	STF2_YEAST	STF2 YGR008C G3858	84	cytoplasm [GO:0005737]; mitochondrion [GO:0005739]
P17121	SAC7_YEAST	SAC7 YDR389W	654	cell cortex [GO:0005938]; cytoskeleton [GO:0005856]
P17122	SPO16_YEAST	SPO16 YHR153C	198	condensed nuclear chromosome [GO:0000794]; nuclear chromosome [GO:0000228]; synapsis initiation complex [GO:0106069]
P17261	ERS1_YEAST	ERS1 YCR075C YCR75C	260	endosome [GO:0005768]; endosome membrane [GO:0010008]; fungal-type vacuole [GO:0000324]; plasma membrane [GO:0005886]; vacuolar membrane [GO:0005774]
P18408	MET16_YEAST	MET16 YPR167C P9325.8	261	cytoplasm [GO:0005737]; cytosol [GO:0005829]
P18414	ERD2_YEAST	ERD2 YBL040C YBL0408	219	cis-Golgi network [GO:0005801]; endoplasmic reticulum [GO:0005783]; endoplasmic reticulum membrane [GO:0005789]
P18494	GLN3_YEAST	GLN3 YER040W	730	cytosol [GO:0005829]; nucleus [GO:0005634]
P18496	ATP10_YEAST	ATP10 YLR393W L8084.8	279	cytoplasm [GO:0005737]; mitochondrial inner membrane [GO:0005743]; mitochondrial membrane [GO:0031966]; mitochondrion [GO:0005739]
P18544	ARGD_YEAST	ARG8 YOL140W	423	mitochondrial matrix [GO:0005759]; mitochondrion [GO:0005739]
P18900	COQ1_YEAST	COQ1 YBR003W YBR0109	473	extrinsic component of mitochondrial inner membrane [GO:0031314]; mitochondrion [GO:0005739]; polyprenyl diphosphate synthase complex [GO:0032476]
P18963	IRA1_YEAST	IRA1 GLC1 PPD1 YBR140C YBR1016	3092	membrane [GO:0016020]; mitochondrion [GO:0005739]
P19158	IRA2_YEAST	IRA2 CCS1 GLC4 YOL081W O0985	3079	cytoplasm [GO:0005737]; cytosol [GO:0005829]; endoplasmic reticulum membrane [GO:0005789]; mitochondrion [GO:0005739]
P19881	PNPP_YEAST	PHO13 YDL236W	312	cytoplasm [GO:0005737]; nucleus [GO:0005634]
P20049	TYR1_YEAST	TYR1 YBR166C YBR1218	452	cytoplasm [GO:0005737]
P20051	PYRC_YEAST	URA4 YLR420W L9931.1	364	cytoplasm [GO:0005737]; nucleus [GO:0005634]
P20084	RM33_YEAST	MRPL33 YMR286W YM8021.12	86	mitochondrial inner membrane [GO:0005743]; mitochondrial large ribosomal subunit [GO:0005762]; mitochondrion [GO:0005739]
P20437	CG11_YEAST	CLN1 YMR199W YM9646.13	546	cyclin-dependent protein kinase holoenzyme complex [GO:0000307]; cytoplasm [GO:0005737]; nucleus [GO:0005634]
P20438	CG12_YEAST	CLN2 YPL256C	545	cyclin-dependent protein kinase holoenzyme complex [GO:0000307]; cytoplasm [GO:0005737]; nucleus [GO:0005634]
P21304	PWP1_YEAST	PWP1 YLR196W L8167.10	576	cytoplasm [GO:0005737]; nucleolus [GO:0005730]; nucleus [GO:0005634]
P21306	ATP5E_YEAST	ATP15 YPL271W P0345	62	mitochondrial inner membrane [GO:0005743]; mitochondrion [GO:0005739]; proton-transporting ATP synthase complex [GO:0045259]
P21595	CP56_YEAST	DIT2 CYP56 YDR402C D9509.20	489	endoplasmic reticulum [GO:0005783]
P21657	DAL81_YEAST	DAL81 DURL UGA35 YIR023W	970	nucleus [GO:0005634]
P22023	KRE5_YEAST	KRE5 YOR336W	1365	endoplasmic reticulum [GO:0005783]; endoplasmic reticulum lumen [GO:0005788]
P22035	BAS1_YEAST	BAS1 YKR099W	811	nucleus [GO:0005634]
P22134	MAG_YEAST	MAG1 MAG YER142C	296	nucleus [GO:0005634]
P22135	ATP12_YEAST	ATP12 YJL180C J0486	325	mitochondrial intermembrane space [GO:0005758]; mitochondrial matrix [GO:0005759]; mitochondrion [GO:0005739]
P22136	AEP2_YEAST	AEP2 ATP13 YMR282C YM8021.08C	580	mitochondrion [GO:0005739]
P22209	KIN3_YEAST	KIN3 NPK1 YAR018C FUN52	435	cytoplasm [GO:0005737]; mitotic spindle pole body [GO:0044732]; nucleus [GO:0005634]
P22353	RM08_YEAST	MRPL8 YJL063C HRD238 J1125	238	mitochondrial inner membrane [GO:0005743]; mitochondrial large ribosomal subunit [GO:0005762]; mitochondrion [GO:0005739]
P22354	RM20_YEAST	MRPL20 YKR085C YKR405	195	mitochondrial inner membrane [GO:0005743]; mitochondrial large ribosomal subunit [GO:0005762]; mitochondrion [GO:0005739]
P22438	SYMM_YEAST	MSM1 YGR171C	575	mitochondrial matrix [GO:0005759]; mitochondrion [GO:0005739]
P22470	SAN1_YEAST	SAN1 YDR143C YD2943.02C	610	cytoplasm [GO:0005737]; nucleus [GO:0005634]; peroxisome [GO:0005777]
P23180	AIM17_YEAST	AIM17 FMP12 YHL021C	465	mitochondrion [GO:0005739]
P23248	RS3A2_YEAST	RPS1B PLC2 RPS10B YML063W	255	90S preribosome [GO:0030686]; cytosol [GO:0005829]; cytosolic small ribosomal subunit [GO:0022627]
P23369	RM25_YEAST	MRPL25 YMR26 YGR076C	157	mitochondrial inner membrane [GO:0005743]; mitochondrial large ribosomal subunit [GO:0005762]; mitochondrion [GO:0005739]
P23500	MRS4_YEAST	MRS4 YKR052C	304	mitochondrial inner membrane [GO:0005743]; mitochondrial membrane [GO:0031966]; mitochondrion [GO:0005739]
P23501	DS1P2_YEAST	YSR3 LBP2 YKR053C	404	endoplasmic reticulum [GO:0005783]; endoplasmic reticulum membrane [GO:0005789]
P23624	SPO13_YEAST	SPO13 YHR014W	291	condensed chromosome, centromeric region [GO:0000779]; meiotic spindle [GO:0072687]; nucleus [GO:0005634]
P23641	MPCP_YEAST	MIR1 YJR077C J1837	311	mitochondrial inner membrane [GO:0005743]; mitochondrial intermembrane space [GO:0005758]; mitochondrion [GO:0005739]
P23748	MPIP_YEAST	MIH1 YMR036C YM9532.01C YM9973.10C	554	cytoplasm [GO:0005737]; nucleus [GO:0005634]
P24000	RL24B_YEAST	RPL24B RPL30B YGR148C G6635	155	cytosol [GO:0005829]; cytosolic large ribosomal subunit [GO:0022625]
P24521	ERG8_YEAST	ERG8 YMR220W YM9959.02	451	cytoplasm [GO:0005737]; nucleus [GO:0005634]; peroxisome [GO:0005777]; vacuole [GO:0005773]
P24719	MEK1_YEAST	MEK1 MRE4 YOR351C O6357	497	cytoplasm [GO:0005737]; nucleus [GO:0005634]
P24871	CG24_YEAST	CLB4 YLR210W L8167.3	460	cyclin-dependent protein kinase holoenzyme complex [GO:0000307]; cytoplasm [GO:0005737]; microtubule organizing center [GO:0005815]; nucleus [GO:0005634]
P25038	IF2M_YEAST	IFM1 YOL023W	676	cell periphery [GO:0071944]; cytoplasm [GO:0005737]; mitochondrion [GO:0005739]; nucleus [GO:0005634]
P25039	EFGM_YEAST	MEF1 YLR069C L2195	761	cytosol [GO:0005829]; mitochondrion [GO:0005739]
P25270	MRM1_YEAST	MRM1 PET56 YOR201C	412	mitochondrion [GO:0005739]
P25332	RBSK_YEAST	RBK1 YCR036W YCR36W YCR523	333	cytoplasm [GO:0005737]; cytosol [GO:0005829]; nucleus [GO:0005634]
P25334	CYPR_YEAST	CPR4 CYP4 SCC3 YCR069W YCR69W/YCR70W	318	cytoplasm [GO:0005737]; endoplasmic reticulum [GO:0005783]; fungal-type vacuole [GO:0000324]; membrane [GO:0016020]
P25337	BUD31_YEAST	BUD31 CWC14 YCR063W YCR63W YCR903	157	nucleus [GO:0005634]; Prp19 complex [GO:0000974]; spliceosomal complex [GO:0005681]; U2 snRNP [GO:0005686]
P25338	MPO1_YEAST	MPO1 YGL010W YGL021	174	endoplasmic reticulum [GO:0005783]; endoplasmic reticulum membrane [GO:0005789]
P25339	PUF4_YEAST	PUF4 YGL014W YGL023	888	cytoplasm [GO:0005737]
P25345	SYNM_YEAST	SLM5 YCR024C YCR242 YCR24C	492	mitochondrial matrix [GO:0005759]; mitochondrion [GO:0005739]
P25356	BPH1_YEAST	BPH1 YCR032W YCR32W YCR591 YCR601	2167	cytosol [GO:0005829]; fungal-type vacuole membrane [GO:0000329]; late endosome [GO:0005770]; mitochondrion [GO:0005739]
P25365	SED4_YEAST	SED4 YCR067C YCR67C YCR901	1065	cytoplasm [GO:0005737]; endoplasmic reticulum membrane [GO:0005789]; Golgi membrane [GO:0000139]
P25367	RNQ1_YEAST	RNQ1 YCL028W YCL181 YCL28W	405	cytosol [GO:0005829]; nucleus [GO:0005634]
P25371	ADP1_YEAST	ADP1 YCR011C YCR105 YCR11C	1049	cytoplasm [GO:0005737]; endoplasmic reticulum [GO:0005783]; endoplasmic reticulum membrane [GO:0005789]; fungal-type vacuole [GO:0000324]; fungal-type vacuole membrane [GO:0000329]; membrane [GO:0016020]
P25379	STDH_YEAST	CHA1 YCL064C YCL64C	360	mitochondrial nucleoid [GO:0042645]; mitochondrion [GO:0005739]
P25381	RRT12_YEAST	RRT12 OSW3 YCR045C YCR45C	491	ascospore wall [GO:0005619]; extracellular space [GO:0005615]; nuclear envelope [GO:0005635]
P25390	SSK22_YEAST	SSK22 YCR073C YCR73C	1331	cytoplasm [GO:0005737]
P25559	DCC1_YEAST	DCC1 YCL016C YCL16C	380	chromatin [GO:0000785]; chromosome, centromeric region [GO:0000775]; Ctf18 RFC-like complex [GO:0031390]
P25560	RER1_YEAST	RER1 YCL001W YCL1W	188	COPI-coated vesicle [GO:0030137]; COPII-coated ER to Golgi transport vesicle [GO:0030134]; endoplasmic reticulum [GO:0005783]; fungal-type vacuole [GO:0000324]; Golgi membrane [GO:0000139]
P25566	MXR2_YEAST	MXR2 MSRB YCL033C YCL33C	168	cytoplasm [GO:0005737]; mitochondrion [GO:0005739]
P25567	SRO9_YEAST	SRO9 YCL037C YCL37C	434	cytoplasmic stress granule [GO:0010494]; cytosol [GO:0005829]; nucleus [GO:0005634]; transcription repressor complex [GO:0017053]
P25578	PGPS1_YEAST	PGS1 PEL1 YCL004W YCL003W YCL3W YCL4W	521	mitochondrion [GO:0005739]
P25580	PBN1_YEAST	PBN1 YCL052C YCL52C	416	endoplasmic reticulum [GO:0005783]; endoplasmic reticulum membrane [GO:0005789]; glycosylphosphatidylinositol-mannosyltransferase I complex [GO:1990529]
P25594	VBA3_YEAST	VBA3 YCL069W YCL69W	458	endoplasmic reticulum [GO:0005783]; fungal-type vacuole membrane [GO:0000329]; plasma membrane [GO:0005886]
P25596	GEX1_YEAST	GEX1 YCL073C YCL70C/YCL71C/YCL73C	615	cell periphery [GO:0071944]; endosome [GO:0005768]; plasma membrane [GO:0005886]; vacuolar membrane [GO:0005774]
P25621	FEN2_YEAST	FEN2 YCR028C YCR28C	512	cell periphery [GO:0071944]; fungal-type vacuole [GO:0000324]; fungal-type vacuole membrane [GO:0000329]; plasma membrane [GO:0005886]
P25625	PER1_YEAST	PER1 COS16 YCR044C YCR44C	357	endoplasmic reticulum [GO:0005783]; endoplasmic reticulum membrane [GO:0005789]; fungal-type vacuole membrane [GO:0000329]
P25626	IMG1_YEAST	IMG1 PETCR46 YCR046C YCR46C	169	mitochondrial inner membrane [GO:0005743]; mitochondrial large ribosomal subunit [GO:0005762]; mitochondrion [GO:0005739]
P25628	ARE1_YEAST	ARE1 SAT2 YCR048W YCR48W	610	endoplasmic reticulum [GO:0005783]; endoplasmic reticulum membrane [GO:0005789]
P25649	AHC2_YEAST	AHC2 YCR082W YCR82W	128	ADA complex [GO:0140671]; cytoplasm [GO:0005737]; nucleus [GO:0005634]
P26343	DAL80_YEAST	DAL80 UGA43 YKR034W	269	nucleus [GO:0005634]
P26637	SYLC_YEAST	CDC60 YPL160W P2564	1090	cytoplasm [GO:0005737]
P26725	YUR1_YEAST	YUR1 YJL139C J0657	428	endoplasmic reticulum [GO:0005783]; Golgi apparatus [GO:0005794]; Golgi membrane [GO:0000139]
P26798	INO2_YEAST	INO2 DIE1 SCS1 YDR123C YD9727.18C	304	nucleus [GO:0005634]; RNA polymerase II transcription regulator complex [GO:0090575]
P28006	GAC1_YEAST	GAC1 YOR178C	793	protein phosphatase type 1 complex [GO:0000164]
P28239	IPYR2_YEAST	PPA2 IPP2 YMR267W YM8156.09	310	mitochondrion [GO:0005739]
P28584	TRK2_YEAST	TRK2 RPD2 YKR050W	889	cell periphery [GO:0071944]; plasma membrane [GO:0005886]
P29467	MEI4_YEAST	MEI4 YER044C-A YER044BC	408	condensed nuclear chromosome [GO:0000794]; nucleus [GO:0005634]
P29478	SEC65_YEAST	SEC65 YML105C YM8339.14C	273	signal recognition particle, endoplasmic reticulum targeting [GO:0005786]
P30402	PYRX_YEAST	URA10 YMR271C YM8156.13C	227	cytoplasm [GO:0005737]
P30606	ITR2_YEAST	ITR2 YOL103W HRB612	609	cell periphery [GO:0071944]; fungal-type vacuole [GO:0000324]; membrane [GO:0016020]; plasma membrane [GO:0005886]
P30775	RF1M_YEAST	MRF1 YGL143C	413	mitochondrion [GO:0005739]
P31334	RM09_YEAST	MRPL9 YGR220C G8520	269	mitochondrial inner membrane [GO:0005743]; mitochondrial large ribosomal subunit [GO:0005762]; mitochondrion [GO:0005739]
P31379	LDS1_YEAST	LDS1 YAL018C YAL003	325	ascospore wall [GO:0005619]; lipid droplet [GO:0005811]; prospore membrane [GO:0005628]
P31381	FUN26_YEAST	FUN26 YAL022C	517	fungal-type vacuole membrane [GO:0000329]; plasma membrane [GO:0005886]
P31787	ACBP_YEAST	ACB1 ACB YGR037C	87	cytoplasm [GO:0005737]; cytosol [GO:0005829]; extracellular region [GO:0005576]; nucleus [GO:0005634]
P32190	GLPK_YEAST	GUT1 YHL032C	709	cytoplasm [GO:0005737]; mitochondrion [GO:0005739]
P32191	GPDM_YEAST	GUT2 YIL155C	649	mitochondrial inner membrane [GO:0005743]; mitochondrial intermembrane space [GO:0005758]; mitochondrial outer membrane [GO:0005741]; mitochondrion [GO:0005739]
P32263	P5CR_YEAST	PRO3 ORE2 YER023W	286	cytoplasm [GO:0005737]; cytosol [GO:0005829]
P32264	PROB_YEAST	PRO1 YDR300C D9740.12	428	cytoplasm [GO:0005737]; cytosol [GO:0005829]
P32331	YMC1_YEAST	YMC1 YPR058W YP9499.14	307	mitochondrial inner membrane [GO:0005743]; mitochondrion [GO:0005739]
P32339	HMX1_YEAST	HMX1 YLR205C L8167.18	317	endoplasmic reticulum [GO:0005783]; endoplasmic reticulum membrane [GO:0005789]; membrane [GO:0016020]; nuclear outer membrane [GO:0005640]
P32341	VPH2_YEAST	VPH2 CLS10 VMA12 YKL119C YKL520	215	endomembrane system [GO:0012505]; endoplasmic reticulum [GO:0005783]; endoplasmic reticulum membrane [GO:0005789]; Vma12-Vma22 assembly complex [GO:1990871]
P32378	COQ2_YEAST	COQ2 YNR041C N3419	372	mitochondrial inner membrane [GO:0005743]; mitochondrial intermembrane space [GO:0005758]; mitochondrial membrane [GO:0031966]; mitochondrion [GO:0005739]
P32451	BIOB_YEAST	BIO2 YGR286C	375	mitochondrion [GO:0005739]
P32453	ATP11_YEAST	ATP11 YNL315C N0357	318	mitochondrial matrix [GO:0005759]; mitochondrion [GO:0005739]
P32459	ALLA_YEAST	DAL3 YIR032C	195	membrane [GO:0016020]
P32469	DPH5_YEAST	DPH5 YLR172C L9470.17	300	cytoplasm [GO:0005737]
P32477	GSH1_YEAST	GSH1 YJL101C J0832	678	cytoplasm [GO:0005737]
P32487	LYP1_YEAST	LYP1 YNL268W N0790	611	eisosome [GO:0032126]; membrane [GO:0016020]; mitochondrion [GO:0005739]; plasma membrane [GO:0005886]
P32489	MEI5_YEAST	MEI5 YPL121C LPH6C	222	condensed nuclear chromosome [GO:0000794]; nuclear chromosome [GO:0000228]; nucleus [GO:0005634]; Swi5-Sfr1 complex [GO:0032798]
P32522	PT309_YEAST	PET309 YLR067C L2189	965	mitochondrial inner membrane [GO:0005743]; mitochondrial matrix [GO:0005759]; mitochondrion [GO:0005739]
P32525	ECM25_YEAST	ECM25 YJL201W J0325	599	cytoplasm [GO:0005737]
P32559	MSS1_YEAST	MSS1 PET53 YMR023C YM9711.13C	526	cytoplasm [GO:0005737]; cytosol [GO:0005829]; mitochondrial inner membrane [GO:0005743]; mitochondrion [GO:0005739]
P32581	IME2_YEAST	IME2 SME1 YJL106W J0817	645	cytoplasm [GO:0005737]; nucleus [GO:0005634]
P32583	SRP40_YEAST	SRP40 YKR092C YKR412A	406	nucleolus [GO:0005730]; nucleoplasm [GO:0005654]
P32601	MSS4_YEAST	DSS4 YPR017C LPZ16C YP9531.11C	143	cytosol [GO:0005829]; membrane [GO:0016020]
P32603	SPR1_YEAST	SPR1 SSG1 YOR190W	445	ascospore wall [GO:0005619]; extracellular region [GO:0005576]; fungal-type cell wall [GO:0009277]; fungal-type vacuole [GO:0000324]; prospore membrane [GO:0005628]
P32611	RML2_YEAST	RML2 YEL050C SYGP-ORF37	393	mitochondrial inner membrane [GO:0005743]; mitochondrial large ribosomal subunit [GO:0005762]; mitochondrion [GO:0005739]
P32613	TCA17_YEAST	TCA17 YEL048C SYGP-ORF36	152	cytoplasm [GO:0005737]; cytosol [GO:0005829]; Golgi apparatus [GO:0005794]; nucleus [GO:0005634]; TRAPP complex [GO:0030008]; TRAPPII protein complex [GO:1990071]
P32626	ENOPH_YEAST	UTR4 YEL038W SYGP-ORF20	227	cytoplasm [GO:0005737]; nucleus [GO:0005634]
P32656	CHAC_YEAST	GCG1 YER163C SYGP-ORF3	232	cytoplasm [GO:0005737]; nucleus [GO:0005634]
P32775	GLGB_YEAST	GLC3 YEL011W	704	cytoplasm [GO:0005737]
P32781	AGA2_YEAST	AGA2 YGL032C	87	endoplasmic reticulum [GO:0005783]; fungal-type cell wall [GO:0009277]; fungal-type vacuole [GO:0000324]
P32785	FMT_YEAST	FMT1 YBL013W YBL0311 YBL0313	401	mitochondrial matrix [GO:0005759]; mitochondrion [GO:0005739]
P32786	RRN6_YEAST	RRN6 YBL014C YBL0311 YBL0312	894	cytoplasm [GO:0005737]; nucleus [GO:0005634]; RNA polymerase I core factor complex [GO:0070860]
P32787	MG101_YEAST	MGM101 MGM9 YJR144W J2181	269	mitochondrial chromosome [GO:0000262]; mitochondrial nucleoid [GO:0042645]; mitochondrion [GO:0005739]
P32788	LAA2_YEAST	LAA2 YBL010C YBL0316	280	clathrin-coated vesicle [GO:0030136]
P32804	ZRT1_YEAST	ZRT1 YGL255W NRC376	376	cell periphery [GO:0071944]; endoplasmic reticulum [GO:0005783]; plasma membrane [GO:0005886]
P32805	FZF1_YEAST	FZF1 SUL1 YGL254W NCR299	299	nucleus [GO:0005634]
P32836	GSP2_YEAST	GSP2 CNR2 YOR185C	220	cytoplasm [GO:0005737]; nucleus [GO:0005634]
P32837	UGA4_YEAST	UGA4 YDL210W D1037	571	fungal-type vacuole membrane [GO:0000329]
P32841	RE114_YEAST	REC114 YMR133W YM9375.02	428	condensed nuclear chromosome [GO:0000794]; nucleus [GO:0005634]
P32843	YME2_YEAST	YME2 PRP12 RNA12 YMR302C YM9952.04C	850	mitochondrial inner membrane [GO:0005743]; mitochondrion [GO:0005739]
P32875	LIPA_YEAST	LIP5 YOR196C	414	mitochondrion [GO:0005739]
P32896	PDC2_YEAST	PDC2 YDR081C D4451	925	nucleus [GO:0005634]
P32904	RM06_YEAST	MRPL6 YHR147C	214	mitochondrial inner membrane [GO:0005743]; mitochondrial large ribosomal subunit [GO:0005762]; mitochondrion [GO:0005739]
P32907	ATO2_YEAST	ATO2 FUN34 YNR002C N2029	282	fungal-type vacuole [GO:0000324]; mitochondrion [GO:0005739]; plasma membrane [GO:0005886]
P32943	CGS6_YEAST	CLB6 YGR109C G5970	380	cyclin-dependent protein kinase holoenzyme complex [GO:0000307]; cytoplasm [GO:0005737]; microtubule organizing center [GO:0005815]; nucleus [GO:0005634]
P32945	PPQ1_YEAST	PPQ1 SAL6 YPL179W	549	cytoplasm [GO:0005737]; nucleus [GO:0005634]
P33200	PDR3_YEAST	PDR3 YBL005W YBL0323	976	cytoplasm [GO:0005737]; nucleus [GO:0005634]
P33304	AFR1_YEAST	AFR1 YDR085C D4471	620	mating projection base [GO:0001400]; peroxisome [GO:0005777]
P33306	BCK2_YEAST	BCK2 CTR7 YER167W	851	cytoplasm [GO:0005737]; nucleus [GO:0005634]
P33311	MDL2_YEAST	MDL2 SSH1 YPL270W	773	mitochondrial inner membrane [GO:0005743]; mitochondrion [GO:0005739]
P33312	RIB7_YEAST	RIB7 YBR153W YBR1203	244	
P33315	TKT2_YEAST	TKL2 YBR117C YBR0912	681	cytoplasm [GO:0005737]; cytosol [GO:0005829]; nucleus [GO:0005634]
P33411	PRP18_YEAST	PRP18 YGR006W	251	U2-type post-spliceosomal complex [GO:0071021]; U4/U6 x U5 tri-snRNP complex [GO:0046540]; U5 snRNP [GO:0005682]
P33412	ECT1_YEAST	ECT1 MUQ1 YGR007W G3856	323	cytoplasm [GO:0005737]; nucleus [GO:0005634]
P33550	KTR2_YEAST	KTR2 YKR061W	425	Golgi apparatus [GO:0005794]; Golgi membrane [GO:0000139]
P33890	TIR2_YEAST	TIR2 SRP2 YOR010C O2553 UND251	251	cell periphery [GO:0071944]; fungal-type cell wall [GO:0009277]; fungal-type vacuole [GO:0000324]; side of membrane [GO:0098552]
P33893	GATB_YEAST	PET112 YBL080C YBL0724	541	glutamyl-tRNA(Gln) amidotransferase complex [GO:0030956]; mitochondrion [GO:0005739]
P33894	STE13_YEAST	STE13 YCI1 YOR219C YOR50-9	931	plasma membrane [GO:0005886]; trans-Golgi network [GO:0005802]; vacuolar membrane [GO:0005774]
P34072	MKS1_YEAST	MKS1 LYS80 YNL076W N2344 N2347	584	cytoplasm [GO:0005737]; nucleus [GO:0005634]
P34165	MFA1_YEAST	MFA1 YDR461W D8035.5	36	endoplasmic reticulum [GO:0005783]; extracellular region [GO:0005576]; plasma membrane [GO:0005886]
P34166	MFA2_YEAST	MFA2 YNL145W N1204 N1787	38	endoplasmic reticulum [GO:0005783]; extracellular region [GO:0005576]; plasma membrane [GO:0005886]
P34222	PTH2_YEAST	PTH2 YBL057C YBL0510 YBL0514	208	cytosol [GO:0005829]; mitochondrial outer membrane [GO:0005741]; mitochondrion [GO:0005739]
P34232	MTR2_YEAST	MTR2 YKL186C	184	nuclear pore central transport channel [GO:0044613]; nuclear RNA export factor complex [GO:0042272]; nucleus [GO:0005634]
P34237	CASP_YEAST	COY1 YKL179C	679	Golgi membrane [GO:0000139]
P34239	LST4_YEAST	LST4 YKL176C YKL642	828	cytoplasm [GO:0005737]; cytosol [GO:0005829]; FNIP-folliculin RagC/D GAP [GO:1990877]; vacuolar membrane [GO:0005774]
P34240	ZRT3_YEAST	ZRT3 YKL175W YKL640	503	endoplasmic reticulum [GO:0005783]; fungal-type vacuole membrane [GO:0000329]
P34248	YKK0_YEAST	YKL100C YKL450	587	cytoplasmic side of endoplasmic reticulum membrane [GO:0098554]; lumenal side of endoplasmic reticulum membrane [GO:0098553]; perinuclear endoplasmic reticulum membrane [GO:1990578]
P34253	KTI12_YEAST	KTI12 YKL110C YKL446 YKL500	313	cytoplasm [GO:0005737]; nucleus [GO:0005634]
P35127	UBL1_YEAST	YUH1 YJR099W J1941	236	cytoplasm [GO:0005737]
P35172	TREB_YEAST	NTH2 YBR001C YBR0106	780	cytoplasm [GO:0005737]; mitochondrion [GO:0005739]
P35178	RRP1_YEAST	RRP1 YDR087C D4478	278	nucleolus [GO:0005730]; nucleus [GO:0005634]; preribosome, large subunit precursor [GO:0030687]; preribosome, small subunit precursor [GO:0030688]
P35183	AST1_YEAST	AST1 YBL069W YBL06.04 YBL0617	429	Golgi apparatus [GO:0005794]; Golgi membrane [GO:0000139]; late endosome [GO:0005770]; late endosome membrane [GO:0031902]; membrane raft [GO:0045121]; plasma membrane [GO:0005886]
P35190	CLG1_YEAST	CLG1 YGL215W G1105	452	cyclin-dependent protein kinase holoenzyme complex [GO:0000307]; nucleus [GO:0005634]
P35202	THI80_YEAST	THI80 YOR143C YOR3373C	319	cytoplasm [GO:0005737]
P35210	SPT23_YEAST	SPT23 YKL020C	1082	endoplasmic reticulum [GO:0005783]; endoplasmic reticulum membrane [GO:0005789]; nucleus [GO:0005634]
P35497	DHSO1_YEAST	SOR1 SDH1 YJR159W J2395	357	
P35723	YET1_YEAST	YET1 YKL065C YKL331	206	endoplasmic reticulum [GO:0005783]; endoplasmic reticulum membrane [GO:0005789]
P35727	BLI1_YEAST	BLI1 YKL061W YKL321	113	BLOC-1 complex [GO:0031083]; endosome [GO:0005768]
P35731	FABG_YEAST	OAR1 YKL055C	278	mitochondrion [GO:0005739]
P35842	PPAB_YEAST	PHO11 YAR071W	467	cell periphery [GO:0071944]; extracellular region [GO:0005576]; fungal-type cell wall [GO:0009277]
P35996	RM38_YEAST	MRPL38 MRPL34 YKL170W YKL634	138	mitochondrial inner membrane [GO:0005743]; mitochondrial large ribosomal subunit [GO:0005762]; mitochondrion [GO:0005739]
P36001	FOLC_YEAST	RMA1 YKL132C	430	cytoplasm [GO:0005737]; cytosol [GO:0005829]; mitochondrion [GO:0005739]
P36002	PTK1_YEAST	PTK1 POT1 STK1 YKL198C YKL199C	662	cytoplasm [GO:0005737]; nucleus [GO:0005634]
P36004	KKQ8_YEAST	KKQ8 YKL168C YKL632	724	cytoplasm [GO:0005737]
P36013	MAOM_YEAST	MAE1 YKL029C	669	mitochondrial matrix [GO:0005759]; mitochondrion [GO:0005739]
P36023	OAF3_YEAST	OAF3 YKR064W	863	cytoplasm [GO:0005737]; mitochondrion [GO:0005739]; nucleus [GO:0005634]
P36029	TPO5_YEAST	TPO5 YKL174C YKL639	618	endoplasmic reticulum [GO:0005783]; Golgi apparatus [GO:0005794]; Golgi membrane [GO:0000139]
P36036	YRA2_YEAST	YRA2 YKL214C	203	nucleus [GO:0005634]
P36039	EMC3_YEAST	EMC3 AIM27 YKL207W	253	EMC complex [GO:0072546]
P36040	POC2_YEAST	ADD66 PBA2 POC2 YKL206C	267	cytoplasm [GO:0005737]; cytosol [GO:0005829]; nucleus [GO:0005634]
P36053	ELF1_YEAST	ELF1 YKL160W YKL614	145	nucleus [GO:0005634]; transcription elongation factor complex [GO:0008023]
P36059	NNRD_YEAST	NNR2 YKL151C YKL606	337	cytoplasm [GO:0005737]
P36062	AVT3_YEAST	AVT3 YKL146W YKL600	692	fungal-type vacuole [GO:0000324]; fungal-type vacuole membrane [GO:0000329]; vacuolar membrane [GO:0005774]
P36064	COXM1_YEAST	CMC1 YKL137W	111	mitochondrial inner membrane [GO:0005743]; mitochondrial intermembrane space [GO:0005758]; mitochondrion [GO:0005739]
P36069	PMU1_YEAST	PMU1 YKL128C	295	cytoplasm [GO:0005737]; nucleus [GO:0005634]; peroxisome [GO:0005777]
P36070	RRN3_YEAST	RRN3 YKL125W	627	nucleolus [GO:0005730]; nucleus [GO:0005634]
P36093	PHD1_YEAST	PHD1 YKL043W YKL256	366	nucleus [GO:0005634]
P36097	TTI1_YEAST	TTI1 FMP47 YKL033W YKL246	1038	cytoplasm [GO:0005737]; mitochondrion [GO:0005739]; nucleus [GO:0005634]; TTT Hsp90 cochaperone complex [GO:0110078]
P36101	TCD2_YEAST	TCD2 YKL027W	447	mitochondrial outer membrane [GO:0005741]; mitochondrion [GO:0005739]
P36106	BYE1_YEAST	BYE1 YKL005C YKL150	594	nucleus [GO:0005634]
P36110	PRY2_YEAST	PRY2 YKR013W YK111	329	endoplasmic reticulum [GO:0005783]; extracellular region [GO:0005576]; extracellular space [GO:0005615]; fungal-type vacuole [GO:0000324]
P36115	IRS4_YEAST	IRS4 YKR019C	615	cytoplasm [GO:0005737]; mitochondrion [GO:0005739]; phagophore assembly site [GO:0000407]; plasma membrane [GO:0005886]
P36139	PET10_YEAST	PET10 YKR046C	283	lipid droplet [GO:0005811]; membrane [GO:0016020]
P36144	RL1D1_YEAST	UTP30 YKR060W	274	90S preribosome [GO:0030686]; nucleolus [GO:0005730]; nucleus [GO:0005634]; small-subunit processome [GO:0032040]
P36145	T2EB_YEAST	TFA2 YKR062W	328	nucleus [GO:0005634]; transcription factor TFIIE complex [GO:0005673]; transcription preinitiation complex [GO:0097550]
P36147	PAM17_YEAST	PAM17 FMP18 YKR065C	197	mitochondrial inner membrane [GO:0005743]; mitochondrion [GO:0005739]; PAM complex, Tim23 associated import motor [GO:0001405]; TIM23 mitochondrial import inner membrane translocase complex [GO:0005744]
P36159	RNZ_YEAST	TRZ1 YKR079C	838	cytoplasm [GO:0005737]; mitochondrion [GO:0005739]; nucleus [GO:0005634]
P36164	TVP38_YEAST	TVP38 YKR088C YKR408	337	cytoplasm [GO:0005737]; Golgi membrane [GO:0000139]
P36166	PXL1_YEAST	PXL1 YKR090W	706	cellular bud [GO:0005933]; cellular bud neck [GO:0005935]; cellular bud tip [GO:0005934]; cytoplasm [GO:0005737]; incipient cellular bud site [GO:0000131]; mating projection tip [GO:0043332]; site of polarized growth [GO:0030427]
P36167	SRL3_YEAST	SRL3 YKR091W YKR411	246	cytoplasm [GO:0005737]; nucleus [GO:0005634]; SBF transcription complex [GO:0033309]
P36168	ESL2_YEAST	ESL2 YKR096W	1195	cytoplasm [GO:0005737]; nucleus [GO:0005634]; peroxisome [GO:0005777]; telomerase holoenzyme complex [GO:0005697]
P36169	SKG1_YEAST	SKG1 YKR100C YKR099C-A	355	cellular bud [GO:0005933]; cellular bud membrane [GO:0033101]; cellular bud tip [GO:0005934]; incipient cellular bud site [GO:0000131]
P36173	GEX2_YEAST	GEX2 YKR106W	615	cell periphery [GO:0071944]; endosome [GO:0005768]; plasma membrane [GO:0005886]; vacuolar membrane [GO:0005774]
P36224	JNM1_YEAST	JNM1 INS1 YMR294W	373	actin cytoskeleton [GO:0015629]; cytoplasm [GO:0005737]; dynactin complex [GO:0005869]; dynein complex [GO:0030286]; microtubule [GO:0005874]
P36519	RM07_YEAST	MRPL7 YDR237W YD8419.04	292	mitochondrial inner membrane [GO:0005743]; mitochondrial large ribosomal subunit [GO:0005762]; mitochondrion [GO:0005739]
P36521	RM11_YEAST	MRPL11 YDL202W D1070	249	mitochondrial inner membrane [GO:0005743]; mitochondrial large ribosomal subunit [GO:0005762]; mitochondrion [GO:0005739]
P36523	RM15_YEAST	MRPL15 YLR312W-A YLR312BW	253	mitochondrial inner membrane [GO:0005743]; mitochondrial large ribosomal subunit [GO:0005762]; mitochondrion [GO:0005739]
P36526	RM27_YEAST	MRPL27 YBR282W YBR2019	146	mitochondrial inner membrane [GO:0005743]; mitochondrial large ribosomal subunit [GO:0005762]; mitochondrion [GO:0005739]
P36527	RM28_YEAST	MRPL28 YDR462W D8035.6	147	mitochondrial inner membrane [GO:0005743]; mitochondrial large ribosomal subunit [GO:0005762]; mitochondrion [GO:0005739]
P36532	RM37_YEAST	MRPL37 YBR268W YBR1736A	105	mitochondrial inner membrane [GO:0005743]; mitochondrial large ribosomal subunit [GO:0005762]; mitochondrion [GO:0005739]
P36533	RM39_YEAST	MRPL39 YML009C YM9571.09C	70	mitochondrial inner membrane [GO:0005743]; mitochondrial large ribosomal subunit [GO:0005762]; mitochondrion [GO:0005739]
P36534	RM40_YEAST	MRPL40 YPL173W	297	mitochondrial inner membrane [GO:0005743]; mitochondrial large ribosomal subunit [GO:0005762]; mitochondrion [GO:0005739]
P37254	ADCS_YEAST	ABZ1 YNR033W N3286	787	cytoplasm [GO:0005737]
P37261	FRM2_YEAST	FRM2 YCL026C-A YCLX08C YCLX8C	193	cytoplasm [GO:0005737]; nucleus [GO:0005634]
P37262	SOL2_YEAST	SOL2 YCR073W-A YCRX13W	315	cytoplasm [GO:0005737]; cytosol [GO:0005829]
P37263	YC16_YEAST	YCR087C-A YCRX16C	153	nucleolus [GO:0005730]
P37302	APE3_YEAST	APE3 YBR286W YBR2024	537	fungal-type vacuole [GO:0000324]
P37304	PAM1_YEAST	PAM1 YDR251W YD8419.18 YD9320A.01	830	cellular bud [GO:0005933]; cellular bud neck [GO:0005935]; cellular bud tip [GO:0005934]; cytoplasm [GO:0005737]
P38064	RM16_YEAST	MRPL16 RML16 YBL038W YBL0411	232	mitochondrial inner membrane [GO:0005743]; mitochondrial large ribosomal subunit [GO:0005762]; mitochondrion [GO:0005739]
P38065	AP2A_YEAST	APL3 YBL037W YBL0412	1025	AP-2 adaptor complex [GO:0030122]; cellular bud neck [GO:0005935]
P38066	RIB1_YEAST	RIB1 YBL033C YBL0417	345	cytoplasm [GO:0005737]; nucleus [GO:0005634]
P38068	GLRX7_YEAST	GRX7 GRX6 YBR014C YBR0219	203	cis-Golgi network [GO:0005801]; cytoplasm [GO:0005737]; fungal-type vacuole [GO:0000324]; Golgi apparatus [GO:0005794]; Golgi lumen [GO:0005796]; iron-sulfur cluster assembly complex [GO:1990229]; membrane [GO:0016020]; nucleus [GO:0005634]
P38072	SCO2_YEAST	SCO2 YBR024W YBR0308	301	mitochondrial inner membrane [GO:0005743]; mitochondrial membrane [GO:0031966]; mitochondrion [GO:0005739]
P38082	NRG2_YEAST	NRG2 YBR066C YBR0616	220	chromatin [GO:0000785]; nucleus [GO:0005634]; PcG protein complex [GO:0031519]; transcription regulator complex [GO:0005667]
P38090	AGP2_YEAST	AGP2 YBR132C YBR1007	596	endoplasmic reticulum [GO:0005783]; endoplasmic reticulum membrane [GO:0005789]; fungal-type vacuole membrane [GO:0000329]; membrane [GO:0016020]; plasma membrane [GO:0005886]
P38113	ADH5_YEAST	ADH5 YBR145W YBR1122	351	cytoplasm [GO:0005737]; nucleus [GO:0005634]
P38114	TBS1_YEAST	TBS1 YBR150C YBR1133	1094	cytoplasm [GO:0005737]; mitochondrial membrane [GO:0031966]; mitochondrion [GO:0005739]; nuclear membrane [GO:0031965]; nucleus [GO:0005634]
P38120	RT09_YEAST	MRPS9 YBR146W YBR1123	278	mitochondrial inner membrane [GO:0005743]; mitochondrial small ribosomal subunit [GO:0005763]; mitochondrion [GO:0005739]
P38122	PANB_YEAST	ECM31 YBR176W YBR1238	312	mitochondrion [GO:0005739]
P38126	PCH2_YEAST	PCH2 YBR186W YBR1308	564	chromosome [GO:0005694]; nucleolus [GO:0005730]; nucleus [GO:0005634]
P38131	KTR4_YEAST	KTR4 YBR199W YBR1411	464	fungal-type vacuole [GO:0000324]; Golgi apparatus [GO:0005794]; membrane [GO:0016020]
P38148	PPS1_YEAST	PPS1 YBR276C YBR2013	807	nucleus [GO:0005634]
P38151	PBP2_YEAST	PBP2 YBR233W YBR1531	413	cytoplasm [GO:0005737]; nucleus [GO:0005634]; ribonucleoprotein complex [GO:1990904]
P38152	TXTP_YEAST	CTP1 YBR291C YBR2039	299	mitochondrial inner membrane [GO:0005743]; mitochondrion [GO:0005739]
P38158	MAL32_YEAST	MAL32 MAL3S YBR299W YBR2117	584	plasma membrane [GO:0005886]
P38162	MIX23_YEAST	MIX23 MIC23 YBL107C YBL0805	196	cytoplasm [GO:0005737]; mitochondrial intermembrane space [GO:0005758]; mitochondrion [GO:0005739]
P38163	SRO77_YEAST	SRO77 SNI2 SOP2 YBL106C YBL0806	1010	cellular bud neck [GO:0005935]; cytoplasm [GO:0005737]; plasma membrane [GO:0005886]
P38164	SEA4_YEAST	SEA4 YBL104C YBL0808 YBL103C-A	1038	cytoplasm [GO:0005737]; Seh1-associated complex [GO:0035859]; vacuolar membrane [GO:0005774]
P38166	SFT2_YEAST	SFT2 YBL102W YBL0812	215	cytosol [GO:0005829]; Golgi membrane [GO:0000139]; Golgi trans cisterna [GO:0000138]
P38175	RT21_YEAST	MRP21 MRP50 YBL090W YBL0702	177	mitochondrial inner membrane [GO:0005743]; mitochondrial small ribosomal subunit [GO:0005763]; mitochondrion [GO:0005739]
P38179	ALG3_YEAST	ALG3 RHK1 YBL082C YBL0720	458	endoplasmic reticulum [GO:0005783]; endoplasmic reticulum membrane [GO:0005789]
P38187	UBP13_YEAST	UBP13 YBL067C YBL0621	747	cytosol [GO:0005829]; nucleus [GO:0005634]
P38196	FUI1_YEAST	FUI1 YBL042C YBL0406	639	cell periphery [GO:0071944]; fungal-type vacuole [GO:0000324]; plasma membrane [GO:0005886]
P38204	RRN10_YEAST	RRN10 YBL025W YBL0426	145	nucleolus [GO:0005730]; nucleus [GO:0005634]; RNA polymerase I upstream activating factor complex [GO:0000500]
P38206	RFT1_YEAST	RFT1 YBL020W YBL0442	574	endoplasmic reticulum [GO:0005783]; endoplasmic reticulum membrane [GO:0005789]
P38210	LDB7_YEAST	LDB7 RSC14 YBL006C YBL0322	180	chromatin [GO:0000785]; RSC-type complex [GO:0016586]
P38218	POA1_YEAST	POA1 YBR022W YBR0304	177	nucleoplasm [GO:0005654]
P38219	OLA1_YEAST	OLA1 YBR025C YBR0309	394	cytoplasm [GO:0005737]; cytoplasmic stress granule [GO:0010494]
P38222	RKM3_YEAST	RKM3 YBR030W YBR0314	552	cytosol [GO:0005829]; nucleus [GO:0005634]
P38224	FIG1_YEAST	FIG1 YBR040W YBR0410	298	fungal-type cell wall [GO:0009277]; fungal-type vacuole [GO:0000324]; mating projection tip [GO:0043332]; membrane [GO:0016020]
P38226	CST26_YEAST	CST26 PSI1 YBR042C YBR0412	397	endomembrane system [GO:0012505]; endoplasmic reticulum [GO:0005783]; lipid droplet [GO:0005811]
P38254	TTL_YEAST	PBY1 YBR094W YBR0821	753	cytoplasm [GO:0005737]; P-body [GO:0000932]
P38276	YBY7_YEAST	YBR137W YBR1013	179	cytoplasm [GO:0005737]; cytosol [GO:0005829]; TRC complex [GO:0072380]
P38278	BMT2_YEAST	BMT2 YBR141C YBR1118	337	nucleolus [GO:0005730]
P38288	TOS1_YEAST	TOS1 YBR162C YBR1213	455	cell periphery [GO:0071944]; extracellular region [GO:0005576]; fungal-type cell wall [GO:0009277]; fungal-type vacuole [GO:0000324]
P38314	SDS24_YEAST	SDS24 YBR214W YBR1501	527	cytoplasm [GO:0005737]; cytosol [GO:0005829]
P38315	YBP1_YEAST	YBP1 YBR216C YBR1505	674	cytoplasm [GO:0005737]
P38337	SHG1_YEAST	SHG1 CPS15 YBR258C YBR1726	142	chromosome, telomeric region [GO:0000781]; nucleus [GO:0005634]; Set1C/COMPASS complex [GO:0048188]
P38347	EFM2_YEAST	EFM2 YBR271W YBR1739	419	cytoplasm [GO:0005737]
P38349	UBX7_YEAST	UBX7 YBR273C YBR1741	436	endoplasmic reticulum [GO:0005783]; nuclear envelope [GO:0005635]
P38359	SUL1_YEAST	SUL1 SFP2 YBR294W YBR2110	859	plasma membrane [GO:0005886]
P38616	YGP1_YEAST	YGP1 YNL160W N1731	354	extracellular region [GO:0005576]
P38620	KPR2_YEAST	PRS2 PRPS2 PRS YER099C	318	cytoplasm [GO:0005737]; ribose phosphate diphosphokinase complex [GO:0002189]
P38622	RCK1_YEAST	RCK1 YGL158W G1854	512	nucleus [GO:0005634]
P38625	GUAA_YEAST	GUA1 YMR217W YM8261.11	525	cytosol [GO:0005829]
P38698	PPX1_YEAST	PPX1 YHR201C	397	cytoplasm [GO:0005737]; mitochondrial matrix [GO:0005759]
P38699	STB5_YEAST	STB5 YHR178W	743	nucleus [GO:0005634]
P38705	SYSM_YEAST	DIA4 YHR011W	446	cytoplasm [GO:0005737]; mitochondrial matrix [GO:0005759]; mitochondrion [GO:0005739]
P38724	ARN2_YEAST	ARN2 TAF1 YHL047C	620	endosome [GO:0005768]; endosome membrane [GO:0010008]; fungal-type vacuole [GO:0000324]; plasma membrane [GO:0005886]; vacuolar membrane [GO:0005774]
P38727	YHE4_YEAST	DFP4 YHL044W	235	plasma membrane [GO:0005886]
P38732	EFM1_YEAST	EFM1 YHL039W	585	cytoplasm [GO:0005737]; nucleus [GO:0005634]
P38735	VMR1_YEAST	VMR1 YHL035C	1592	fungal-type vacuole membrane [GO:0000329]; mitochondrion [GO:0005739]
P38748	ETP1_YEAST	ETP1 YHL010C	585	cytoplasm [GO:0005737]
P38749	YAP3_YEAST	YAP3 YHL009C	330	cytoplasm [GO:0005737]; nucleus [GO:0005634]; RNA polymerase II transcription regulator complex [GO:0090575]
P38751	SHU1_YEAST	SHU1 YHL006C	150	nucleolus [GO:0005730]; Shu complex [GO:0097196]; site of double-strand break [GO:0035861]
P38756	TCD1_YEAST	TCD1 YHR003C	429	mitochondrial outer membrane [GO:0005741]; mitochondrion [GO:0005739]
P38760	MIP6_YEAST	MIP6 YHR015W	659	cytoplasmic stress granule [GO:0010494]; cytosol [GO:0005829]; nucleus [GO:0005634]; prospore membrane [GO:0005628]; ribonucleoprotein complex [GO:1990904]
P38769	NEL1_YEAST	NEL1 YHR035W	630	COPII vesicle coat [GO:0030127]; cytosol [GO:0005829]; endoplasmic reticulum exit site [GO:0070971]; nucleus [GO:0005634]
P38772	BCD1_YEAST	BCD1 YHR040W	366	cytoplasm [GO:0005737]; nucleus [GO:0005634]; pre-snoRNP complex [GO:0070761]
P38773	DOG2_YEAST	DOG2 YHR043C	246	cytoplasm [GO:0005737]; nucleus [GO:0005634]
P38777	FSH1_YEAST	FSH1 YHR049W	243	cytoplasm [GO:0005737]; nucleus [GO:0005634]
P38783	FYV4_YEAST	FYV4 YHR059W	130	mitochondrial inner membrane [GO:0005743]; mitochondrial small ribosomal subunit [GO:0005763]; mitochondrion [GO:0005739]
P38791	DHYS_YEAST	DYS1 YHR068W	387	cytoplasm [GO:0005737]
P38794	PCL5_YEAST	PCL5 YHR071W H8025.1	229	cyclin-dependent protein kinase holoenzyme complex [GO:0000307]; nucleus [GO:0005634]
P38795	NADE_YEAST	QNS1 YHR074W	714	cytoplasm [GO:0005737]; nucleus [GO:0005634]
P38796	PPME1_YEAST	PPE1 YHR075C	400	mitochondrial small ribosomal subunit [GO:0005763]
P38798	NMD2_YEAST	NMD2 IFS1 SUA1 UPF2 YHR077C	1089	cytoplasm [GO:0005737]; exon-exon junction complex [GO:0035145]
P38812	GEP4_YEAST	GEP4 YHR100C	185	cytoplasm [GO:0005737]; extrinsic component of mitochondrial inner membrane [GO:0031314]; mitochondrial matrix [GO:0005759]; mitochondrion [GO:0005739]
P38813	BIG1_YEAST	BIG1 YHR101C	335	endoplasmic reticulum [GO:0005783]; endoplasmic reticulum membrane [GO:0005789]
P38816	TRXB2_YEAST	TRR2 YHR106W	342	cytosol [GO:0005829]; mitochondrion [GO:0005739]
P38818	CTM1_YEAST	CTM1 YHR109W	585	cytosol [GO:0005829]
P38824	COX23_YEAST	COX23 YHR116W	151	cytoplasm [GO:0005737]; mitochondrial intermembrane space [GO:0005758]; mitochondrion [GO:0005739]
P38837	NSG1_YEAST	NSG1 YHR133C	291	cytosol [GO:0005829]; endoplasmic reticulum [GO:0005783]; endoplasmic reticulum membrane [GO:0005789]; nuclear periphery [GO:0034399]; nucleus [GO:0005634]
P38845	CRP1_YEAST	CRP1 YHR146W	465	cell periphery [GO:0071944]; cytoplasm [GO:0005737]; nucleotide-activated protein kinase complex [GO:0031588]; nucleus [GO:0005634]
P38858	SOL3_YEAST	SOL3 YHR163W	249	cytoplasm [GO:0005737]; cytosol [GO:0005829]; nucleus [GO:0005634]
P38860	MTG2_YEAST	MTG2 YHR168W	518	mitochondrial inner membrane [GO:0005743]; mitochondrion [GO:0005739]
P38865	CTR2_YEAST	CTR2 YHR175W	189	endoplasmic reticulum [GO:0005783]; fungal-type vacuole membrane [GO:0000329]
P38866	FMO1_YEAST	FMO1 YHR176W	432	cytosol [GO:0005829]; endoplasmic reticulum membrane [GO:0005789]
P38871	SSP1_YEAST	SSP1 YHR184W	571	prospore membrane [GO:0005628]; prospore membrane leading edge [GO:0070056]
P38876	PTH_YEAST	PTH1 YHR189W	190	mitochondrion [GO:0005739]
P38877	CTF8_YEAST	CTF8 YHR191C	133	Ctf18 RFC-like complex [GO:0031390]
P38880	MDM31_YEAST	MDM31 YHR194W	579	mitochondrial inner membrane [GO:0005743]; nucleus [GO:0005634]
P38892	CRG1_YEAST	CRG1 YHR209W	291	cytoplasm [GO:0005737]
P38904	SPP41_YEAST	SPP41 YDR464W	1435	cytosol [GO:0005829]; nucleus [GO:0005634]
P38909	CYC2_YEAST	CYC2 YOR037W OR26.30	366	mitochondrial inner membrane [GO:0005743]; mitochondrion [GO:0005739]
P38913	FAD1_YEAST	FAD1 YDL045C D2702	306	cytoplasm [GO:0005737]
P38921	PET8_YEAST	PET8 SAM5 YNL003C N2012	284	mitochondrial inner membrane [GO:0005743]; mitochondrion [GO:0005739]
P38957	SHU2_YEAST	SHU2 YDR078C D4436	223	nucleus [GO:0005634]; Shu complex [GO:0097196]; site of double-strand break [GO:0035861]
P38962	TVP23_YEAST	TVP23 YDR084C D4466	199	cytoplasm [GO:0005737]; Golgi membrane [GO:0000139]
P38966	VTC5_YEAST	VTC5 YDR089W D4495 YD8554.22	869	endoplasmic reticulum [GO:0005783]; fungal-type vacuole membrane [GO:0000329]; vacuolar transporter chaperone complex [GO:0033254]
P38972	PUR4_YEAST	ADE6 YGR061C	1358	cytoplasm [GO:0005737]
P38986	ASPG1_YEAST	ASP1 YDR321W D9798.6	381	cytoplasm [GO:0005737]; periplasmic space [GO:0042597]
P38988	GGC1_YEAST	GGC1 SHM1 YHM1 YDL198C D1214	300	mitochondrial inner membrane [GO:0005743]; mitochondrion [GO:0005739]
P38999	LYS9_YEAST	LYS9 LYS13 YNR050C N3461	446	cell periphery [GO:0071944]; cytoplasm [GO:0005737]
P39000	SHC1_YEAST	SHC1 YER096W	512	cytoplasm [GO:0005737]; prospore membrane [GO:0005628]
P39076	TCPB_YEAST	CCT2 BIN3 TCP2 YIL142W	527	chaperonin-containing T-complex [GO:0005832]; cytoplasm [GO:0005737]
P39077	TCPG_YEAST	CCT3 BIN2 TCP3 YJL014W J1336	534	chaperonin-containing T-complex [GO:0005832]
P39079	TCPZ_YEAST	CCT6 TCP20 TCP6 YDR188W YD9395.21	546	chaperonin-containing T-complex [GO:0005832]
P39102	XDJ1_YEAST	XDJ1 YLR090W L9449.3	459	cytoplasm [GO:0005737]; mitochondrial outer membrane [GO:0005741]; mitochondrion [GO:0005739]; nucleus [GO:0005634]
P39103	COX14_YEAST	COX14 YML129C YM4987.06C	70	mitochondrial envelope [GO:0005740]; mitochondrial inner membrane [GO:0005743]; mitochondrial matrix [GO:0005759]; mitochondrion [GO:0005739]
P39106	MNN1_YEAST	MNN1 YER001W	762	Golgi apparatus [GO:0005794]; Golgi membrane [GO:0000139]
P39535	PHO90_YEAST	PHO90 YJL198W J0336	881	cell periphery [GO:0071944]; plasma membrane [GO:0005886]
P39543	SOP4_YEAST	SOP4 YJL192C J0351	234	endoplasmic reticulum [GO:0005783]; endoplasmic reticulum membrane [GO:0005789]; membrane [GO:0016020]
P39548	KTD1_YEAST	KTD1 YAR028W FUN56	234	endosome membrane [GO:0010008]; fungal-type vacuole membrane [GO:0000329]; Golgi apparatus [GO:0005794]
P39677	RRF2M_YEAST	MEF2 YJL102W D819 J0826	819	cytosol [GO:0005829]; mitochondrion [GO:0005739]
P39684	PES4_YEAST	PES4 YFR023W	611	cytoplasmic stress granule [GO:0010494]; cytosol [GO:0005829]; nucleus [GO:0005634]; prospore membrane [GO:0005628]; ribonucleoprotein complex [GO:1990904]
P39692	MET10_YEAST	MET10 YFR030W	1035	cytoplasm [GO:0005737]; cytosol [GO:0005829]; sulfite reductase complex (NADPH) [GO:0009337]
P39709	SEO1_YEAST	SEO1 YAL067C	593	cell periphery [GO:0071944]; membrane [GO:0016020]; plasma membrane [GO:0005886]
P39712	FLO9_YEAST	FLO9 YAL063C	1322	fungal-type cell wall [GO:0009277]; side of membrane [GO:0098552]
P39713	BDH2_YEAST	BDH2 YAL061W FUN50	417	cytoplasm [GO:0005737]; nucleus [GO:0005634]
P39732	GIP4_YEAST	GIP4 FUN21 YAL031C	760	cytoplasm [GO:0005737]
P39734	HPH2_YEAST	FRT2 HPH2 YAL028W	528	endoplasmic reticulum [GO:0005783]; endoplasmic reticulum membrane [GO:0005789]
P39924	HXT13_YEAST	HXT13 HXT8 YEL069C	564	endoplasmic reticulum [GO:0005783]; plasma membrane [GO:0005886]
P39932	STL1_YEAST	STL1 YDR536W D9719.39	569	cell periphery [GO:0071944]; fungal-type vacuole [GO:0000324]; membrane [GO:0016020]; plasma membrane [GO:0005886]
P39933	TF3A_YEAST	PZF1 TFC2 TFIIIA YPR186C P9677.9	429	nucleoplasm [GO:0005654]; nucleus [GO:0005634]
P39938	RS26A_YEAST	RPS26A RPS26 YGL189C G1355	119	90S preribosome [GO:0030686]; cytosol [GO:0005829]; cytosolic small ribosomal subunit [GO:0022627]
P39953	YEA6_YEAST	YEA6 NDT2 YEL006W	335	mitochondrial inner membrane [GO:0005743]; mitochondrion [GO:0005739]
P39954	SAHH_YEAST	SAH1 YER043C	449	cytoplasm [GO:0005737]; cytosol [GO:0005829]
P39961	TOG1_YEAST	TOG1 YER184C	794	nucleus [GO:0005634]
P39967	UBP9_YEAST	UBP9 YER098W	754	cytoplasm [GO:0005737]; cytosol [GO:0005829]; nucleus [GO:0005634]
P39970	ACA1_YEAST	ACA1 YER045C	489	nucleus [GO:0005634]
P39980	SIT1_YEAST	SIT1 ARN3 YEL065W	628	cytoplasmic vesicle [GO:0031410]; endosome [GO:0005768]; endosome membrane [GO:0010008]; fungal-type vacuole [GO:0000324]; plasma membrane [GO:0005886]; vacuolar membrane [GO:0005774]
P39983	SDD1_YEAST	SDD1 YEL057C	233	
P39988	BUD16_YEAST	BUD16 YEL029C	312	cytosol [GO:0005829]; nucleus [GO:0005634]; peroxisome [GO:0005777]
P39994	PXP1_YEAST	PXP1 YEL020C	560	cytoplasm [GO:0005737]; peroxisomal matrix [GO:0005782]; peroxisome [GO:0005777]
P40004	YEA4_YEAST	YEA4 YEL004W	342	endoplasmic reticulum [GO:0005783]; endoplasmic reticulum membrane [GO:0005789]; Golgi membrane [GO:0000139]
P40007	NOP16_YEAST	NOP16 YER002W	231	nucleolus [GO:0005730]; nucleus [GO:0005634]; preribosome, large subunit precursor [GO:0030687]
P40012	PPOX_YEAST	HEM14 YER014W	539	mitochondrial inner membrane [GO:0005743]; mitochondrion [GO:0005739]
P40017	YAT2_YEAST	YAT2 YER024W	923	cytoplasm [GO:0005737]; cytosol [GO:0005829]
P40019	CHZ1_YEAST	CHZ1 YER030W	153	nucleus [GO:0005634]
P40020	FIR1_YEAST	FIR1 PIP1 YER032W	876	cellular bud neck [GO:0005935]
P40025	PHM8_YEAST	PHM8 YER037W	321	cytoplasm [GO:0005737]; nucleus [GO:0005634]
P40026	KRE29_YEAST	KRE29 YER038C	464	chromosome, telomeric region [GO:0000781]; cytoplasm [GO:0005737]; nucleus [GO:0005634]; Smc5-Smc6 complex [GO:0030915]
P40029	MSRA_YEAST	MXR1 YER042W	184	cytoplasm [GO:0005737]; nucleus [GO:0005634]
P40030	ERG28_YEAST	ERG28 BUD18 YER044C	148	endoplasmic reticulum [GO:0005783]; endoplasmic reticulum membrane [GO:0005789]
P40031	SPO73_YEAST	SPO73 YER046W	143	cytosol [GO:0005829]; prospore membrane [GO:0005628]
P40035	PIC2_YEAST	PIC2 YER053C	300	mitochondrial inner membrane [GO:0005743]; mitochondrion [GO:0005739]
P40038	PCL6_YEAST	PCL6 YER059W	420	cyclin-dependent protein kinase holoenzyme complex [GO:0000307]; cytoplasm [GO:0005737]; nucleus [GO:0005634]
P40040	THO1_YEAST	THO1 YER063W	218	nucleus [GO:0005634]
P40043	RGI1_YEAST	RGI1 YER067W	161	cell periphery [GO:0071944]; cytoplasm [GO:0005737]; nucleus [GO:0005634]; plasma membrane [GO:0005886]
P40045	TDA2_YEAST	TDA2 YER071C	126	actin cortical patch [GO:0030479]; Aim21-Tda2 complex [GO:0110131]; cytoplasm [GO:0005737]; mating projection tip [GO:0043332]
P40071	TMN3_YEAST	TMN3 YER113C	706	Golgi apparatus [GO:0005794]; Golgi membrane [GO:0000139]; membrane [GO:0016020]
P40074	AVT6_YEAST	AVT6 YER119C	448	fungal-type vacuole [GO:0000324]; fungal-type vacuole membrane [GO:0000329]
P40077	DSE1_YEAST	DSE1 YER124C SYGP-ORF48	573	cellular bud neck [GO:0005935]
P40079	LCP5_YEAST	LCP5 YER127W SYGP-ORF43	357	nucleolus [GO:0005730]; small nuclear ribonucleoprotein complex [GO:0030532]; small-subunit processome [GO:0032040]; sno(s)RNA-containing ribonucleoprotein complex [GO:0005732]
P40080	VFA1_YEAST	VFA1 YER128W SYGP-ORF44	203	cytoplasm [GO:0005737]; endosome [GO:0005768]
P40085	TAPT1_YEAST	EMP65 YER140W	556	cell periphery [GO:0071944]; endoplasmic reticulum [GO:0005783]; endoplasmic reticulum membrane [GO:0005789]; mitochondrion [GO:0005739]
P40088	FTR1_YEAST	FTR1 YER145C	404	high-affinity iron permease complex [GO:0033573]; plasma membrane [GO:0005886]
P40092	SPI1_YEAST	SPI1 YER150W	148	cell periphery [GO:0071944]; fungal-type cell wall [GO:0009277]; side of membrane [GO:0098552]
P40165	NNRE_YEAST	NNR1 YNL200C N1370	246	cytoplasm [GO:0005737]; mitochondrion [GO:0005739]
P40169	YNT4_YEAST	YNL194C N1394	301	cell cortex [GO:0005938]; cell periphery [GO:0071944]; cytoplasm [GO:0005737]; endoplasmic reticulum [GO:0005783]; membrane raft [GO:0045121]; plasma membrane [GO:0005886]
P40185	MMF1_YEAST	MMF1 IBM1 YIL051C	145	cytosol [GO:0005829]; mitochondrial matrix [GO:0005759]; mitochondrion [GO:0005739]
P40207	ERG29_YEAST	ERG29 YMR134W YM9375.03	237	cytoplasm [GO:0005737]; endoplasmic reticulum [GO:0005783]; endoplasmic reticulum membrane [GO:0005789]; nuclear envelope [GO:0005635]
P40212	RL13B_YEAST	RPL13B RPL13 YMR142C YM9375.11C	199	cytosol [GO:0005829]; cytosolic large ribosomal subunit [GO:0022625]
P40215	NDH1_YEAST	NDE1 NDH1 YMR145C YM9375.14C	560	mitochondrial intermembrane space [GO:0005758]; mitochondrial membrane [GO:0031966]; mitochondrion [GO:0005739]
P40260	MEP1_YEAST	MEP1 AMT1 YGR121C G6331	492	endoplasmic reticulum [GO:0005783]; plasma membrane [GO:0005886]
P40310	TOK1_YEAST	TOK1 DUK1 YJL093C J0911	691	cell periphery [GO:0071944]; monoatomic ion channel complex [GO:0034702]; plasma membrane [GO:0005886]
P40312	CYB5_YEAST	CYB5 YNL111C N1949	120	endoplasmic reticulum [GO:0005783]; endoplasmic reticulum membrane [GO:0005789]
P40347	PPAL_YEAST	LTP1 YPR073C YP9499.28C	161	cytoplasm [GO:0005737]; nucleus [GO:0005634]
P40350	ALG5_YEAST	ALG5 YPL227C P1437	334	endoplasmic reticulum membrane [GO:0005789]
P40351	ALG8_YEAST	ALG8 YOR067C YOR29-18	577	endoplasmic reticulum [GO:0005783]; endoplasmic reticulum membrane [GO:0005789]
P40363	SFGH_YEAST	YJL068C HRE299 J1102	299	cytosol [GO:0005829]
P40366	DLS1_YEAST	DLS1 YJL065C HRD167 J1115	167	CHRAC [GO:0008623]; chromosome, telomeric region [GO:0000781]; nucleus [GO:0005634]
P40413	TCPE_YEAST	CCT5 TCP5 YJR064W J1752	562	chaperonin-containing T-complex [GO:0005832]
P40442	CSS1_YEAST	CSS1 HPF1' YIL169C YI9402.07C	995	cell periphery [GO:0071944]; chromatin [GO:0000785]; extracellular region [GO:0005576]; fungal-type cell wall [GO:0009277]; membrane [GO:0016020]; PTW/PP1 phosphatase complex [GO:0072357]
P40452	COA1_YEAST	COA1 FMP35 YIL157C	197	mitochondrial inner membrane [GO:0005743]; mitochondrial membrane [GO:0031966]; mitochondrion [GO:0005739]
P40459	PANC_YEAST	PAN6 YIL145C	309	cytoplasm [GO:0005737]; nucleus [GO:0005634]
P40468	TAO3_YEAST	TAO3 PAG1 YIL129C	2376	cell cortex [GO:0005938]; cellular bud [GO:0005933]; incipient cellular bud site [GO:0000131]; mating projection tip [GO:0043332]; mitochondrion [GO:0005739]; site of polarized growth [GO:0030427]
P40475	QDR1_YEAST	QDR1 YIL120W	563	cell periphery [GO:0071944]; plasma membrane [GO:0005886]
P40478	VDAC2_YEAST	POR2 YIL114C	281	mitochondrial outer membrane [GO:0005741]; mitochondrion [GO:0005739]; pore complex [GO:0046930]
P40480	HOS4_YEAST	HOS4 YIL112W	1083	nucleus [GO:0005634]; Set3 complex [GO:0034967]
P40481	HPM1_YEAST	HPM1 MNI1 YIL110W	377	cytoplasm [GO:0005737]; nucleus [GO:0005634]
P40486	SHQ1_YEAST	SHQ1 YIL104C	507	cytoplasm [GO:0005737]; cytosol [GO:0005829]; nucleoplasm [GO:0005654]; nucleus [GO:0005634]
P40491	FMC1_YEAST	FMC1 YIL098C	155	mitochondrial matrix [GO:0005759]; mitochondrion [GO:0005739]
P40493	BMT5_YEAST	BMT5 YIL096C	336	cytoplasm [GO:0005737]; nucleolus [GO:0005730]; nucleus [GO:0005634]
P40499	ICE2_YEAST	ICE2 YIL090W	491	cortical endoplasmic reticulum [GO:0032541]; endoplasmic reticulum [GO:0005783]; endoplasmic reticulum membrane [GO:0005789]; perinuclear endoplasmic reticulum [GO:0097038]
P40504	KTR7_YEAST	KTR7 YIL085C	517	Golgi apparatus [GO:0005794]; membrane [GO:0016020]
P40516	EFM4_YEAST	EFM4 SEE1 YIL064W	229	cytoplasm [GO:0005737]
P40517	YRB2_YEAST	YRB2 YIL063C	327	cytosol [GO:0005829]; nucleus [GO:0005634]
P40518	ARPC5_YEAST	ARC15 YIL062C	154	actin cortical patch [GO:0030479]; actin cytoskeleton [GO:0015629]; Arp2/3 protein complex [GO:0005885]; cortical cytoskeleton [GO:0030863]
P40522	VHR1_YEAST	VHR1 YIL056W	640	cytoplasm [GO:0005737]; nucleus [GO:0005634]
P40526	DFG10_YEAST	DFG10 YIL049W	253	endoplasmic reticulum [GO:0005783]; endoplasmic reticulum membrane [GO:0005789]
P40528	S53A1_YEAST	SYG1 YIL047C	902	fungal-type vacuole membrane [GO:0000329]; mitochondrion [GO:0005739]; plasma membrane [GO:0005886]
P40529	AGE2_YEAST	AGE2 YIL044C	298	cytoplasm [GO:0005737]; cytosol [GO:0005829]; Golgi trans cisterna [GO:0000138]
P40532	APQ12_YEAST	APQ12 YIL040W	138	endoplasmic reticulum [GO:0005783]; endoplasmic reticulum membrane [GO:0005789]; membrane [GO:0016020]; nuclear envelope [GO:0005635]; nuclear membrane [GO:0031965]
P40533	TED1_YEAST	TED1 YIL039W	473	endoplasmic reticulum [GO:0005783]; endoplasmic reticulum membrane [GO:0005789]
P40549	MNT3_YEAST	MNT3 YIL014W	630	fungal-type vacuole [GO:0000324]; Golgi apparatus [GO:0005794]; Golgi membrane [GO:0000139]
P40550	PDR11_YEAST	PDR11 YIL013C	1411	cell periphery [GO:0071944]; plasma membrane [GO:0005886]
P40552	TIR3_YEAST	TIR3 YIB1 YIL011W	269	cell periphery [GO:0071944]; fungal-type cell wall [GO:0009277]; fungal-type vacuole [GO:0000324]; side of membrane [GO:0098552]
P40555	PSMD9_YEAST	NAS2 YIL007C	220	cytoplasm [GO:0005737]; cytosol [GO:0005829]; nucleus [GO:0005634]
P40567	MSL1_YEAST	MSL1 YIR009W YIB9W	111	nucleus [GO:0005634]; Prp19 complex [GO:0000974]; spliceosomal complex [GO:0005681]; U2 snRNP [GO:0005686]; U2-type prespliceosome [GO:0071004]
P40574	YAP5_YEAST	YAP5 YIR018W	245	chromatin [GO:0000785]; cytoplasm [GO:0005737]; nucleus [GO:0005634]
P40576	INA22_YEAST	INA22 YIR024C	216	INA complex [GO:1990524]; mitochondrial inner membrane [GO:0005743]; mitochondrial inner membrane assembly complex [GO:1990677]; mitochondrion [GO:0005739]
P40579	NRE1_YEAST	NRE1 YIR035C	254	cytoplasm [GO:0005737]
P40580	BZRD_YEAST	IRC24 YIR036C	263	cytoplasm [GO:0005737]
P40582	GST1_YEAST	GTT1 YIR038C	234	cell periphery [GO:0071944]; cytoplasm [GO:0005737]; endoplasmic reticulum [GO:0005783]; endoplasmic reticulum membrane [GO:0005789]; mitochondrial outer membrane [GO:0005741]; mitochondrion [GO:0005739]; plasma membrane [GO:0005886]
P40583	YPS6_YEAST	YPS6 YIR039C	537	extracellular region [GO:0005576]; fungal-type cell wall [GO:0009277]; plasma membrane [GO:0005886]; side of membrane [GO:0098552]
P40858	RN49_YEAST	MRPL49 YJL096W J0904	161	mitochondrial inner membrane [GO:0005743]; mitochondrial large ribosomal subunit [GO:0005762]; mitochondrion [GO:0005739]
P40884	IMA5_YEAST	IMA5 YJL216C HRF581 J0228	581	
P40885	HXT9_YEAST	HXT9 YJL219W HRC567 J0222	567	cell periphery [GO:0071944]; fungal-type vacuole [GO:0000324]; plasma membrane [GO:0005886]
P40886	HXT8_YEAST	HXT8 YJL214W HRA569 J0232	569	cell periphery [GO:0071944]; plasma membrane [GO:0005886]
P40897	OPT1_YEAST	OPT1 GSH11 HGT1 YJL212C HRD799 J0236	799	plasma membrane [GO:0005886]
P40960	PAC11_YEAST	PAC11 YDR488C	533	cytoplasm [GO:0005737]; cytoplasmic dynein complex [GO:0005868]; cytoplasmic microtubule [GO:0005881]
P40965	MSH4_YEAST	MSH4 YFL003C	878	DNA repair complex [GO:1990391]; MutSgamma complex [GO:0062128]; nuclear chromosome [GO:0000228]; nucleus [GO:0005634]
P40971	LYS14_YEAST	LYS14 YDR034C YD9673.04C	790	nucleus [GO:0005634]
P40975	PMP2_YEAST	PMP2 YEL017C-A YEL017BC	43	cell periphery [GO:0071944]; fungal-type vacuole membrane [GO:0000329]; membrane [GO:0016020]; plasma membrane [GO:0005886]
P40985	HUL4_YEAST	HUL4 YJR036C J1608	892	prospore membrane [GO:0005628]; TRAMP complex [GO:0031499]
P40986	CDC1_YEAST	CDC1 DSR1 ESP2 YDR182W YD9395.16	491	endoplasmic reticulum [GO:0005783]; membrane [GO:0016020]
P41057	RS29A_YEAST	RPS29A RPS36A YS29A YLR388W L8084.11	56	cytosol [GO:0005829]; cytosolic small ribosomal subunit [GO:0022627]
P41058	RS29B_YEAST	RPS29B RPS36B YS29B YDL061C	56	cytosol [GO:0005829]; cytosolic small ribosomal subunit [GO:0022627]
P41544	SYS1_YEAST	SYS1 YJL004C J1402 YJR83.17	203	cytosol [GO:0005829]; Golgi membrane [GO:0000139]; trans-Golgi network [GO:0005802]
P41733	CDC91_YEAST	GAB1 CDC91 YLR459W L9122.2	394	endoplasmic reticulum [GO:0005783]; endoplasmic reticulum membrane [GO:0005789]; GPI-anchor transamidase complex [GO:0042765]
P41734	IAH1_YEAST	IAH1 EST2 YOR126C O3287 YOR3287C	238	
P41806	VMA21_YEAST	VMA21 YGR105W	77	endoplasmic reticulum [GO:0005783]; endoplasmic reticulum membrane [GO:0005789]; endoplasmic reticulum-Golgi intermediate compartment membrane [GO:0033116]; ER to Golgi transport vesicle membrane [GO:0012507]
P41814	TRM6_YEAST	GCD10 TIF33 TRM6 YNL062C N2422	478	nucleus [GO:0005634]; tRNA (m1A) methyltransferase complex [GO:0031515]
P41815	BAP3_YEAST	BAP3 PAP1 YDR046C YD9609.02C	604	endoplasmic reticulum [GO:0005783]; membrane [GO:0016020]; mitochondrion [GO:0005739]
P41817	CUP9_YEAST	CUP9 YPL177C	306	nucleus [GO:0005634]
P41818	GLC8_YEAST	GLC8 YMR311C YM9924.03C	229	cytoplasm [GO:0005737]; nucleus [GO:0005634]
P41819	DIM1_YEAST	DIM1 YPL266W	318	90S preribosome [GO:0030686]; cytoplasm [GO:0005737]; nucleolus [GO:0005730]; preribosome, small subunit precursor [GO:0030688]
P41912	ERFD_YEAST	SHR5 ERF4 YOL110W HRC237	237	endoplasmic reticulum [GO:0005783]; endoplasmic reticulum membrane [GO:0005789]; endoplasmic reticulum palmitoyltransferase complex [GO:0031211]
P41913	GLDS1_YEAST	GDS1 YOR355W	522	cytoplasm [GO:0005737]; mitochondrion [GO:0005739]; nucleus [GO:0005634]
P41930	SSU1_YEAST	SSU1 YPL092W LPG16W	458	cell periphery [GO:0071944]; endoplasmic reticulum [GO:0005783]; plasma membrane [GO:0005886]
P42826	XKS1_YEAST	XKS1 YGR194C G7584	600	cytoplasm [GO:0005737]; cytosol [GO:0005829]
P42833	HXT14_YEAST	HXT14 HXT9 YNL318C N0345	540	cell periphery [GO:0071944]; fungal-type vacuole [GO:0000324]; mitochondrion [GO:0005739]; plasma membrane [GO:0005886]
P42842	EMW1_YEAST	EMW1 YNL313C N0364	904	cytoplasm [GO:0005737]; nucleus [GO:0005634]
P42843	SKP2_YEAST	SKP2 YNL311C N0376	763	cytoplasm [GO:0005737]; SCF ubiquitin ligase complex [GO:0019005]
P42847	RT18_YEAST	MRPS18 YNL306W N0397	217	mitochondrial inner membrane [GO:0005743]; mitochondrial small ribosomal subunit [GO:0005763]; mitochondrion [GO:0005739]
P42900	SLS1_YEAST	SLS1 YLR139C L3162	643	membrane [GO:0016020]; mitochondrial inner membrane [GO:0005743]; mitochondrial nucleoid [GO:0042645]; mitochondrion [GO:0005739]
P42934	PMT6_YEAST	PMT6 YGR199W G7722	759	endoplasmic reticulum [GO:0005783]; endoplasmic reticulum membrane [GO:0005789]
P42937	YCH1_YEAST	YCH1 YGR203W G7731	148	cytoplasm [GO:0005737]; nucleus [GO:0005634]
P42938	TDA10_YEAST	TDA10 YGR205W G7737	290	cytoplasm [GO:0005737]; nucleus [GO:0005634]
P42944	GZF3_YEAST	GZF3 YJL110C J0806	551	nucleus [GO:0005634]
P42950	GSM1_YEAST	GSM1 YJL103C J0824	618	nucleus [GO:0005634]
P43544	SNO3_YEAST	SNO3 YFL060C	222	cytosol [GO:0005829]; glutaminase complex [GO:1903600]
P43545	SNZ3_YEAST	SNZ3 YFL059W	298	
P43549	AQY3_YEAST	AQY3 YFL054C	646	cell periphery [GO:0071944]; plasma membrane [GO:0005886]
P43550	DAK2_YEAST	DAK2 YFL053W	591	cytosol [GO:0005829]
P43551	ZNF1_YEAST	ZNF1 YFL052W	465	nucleus [GO:0005634]
P43553	ALR2_YEAST	ALR2 YFL050C	858	cell periphery [GO:0071944]; plasma membrane [GO:0005886]
P43554	SWP82_YEAST	SWP82 YFL049W	623	chromatin [GO:0000785]; cytosol [GO:0005829]; nucleus [GO:0005634]; RSC-type complex [GO:0016586]; SWI/SNF complex [GO:0016514]
P43556	RGD2_YEAST	RGD2 YFL047W	714	cell division site [GO:0032153]; cellular bud neck [GO:0005935]; cellular bud tip [GO:0005934]; cytoplasm [GO:0005737]; division septum [GO:0000935]; plasma membrane [GO:0005886]
P43560	LAM5_YEAST	LAM5 LTC2 YFL042C	674	cortical endoplasmic reticulum [GO:0032541]; endoplasmic reticulum [GO:0005783]; endoplasmic reticulum membrane [GO:0005789]; endoplasmic reticulum-plasma membrane contact site [GO:0140268]; mitochondria-associated endoplasmic reticulum membrane contact site [GO:0044233]; mitochondrion [GO:0005739]; nucleus-vacuole junction [GO:0071561]; plasma membrane [GO:0005886]
P43568	CAK1_YEAST	CAK1 CIV1 YFL029C	368	cytoplasm [GO:0005737]; nucleus [GO:0005634]
P43569	CAF16_YEAST	CAF16 YFL028C	289	CCR4-NOT complex [GO:0030014]; cytoplasm [GO:0005737]; nucleus [GO:0005634]
P43574	GAT1_YEAST	GAT1 YFL021W	510	cytoplasm [GO:0005737]; nucleus [GO:0005634]
P43577	GNA1_YEAST	GNA1 PAT1 YFL017C	159	cytoplasm [GO:0005737]; nucleus [GO:0005634]
P43581	HXT10_YEAST	HXT10 YFL011W	546	cell periphery [GO:0071944]; fungal-type vacuole [GO:0000324]; mitochondrion [GO:0005739]; plasma membrane [GO:0005886]
P43582	WWM1_YEAST	WWM1 YFL010C	211	cytoplasm [GO:0005737]; mitochondrion [GO:0005739]; nucleus [GO:0005634]
P43589	SAD1_YEAST	SAD1 YFR005C	448	nucleus [GO:0005634]; spliceosomal complex [GO:0005681]; U4/U6 x U5 tri-snRNP complex [GO:0046540]
P43592	FAR7_YEAST	FAR7 YFR008W	221	cytosol [GO:0005829]; endoplasmic reticulum [GO:0005783]; endoplasmic reticulum membrane [GO:0005789]; FAR/SIN/STRIPAK complex [GO:0090443]; mitochondrion [GO:0005739]
P43596	IOC3_YEAST	IOC3 YFR013W	787	Isw1 complex [GO:0016587]; Isw1a complex [GO:0036436]
P43598	IGD1_YEAST	IGD1 YFR017C	195	cytoplasm [GO:0005737]
P43606	PTR3_YEAST	PTR3 APF3 SSY3 YFR029W	678	plasma membrane [GO:0005886]
P43614	KEG1_YEAST	KEG1 YFR042W	200	endoplasmic reticulum [GO:0005783]; endoplasmic reticulum membrane [GO:0005789]
P43619	NADC_YEAST	BNA6 QPT1 YFR047C	295	cytoplasm [GO:0005737]; nucleus [GO:0005634]
P43623	METC_YEAST	IRC7 YFR055W	340	
P43634	CHA4_YEAST	CHA4 SIL2 SIL3 YLR098C L8004.8	648	nucleus [GO:0005634]
P43638	MHP1_YEAST	MHP1 YJL042W J1206	1398	cytoplasm [GO:0005737]; microtubule [GO:0005874]; spindle [GO:0005819]
P46151	MTHR1_YEAST	MET12 YPL023C LPB8C	657	cytosol [GO:0005829]
P46670	TBCC_YEAST	CIN2 YPL241C P1043	268	cytoplasm [GO:0005737]; microtubule [GO:0005874]
P46950	SNG1_YEAST	SNG1 YGR197C G7591	547	cell periphery [GO:0071944]; fungal-type vacuole [GO:0000324]; membrane [GO:0016020]; plasma membrane [GO:0005886]
P46954	SIP4_YEAST	SIP4 YJL089W J0922	829	nucleus [GO:0005634]
P46956	PHO86_YEAST	PHO86 YJL117W J0744	311	endoplasmic reticulum [GO:0005783]; membrane [GO:0016020]
P46961	GPI2_YEAST	GPI2 GCR4 YPL076W LPF9W	280	endoplasmic reticulum [GO:0005783]; endoplasmic reticulum membrane [GO:0005789]; glycosylphosphatidylinositol-N-acetylglucosaminyltransferase (GPI-GnT) complex [GO:0000506]
P46969	RPE_YEAST	RPE1 EPI1 POS18 YJL121C J0731	238	cytosol [GO:0005829]
P46970	NMD5_YEAST	NMD5 KAP119 YJR132W J2112	1048	cytoplasm [GO:0005737]; cytosol [GO:0005829]; nuclear envelope [GO:0005635]; nuclear periphery [GO:0034399]; nucleus [GO:0005634]
P46974	RSF2_YEAST	RSF2 ZMS1 YJR127C J2052	1380	chromatin [GO:0000785]; cytoplasm [GO:0005737]; nucleus [GO:0005634]
P46982	MNN5_YEAST	MNN5 YJL186W J0409	586	Golgi apparatus [GO:0005794]
P46992	TOH1_YEAST	TOH1 YJL171C J0512	396	endoplasmic reticulum [GO:0005783]; fungal-type cell wall [GO:0009277]; mitochondrion [GO:0005739]; plasma membrane [GO:0005886]; side of membrane [GO:0098552]
P47018	MTC1_YEAST	MTC1 YJL123C J0718	478	COPI-coated vesicle [GO:0030137]; cytoplasm [GO:0005737]; Golgi apparatus [GO:0005794]; mitochondrion [GO:0005739]
P47019	ALB1_YEAST	ALB1 YJL122W J0723	175	cytoplasm [GO:0005737]; nucleus [GO:0005634]
P47030	TAX4_YEAST	TAX4 YJL083W J1002	604	phagophore assembly site [GO:0000407]
P47031	IML2_YEAST	IML2 YJL082W J1007	731	cytoplasm [GO:0005737]; mitochondrial outer membrane [GO:0005741]; mitochondrion [GO:0005739]; nucleus [GO:0005634]
P47040	BTN1_YEAST	YHC3 BTN1 YJL059W J1139	408	fungal-type vacuole [GO:0000324]; vacuolar membrane [GO:0005774]; vacuole [GO:0005773]
P47045	TIM54_YEAST	TIM54 YJL054W J1150	478	cytoplasm [GO:0005737]; cytosol [GO:0005829]; membrane [GO:0016020]; mitochondrial inner membrane [GO:0005743]; mitochondrial intermembrane space [GO:0005758]; mitochondrion [GO:0005739]; TIM22 mitochondrial import inner membrane insertion complex [GO:0042721]
P47051	LPLA_YEAST	AIM22 YJL046W J1171	409	cytoplasm [GO:0005737]; mitochondrion [GO:0005739]
P47052	SDHX_YEAST	YJL045W J1194	634	mitochondrial inner membrane [GO:0005743]; mitochondrion [GO:0005739]; respiratory chain complex II (succinate dehydrogenase) [GO:0045273]
P47055	LOH1_YEAST	LOH1 OSW4 YJL038C J1232	219	cytosol [GO:0005829]; membrane [GO:0016020]
P47056	IRC18_YEAST	IRC18 OSW6 YJL037W J1234	224	fungal-type vacuole [GO:0000324]; membrane [GO:0016020]
P47079	TCPQ_YEAST	CCT8 YJL008C J1374	568	chaperonin-containing T-complex [GO:0005832]; cytoplasm [GO:0005737]
P47088	GPI14_YEAST	GPI14 PMH1 YJR013W J1444 YJR83.11	403	endoplasmic reticulum [GO:0005783]; endoplasmic reticulum membrane [GO:0005789]; glycosylphosphatidylinositol-mannosyltransferase I complex [GO:1990529]
P47089	DENR_YEAST	TMA22 RBF22 YJR014W J1446 YJR83.12	198	cytoplasm [GO:0005737]; ribonucleoprotein complex [GO:1990904]; ribosome [GO:0005840]
P47095	MTNB_YEAST	MDE1 YJR024C J1545 YJR83.18	244	cytoplasm [GO:0005737]; cytosol [GO:0005829]
P47118	YAE1_YEAST	YAE1 YJR067C J1805	141	cytoplasm [GO:0005737]; nucleus [GO:0005634]; Yae1-Lto1 complex [GO:0062092]
P47123	MOG1_YEAST	MOG1 YJR074W J1827	218	nucleus [GO:0005634]
P47125	I23O_YEAST	BNA2 YJR078W J1840	453	cytoplasm [GO:0005737]
P47135	JSN1_YEAST	JSN1 PUF1 YJR091C J1890	1091	cytoplasm [GO:0005737]; cytoplasmic side of mitochondrial outer membrane [GO:0032473]; fungal-type cell wall [GO:0009277]; P-body [GO:0000932]
P47137	YJ66_YEAST	YJR096W J1926	282	cytoplasm [GO:0005737]; cytosol [GO:0005829]; nucleus [GO:0005634]
P47138	DPH4_YEAST	JJJ3 DPH4 YJR097W J1931	172	cytoplasm [GO:0005737]; nucleus [GO:0005634]
P47141	RT26_YEAST	RSM26 YJR101W J1952	266	cytoplasm [GO:0005737]; mitochondrial inner membrane [GO:0005743]; mitochondrial small ribosomal subunit [GO:0005763]; mitochondrion [GO:0005739]
P47147	YMR1_YEAST	YMR1 YJR110W J2007	688	cytoplasm [GO:0005737]; membrane [GO:0016020]
P47158	CAF17_YEAST	IBA57 CAF17 YJR122W J2043	497	mitochondrial matrix [GO:0005759]; mitochondrion [GO:0005739]
P47161	VPS70_YEAST	VPS70 YJR126C J2050	811	endoplasmic reticulum [GO:0005783]; membrane [GO:0016020]
P47168	TTI2_YEAST	TTI2 YJR136C J2124	421	cytoplasm [GO:0005737]; nucleus [GO:0005634]; TTT Hsp90 cochaperone complex [GO:0110078]
P47179	DAN4_YEAST	DAN4 YJR151C J2223	1161	cell periphery [GO:0071944]; fungal-type cell wall [GO:0009277]; plasma membrane [GO:0005886]; side of membrane [GO:0098552]
P47180	PGLR_YEAST	PGU1 PGL1 PSM1 YJR153W J2235	361	extracellular region [GO:0005576]
P47183	THI11_YEAST	THI11 YJR156C J2250	340	
P47185	HXT16_YEAST	HXT16 YJR158W J2260	567	cell periphery [GO:0071944]; plasma membrane [GO:0005886]
P47771	ALDH2_YEAST	ALD2 ALD5 YMR170C YM8520.19C	506	cytoplasm [GO:0005737]
P47988	TEA1_YEAST	TEA1 YOR337W O6257	759	cell cortex of cell tip [GO:0051285]; nucleus [GO:0005634]
P48015	GCST_YEAST	GCV1 YDR019C YD9335.05C	400	glycine cleavage complex [GO:0005960]; mitochondrion [GO:0005739]
P48239	GSTO1_YEAST	GTO1 YGR154C G6664	356	cytoplasm [GO:0005737]; peroxisome [GO:0005777]
P48365	GYP7_YEAST	GYP7 YDL234C	746	cytoplasm [GO:0005737]; cytosol [GO:0005829]; late endosome [GO:0005770]
P48525	SYEM_YEAST	MSE1 YOL033W	536	mitochondrial matrix [GO:0005759]; mitochondrion [GO:0005739]
P48527	SYYM_YEAST	MSY1 YPL097W LPG11W	492	cytosol [GO:0005829]; mitochondrial matrix [GO:0005759]; mitochondrion [GO:0005739]
P48565	PALH_YEAST	RIM21 PAL2 YNL294C N0466	533	endoplasmic reticulum [GO:0005783]; plasma membrane [GO:0005886]
P48589	RS12_YEAST	RPS12 YOR369C	143	cytoplasm [GO:0005737]; cytosol [GO:0005829]; cytosolic small ribosomal subunit [GO:0022627]
P48606	TBCA_YEAST	RBL2 YOR265W	106	cytoplasm [GO:0005737]; microtubule [GO:0005874]; microtubule cytoskeleton [GO:0015630]
P48743	RFX1_YEAST	RFX1 CRT1 YLR176C L9470.18	811	cytoplasm [GO:0005737]; nucleus [GO:0005634]
P49089	ASNS1_YEAST	ASN1 YPR145W P9659.3	572	cytoophidium [GO:0097268]; cytoplasm [GO:0005737]; cytosol [GO:0005829]
P49090	ASNS2_YEAST	ASN2 YGR124W G6358	572	cytoplasm [GO:0005737]; cytosol [GO:0005829]
P49167	RL38_YEAST	RPL38 YLR325C L8543.2	78	cytoplasm [GO:0005737]; cytosol [GO:0005829]; cytosolic large ribosomal subunit [GO:0022625]
P49954	NIT3_YEAST	NIT3 YLR351C L9638.5	291	cytoplasm [GO:0005737]; mitochondrion [GO:0005739]
P50264	FMS1_YEAST	FMS1 YMR020W YM9711.09	508	cytoplasm [GO:0005737]
P50276	MUP1_YEAST	MUP1 YGR055W	574	cell periphery [GO:0071944]; fungal-type vacuole [GO:0000324]; plasma membrane [GO:0005886]
P50277	BIOA_YEAST	BIO3 YNR058W N3510	480	mitochondrion [GO:0005739]
P50278	SOL1_YEAST	SOL1 YNR034W N3291	321	cytoplasm [GO:0005737]; cytosol [GO:0005829]; nucleus [GO:0005634]
P50896	PSP1_YEAST	PSP1 GIN5 YDR505C D9719.11	841	cytoplasm [GO:0005737]; mitochondrion [GO:0005739]; P-body [GO:0000932]
P50944	AVT4_YEAST	AVT4 YNL101W N2185	713	fungal-type vacuole [GO:0000324]; fungal-type vacuole membrane [GO:0000329]; vacuolar membrane [GO:0005774]; vacuole-mitochondrion membrane contact site [GO:1990816]
P50946	OCA1_YEAST	OCA1 YNL099C N2194	238	cytoplasm [GO:0005737]
P51401	RL9B_YEAST	RPL9B RPL8B YNL067W N2406 YNL2406W	191	cytosol [GO:0005829]; cytosolic large ribosomal subunit [GO:0022625]
P51533	PDR10_YEAST	PDR10 YOR328W	1564	cell periphery [GO:0071944]; fungal-type vacuole [GO:0000324]; plasma membrane [GO:0005886]
P51534	SHE4_YEAST	SHE4 YOR035C OR26.26	789	cytoplasm [GO:0005737]
P51998	RL4P_YEAST	YML6 YML025C	286	mitochondrial inner membrane [GO:0005743]; mitochondrial large ribosomal subunit [GO:0005762]; mitochondrion [GO:0005739]
P52492	UBC11_YEAST	UBC11 YOR339C O6268	156	cytoplasm [GO:0005737]; nucleus [GO:0005634]
P52867	PMT5_YEAST	PMT5 YDL093W D2399	743	dolichyl-phosphate-mannose-protein mannosyltransferase Pmt5p-Pmt2p dimer complex [GO:0097584]; dolichyl-phosphate-mannose-protein mannosyltransferase Pmt5p-Pmt3p dimer complex [GO:0097585]; endoplasmic reticulum [GO:0005783]; endoplasmic reticulum membrane [GO:0005789]
P52868	CWC23_YEAST	CWC23 YGL128C G2861	283	cytoplasm [GO:0005737]; Prp19 complex [GO:0000974]; spliceosomal complex [GO:0005681]; U2-type spliceosomal complex [GO:0005684]
P52892	ALAT2_YEAST	ALT2 YDR111C YD9727.07C	507	cytoplasm [GO:0005737]; nucleus [GO:0005634]
P52911	EXG2_YEAST	EXG2 YDR261C YD9320A.12C	562	extracellular region [GO:0005576]; fungal-type cell wall [GO:0009277]; plasma membrane [GO:0005886]; side of membrane [GO:0098552]
P52919	NBP1_YEAST	NBP1 YLR457C L9122.6	319	central plaque of spindle pole body [GO:0005823]; nuclear inner membrane [GO:0005637]; spindle pole body [GO:0005816]
P53035	MIG2_YEAST	MIG2 MLZ1 YGL209W	382	cytoplasm [GO:0005737]; mitochondrion [GO:0005739]; nucleus [GO:0005634]
P53059	MNT2_YEAST	MNT2 YGL257C NRD558	558	cell periphery [GO:0071944]; fungal-type vacuole membrane [GO:0000329]; Golgi apparatus [GO:0005794]; Golgi membrane [GO:0000139]
P53062	BRR6_YEAST	BRR6 YGL247W NRA197	197	cell periphery [GO:0071944]; endoplasmic reticulum [GO:0005783]; nuclear envelope [GO:0005635]; nuclear membrane [GO:0031965]
P53065	TAD1_YEAST	TAD1 YGL243W HRA400	400	cytoplasm [GO:0005737]; nucleus [GO:0005634]
P53070	MTO1_YEAST	MTO1 IPS1 YGL236C	669	mitochondrion [GO:0005739]
P53072	TAN1_YEAST	TAN1 YGL232W	289	cytoplasm [GO:0005737]; nucleus [GO:0005634]
P53073	EMC4_YEAST	EMC4 YGL231C	190	EMC complex [GO:0072546]; endoplasmic reticulum [GO:0005783]
P53075	SHE10_YEAST	SHE10 YGL228W	577	endoplasmic reticulum [GO:0005783]; mitochondrion [GO:0005739]; ribonucleoprotein complex [GO:1990904]
P53080	EDC1_YEAST	EDC1 YGL222C	175	cytoplasm [GO:0005737]; nucleus [GO:0005634]; RNA decapping complex [GO:0098745]
P53094	MDS3_YEAST	MDS3 YGL197W G1307	1487	cytoplasm [GO:0005737]; cytosol [GO:0005829]; mitochondrion [GO:0005739]
P53101	STR3_YEAST	STR3 YGL184C G1601	465	cytoplasm [GO:0005737]; nucleus [GO:0005634]; peroxisome [GO:0005777]
P53107	YRB30_YEAST	YRB30 YGL164C G1817	440	cytoplasm [GO:0005737]; nucleus [GO:0005634]
P53108	YIP5_YEAST	YIP5 YGL161C G1832	310	Golgi apparatus [GO:0005794]; membrane [GO:0016020]
P53111	ARI1_YEAST	ARI1 YGL157W G1857	347	cytoplasm [GO:0005737]; nucleus [GO:0005634]
P53121	FLC3_YEAST	FLC3 YGL139W G2812	802	endoplasmic reticulum [GO:0005783]; endoplasmic reticulum membrane [GO:0005789]; membrane [GO:0016020]; mitochondrion [GO:0005739]
P53123	MRM2_YEAST	MRM2 YGL136C G2830	320	mitochondrion [GO:0005739]
P53124	PCL10_YEAST	PCL10 YGL134W G2838	433	cyclin-dependent protein kinase holoenzyme complex [GO:0000307]; cytoplasm [GO:0005737]; nucleus [GO:0005634]
P53128	MTHR2_YEAST	MET13 MET11 MRPL45 YGL125W G2882	600	cytosol [GO:0005829]; mitochondrion [GO:0005739]
P53136	NSA1_YEAST	NSA1 YGL111W G2990	463	nucleolus [GO:0005730]; nucleus [GO:0005634]; preribosome, large subunit precursor [GO:0030687]
P53153	LCL3_YEAST	LCL3 YGL085W	274	membrane [GO:0016020]; mitochondrion [GO:0005739]
P53158	KXD1_YEAST	KXD1 YGL079W	218	BLOC-1 complex [GO:0031083]; endosome [GO:0005768]
P53167	PUS2_YEAST	PUS2 YGL063W	370	mitochondrion [GO:0005739]; nucleus [GO:0005634]
P53169	YBP2_YEAST	YBP2 YBH1 YGL060W	641	cytoplasm [GO:0005737]; kinetochore [GO:0000776]
P53174	PRM8_YEAST	PRM8 DUP1 YGL053W	237	endoplasmic reticulum [GO:0005783]; plasma membrane [GO:0005886]
P53177	TYW3_YEAST	TYW3 YGL050W	273	cytoplasm [GO:0005737]
P53179	PALF_YEAST	RIM8 PAL3 YGL045W YGL046W	542	cytoplasm [GO:0005737]; cytoplasmic side of plasma membrane [GO:0009898]; cytosol [GO:0005829]; plasma membrane [GO:0005886]
P53185	VIR_YEAST	VIR1 YGL036W	909	cytoplasm [GO:0005737]; mediator complex [GO:0016592]; nucleolus [GO:0005730]; RNA N6-methyladenosine methyltransferase complex [GO:0036396]; transcription regulator complex [GO:0005667]
P53187	HOP2_YEAST	HOP2 YGL033W	214	condensed nuclear chromosome [GO:0000794]; DNA recombinase auxiliary factor complex [GO:0120231]
P53188	CGR1_YEAST	CGR1 YGL029W	120	nucleolus [GO:0005730]; nucleus [GO:0005634]; preribosome, large subunit precursor [GO:0030687]
P53189	SCW11_YEAST	SCW11 YGL028C	542	cell periphery [GO:0071944]; cell surface [GO:0009986]; extracellular region [GO:0005576]; fungal-type cell wall [GO:0009277]
P53198	ERP6_YEAST	ERP6 YGL002W	216	COPII-coated ER to Golgi transport vesicle [GO:0030134]; endoplasmic reticulum [GO:0005783]; endoplasmic reticulum membrane [GO:0005789]; endoplasmic reticulum-Golgi intermediate compartment [GO:0005793]; Golgi apparatus [GO:0005794]; membrane [GO:0016020]; mitochondrion [GO:0005739]
P53206	MCY1_YEAST	MCY1 YGR012W	393	cytoplasm [GO:0005737]; mitochondrial outer membrane [GO:0005741]; mitochondrion [GO:0005739]
P53214	MTL1_YEAST	MTL1 YGR023W	551	plasma membrane [GO:0005886]; vacuole [GO:0005773]
P53220	TIM21_YEAST	TIM21 YGR033C	239	mitochondrial inner membrane [GO:0005743]; mitochondrion [GO:0005739]; TIM23 mitochondrial import inner membrane translocase complex [GO:0005744]
P53221	RL26B_YEAST	RPL26B RPL33B YGR034W	127	cytosol [GO:0005829]; cytosolic large ribosomal subunit [GO:0022625]
P53228	TAL2_YEAST	NQM1 YGR043C	333	cytoplasm [GO:0005737]; nucleus [GO:0005634]
P53233	FMP48_YEAST	FMP48 YGR052W	369	mitochondrion [GO:0005739]
P53235	EIF2A_YEAST	YGR054W	642	cytosolic ribosome [GO:0022626]
P53237	LST7_YEAST	LST7 YGR057C	242	cytoplasm [GO:0005737]; cytosol [GO:0005829]; FNIP-folliculin RagC/D GAP [GO:1990877]; vacuolar membrane [GO:0005774]
P53239	COX18_YEAST	COX18 YGR062C G4532	316	mitochondrial inner membrane [GO:0005743]
P53242	GID10_YEAST	GID10 YGR066C	292	GID complex [GO:0034657]; vacuole [GO:0005773]
P53244	ART5_YEAST	ART5 YGR068C	586	cytoplasm [GO:0005737]; cytosol [GO:0005829]; plasma membrane [GO:0005886]
P53246	ENV11_YEAST	ENV11 YGR071C	860	nucleus [GO:0005634]; vacuole [GO:0005773]
P53258	GYP2_YEAST	MDR1 GYP2 MIC1 YGR100W G5717	950	cytoplasm [GO:0005737]; mating projection tip [GO:0043332]
P53260	GATF_YEAST	GTF1 YGR102C	183	glutamyl-tRNA(Gln) amidotransferase complex [GO:0030956]; mitochondrial inner membrane [GO:0005743]; mitochondrion [GO:0005739]
P53266	SHY1_YEAST	SHY1 YGR112W G6150	389	membrane [GO:0016020]; mitochondrial inner membrane [GO:0005743]; mitochondrion [GO:0005739]; peroxisome [GO:0005777]
P53273	VSB1_YEAST	VSB1 YGR125W G6362	1036	fungal-type vacuole [GO:0000324]; fungal-type vacuole membrane [GO:0000329]
P53280	CF130_YEAST	CAF130 YGR134W	1122	CCR4-NOT core complex [GO:0030015]; cytosol [GO:0005829]; nucleus [GO:0005634]
P53283	TPO2_YEAST	TPO2 YGR138C G6417	614	cell periphery [GO:0071944]; fungal-type vacuole membrane [GO:0000329]; plasma membrane [GO:0005886]
P53295	RBG2_YEAST	RBG2 GIR1 YGR173W	368	cytoplasm [GO:0005737]
P53305	RT27_YEAST	RSM27 YGR215W	110	mitochondrial inner membrane [GO:0005743]; mitochondrial small ribosomal subunit [GO:0005763]; mitochondrion [GO:0005739]
P53306	GPI1_YEAST	GPI1 YGR216C	609	endoplasmic reticulum [GO:0005783]; endoplasmic reticulum membrane [GO:0005789]; glycosylphosphatidylinositol-N-acetylglucosaminyltransferase (GPI-GnT) complex [GO:0000506]
P53312	SUCB_YEAST	LSC2 YGR244C G8625	427	mitochondrion [GO:0005739]; succinate-CoA ligase complex [GO:0042709]; succinate-CoA ligase complex (ADP-forming) [GO:0009361]
P53313	SDA1_YEAST	SDA1 YGR245C	767	nucleolus [GO:0005730]; nucleus [GO:0005634]
P53319	6PGD2_YEAST	GND2 YGR256W G9170	492	cytosol [GO:0005829]; plasma membrane [GO:0005886]
P53320	MTM1_YEAST	MTM1 YGR257C G9175	366	mitochondrial inner membrane [GO:0005743]; mitochondrion [GO:0005739]
P53332	COAD_YEAST	CAB4 YGR277C	305	CoA-synthesizing protein complex [GO:1990143]; cytoplasm [GO:0005737]; nucleus [GO:0005634]
P53337	ERV29_YEAST	ERV29 YGR284C	310	COPII-coated ER to Golgi transport vesicle [GO:0030134]; endoplasmic reticulum [GO:0005783]; endoplasmic reticulum membrane [GO:0005789]; endoplasmic reticulum-Golgi intermediate compartment [GO:0005793]
P53341	MAL12_YEAST	MAL12 MAL1S YGR292W	584	plasma membrane [GO:0005886]
P53388	DIP5_YEAST	DIP5 YPL265W	608	cell periphery [GO:0071944]; fungal-type vacuole [GO:0000324]; fungal-type vacuole membrane [GO:0000329]; membrane [GO:0016020]; plasma membrane [GO:0005886]
P53389	HOL1_YEAST	HOL1 YNR055C N3494	586	cell periphery [GO:0071944]; fungal-type vacuole [GO:0000324]; mitochondrion [GO:0005739]; plasma membrane [GO:0005886]
P53390	MEP3_YEAST	MEP3 AMT3 YPR138C P9659.14	489	endoplasmic reticulum [GO:0005783]; plasma membrane [GO:0005886]
P53437	RRN9_YEAST	RRN9 YMR270C YM8156.12C	365	nucleolus [GO:0005730]; nucleus [GO:0005634]; RNA polymerase I upstream activating factor complex [GO:0000500]
P53600	COPZ_YEAST	RET3 YPL010W LPA7W YP8132.03	189	COPI vesicle coat [GO:0030126]; Golgi membrane [GO:0000139]
P53629	ARE2_YEAST	ARE2 SAT1 YNR019W N3206	642	endoplasmic reticulum [GO:0005783]; endoplasmic reticulum membrane [GO:0005789]
P53631	HXT17_YEAST	HXT17 YNR072W N3615	564	cell periphery [GO:0071944]; fungal-type vacuole [GO:0000324]; plasma membrane [GO:0005886]
P53718	NRM1_YEAST	NRM1 YNR009W N2044	249	cytoplasm [GO:0005737]; MBF transcription complex [GO:0030907]; nucleus [GO:0005634]
P53727	BUD17_YEAST	BUD17 YNR027W N3250	317	cytoplasm [GO:0005737]; cytosol [GO:0005829]; nucleus [GO:0005634]
P53730	ALG12_YEAST	ALG12 ECM39 YNR030W N3265	551	endoplasmic reticulum [GO:0005783]; endoplasmic reticulum membrane [GO:0005789]
P53733	RT19_YEAST	RSM19 YNR037C N3300	91	mitochondrial inner membrane [GO:0005743]; mitochondrial small ribosomal subunit [GO:0005763]; mitochondrion [GO:0005739]
P53756	PDR18_YEAST	PDR18 YNR070W N3568	1333	cytosol [GO:0005829]; mitochondrion [GO:0005739]; plasma membrane [GO:0005886]
P53823	SNO2_YEAST	SNO2 YNL334C N0285	222	cytosol [GO:0005829]; glutaminase complex [GO:1903600]
P53824	SNZ2_YEAST	SNZ2 YNL333W N0290	298	
P53830	CUS2_YEAST	CUS2 YNL286W N0549	285	nucleus [GO:0005634]; spliceosomal complex [GO:0005681]; U2 snRNP [GO:0005686]; U2-type spliceosomal complex [GO:0005684]
P53834	HCH1_YEAST	HCH1 YNL281W N0589	153	cytoplasm [GO:0005737]; cytosol [GO:0005829]; nucleus [GO:0005634]
P53836	CA120_YEAST	CAF120 YNL278W N0610	1060	cellular bud neck [GO:0005935]; cytoplasm [GO:0005737]; nucleus [GO:0005634]
P53849	GIS2_YEAST	GIS2 YNL255C N0852	153	cytoplasm [GO:0005737]; cytoplasmic stress granule [GO:0010494]; P-body [GO:0000932]
P53851	TEX1_YEAST	TEX1 YNL253W N0860	422	THO complex [GO:0000347]; THO complex part of transcription export complex [GO:0000445]; transcription export complex [GO:0000346]
P53854	CWC25_YEAST	CWC25 YNL245C N0901	179	Prp19 complex [GO:0000974]; U2-type spliceosomal complex [GO:0005684]
P53858	BNI4_YEAST	BNI4 YNL233W N1146	892	cellular bud neck [GO:0005935]; cellular bud neck septin collar [GO:0032174]; incipient cellular bud site [GO:0000131]; protein phosphatase type 1 complex [GO:0000164]; septin ring [GO:0005940]
P53861	ELOA1_YEAST	ELA1 YNL230C N1161	379	Cul3-RING ubiquitin ligase complex [GO:0031463]; cytoplasm [GO:0005737]; elongin complex [GO:0070449]; nucleus [GO:0005634]
P53875	RM19_YEAST	MRPL19 YNL185C N1623	158	mitochondrial inner membrane [GO:0005743]; mitochondrial large ribosomal subunit [GO:0005762]; mitochondrion [GO:0005739]
P53881	RM22_YEAST	MRPL22 YNL177C N1657	309	mitochondrial inner membrane [GO:0005743]; mitochondrial large ribosomal subunit [GO:0005762]; mitochondrion [GO:0005739]
P53883	NOP13_YEAST	NOP13 YNL175C N1665	403	nucleolus [GO:0005730]; nucleus [GO:0005634]; preribosome [GO:0030684]
P53889	FMP41_YEAST	FMP41 YNL168C N1696	259	mitochondrion [GO:0005739]
P53903	PGA2_YEAST	PGA2 YNL149C N1774	129	endoplasmic reticulum [GO:0005783]; endoplasmic reticulum membrane [GO:0005789]; nuclear envelope [GO:0005635]; nuclear membrane [GO:0031965]
P53916	TEP1_YEAST	TEP1 YNL128W N1220 N1872	434	cell projection [GO:0042995]; cytoplasm [GO:0005737]; cytosol [GO:0005829]; nucleus [GO:0005634]; plasma membrane [GO:0005886]
P53921	RN35_YEAST	MRP35 YNL122C N1901	115	large ribosomal subunit [GO:0015934]; mitochondrial inner membrane [GO:0005743]; mitochondrial large ribosomal subunit [GO:0005762]; mitochondrion [GO:0005739]
P53934	CARME_YEAST	YNL092W N2227	400	
P53937	SWS2_YEAST	SWS2 YNL081C N2322	143	mitochondrial inner membrane [GO:0005743]; mitochondrial small ribosomal subunit [GO:0005763]; mitochondrion [GO:0005739]; peroxisome [GO:0005777]; small ribosomal subunit [GO:0015935]
P53938	EOS1_YEAST	EOS1 YNL080C N2327	366	endoplasmic reticulum [GO:0005783]; endoplasmic reticulum membrane [GO:0005789]
P53944	MTQ1_YEAST	MTQ1 YNL063W N2420 YNL2420W	314	mitochondrion [GO:0005739]
P53971	FAP1_YEAST	FAP1 YNL023C N2812	965	cytoplasm [GO:0005737]; nucleus [GO:0005634]
P54114	ALDH3_YEAST	ALD3 ALD4 YMR169C YM8520.18C	506	cytoplasm [GO:0005737]
P54730	UBX4_YEAST	UBX4 YMR067C YM9916.06C	416	cytoplasm [GO:0005737]; nucleus [GO:0005634]; vesicle membrane [GO:0012506]
P54838	DAK1_YEAST	DAK1 YML070W	584	cytoplasm [GO:0005737]; cytosol [GO:0005829]
P54885	PROA_YEAST	PRO2 YOR323C O6155	456	cytoplasm [GO:0005737]; cytosol [GO:0005829]; nucleus [GO:0005634]
P54964	ORN_YEAST	REX2 YNT20 YLR059C L2159	269	mitochondrion [GO:0005739]
P56628	RL22B_YEAST	RPL22B YFL034C-A YFL034BC	122	cytosol [GO:0005829]; cytosolic large ribosomal subunit [GO:0022625]
P57744	TIM8_YEAST	TIM8 YJR135W-A YJR135BW	87	mitochondrial inner membrane [GO:0005743]; mitochondrial intermembrane space [GO:0005758]; mitochondrial intermembrane space chaperone complex [GO:0042719]; mitochondrion [GO:0005739]
P80235	CACM_YEAST	YAT1 YAR035W	687	mitochondrial inner membrane [GO:0005743]; mitochondrion [GO:0005739]
P81451	ATP19_YEAST	ATP19 YOL077W-A YOL078BW	68	mitochondrial inner membrane [GO:0005743]; mitochondrion [GO:0005739]; proton-transporting ATP synthase complex [GO:0045259]
P87284	PMP3_YEAST	PMP3 SNA1 YDR276C	55	cell periphery [GO:0071944]; plasma membrane [GO:0005886]
P89114	SAE3_YEAST	SAE3 YHR079C-A	91	condensed nuclear chromosome [GO:0000794]; nuclear chromosome [GO:0000228]; Swi5-Sfr1 complex [GO:0032798]
P89886	TMA20_YEAST	TMA20 YER007C-A	181	cytoplasm [GO:0005737]; cytosol [GO:0005829]
Q00723	PRP38_YEAST	PRP38 YGR075C	242	nucleus [GO:0005634]; precatalytic spliceosome [GO:0071011]; spliceosomal complex [GO:0005681]; U4/U6 x U5 tri-snRNP complex [GO:0046540]
Q01802	AATM_YEAST	AAT1 YKL106W YKL461	451	mitochondrial matrix [GO:0005759]; mitochondrion [GO:0005739]
Q01846	MDM1_YEAST	MDM1 YML104C YM8339.15C	1127	cell periphery [GO:0071944]; cytoplasm [GO:0005737]; fungal-type vacuole [GO:0000324]; nucleus-vacuole junction [GO:0071561]
Q02196	KAPS_YEAST	MET14 YKL001C	202	cytoplasm [GO:0005737]
Q02197	NAA35_YEAST	MAK10 NAA35 YEL053C	733	cytoplasm [GO:0005737]; cytosol [GO:0005829]; NatC complex [GO:0031417]
Q02202	ECM9_YEAST	ECM9 YKR004C YK103 YKR004C-A	377	cytoplasm [GO:0005737]; geranylgeranyltransferase-III complex [GO:0170069]; Rab-protein geranylgeranyltransferase complex [GO:0005968]
Q02204	RM13_YEAST	MRPL13 YKR006C YK105	264	mitochondrial inner membrane [GO:0005743]; mitochondrial large ribosomal subunit [GO:0005762]; mitochondrion [GO:0005739]
Q02208	TOF2_YEAST	TOF2 YKR010C YK109	771	mitochondrion [GO:0005739]; nucleolus [GO:0005730]
Q02516	HAP5_YEAST	HAP5 YOR358W	242	CCAAT-binding factor complex [GO:0016602]; nucleus [GO:0005634]
Q02648	TRM44_YEAST	TRM44 YPL030W	567	cytoplasm [GO:0005737]; cytosol [GO:0005829]
Q02721	TO6BL_YEAST	REC102 YLR329W L8543.17	264	condensed nuclear chromosome [GO:0000794]
Q02753	RL21A_YEAST	RPL21A URP1 YBR191W YBR1401	160	cytosol [GO:0005829]; cytosolic large ribosomal subunit [GO:0022625]
Q02770	CWC27_YEAST	CWC27 CYP7 YPL064C	301	catalytic step 2 spliceosome [GO:0071013]; cytoplasm [GO:0005737]; Prp19 complex [GO:0000974]; U2-type spliceosomal complex [GO:0005684]
Q02783	LPE10_YEAST	MFM1 LPE10 YPL060W	413	mitochondrial inner membrane [GO:0005743]
Q02825	SEN54_YEAST	SEN54 YPL083C LPF3C	467	endomembrane system [GO:0012505]; mitochondrial outer membrane [GO:0005741]; mitochondrion [GO:0005739]; tRNA-intron endonuclease complex [GO:0000214]
Q02866	MUK1_YEAST	MUK1 YPL070W	612	cytoplasm [GO:0005737]; cytosol [GO:0005829]; endocytic vesicle [GO:0030139]
Q02883	FMP30_YEAST	FMP30 YPL103C	468	cytoplasm [GO:0005737]; mitochondrial inner membrane [GO:0005743]; mitochondrion [GO:0005739]
Q02891	MCFS1_YEAST	EEB1 YPL095C LPG13C	456	
Q02932	KA120_YEAST	KAP120 YPL125W	1032	cytoplasm [GO:0005737]; cytosol [GO:0005829]; nuclear envelope [GO:0005635]; nucleus [GO:0005634]
Q02969	PEX25_YEAST	PEX25 YPL112C	394	peroxisomal membrane [GO:0005778]; peroxisome [GO:0005777]
Q02983	RRN5_YEAST	RRN5 YLR141W L3165 L9606.3	363	nucleolus [GO:0005730]; nucleus [GO:0005634]; RNA polymerase I upstream activating factor complex [GO:0000500]
Q03016	GIP3_YEAST	GIP3 YPL137C	1276	cytoplasm [GO:0005737]; endoplasmic reticulum [GO:0005783]; mitochondrion [GO:0005739]
Q03028	ODC1_YEAST	ODC1 YPL134C LPI11C	310	mitochondrial inner membrane [GO:0005743]; mitochondrion [GO:0005739]
Q03088	SVL3_YEAST	SVL3 YPL032C P7102.17	825	cell cortex [GO:0005938]; cell periphery [GO:0071944]; cellular bud [GO:0005933]; cellular bud neck [GO:0005935]; cellular bud tip [GO:0005934]; cytoplasm [GO:0005737]
Q03161	YMY9_YEAST	YMR099C YM6543.06C	297	cytoplasm [GO:0005737]; nucleus [GO:0005634]
Q03175	SRT1_YEAST	SRT1 YMR101C YM6543.08C	343	dehydrodolichyl diphosphate synthase complex [GO:1904423]; endoplasmic reticulum [GO:0005783]; lipid droplet [GO:0005811]; membrane [GO:0016020]
Q03201	RT10_YEAST	RSM10 YDR041W YD6888.03	203	mitochondrial inner membrane [GO:0005743]; mitochondrial small ribosomal subunit [GO:0005763]; mitochondrion [GO:0005739]; small ribosomal subunit [GO:0015935]
Q03212	EAR1_YEAST	EAR1 YMR171C YM8010.01C YM8520.20C	550	endoplasmic reticulum [GO:0005783]; endosome [GO:0005768]; endosome membrane [GO:0010008]; vacuolar membrane [GO:0005774]
Q03214	ECM5_YEAST	ECM5 YMR176W YM8010.06	1411	chromatin [GO:0000785]; cytoplasm [GO:0005737]; nucleus [GO:0005634]; Snt2C complex [GO:0070211]
Q03218	MMT1_YEAST	MMT1 MFT1 YMR177W YM8010.07	510	membrane [GO:0016020]; mitochondrial membrane [GO:0031966]; mitochondrion [GO:0005739]
Q03220	CTL1_YEAST	CTL1 YMR180C YM8010.10C	320	cytoplasm [GO:0005737]; mRNA capping enzyme complex [GO:0031533]; nucleus [GO:0005634]
Q03246	RT17_YEAST	MRPS17 YMR188C YM8010.18C	237	mitochondrial inner membrane [GO:0005743]; mitochondrial small ribosomal subunit [GO:0005763]; mitochondrion [GO:0005739]
Q03254	FCP1_YEAST	FCP1 YMR277W YM8021.03	732	cytosol [GO:0005829]; nucleus [GO:0005634]
Q03281	HEH2_YEAST	HEH2 YDR458C D8035.2	663	nuclear envelope [GO:0005635]; nuclear inner membrane [GO:0005637]; nuclear periphery [GO:0034399]
Q03289	PFA5_YEAST	PFA5 YDR459C	374	cell periphery [GO:0071944]; endoplasmic reticulum [GO:0005783]; Golgi apparatus [GO:0005794]; plasma membrane [GO:0005886]
Q03306	PKH3_YEAST	PKH3 YDR466W	898	
Q03327	UGO1_YEAST	UGO1 YDR470C	502	mitochondrial outer membrane [GO:0005741]; mitochondrion [GO:0005739]
Q03370	PEX29_YEAST	PEX29 YDR479C	554	endoplasmic reticulum [GO:0005783]; peroxisomal membrane [GO:0005778]; peroxisome [GO:0005777]
Q03429	MZM1_YEAST	MZM1 AIM8 FMP36 YDR493W	123	mitochondrial matrix [GO:0005759]; mitochondrion [GO:0005739]
Q03430	RSM28_YEAST	RSM28 YDR494W	361	mitochondrial inner membrane [GO:0005743]; mitochondrial small ribosomal subunit [GO:0005763]; mitochondrion [GO:0005739]
Q03446	RCR2_YEAST	RCR2 SSH5 YDR003W YD8119.09	210	cytoplasm [GO:0005737]; fungal-type vacuole [GO:0000324]; fungal-type vacuole membrane [GO:0000329]; vesicle [GO:0031982]
Q03530	RCE1_YEAST	RCE1 YMR274C YM8156.16C	315	endoplasmic reticulum [GO:0005783]; endoplasmic reticulum membrane [GO:0005789]
Q03661	ESC1_YEAST	ESC1 YMR219W YM8261.13 YM9959.01	1658	chromosome, telomeric region [GO:0000781]; nuclear periphery [GO:0034399]
Q03694	INP1_YEAST	INP1 YMR204C YM8325.05C	420	extrinsic component of intraperoxisomal membrane [GO:0005780]; peroxisome [GO:0005777]
Q03707	SRC1_YEAST	SRC1 HEH1 YML034W YML033W	834	nuclear envelope [GO:0005635]; nuclear inner membrane [GO:0005637]; nuclear periphery [GO:0034399]
Q03718	NSE5_YEAST	NSE5 YML023C	556	chromosome, telomeric region [GO:0000781]; nucleus [GO:0005634]; Smc5-Smc6 complex [GO:0030915]
Q03735	NAB6_YEAST	NAB6 YML117W YM8339.02	1134	cytoplasm [GO:0005737]; cytoplasmic stress granule [GO:0010494]
Q03760	PML39_YEAST	PML39 YML107C YM8339.12	334	nuclear membrane [GO:0031965]; nuclear pore nuclear basket [GO:0044615]
Q03764	EKI1_YEAST	EKI1 YDR147W YD8358.04	534	cytoplasm [GO:0005737]
Q03772	CWC15_YEAST	CWC15 YDR163W YD8358.17	175	catalytic step 2 spliceosome [GO:0071013]; nucleus [GO:0005634]; Prp19 complex [GO:0000974]; U2-type spliceosomal complex [GO:0005684]
Q03792	RIM13_YEAST	RIM13 CPL1 YMR154C YM8520.03C	727	
Q03824	INP2_YEAST	INP2 YMR163C YM8520.12C	705	cytoplasm [GO:0005737]; peroxisomal membrane [GO:0005778]
Q03829	MME1_YEAST	MME1 YMR166C YM8520.15C	368	mitochondrial inner membrane [GO:0005743]
Q03860	TVP15_YEAST	TVP15 YDR100W	143	Golgi membrane [GO:0000139]
Q03919	RUB1_YEAST	RUB1 YDR139C YD9302.15C	77	cytoplasm [GO:0005737]; nucleus [GO:0005634]
Q03935	YAP6_YEAST	YAP6 HAL7 YDR259C YD9320A.09C YD9320A.10C	383	nucleus [GO:0005634]
Q03937	HED1_YEAST	HED1 YDR014W-A YD9335.01	162	condensed nuclear chromosome [GO:0000794]
Q03956	RAV2_YEAST	RAV2 YDR202C YD9346.12C	351	early endosome membrane [GO:0031901]; endomembrane system [GO:0012505]; RAVE complex [GO:0043291]
Q04004	PLP1_YEAST	PLP1 YDR183W YD9395.17	230	cytoplasm [GO:0005737]
Q04006	UPS3_YEAST	UPS3 GEP2 YDR185C	179	mitochondrial inner membrane [GO:0005743]; mitochondrial intermembrane space [GO:0005758]; mitochondrion [GO:0005739]
Q04052	ARO80_YEAST	ARO80 YDR421W D9461.10	950	nucleus [GO:0005634]
Q04066	KFA_YEAST	BNA7 YDR428C	261	
Q04081	LCMT1_YEAST	PPM1 YDR435C	328	
Q04116	YHP1_YEAST	YHP1 YDR451C D9461.36	353	chromatin [GO:0000785]; nucleus [GO:0005634]
Q04170	IAT4_YEAST	IAT4 YDR391C	232	cytoplasm [GO:0005737]; nucleus [GO:0005634]
Q04172	SHE9_YEAST	SHE9 MDM33 YDR393W D9509.13	456	mitochondrial inner membrane [GO:0005743]; mitochondrion [GO:0005739]
Q04174	SMP3_YEAST	SMP3 LAS2 SAP2 YOR149C	516	endoplasmic reticulum [GO:0005783]; endoplasmic reticulum membrane [GO:0005789]
Q04182	PDR15_YEAST	PDR15 YDR406W D9509.24	1529	cell periphery [GO:0071944]; membrane [GO:0016020]
Q04225	RRB1_YEAST	RRB1 YMR131C YM9553.07C	511	nucleolus [GO:0005730]
Q04279	SEG1_YEAST	SEG1 YMR086W YM9582.10	960	cell periphery [GO:0071944]; cytoplasm [GO:0005737]; eisosome [GO:0032126]; plasma membrane [GO:0005886]
Q04299	YMX7_YEAST	YMR087W YM9582.12	284	
Q04347	BUD22_YEAST	BUD22 YMR014W YM9711.01	519	90S preribosome [GO:0030686]; nucleolus [GO:0005730]; nucleus [GO:0005634]
Q04368	CSI1_YEAST	CSI1 YMR025W YM9711.15	295	COP9 signalosome [GO:0008180]; cytoplasm [GO:0005737]; nucleus [GO:0005634]
Q04383	PLM2_YEAST	PLM2 YDR501W	521	chromatin [GO:0000785]; nucleus [GO:0005634]
Q04412	AGE1_YEAST	AGE1 SAT1 YDR524C D9719.28	482	cytoplasm [GO:0005737]; endosome [GO:0005768]; trans-Golgi network [GO:0005802]
Q04433	FIT1_YEAST	FIT1 YDR534C D9719.37	528	cell periphery [GO:0071944]; fungal-type cell wall [GO:0009277]; side of membrane [GO:0098552]
Q04471	YM04_YEAST	YMR114C YM9718.13C	368	chromosome [GO:0005694]; cytoplasm [GO:0005737]; nucleus [GO:0005634]
Q04487	SHH3_YEAST	SHH3 YMR118C YM9718.17C	196	mitochondrial inner membrane [GO:0005743]; mitochondrion [GO:0005739]; respiratory chain complex II (succinate dehydrogenase) [GO:0045273]
Q04545	TDA9_YEAST	TDA9 YML081W	1251	chromatin [GO:0000785]; nucleus [GO:0005634]
Q04549	ARP10_YEAST	ARP10 YDR106W YD8557.15 YD9727.02	284	actin cytoskeleton [GO:0015629]; cytoplasm [GO:0005737]; dynactin complex [GO:0005869]; dynein complex [GO:0030286]; microtubule [GO:0005874]; Swr1 complex [GO:0000812]
Q04562	TMN2_YEAST	TMN2 YDR107C	672	endosome [GO:0005768]; fungal-type vacuole membrane [GO:0000329]
Q04599	RM01_YEAST	MRPL1 YDR116C YD9727.11C	285	mitochondrial inner membrane [GO:0005743]; mitochondrial large ribosomal subunit [GO:0005762]; mitochondrion [GO:0005739]
Q04658	SMA2_YEAST	SMA2 YML066C	369	cytoplasm [GO:0005737]; endoplasmic reticulum [GO:0005783]; fungal-type vacuole [GO:0000324]; fungal-type vacuole membrane [GO:0000329]; prospore membrane [GO:0005628]
Q04675	SEN15_YEAST	SEN15 YMR059W YM9796.12	128	endomembrane system [GO:0012505]; mitochondrial outer membrane [GO:0005741]; tRNA-intron endonuclease complex [GO:0000214]
Q04697	GSF2_YEAST	GSF2 ECM6 EFF2 YML048W YM9827.04	403	cytoplasm [GO:0005737]; endoplasmic reticulum [GO:0005783]; endoplasmic reticulum membrane [GO:0005789]; mitochondrial outer membrane [GO:0005741]
Q04740	RNH1_YEAST	RNH1 YMR234W YM9959.16	348	cytoplasm [GO:0005737]; nucleus [GO:0005634]
Q04751	NAA40_YEAST	NAT4 YMR069W YM9916.08	285	cytoplasm [GO:0005737]; nucleus [GO:0005634]
Q04895	DAL4_YEAST	DAL4 YIR028W	635	fungal-type vacuole [GO:0000324]; plasma membrane [GO:0005886]
Q04902	SNO4_YEAST	SNO4 HSP34 YMR322C YM9924.14C	237	cytoplasm [GO:0005737]; P-body [GO:0000932]
Q04934	IVY1_YEAST	IVY1 YDR229W YD9934.14	453	fungal-type vacuole membrane [GO:0000329]; membrane raft [GO:0045121]
Q04949	DYN3_YEAST	DYN3 YMR299C YM9952.01C	312	cytoplasm [GO:0005737]; cytoplasmic dynein complex [GO:0005868]; cytoplasmic microtubule [GO:0005881]
Q04952	FKS3_YEAST	FKS3 YMR306W YM9952.08	1785	1,3-beta-D-glucan synthase complex [GO:0000148]; endoplasmic reticulum [GO:0005783]; mitochondrion [GO:0005739]; plasma membrane [GO:0005886]; spore wall [GO:0031160]
Q05024	TRI1_YEAST	TRI1 YMR233W YM9959.15	226	cytoplasm [GO:0005737]; nucleolus [GO:0005730]; nucleus [GO:0005634]; RNA polymerase I upstream activating factor complex [GO:0000500]
Q05043	RSF1_YEAST	RSF1 YMR030W YM9973.03	376	mitochondrion [GO:0005739]; nucleus [GO:0005634]
Q05131	RCH1_YEAST	RCH1 YMR034C YM9973.08C	434	cell periphery [GO:0071944]; cellular bud neck [GO:0005935]; plasma membrane [GO:0005886]
Q05468	RQC1_YEAST	RQC1 YDR333C	723	cytoplasm [GO:0005737]; RQC complex [GO:1990112]
Q05473	MRX8_YEAST	MRX8 YDR336W	314	matrix side of mitochondrial inner membrane [GO:0099617]; mitochondrion [GO:0005739]
Q05506	SYRC_YEAST	YDR341C D9651.10	607	cytosol [GO:0005829]; mitochondrion [GO:0005739]
Q05518	PAL1_YEAST	PAL1 YDR348C	499	actin cortical patch [GO:0030479]; cell cortex [GO:0005938]; cellular bud neck [GO:0005935]; cellular bud tip [GO:0005934]; cytoplasm [GO:0005737]; mating projection tip [GO:0043332]; plasma membrane [GO:0005886]
Q05533	INM2_YEAST	INM2 IMP2 YDR287W	292	
Q05541	NSE3_YEAST	NSE3 YDR288W	303	chromosome, telomeric region [GO:0000781]; cytoplasm [GO:0005737]; nucleus [GO:0005634]; Smc5-Smc6 complex [GO:0030915]
Q05610	DON1_YEAST	DON1 YDR273W D9954.4	365	cytoplasm [GO:0005737]; prospore membrane [GO:0005628]; prospore membrane leading edge [GO:0070056]
Q05635	RNH2B_YEAST	RNH202 YDR279W	350	nucleus [GO:0005634]; ribonuclease H2 complex [GO:0032299]
Q05670	FUS2_YEAST	FUS2 YMR232W YM9959.14	677	cytoplasm [GO:0005737]; mating projection tip [GO:0043332]; mitochondrion [GO:0005739]; nucleus [GO:0005634]
Q05778	POC1_YEAST	PBA1 POC1 YLR199C	276	cytoplasm [GO:0005737]
Q05779	COQ9_YEAST	COQ9 YLR201C	260	mitochondrial inner membrane [GO:0005743]; mitochondrion [GO:0005739]; protein-containing complex [GO:0032991]
Q05790	CRR1_YEAST	CRR1 YLR213C	422	ascospore wall [GO:0005619]; extracellular region [GO:0005576]; fungal-type cell wall [GO:0009277]; fungal-type vacuole [GO:0000324]
Q05809	COA4_YEAST	COA4 CMC3 YLR218C	96	cytoplasm [GO:0005737]; mitochondrial inner membrane [GO:0005743]; mitochondrial intermembrane space [GO:0005758]; nucleus [GO:0005634]
Q05874	EFM7_YEAST	NNT1 EFM7 YLR285W	261	cytoplasm [GO:0005737]
Q05892	COQ11_YEAST	COQ11 MRX2 YLR290C	277	mitochondrion [GO:0005739]
Q05911	PUR8_YEAST	ADE13 YLR359W L8039.12	482	cytosol [GO:0005829]
Q05924	DCR2_YEAST	DCR2 YLR361C	578	fungal-type vacuole [GO:0000324]
Q05926	GLRX8_YEAST	GRX8 YLR364W	109	cytoplasm [GO:0005737]
Q05942	RSA3_YEAST	RSA3 YLR221C	220	nucleolus [GO:0005730]; nucleus [GO:0005634]; preribosome, large subunit precursor [GO:0030687]
Q05947	UCC1_YEAST	UCC1 YLR224W	369	SCF ubiquitin ligase complex [GO:0019005]
Q05998	THI7_YEAST	THI7 THI10 YLR237W L8083.2	598	cell periphery [GO:0071944]; plasma membrane [GO:0005886]
Q06001	FAR10_YEAST	FAR10 YLR238W	478	cytoplasm [GO:0005737]; endoplasmic reticulum [GO:0005783]; endoplasmic reticulum membrane [GO:0005789]; FAR/SIN/STRIPAK complex [GO:0090443]; mitochondrion [GO:0005739]
Q06005	LIPB_YEAST	LIP2 YLR239C L8083.16	328	mitochondrion [GO:0005739]
Q06071	BL1S1_YEAST	BLS1 YLR408C	122	BLOC-1 complex [GO:0031083]; endosome [GO:0005768]
Q06090	RM51_YEAST	MRPL51 YPR100W P8283.12	140	mitochondrial inner membrane [GO:0005743]; mitochondrial large ribosomal subunit [GO:0005762]; mitochondrion [GO:0005739]
Q06091	SN309_YEAST	SNT309 NTC25 YPR101W	175	Prp19 complex [GO:0000974]; U2-type catalytic step 1 spliceosome [GO:0071006]
Q06104	GLD1_YEAST	GLD1 YPR109W	294	Dsc E3 ubiquitin ligase complex [GO:0044695]; endoplasmic reticulum [GO:0005783]; endosome [GO:0005768]; endosome membrane [GO:0010008]; Golgi membrane [GO:0000139]; trans-Golgi network [GO:0005802]
Q06109	RRG8_YEAST	RRG8 YPR116W	277	matrix side of mitochondrial inner membrane [GO:0099617]; mitochondrion [GO:0005739]
Q06137	YL345_YEAST	YLR345W	509	cytoplasm [GO:0005737]; cytosol [GO:0005829]
Q06149	PDR8_YEAST	PDR8 YLR266C L8479.13	701	cytoplasm [GO:0005737]; nucleus [GO:0005634]
Q06169	PEX30_YEAST	PEX30 YLR324W	523	cell periphery [GO:0071944]; cellular bud [GO:0005933]; endoplasmic reticulum [GO:0005783]; endoplasmic reticulum tubular network [GO:0071782]; peroxisomal membrane [GO:0005778]; peroxisome [GO:0005777]
Q06179	FMP27_YEAST	FMP27 HOB1 YLR454W	2628	endoplasmic reticulum membrane [GO:0005789]; endoplasmic reticulum-plasma membrane contact site [GO:0140268]; mitochondria-associated endoplasmic reticulum membrane contact site [GO:0044233]; mitochondrial membrane [GO:0031966]; mitochondrion [GO:0005739]; plasma membrane [GO:0005886]
Q06201	GMC2_YEAST	GMC2 YLR445W	188	condensed nuclear chromosome [GO:0000794]; peroxisome [GO:0005777]; synaptonemal complex [GO:0000795]
Q06208	RIF2_YEAST	RIF2 YLR453C	395	chromosome, telomeric region [GO:0000781]; shelterin complex [GO:0070187]
Q06236	SHH4_YEAST	SHH4 YLR164W	168	mitochondrial inner membrane [GO:0005743]; mitochondrion [GO:0005739]; respiratory chain complex II (succinate dehydrogenase) [GO:0045273]
Q06244	PUS5_YEAST	PUS5 YLR165C	254	mitochondrion [GO:0005739]
Q06245	SEC10_YEAST	SEC10 YLR166C L9362.12	871	cellular bud neck [GO:0005935]; exocyst [GO:0000145]; mating projection tip [GO:0043332]
Q06315	SKG3_YEAST	SKG3 YLR187W	1026	cellular bud [GO:0005933]; cellular bud neck [GO:0005935]; cellular bud tip [GO:0005934]; cytoplasm [GO:0005737]; plasma membrane [GO:0005886]
Q06325	YPS7_YEAST	YPS7 YDR349C	596	cytoplasm [GO:0005737]; endoplasmic reticulum [GO:0005783]; endoplasmic reticulum membrane [GO:0005789]; extracellular region [GO:0005576]; fungal-type cell wall [GO:0009277]
Q06336	GGA1_YEAST	GGA1 YDR358W D9476.2	557	cytosol [GO:0005829]; trans-Golgi network [GO:0005802]
Q06338	BCP1_YEAST	BCP1 YDR361C	283	cytoplasm [GO:0005737]; nucleus [GO:0005634]
Q06350	CHI2_YEAST	CTS2 YDR371W D9481.7	511	cytoplasm [GO:0005737]; extracellular region [GO:0005576]
Q06405	ATPK_YEAST	ATP17 YDR377W D9481.21	101	mitochondrial inner membrane [GO:0005743]; mitochondrion [GO:0005739]; proton-transporting ATP synthase complex [GO:0045259]
Q06417	TDA5_YEAST	TDA5 YLR426W	326	endoplasmic reticulum [GO:0005783]; mitochondrial membrane [GO:0031966]; mitochondrion [GO:0005739]
Q06436	MAG2_YEAST	MAG2 YLR427W	670	cytoplasm [GO:0005737]; cytosolic ribosome [GO:0022626]
Q06451	TPO3_YEAST	TPO3 YPR156C P9584.7	622	cell periphery [GO:0071944]; fungal-type vacuole membrane [GO:0000329]; plasma membrane [GO:0005886]
Q06489	MTNA_YEAST	MRI1 YPR118W P9642.7	411	cytoplasm [GO:0005737]; nucleus [GO:0005634]
Q06511	RRP15_YEAST	RRP15 YPR143W	250	nucleolus [GO:0005730]; nucleus [GO:0005634]; preribosome, large subunit precursor [GO:0030687]
Q06525	URN1_YEAST	URN1 YPR152C	465	nucleus [GO:0005634]; prespliceosome [GO:0071010]; U1 snRNP [GO:0005685]; U2-type prespliceosome [GO:0071004]
Q06538	CSC1_YEAST	CSC1 YLR241W	782	endoplasmic reticulum [GO:0005783]; fungal-type vacuole membrane [GO:0000329]; plasma membrane [GO:0005886]
Q06543	GPN3_YEAST	GPN3 YLR243W	272	
Q06567	MCP2_YEAST	MCP2 MRX13 YLR253W L9672.2	569	mitochondrial inner membrane [GO:0005743]; mitochondrial membrane [GO:0031966]; mitochondrion [GO:0005739]
Q06568	NDE1_YEAST	NDL1 YLR254C	189	cytoplasm [GO:0005737]; cytoplasmic microtubule [GO:0005881]; nucleus [GO:0005634]; peroxisome [GO:0005777]
Q06624	RHC31_YEAST	AOS1 RHC31 YPR180W P9705.5	347	cytoplasm [GO:0005737]; cytosol [GO:0005829]; nucleus [GO:0005634]; SUMO activating enzyme complex [GO:0031510]
Q06665	RAD34_YEAST	RAD34 YDR314C	692	cytoplasm [GO:0005737]; nucleotide-excision repair factor 2 complex [GO:0000111]; nucleus [GO:0005634]; XPC complex [GO:0071942]
Q06667	IPK1_YEAST	IPK1 GSL1 YDR315C	281	nucleus [GO:0005634]
Q06668	OMS1_YEAST	OMS1 YDR316W	471	mitochondrial envelope [GO:0005740]; mitochondrial inner membrane [GO:0005743]; mitochondrion [GO:0005739]
Q06682	UBX5_YEAST	UBX5 YDR330W	500	cytoplasm [GO:0005737]; nucleus [GO:0005634]
Q06683	IRC3_YEAST	IRC3 YDR332W	689	mitochondrial matrix [GO:0005759]; mitochondrion [GO:0005739]
Q06702	CDA1_YEAST	CDA1 YLR307W L2142.2	301	prospore membrane [GO:0005628]
Q06709	REH1_YEAST	REH1 YLR387C	432	cytoplasm [GO:0005737]; preribosome, large subunit precursor [GO:0030687]
Q06815	MRL1_YEAST	MRL1 YPR079W	381	cytoplasm [GO:0005737]; endosome membrane [GO:0010008]; Golgi apparatus [GO:0005794]; late endosome [GO:0005770]
Q06819	DIB1_YEAST	DIB1 CDH1 SNU16 YPR082C P9513.12	143	nucleus [GO:0005634]; spliceosomal complex [GO:0005681]; U4/U6 x U5 tri-snRNP complex [GO:0046540]; U5 snRNP [GO:0005682]
Q06835	RDS3_YEAST	RDS3 YPR094W P9513.2	107	nucleus [GO:0005634]; precatalytic spliceosome [GO:0071011]; spliceosomal complex [GO:0005681]; U2 snRNP [GO:0005686]; U2-type spliceosomal complex [GO:0005684]
Q06839	LEC1_YEAST	LEC1 YPR097W	1073	endoplasmic reticulum membrane [GO:0005789]; lipid droplet [GO:0005811]; mitochondrion [GO:0005739]
Q06891	RAF_YEAST	RAF1 R0030W	181	nucleus [GO:0005634]
Q06991	PUN1_YEAST	PUN1 YLR414C	263	cell cortex of cell tip [GO:0051285]; cell periphery [GO:0071944]; cellular bud [GO:0005933]; cytoplasm [GO:0005737]; endoplasmic reticulum [GO:0005783]; plasma membrane [GO:0005886]
Q07395	SYO1_YEAST	SYO1 YDL063C	620	cytoplasm [GO:0005737]; nucleus [GO:0005634]
Q07458	RXT3_YEAST	RXT3 YDL076C	294	nucleus [GO:0005634]; Rpd3L complex [GO:0033698]; Rpd3L-Expanded complex [GO:0070210]
Q07500	NDH2_YEAST	NDE2 NDH2 YDL085W	545	mitochondrial intermembrane space [GO:0005758]; mitochondrion [GO:0005739]
Q07527	TRM3_YEAST	TRM3 YDL112W	1436	cytoplasm [GO:0005737]
Q07534	S2538_YEAST	HEM25 YDL119C	307	mitochondrial inner membrane [GO:0005743]; mitochondrion [GO:0005739]
Q07541	EXP1_YEAST	EXP1 YDL121C	149	COPI-coated vesicle membrane [GO:0030663]; endoplasmic reticulum [GO:0005783]; endoplasmic reticulum membrane [GO:0005789]; ER to Golgi transport vesicle membrane [GO:0012507]; Golgi membrane [GO:0000139]
Q07729	GUAD_YEAST	GUD1 YDL238C	489	cytoplasm [GO:0005737]; cytosol [GO:0005829]
Q07799	LMO1_YEAST	LMO1 YLL007C L1353	665	cytoplasm [GO:0005737]; mitochondrion [GO:0005739]; plasma membrane [GO:0005886]
Q07844	RIX7_YEAST	RIX7 YLL034C	837	nucleolus [GO:0005730]; nucleus [GO:0005634]; preribosome, large subunit precursor [GO:0030687]
Q07949	PSR2_YEAST	PSR2 YLR019W	397	cytosol [GO:0005829]; phosphatase complex [GO:1903293]; plasma membrane [GO:0005886]
Q07980	MLH2_YEAST	MLH2 YLR035C	695	MutLalpha complex [GO:0032389]; MutLbeta complex [GO:0032390]; nucleus [GO:0005634]
Q07993	XYL2_YEAST	XYL2 YLR070C	356	
Q08003	RFU1_YEAST	RFU1 YLR073C	200	endosome [GO:0005768]
Q08058	COQ10_YEAST	COQ10 YOL008W	207	mitochondrial inner membrane [GO:0005743]; mitochondrion [GO:0005739]
Q08119	ESC8_YEAST	ESC8 YOL017W	714	cytoplasm [GO:0005737]; nucleus [GO:0005634]
Q08157	TOS7_YEAST	TOS7 YOL019W	551	cell division site [GO:0032153]; cell periphery [GO:0071944]; fungal-type vacuole [GO:0000324]; fungal-type vacuole lumen [GO:0000328]; growing cell tip [GO:0035838]; plasma membrane [GO:0005886]; vacuolar membrane [GO:0005774]
Q08176	MIM1_YEAST	MIM1 TOM13 YOL026C	113	MIM complex [GO:0140595]; mitochondrial outer membrane [GO:0005741]
Q08219	RRT8_YEAST	RRT8 YOL048C	342	ascospore wall [GO:0005619]; lipid droplet [GO:0005811]; prospore membrane [GO:0005628]
Q08232	DSC2_YEAST	DSC2 YOL073C	322	Dsc E3 ubiquitin ligase complex [GO:0044695]; endoplasmic reticulum [GO:0005783]; Golgi membrane [GO:0000139]
Q08237	REXO4_YEAST	REX4 YOL080C	289	nucleolus [GO:0005730]; nucleus [GO:0005634]
Q08269	ALR1_YEAST	ALR1 YOL130W	859	cell periphery [GO:0071944]; plasma membrane [GO:0005886]
Q08271	GAS4_YEAST	GAS4 YOL132W	471	fungal-type cell wall [GO:0009277]; fungal-type vacuole [GO:0000324]; plasma membrane [GO:0005886]; side of membrane [GO:0098552]
Q08295	IMA2_YEAST	IMA2 YOL157C	589	
Q08299	ENB1_YEAST	ENB1 ARN4 YOL158C	606	cell periphery [GO:0071944]; cellular bud membrane [GO:0033101]; endosome [GO:0005768]; endosome membrane [GO:0010008]; fungal-type vacuole [GO:0000324]; plasma membrane [GO:0005886]; vacuolar membrane [GO:0005774]
Q08409	AUS1_YEAST	AUS1 YOR011W	1394	cell periphery [GO:0071944]; mitochondrion [GO:0005739]; plasma membrane [GO:0005886]
Q08421	ETT1_YEAST	ETT1 YOR051C YOR29-02	412	nucleus [GO:0005634]
Q08457	SLD7_YEAST	SLD7 YOR060C YOR29-11	257	chromosome, centromeric region [GO:0000775]; cytoplasm [GO:0005737]; DNA replication preinitiation complex [GO:0031261]; endoplasmic reticulum [GO:0005783]; nuclear envelope [GO:0005635]; nucleus [GO:0005634]; spindle pole [GO:0000922]
Q08471	MSA1_YEAST	MSA1 YOR066W YOR29-17	629	cytoplasm [GO:0005737]; nucleus [GO:0005634]
Q08485	NRT1_YEAST	NRT1 THI71 YOR071C YOR29-22	598	plasma membrane [GO:0005886]
Q08553	SYC1_YEAST	SYC1 YOR179C	188	mRNA cleavage and polyadenylation specificity factor complex [GO:0005847]; nucleus [GO:0005634]
Q08579	THI72_YEAST	THI72 YOR192C	599	cell periphery [GO:0071944]; fungal-type vacuole [GO:0000324]; plasma membrane [GO:0005886]
Q08580	PEX27_YEAST	PEX27 YOR193W	376	peroxisomal membrane [GO:0005778]; peroxisome [GO:0005777]
Q08622	GEP3_YEAST	GEP3 AIM40 FMP48 YOR205C	556	mitochondrial inner membrane [GO:0005743]; mitochondrion [GO:0005739]
Q08673	SRL1_YEAST	SRL1 YOR247W	210	cell periphery [GO:0071944]; cell surface [GO:0009986]; cellular bud tip [GO:0005934]; cytoplasm [GO:0005737]; fungal-type cell wall [GO:0009277]; fungal-type vacuole [GO:0000324]
Q08726	GPN2_YEAST	GPN2 YOR262W	347	cytoplasm [GO:0005737]
Q08732	HRK1_YEAST	HRK1 YOR267C	759	cytoplasm [GO:0005737]
Q08742	RDL2_YEAST	RDL2 AIM42 FMP31 YOR286W	149	mitochondrion [GO:0005739]
Q08745	RS10A_YEAST	RPS10A YOR293W	105	cytosol [GO:0005829]; cytosolic small ribosomal subunit [GO:0022627]
Q08817	SOG2_YEAST	SOG2 YOR353C	791	cellular bud [GO:0005933]; cytoplasm [GO:0005737]; incipient cellular bud site [GO:0000131]; mating projection tip [GO:0043332]
Q08822	ETFD_YEAST	CIR2 YOR356W	631	mitochondrial inner membrane [GO:0005743]; mitochondrion [GO:0005739]
Q08902	AMF1_YEAST	AMF1 YOR378W	515	cell periphery [GO:0071944]; membrane [GO:0016020]; plasma membrane [GO:0005886]
Q08906	FIT2_YEAST	FIT2 YOR382W	153	cell periphery [GO:0071944]; fungal-type cell wall [GO:0009277]; fungal-type vacuole [GO:0000324]; side of membrane [GO:0098552]
Q08908	FRE5_YEAST	FRE5 YOR384W O6765	694	mitochondrion [GO:0005739]; plasma membrane [GO:0005886]
Q08911	FDH1_YEAST	FDH1 YOR388C	376	cytosol [GO:0005829]
Q08913	FEX1_YEAST	FEX1 YOR390W	375	cell periphery [GO:0071944]; plasma membrane [GO:0005886]
Q08914	HSP33_YEAST	HSP33 YOR391C	237	cytoplasm [GO:0005737]; P-body [GO:0000932]
Q08929	GUP2_YEAST	GUP2 YPL189W	609	endoplasmic reticulum [GO:0005783]; endoplasmic reticulum membrane [GO:0005789]; membrane [GO:0016020]
Q08952	OXR1_YEAST	OXR1 YPL196W	273	cytoplasm [GO:0005737]; mitochondrion [GO:0005739]; nucleus [GO:0005634]
Q08954	NBR9_YEAST	NBR9 YPL199C	240	cell periphery [GO:0071944]; cytoplasm [GO:0005737]
Q08961	RKM1_YEAST	RKM1 YPL208W	583	cytoplasm [GO:0005737]; nucleus [GO:0005634]
Q08966	PCL8_YEAST	PCL8 YPL219W P1745	492	cyclin-dependent protein kinase holoenzyme complex [GO:0000307]; cytoplasm [GO:0005737]; nucleus [GO:0005634]
Q08970	MMT2_YEAST	MMT2 MFT2 YPL224C	484	membrane [GO:0016020]; mitochondrial membrane [GO:0031966]; mitochondrion [GO:0005739]
Q08977	CUB1_YEAST	CUB1 YPL260W	551	cytoplasm [GO:0005737]; nucleus [GO:0005634]
Q08981	ACM1_YEAST	ACM1 YPL267W	209	cytoplasm [GO:0005737]; nucleus [GO:0005634]
Q08991	FEX2_YEAST	FEX2 YPL279C	375	cell periphery [GO:0071944]; plasma membrane [GO:0005886]
Q12000	TMA46_YEAST	TMA46 DFRP1 YOR091W YOR3160w	345	cytoplasm [GO:0005737]; cytosol [GO:0005829]
Q12001	ALG6_YEAST	ALG6 YOR002W UNA544	544	endoplasmic reticulum [GO:0005783]; endoplasmic reticulum membrane [GO:0005789]
Q12008	PMG2_YEAST	GPM2 YDL021W D2835	311	cytoplasm [GO:0005737]; cytosol [GO:0005829]
Q12013	AKR2_YEAST	AKR2 YOR034C OR26.25	749	fungal-type vacuole [GO:0000324]; fungal-type vacuole membrane [GO:0000329]; Golgi apparatus [GO:0005794]
Q12016	VPS68_YEAST	VPS68 YOL129W	184	endosome [GO:0005768]; fungal-type vacuole membrane [GO:0000329]; mitochondrion [GO:0005739]; Vps55/Vps68 complex [GO:0034424]
Q12025	EMC10_YEAST	EMC10 YDR056C D4219	205	EMC complex [GO:0072546]; endoplasmic reticulum [GO:0005783]
Q12027	GID12_YEAST	GID12 IPF1 YDL176W	708	
Q12029	FSF1_YEAST	FSF1 YOR271C	327	mitochondrial inner membrane [GO:0005743]; mitochondrion [GO:0005739]
Q12031	ACEB_YEAST	ICL2 YPR006C LPZ6C YP9723.06C	575	mitochondrial matrix [GO:0005759]; mitochondrion [GO:0005739]
Q12034	SLF1_YEAST	SLF1 YDR515W D9719.20	447	cytoplasm [GO:0005737]; cytoplasmic stress granule [GO:0010494]; cytosol [GO:0005829]
Q12035	FCF2_YEAST	FCF2 YLR051C L2128	217	nucleolus [GO:0005730]; nucleus [GO:0005634]
Q12066	NUR1_YEAST	NUR1 YDL089W D2416	484	nuclear membrane [GO:0031965]; nuclear periphery [GO:0034399]
Q12067	ATX2_YEAST	ATX2 YOR079C YOR29-30	313	endoplasmic reticulum [GO:0005783]; Golgi membrane [GO:0000139]; late endosome [GO:0005770]; membrane [GO:0016020]; trans-Golgi network [GO:0005802]
Q12069	PUS9_YEAST	PUS9 YDL036C D2743	462	cytoplasm [GO:0005737]; mitochondrion [GO:0005739]; nucleus [GO:0005634]
Q12072	IOC2_YEAST	IOC2 YLR095C	812	Isw1 complex [GO:0016587]; Isw1b complex [GO:0036437]
Q12074	SPEE_YEAST	SPE3 YPR069C YP9499.24C	293	cytoplasm [GO:0005737]; cytosol [GO:0005829]; nucleus [GO:0005634]
Q12078	SMF3_YEAST	SMF3 YLR034C	473	endoplasmic reticulum membrane [GO:0005789]; fungal-type vacuole membrane [GO:0000329]
Q12084	DAS2_YEAST	DAS2 RRT3 YDR020C PZE232	232	cytoplasm [GO:0005737]; nucleus [GO:0005634]
Q12086	DIN7_YEAST	DIN7 DIN3 YDR263C YD9320B.02C	430	mitochondrion [GO:0005739]; nucleus [GO:0005634]
Q12090	REXO3_YEAST	REX3 YLR107W L2904	404	cytoplasm [GO:0005737]; nucleus [GO:0005634]
Q12096	GNT1_YEAST	GNT1 YOR320C O6145	491	Golgi medial cisterna [GO:0005797]; Golgi membrane [GO:0000139]; vacuolar membrane [GO:0005774]
Q12104	SWT1_YEAST	SWT1 YOR166C O3595	458	cytoplasm [GO:0005737]; nucleus [GO:0005634]
Q12107	APC9_YEAST	APC9 YLR102C	265	anaphase-promoting complex [GO:0005680]; cytoplasm [GO:0005737]
Q12122	HOSM_YEAST	LYS21 YDL131W D2195	440	mitochondrion [GO:0005739]; nucleus [GO:0005634]
Q12125	GET4_YEAST	GET4 YOR164C O3580	312	cytoplasm [GO:0005737]; cytosol [GO:0005829]; TRC complex [GO:0072380]
Q12132	USV1_YEAST	USV1 NSF1 YPL230W P1421	391	nucleus [GO:0005634]
Q12133	SPC3_YEAST	SPC3 YLR066W L2186	184	endoplasmic reticulum [GO:0005783]; endoplasmic reticulum membrane [GO:0005789]; signal peptidase complex [GO:0005787]
Q12153	SSF2_YEAST	SSF2 YDR312W D9740.2	453	nucleolus [GO:0005730]; preribosome, large subunit precursor [GO:0030687]
Q12163	NBP2_YEAST	NBP2 YDR162C	236	cytoplasm [GO:0005737]; nucleus [GO:0005634]
Q12165	ATPD_YEAST	ATP16 YDL004W D2935 YD8119.03	160	mitochondrial inner membrane [GO:0005743]; mitochondrion [GO:0005739]; proton-transporting ATP synthase complex [GO:0045259]
Q12171	MDM32_YEAST	MDM32 YOR147W O3521	622	mitochondrial inner membrane [GO:0005743]; mitochondrion [GO:0005739]
Q12172	YRR1_YEAST	YRR1 PDR2 YOR162C O3571	810	cytoplasm [GO:0005737]; nucleus [GO:0005634]
Q12175	MSH5_YEAST	MSH5 YDL154W D1542	901	DNA repair complex [GO:1990391]; MutSgamma complex [GO:0062128]; nuclear chromosome [GO:0000228]; nucleus [GO:0005634]
Q12180	HAL9_YEAST	HAL9 YOL089C O0938	1030	mitochondrion [GO:0005739]; nucleus [GO:0005634]
Q12185	YD018_YEAST	YDR018C PZF396 YD9335.04C	396	endomembrane system [GO:0012505]; endoplasmic reticulum [GO:0005783]; membrane [GO:0016020]; mitochondria-associated endoplasmic reticulum membrane contact site [GO:0044233]; nucleus [GO:0005634]
Q12189	RPIA_YEAST	RKI1 YOR095C YOR3174C	258	cytoplasm [GO:0005737]; nucleus [GO:0005634]
Q12192	RFM1_YEAST	RFM1 YOR279C	310	histone deacetylase complex [GO:0000118]
Q12199	TIP41_YEAST	TIP41 YPR040W YP3085.04	356	cytoplasm [GO:0005737]; cytosol [GO:0005829]; nucleus [GO:0005634]
Q12204	YOR22_YEAST	YOR022C OR26.12	715	cytoplasm [GO:0005737]; mitochondrial matrix [GO:0005759]; mitochondrion [GO:0005739]
Q12205	MNL2_YEAST	MNL2 YLR057W L2153	849	endoplasmic reticulum [GO:0005783]; endoplasmic reticulum membrane [GO:0005789]; membrane [GO:0016020]
Q12209	FRE8_YEAST	FRE8 YLR047C L2114	686	endoplasmic reticulum [GO:0005783]; fungal-type vacuole membrane [GO:0000329]; plasma membrane [GO:0005886]
Q12215	WSC3_YEAST	WSC3 YOL105C HRE556	556	fungal-type vacuole [GO:0000324]; mating projection tip [GO:0043332]; plasma membrane [GO:0005886]
Q12218	TIR4_YEAST	TIR4 YOR009W UNB487	487	cell periphery [GO:0071944]; fungal-type cell wall [GO:0009277]; fungal-type vacuole [GO:0000324]; side of membrane [GO:0098552]
Q12219	CIM1_YEAST	CIM1 YOR114W O3248 YOR3248w	294	mitochondrial matrix [GO:0005759]
Q12222	YGK3_YEAST	YGK3 YOL128C	375	nucleus [GO:0005634]
Q12232	SLP1_YEAST	SLP1 YOR154W O3545	587	cell periphery [GO:0071944]; cytoplasm [GO:0005737]; endoplasmic reticulum membrane [GO:0005789]; membrane [GO:0016020]
Q12233	ATPN_YEAST	ATP20 YPR020W YP9531.14	115	mitochondrial inner membrane [GO:0005743]; mitochondrion [GO:0005739]; proton-transporting ATP synthase complex [GO:0045259]
Q12234	RUD3_YEAST	RUD3 GRP1 YOR216C YOR50-6	484	Golgi apparatus [GO:0005794]; Golgi lumen [GO:0005796]; Golgi membrane [GO:0000139]
Q12235	YCT1_YEAST	YCT1 YLL055W L0578	531	cell periphery [GO:0071944]; endoplasmic reticulum [GO:0005783]; endoplasmic reticulum membrane [GO:0005789]; membrane [GO:0016020]; plasma membrane [GO:0005886]
Q12270	RBD2_YEAST	RBD2 YPL246C	262	Golgi apparatus [GO:0005794]; Golgi membrane [GO:0000139]; nuclear periphery [GO:0034399]
Q12276	HER1_YEAST	HER1 YOR227W YOR50-17	1246	cytoplasm [GO:0005737]; mitochondrion [GO:0005739]
Q12283	FABD_YEAST	MCT1 YOR221C YOR50-11	360	mitochondrion [GO:0005739]
Q12286	SUT2_YEAST	SUT2 YPR009W LPZ9w	268	nucleus [GO:0005634]
Q12289	CRC1_YEAST	CRC1 YOR100C YOR3193C	327	mitochondrial envelope [GO:0005740]; mitochondrial inner membrane [GO:0005743]; mitochondrion [GO:0005739]
Q12296	MAM3_YEAST	MAM3 YOL060C	706	endoplasmic reticulum [GO:0005783]; fungal-type vacuole membrane [GO:0000329]
Q12310	PRR2_YEAST	PRR2 YDL214C D1014	699	
Q12325	SUL2_YEAST	SUL2 SEL2 YLR092W L9449.1	893	plasma membrane [GO:0005886]
Q12326	PMG3_YEAST	GPM3 YOL056W O1236	303	cytoplasm [GO:0005737]; cytosol [GO:0005829]
Q12335	PST2_YEAST	PST2 YDR032C D3422 YD9673.02C	198	cytoplasm [GO:0005737]; eisosome [GO:0032126]; extracellular region [GO:0005576]; membrane [GO:0016020]; mitochondrion [GO:0005739]; plasma membrane [GO:0005886]
Q12338	RNH2C_YEAST	RNH203 YLR154C	110	cytoplasm [GO:0005737]; nucleus [GO:0005634]; ribonuclease H2 complex [GO:0032299]
Q12342	LDB17_YEAST	LDB17 YDL146W D1575	491	actin cortical patch [GO:0030479]; cellular bud [GO:0005933]; cellular bud neck [GO:0005935]; cytoplasm [GO:0005737]
Q12347	HRT3_YEAST	HRT3 YLR097C	344	cytoplasm [GO:0005737]; SCF ubiquitin ligase complex [GO:0019005]
Q12354	APTH1_YEAST	YLR118C L2955	227	cytoplasm [GO:0005737]; nucleus [GO:0005634]
Q12359	ATO3_YEAST	ATO3 YDR384C D9481.20 D9509.4	275	cell periphery [GO:0071944]; mitochondrion [GO:0005739]; plasma membrane [GO:0005886]
Q12368	SNU23_YEAST	SNU23 YDL098C D2378	194	nucleus [GO:0005634]; spliceosomal complex [GO:0005681]; U4/U6 x U5 tri-snRNP complex [GO:0046540]
Q12369	SFI1_YEAST	SFI1 YLL003W L1373	946	half bridge of spindle pole body [GO:0005825]; spindle pole [GO:0000922]
Q12372	MMP1_YEAST	MMP1 YLL061W L0555	583	cell periphery [GO:0071944]; endoplasmic reticulum [GO:0005783]; membrane [GO:0016020]; plasma membrane [GO:0005886]
Q12375	ORT1_YEAST	ORT1 ARG11 YOR130C O3299 YOR3299C	292	mitochondrial envelope [GO:0005740]; mitochondrial inner membrane [GO:0005743]; mitochondrion [GO:0005739]
Q12378	RTR2_YEAST	RTR2 YDR066C D4261	196	cytoplasm [GO:0005737]; nucleus [GO:0005634]
Q12387	NAA25_YEAST	MDM20 DEC1 YOL076W	796	cytoplasm [GO:0005737]; NatB complex [GO:0031416]
Q12390	GST2_YEAST	GTT2 YLL060C L0560	233	cytoplasm [GO:0005737]; mitochondrion [GO:0005739]
Q12395	DCN1_YEAST	DCN1 YLR128W L3111	269	ubiquitin ligase complex [GO:0000151]
Q12398	HMS1_YEAST	HMS1 YOR032C OR26.22	434	chromatin [GO:0000785]; nucleus [GO:0005634]
Q12403	ERP3_YEAST	ERP3 YDL018C D2850	225	COPII-coated ER to Golgi transport vesicle [GO:0030134]; endoplasmic reticulum [GO:0005783]; endoplasmic reticulum membrane [GO:0005789]; endoplasmic reticulum-Golgi intermediate compartment [GO:0005793]; Golgi apparatus [GO:0005794]; membrane [GO:0016020]
Q12405	LPX1_YEAST	LPX1 YOR084W YOR3120W	387	peroxisomal matrix [GO:0005782]
Q12408	NPC2_YEAST	NPC2 YDL046W D2699	173	fungal-type vacuole [GO:0000324]; fungal-type vacuole lumen [GO:0000328]
Q12427	STB3_YEAST	STB3 YDR169C YD9489.04c	513	cytoplasm [GO:0005737]; nucleus [GO:0005634]
Q12431	EMC6_YEAST	EMC6 YLL014W L1321	108	EMC complex [GO:0072546]; endoplasmic reticulum [GO:0005783]
Q12434	GDIR_YEAST	RDI1 YDL135C D2175	202	cellular bud neck [GO:0005935]; cellular bud tip [GO:0005934]; cytosol [GO:0005829]; membrane [GO:0016020]; plasma membrane [GO:0005886]
Q12442	IZH2_YEAST	IZH2 PHO36 YOL002C UND327	317	fungal-type vacuole [GO:0000324]; plasma membrane [GO:0005886]
Q12447	PAA1_YEAST	PAA1 YDR071C	191	cytoplasm [GO:0005737]
Q12450	ERP4_YEAST	ERP4 YOR016C	207	COPII-coated ER to Golgi transport vesicle [GO:0030134]; endoplasmic reticulum [GO:0005783]; endoplasmic reticulum membrane [GO:0005789]; endoplasmic reticulum-Golgi intermediate compartment [GO:0005793]; Golgi apparatus [GO:0005794]; membrane [GO:0016020]
Q12453	CEX1_YEAST	CEX1 YOR112W O3240 YOR3240w	761	cytoplasm [GO:0005737]; nuclear pore [GO:0005643]
Q12455	SPSY_YEAST	SPE4 YLR146C L9634.5	300	cytoplasm [GO:0005737]; cytosol [GO:0005829]
Q12467	MRX4_YEAST	MRX4 YPL168W	430	mitochondrial matrix [GO:0005759]; mitochondrial membrane [GO:0031966]
Q12471	6P22_YEAST	PFK27 YOL136C	397	cytoplasm [GO:0005737]; cytosol [GO:0005829]
Q12482	AGC1_YEAST	AGC1 YPR021C YP9367.01C	902	mitochondrial inner membrane [GO:0005743]; mitochondrion [GO:0005739]; vacuole-mitochondrion membrane contact site [GO:1990816]
Q12487	RM23_YEAST	MRPL23 YOR150W O3530	163	mitochondrial inner membrane [GO:0005743]; mitochondrial large ribosomal subunit [GO:0005762]; mitochondrion [GO:0005739]; ribosome [GO:0005840]
Q12493	NKP1_YEAST	NKP1 YDR383C	238	kinetochore [GO:0000776]; nucleus [GO:0005634]
Q12507	SFG1_YEAST	SFG1 YOR315W O6128	346	cytoplasm [GO:0005737]; nucleus [GO:0005634]
Q12520	HUT1_YEAST	HUT1 MLF6 YPL244C	339	endoplasmic reticulum [GO:0005783]; endoplasmic reticulum membrane [GO:0005789]; Golgi membrane [GO:0000139]
Q12525	MHT1_YEAST	MHT1 YLL062C L0552	324	cytoplasm [GO:0005737]
Q12676	FOLD_YEAST	FOL3 YMR113W YM9718.12	427	cytoplasm [GO:0005737]; cytosol [GO:0005829]; mitochondrion [GO:0005739]
Q12743	DFM1_YEAST	DFM1 YDR411C D9461.2	341	endoplasmic reticulum [GO:0005783]; endoplasmic reticulum membrane [GO:0005789]
Q12751	RTP1_YEAST	RTP1 YMR185W YM8010.15	981	cytoplasm [GO:0005737]
Q12753	HAA1_YEAST	HAA1 YPR008W LPZ8W YP9531.01 YP9723.08	694	cytoplasm [GO:0005737]; nucleus [GO:0005634]
Q2V2P4	ATG44_YEAST	ATG44 MCO8 YIL156W-B	73	cytoplasm [GO:0005737]; mitochondrial intermembrane space [GO:0005758]; vacuole [GO:0005773]
Q2V2P9	COX26_YEAST	COX26 YDR119W-A	66	mitochondrial inner membrane [GO:0005743]; mitochondrion [GO:0005739]; respiratory chain complex [GO:0098803]; respiratory chain complex IV [GO:0045277]
Q3E705	EFG1P_YEAST	EFG1 YGR271C-A G9368 YGR272C	233	nucleolus [GO:0005730]; preribosome, small subunit precursor [GO:0030688]
Q3E785	SDHF1_YEAST	SDH6 YDR379C-A smORF139 smORF8	79	mitochondrial matrix [GO:0005759]; mitochondrion [GO:0005739]
Q3E790	TSC3_YEAST	TSC3 YBR058C-A	80	endoplasmic reticulum [GO:0005783]; endoplasmic reticulum membrane [GO:0005789]; serine palmitoyltransferase complex [GO:0017059]
Q3E798	MIM2_YEAST	MIM2 YLR099W-A	87	MIM complex [GO:0140595]; mitochondrial outer membrane [GO:0005741]
Q3E7Y3	RS22B_YEAST	RPS22B RPS24B YLR367W L8039.6	130	cytosol [GO:0005829]; cytosolic small ribosomal subunit [GO:0022627]
Q3E7Y6	NBL1_YEAST	NBL1 YHR199C-A	73	chromosome passenger complex [GO:0032133]; nucleus [GO:0005634]; spindle [GO:0005819]
Q3E827	LSO1_YEAST	LSO1 YJR005C-A	93	cytoplasm [GO:0005737]; nucleus [GO:0005634]
Q3E829	CENPX_YEAST	MHF2 YDL160C-A	80	FANCM-MHF complex [GO:0071821]
Q3E834	YOS1_YEAST	YOS1 YER074W-A	85	COPII-coated ER to Golgi transport vesicle [GO:0030134]; endoplasmic reticulum membrane [GO:0005789]; Golgi membrane [GO:0000139]
Q3E835	CENPS_YEAST	MHF1 YOL086W-A	90	FANCM-MHF complex [GO:0071821]
Q6Q560	ISD11_YEAST	ISD11 YER048W-A	94	iron-sulfur cluster assembly complex [GO:1990229]; L-cysteine desulfurase complex [GO:1990221]; mitochondrial matrix [GO:0005759]; mitochondrion [GO:0005739]
Q6Q595	SCS22_YEAST	SCS22 YBL091C-A	175	cytosol [GO:0005829]; endoplasmic reticulum membrane [GO:0005789]; plasma membrane [GO:0005886]
Q99177	BRR1_YEAST	BRR1 YPR057W YP9499.13	341	small nuclear ribonucleoprotein complex [GO:0030532]; spliceosomal complex [GO:0005681]
Q99181	HSH49_YEAST	HSH49 YOR319W O6142	213	nucleus [GO:0005634]; spliceosomal complex [GO:0005681]; U2 snRNP [GO:0005686]; U2-type prespliceosome [GO:0071004]; U2-type spliceosomal complex [GO:0005684]
Q99188	RGS2_YEAST	RGS2 YOR107W YOR3224w	309	cytoplasm [GO:0005737]; nucleus [GO:0005634]
Q99189	MTR10_YEAST	MTR10 YOR160W	972	cytoplasm [GO:0005737]; nuclear periphery [GO:0034399]; nucleus [GO:0005634]
Q99234	DFG16_YEAST	DFG16 ECM41 ZRG11 YOR030W OR26.20	619	plasma membrane [GO:0005886]
Q99247	DUF1_YEAST	DUF1 YOL087C O0944	1116	cytoplasm [GO:0005737]
Q99288	DET1_YEAST	DET1 YDR051C D4202	334	cytoplasm [GO:0005737]; nucleus [GO:0005634]
Q99297	ODC2_YEAST	ODC2 YOR222W YOR50-12	307	mitochondrial inner membrane [GO:0005743]; mitochondrion [GO:0005739]
Q99316	MPD2_YEAST	MPD2 YOL088C O0941	277	endoplasmic reticulum [GO:0005783]
Q99332	HPH1_YEAST	FRT1 HPH1 YOR324C O6159	602	endoplasmic reticulum [GO:0005783]; endoplasmic reticulum membrane [GO:0005789]
Q99344	UBA3_YEAST	UBA3 YPR066W YP9499.21	299	cytoplasm [GO:0005737]; nucleus [GO:0005634]; ubiquitin activating enzyme complex [GO:0120123]
Q99359	RAD61_YEAST	RAD61 YDR014W PZB647	647	nucleus [GO:0005634]
Q99382	ENV10_YEAST	ENV10 SND2 YLR065C L2180	181	endoplasmic reticulum [GO:0005783]; endoplasmic reticulum membrane [GO:0005789]; vacuole [GO:0005773]
Q99393	IZH4_YEAST	IZH4 YOL101C	312	cytoplasm [GO:0005737]; endoplasmic reticulum membrane [GO:0005789]; fungal-type vacuole [GO:0000324]; nucleus [GO:0005634]
Q9P305	IGO2_YEAST	IGO2 YHR132W-A	131	cytoplasm [GO:0005737]; nucleus [GO:0005634]
A2P2R3	YM084_YEAST	YMR084W	262	
E9PAE3	E9PAE3_YEAST	truncated TYB	403	cytoplasm [GO:0005737]; nucleus [GO:0005634]
O74302	YD13A_YEAST	TY1A-DR4 YDRCTy1-3 GAG YDR261C-C	440	cytoplasm [GO:0005737]
P00498	HIS1_YEAST	HIS1 YER055C	297	cytoplasm [GO:0005737]
P00912	TRPF_YEAST	TRP1 YDR007W	224	cytoplasm [GO:0005737]
P02407	RS17A_YEAST	RPS17A RP51A YML024W	136	cytosol [GO:0005829]; cytosolic small ribosomal subunit [GO:0022627]
P03874	CBP2_YEAST	CBP2 YHL038C	630	mitochondrion [GO:0005739]
P03875	AI1M_YEAST	AI1 Q0050	834	mitochondrion [GO:0005739]
P03876	AI2M_YEAST	AI2 Q0055	854	membrane [GO:0016020]; mitochondrion [GO:0005739]
P06174	HEM4_YEAST	HEM4 ORF1 YOR278W O5463	275	cytosol [GO:0005829]
P07172	HIS8_YEAST	HIS5 YIL116W	385	cytoplasm [GO:0005737]
P07236	SYTM_YEAST	MST1 YKL194C	462	mitochondrial matrix [GO:0005759]; mitochondrion [GO:0005739]
P07252	CBP8_YEAST	CBP1 YJL209W HRA654 J0242	654	mitochondrion [GO:0005739]
P07390	PT494_YEAST	PET494 YNR045W N3436	489	mitochondrial inner membrane [GO:0005743]; mitochondrion [GO:0005739]
P08019	AMYG_YEAST	SGA1 SGA YIL099W	549	fungal-type vacuole [GO:0000324]; prospore membrane [GO:0005628]
P08459	SPS2_YEAST	SPS2 YDR522C D9719.26	502	fungal-type cell wall [GO:0009277]; plasma membrane [GO:0005886]; side of membrane [GO:0098552]
P08468	PT111_YEAST	PET111 YMR257C YM9920.11C	800	mitochondrial inner membrane [GO:0005743]; mitochondrial matrix [GO:0005759]; mitochondrion [GO:0005739]
P09007	SRD1_YEAST	SRD1 YCR018C YCR18C	221	cytoplasm [GO:0005737]; nucleus [GO:0005634]
P09932	HO_YEAST	HO YDL227C	586	nucleus [GO:0005634]
P0C155	CBPS2_YEAST	YOL153C O0435/O0437/O0440	581	membrane [GO:0016020]
P0C271	PELS1_YEAST	PLS1 YNL097C-B YNL097C-A	40	cytosol [GO:0005829]; peroxisomal matrix [GO:0005782]
P0C2H7	RL27B_YEAST	RPL27B RPL27 YDR471W D8035.14	136	cytosol [GO:0005829]; cytosolic large ribosomal subunit [GO:0022625]; preribosome, large subunit precursor [GO:0030687]
P0C2I4	YH11A_YEAST	TY1A-H YHRCTy1-1 GAG YHR214C-C YHR214C-A	478	cytoplasm [GO:0005737]
P0C2I8	YL14A_YEAST	TY1A-LR4 YLRWTy1-4 GAG YLR256W-A L9672.1	440	cytoplasm [GO:0005737]
P0C2J4	YL21A_YEAST	TY2A-LR1 YLRWTy2-1 GAG YLR410W-A L9931.7b	438	cytoplasm [GO:0005737]
P0C2J6	YL22A_YEAST	TY2A-LR2 YLRCTy2-2 GAG YLR424C-B L9576.6d	438	cytoplasm [GO:0005737]
P0CE11	GMT2_YEAST	HVG1 YEM9 YER039C	249	cytoplasmic vesicle membrane [GO:0030659]; endoplasmic reticulum [GO:0005783]; endoplasmic reticulum membrane [GO:0005789]; Golgi apparatus [GO:0005794]; Golgi membrane [GO:0000139]
P0CX09	MAN2_YEAST	MAN2 YNR073C N3810	502	
P0CX10	ERR1_YEAST	ERR1 YOR393W	437	phosphopyruvate hydratase complex [GO:0000015]
P0CX11	ERR2_YEAST	ERR2 YPL281C	437	phosphopyruvate hydratase complex [GO:0000015]
P0CX13	COS3_YEAST	COS3 YML132W YM4987.03	379	endosome [GO:0005768]; fungal-type vacuole [GO:0000324]; plasma membrane [GO:0005886]
P0CX14	YRF13_YEAST	YRF1-3 YGR296W	1859	cytoplasm [GO:0005737]; nucleus [GO:0005634]
P0CX15	YRF17_YEAST	YRF1-7 YPL283C	1859	cytoplasm [GO:0005737]; mitochondrion [GO:0005739]
P0CX22	YRF18_YEAST	YRF1-8 YOR396W O7535	1796	cytoplasm [GO:0005737]
P0CX23	RL20A_YEAST	RPL20A RPL18A RPL18A2 YMR242C YM9408.04C	172	cytosol [GO:0005829]; cytosolic large ribosomal subunit [GO:0022625]
P0CX24	RL20B_YEAST	RPL20B RPL18A1 RPL18B YOR312C O6116	172	cytosol [GO:0005829]; cytosolic large ribosomal subunit [GO:0022625]
P0CX57	YA11A_YEAST	TY1A-A YARCTy1-1 GAG YAR010C P9659.6d	440	cytoplasm [GO:0005737]
P0CX58	YP12A_YEAST	TY1A-PR1 YPRCTy1-2 GAG YPR137C-A P9659.6d	440	cytoplasm [GO:0005737]
P0CX59	YO12A_YEAST	TY1A-OR YORWTy1-2 GAG YOR142W-A O3364	440	cytoplasm [GO:0005737]
P0CX60	YP13A_YEAST	TY1A-PR2 YPRWTy1-3 GAG YPR158W-A P9584.3	440	cytoplasm [GO:0005737]
P0CX61	YF21A_YEAST	TY2A-F YFLWTy2-1 GAG YFL002W-B F006	438	cytoplasm [GO:0005737]
P0CX62	YG22A_YEAST	TY2A-GR2 YGRWTy2-2 GAG YGR161W-A G7015	438	cytoplasm [GO:0005737]
P0CX65	YD14A_YEAST	TY1A-DR5 YDRWTy1-4 GAG YDR316W-A D9740.1a	440	cytoplasm [GO:0005737]
P0CX66	YE12A_YEAST	TY1A-ER2 YERCTy1-2 GAG YER159C-A YER160C-A	440	cytoplasm [GO:0005737]
P0CX67	YG13A_YEAST	TY1A-GR3 YGRCTy1-3 GAG YGR161C-C G7028	440	cytoplasm [GO:0005737]
P0CX68	YL11A_YEAST	TY1A-LR1 YLRCTy1-1 GAG YLR035C-B L1823	440	cytoplasm [GO:0005737]
P0CX69	YM14A_YEAST	TY1A-MR2 YMRCTy1-4 GAG YMR051C YM9796.04C	440	cytoplasm [GO:0005737]
P0CX70	YD15A_YEAST	TY1A-DR6 YDRWTy1-5 GAG YDR365W-A D9481.12	440	cytoplasm [GO:0005737]
P0CX71	YE11A_YEAST	TY1A-ER1 YERCTy1-1 GAG YER137C-A YER138C-A	440	cytoplasm [GO:0005737]
P0CX72	YL12A_YEAST	TY1A-LR2 YLRCTy1-2 GAG YLR157C-A L9632.7	440	cytoplasm [GO:0005737]
P0CX73	YP11A_YEAST	TY1A-PL YPLWTy1-1 GAG YPL257W-A P0725	440	cytoplasm [GO:0005737]
P0CX74	YJ11A_YEAST	TY1A-JR1 YJRWTy1-1 GAG YJR026W J1555	440	cytoplasm [GO:0005737]
P0CX75	YL13A_YEAST	TY1A-LR3 YLRWTy1-3 GAG YLR227W-A L8083.11	440	cytoplasm [GO:0005737]
P0CX76	YM12A_YEAST	TY1A-ML2 YMLWTy1-2 GAG YML040W YM8054.03	440	cytoplasm [GO:0005737]
P0CY07	HMAL1_YEAST	HMLALPHA1 YCL066W YCL66W	175	nucleus [GO:0005634]
P0CY09	HMAL2_YEAST	HMLALPHA2 YCL067C YCL67C	210	nucleus [GO:0005634]
P0CY11	HMRA1_YEAST	HMRA1 YCR097W YCR97W	126	nucleus [GO:0005634]; RNA polymerase II transcription repressor complex [GO:0090571]
P10663	RT02_YEAST	MRP2 YPR166C P9325.7	115	mitochondrial inner membrane [GO:0005743]; mitochondrial small ribosomal subunit [GO:0005763]; mitochondrion [GO:0005739]
P11927	KAR1_YEAST	KAR1 YNL188W N1611	433	endoplasmic reticulum [GO:0005783]; half bridge of spindle pole body [GO:0005825]; microtubule [GO:0005874]
P13130	SS100_YEAST	SPS100 YHR139C	326	
P14127	RS17B_YEAST	RPS17B RP51B YDR447C	136	cytosol [GO:0005829]; cytosolic small ribosomal subunit [GO:0022627]
P14905	CBP7_YEAST	CBS2 CBP7 YDR197W YD9346.08	389	cytoplasm [GO:0005737]; mitochondrial ribosome [GO:0005761]; mitochondrion [GO:0005739]
P16151	ERD1_YEAST	ERD1 YDR414C D9461.4	362	endoplasmic reticulum membrane [GO:0005789]; membrane [GO:0016020]
P16523	MER1_YEAST	MER1 YNL210W N1330	270	nucleus [GO:0005634]
P16547	OM45_YEAST	OM45 YIL136W	393	mitochondrial outer membrane [GO:0005741]; mitochondrion [GO:0005739]
P16639	ATE1_YEAST	ATE1 YGL017W	503	cytoplasm [GO:0005737]
P17123	SPO12_YEAST	SPO12 YHR152W	173	nucleolus [GO:0005730]; nucleus [GO:0005634]
P18411	FUN14_YEAST	FUN14 YAL008W	198	mitochondrial outer membrane [GO:0005741]; mitochondrion [GO:0005739]
P18634	ART10_YEAST	ART10 YLR392C L8084.13	518	cytoplasm [GO:0005737]; cytosol [GO:0005829]
P18962	DAP2_YEAST	DAP2 YHR028C	818	fungal-type vacuole membrane [GO:0000329]; plasma membrane [GO:0005886]
P19956	RM44_YEAST	MRPL44 YMR44 YMR225C YM9959.07C	98	mitochondrial inner membrane [GO:0005743]; mitochondrial large ribosomal subunit [GO:0005762]; mitochondrion [GO:0005739]
P20048	DOLK_YEAST	SEC59 YMR013C YM8270.17C	519	endoplasmic reticulum [GO:0005783]; endoplasmic reticulum membrane [GO:0005789]
P21264	PUR6_YEAST	ADE2 YOR128C O3293 YOR3293C	571	cytoplasm [GO:0005737]
P21339	MSB1_YEAST	MSB1 YOR188W	1137	cellular bud neck [GO:0005935]; cellular bud tip [GO:0005934]; cytoplasm [GO:0005737]; mitochondrion [GO:0005739]; plasma membrane [GO:0005886]
P21623	DIT1_YEAST	DIT1 YDR403W D9509.21	536	ascospore-type prospore [GO:0042764]; cytosol [GO:0005829]
P21705	DAL82_YEAST	DAL82 DURM YNL314W N0360	255	nucleus [GO:0005634]
P22215	SLY41_YEAST	SLY41 YOR307C O5663	453	endoplasmic reticulum [GO:0005783]; Golgi apparatus [GO:0005794]; membrane [GO:0016020]
P22434	PDE1_YEAST	PDE1 YGL248W NRB369	369	
P23250	RPI1_YEAST	RPI1 YIL119C	407	nucleus [GO:0005634]
P23796	RIT1_YEAST	RIT1 YMR283C YM8021.09C	513	cytoplasm [GO:0005737]
P23797	GPI12_YEAST	GPI12 YMR281W YM8021.07	304	cytoplasm [GO:0005737]; endoplasmic reticulum [GO:0005783]; endoplasmic reticulum membrane [GO:0005789]
P24031	PPA3_YEAST	PHO3 YBR092C YBR0813	467	cell wall-bounded periplasmic space [GO:0030287]; endoplasmic reticulum [GO:0005783]; fungal-type cell wall [GO:0009277]
P24720	MNE1_YEAST	MNE1 MNE YOR350C O6353	663	cytoplasm [GO:0005737]; mitochondrial matrix [GO:0005759]; mitochondrion [GO:0005739]; ribonucleoprotein complex [GO:1990904]
P25036	YSP3_YEAST	YSP3 YOR003W	478	endoplasmic reticulum [GO:0005783]; extracellular space [GO:0005615]; fungal-type vacuole lumen [GO:0000328]
P25335	ALLC_YEAST	DAL2 ALC1 YIR029W	343	
P25351	YCR3_YEAST	YCR023C YCR23C YCR241	611	chloride channel complex [GO:0034707]; fungal-type vacuole membrane [GO:0000329]
P25354	YCP7_YEAST	DFP3 YCR007C YCR045 YCR7C	239	cell periphery [GO:0071944]; fungal-type vacuole [GO:0000324]; membrane [GO:0016020]
P25361	YCT3_YEAST	YCR043C YCR43C YCR725	127	cytosol [GO:0005829]; Golgi apparatus [GO:0005794]; mating projection tip [GO:0043332]
P25366	OCA4_YEAST	OCA4 YCR095C YCR131 YCR95C	362	cytoplasm [GO:0005737]
P25380	SPS22_YEAST	SPS22 YCL048W YCL48W	463	cytosol [GO:0005829]; plasma membrane [GO:0005886]; side of membrane [GO:0098552]
P25383	YC21A_YEAST	TY2A-C YCLWTy2-1 GAG YCL020W YCL20W	438	cytoplasm [GO:0005737]
P25568	ATG22_YEAST	ATG22 AUT4 YCL038C YCL38C	528	fungal-type vacuole membrane [GO:0000329]
P25579	LRE1_YEAST	LRE1 YCL051W YCL51W	583	cellular bud neck [GO:0005935]
P25584	PEX34_YEAST	PEX34 YCL056C YCL433 YCL56C	144	cytoplasm [GO:0005737]; peroxisomal membrane [GO:0005778]; peroxisomal-mitochondrial contact site [GO:0160189]
P25585	FYV5_YEAST	FYV5 YCL058C YCL58C	152	cytosol [GO:0005829]; plasma membrane [GO:0005886]
P25611	RDS1_YEAST	RDS1 YCR106W	832	nucleus [GO:0005634]
P25617	YCQ6_YEAST	YCR016W YCR16W	290	nucleolus [GO:0005730]; nucleus [GO:0005634]
P25619	HSP30_YEAST	HSP30 YCR021C YCR21C	332	endoplasmic reticulum [GO:0005783]; plasma membrane [GO:0005886]
P25659	FUB1_YEAST	FUB1 YCR076C YCR76C	250	
P28003	FUN19_YEAST	FUN19 YAL034C	413	nucleus [GO:0005634]; Rpd3L-Expanded complex [GO:0070210]
P28625	YIM1_YEAST	YIM1 YMR152W YM8520.01 YM9375.22	365	cytoplasm [GO:0005737]; endoplasmic reticulum [GO:0005783]; lipid droplet [GO:0005811]; mitochondrion [GO:0005739]
P28778	RT06_YEAST	MRP17 YKL003C	131	mitochondrial inner membrane [GO:0005743]; mitochondrial small ribosomal subunit [GO:0005763]; mitochondrion [GO:0005739]
P28789	HEM3_YEAST	HEM3 YDL205C D1057	327	cytoplasm [GO:0005737]; nucleus [GO:0005634]
P30777	GPI10_YEAST	GPI10 YGL142C	616	endoplasmic reticulum [GO:0005783]; endoplasmic reticulum membrane [GO:0005789]
P32317	AFG1_YEAST	AFG1 AFG YEL052W	509	cytoplasm [GO:0005737]; mitochondrial inner membrane [GO:0005743]; mitochondrion [GO:0005739]
P32351	IMPX_YEAST	IMP2' IMP2 YIL154C	346	cytoplasm [GO:0005737]
P32375	ALN_YEAST	DAL1 YIR027C	460	cytoplasm [GO:0005737]
P32388	RM49_YEAST	MRP49 YKL167C YKL631	137	mitochondrial inner membrane [GO:0005743]; mitochondrial large ribosomal subunit [GO:0005762]; mitochondrion [GO:0005739]
P32435	MFAL2_YEAST	MF(ALPHA)2 MF-ALPHA-2 MFAL2 YGL089C	120	extracellular region [GO:0005576]; fungal-type vacuole [GO:0000324]
P32448	ASF2_YEAST	ASF2 YDL197C D1219	525	chromosome, telomeric region [GO:0000781]; nucleus [GO:0005634]
P32452	PHA2_YEAST	PHA2 YNL316C N0351	334	cytoplasm [GO:0005737]
P32493	AEP1_YEAST	AEP1 NCA1 YMR064W YM9916.03	518	mitochondrion [GO:0005739]
P32572	SPS18_YEAST	SPS18 SPX18 YNL204C N1354	300	Golgi membrane [GO:0000139]
P32606	PT127_YEAST	PET127 YOR017W OR26.07	800	mitochondrial envelope [GO:0005740]; mitochondrion [GO:0005739]
P32616	YEF5_YEAST	YEL045C SYGP-ORF33	141	membrane [GO:0016020]
P32634	PMD1_YEAST	PMD1 YER132C SYGP-ORF50	1753	cytoplasm [GO:0005737]; cytosol [GO:0005829]
P32645	ISC10_YEAST	ISC10 YER180C SYGP-ORF62	267	
P32770	DRI1_YEAST	NRP1 ARP ARP1 YDL167C	719	chromosome [GO:0005694]; cytoplasm [GO:0005737]; cytoplasmic stress granule [GO:0010494]; nucleus [GO:0005634]
P32806	GYP6_YEAST	GYP6 YJL044C J1202	458	cytoplasm [GO:0005737]; cytosol [GO:0005829]; endosome [GO:0005768]; trans-Golgi network [GO:0005802]
P32857	PTM1_YEAST	PTM1 YKL039W YKL252	523	cytosol [GO:0005829]; early endosome membrane [GO:0031901]; Golgi apparatus [GO:0005794]; Golgi membrane [GO:0000139]; membrane [GO:0016020]
P32858	AIM26_YEAST	AIM26 YKL037W YKL250	118	mitochondrial membrane [GO:0031966]; mitochondrion [GO:0005739]
P32903	PMP1_YEAST	PMP1 YCR024C-A YCR24C-A	40	membrane [GO:0016020]; plasma membrane [GO:0005886]
P33199	YGB5_YEAST	YGL015C YGL026	130	cytosol [GO:0005829]; mating projection tip [GO:0043332]; prospore membrane [GO:0005628]; secretory vesicle [GO:0099503]; site of polarized growth [GO:0030427]
P33303	SFC1_YEAST	SFC1 ACR1 YJR095W J1921	322	mitochondrial inner membrane [GO:0005743]; mitochondrion [GO:0005739]
P33323	RE104_YEAST	REC104 YHR157W	182	condensed nuclear chromosome [GO:0000794]
P33331	NTF2_YEAST	NTF2 YER009W	125	cytoplasm [GO:0005737]; nuclear envelope [GO:0005635]; nuclear pore central transport channel [GO:0044613]
P33335	SGE1_YEAST	SGE1 NOR1 YPR198W P9677.3	543	endoplasmic reticulum [GO:0005783]; plasma membrane [GO:0005886]
P33757	SPO23_YEAST	SPO23 YBR250W YBR1702	523	
P34228	SEF1_YEAST	SEF1 YBL066C YBL0501 YBL0526	1148	nucleus [GO:0005634]
P34231	YKS7_YEAST	YKL187C	750	cell cortex of cell tip [GO:0051285]; cell periphery [GO:0071944]; mitochondrion [GO:0005739]; plasma membrane [GO:0005886]
P34234	LOT5_YEAST	LOT5 YKL183W	306	cytoplasm [GO:0005737]; cytosol [GO:0005829]; nucleus [GO:0005634]; pICln-Sm protein complex [GO:0034715]; spliceosomal complex [GO:0005681]
P34250	SEG2_YEAST	SEG2 YKL105C YKL459	1132	cell periphery [GO:0071944]; plasma membrane [GO:0005886]
P35195	ECM15_YEAST	ECM15 YBL001C YBL0105	104	cytoplasm [GO:0005737]; cytosol [GO:0005829]; nucleus [GO:0005634]
P35209	SPT21_YEAST	SPT21 YMR179W YM8010.09	758	chromosome, telomeric region [GO:0000781]; nucleus [GO:0005634]
P35719	MRP8_YEAST	MRP8 YKL142W YKL3	219	cytoplasm [GO:0005737]
P35724	MNR2_YEAST	MNR2 YKL064W	969	fungal-type vacuole membrane [GO:0000329]; vacuole-mitochondrion membrane contact site [GO:1990816]
P35735	SFK1_YEAST	SFK1 YKL051W YKL303	353	cell periphery [GO:0071944]; plasma membrane [GO:0005886]
P36026	UBP11_YEAST	UBP11 YKR098C	717	cytosol [GO:0005829]; nucleus [GO:0005634]
P36032	MCH2_YEAST	MCH2 YKL221W	473	plasma membrane [GO:0005886]
P36038	CBT1_YEAST	CBT1 SOC1 YKL208W	271	mitochondrion [GO:0005739]
P36054	RCN1_YEAST	RCN1 DSCR1L YKL159C YKL613	211	cytoplasm [GO:0005737]; nucleus [GO:0005634]
P36078	HOT13_YEAST	HOT13 YKL084W	116	mitochondrial intermembrane space [GO:0005758]; mitochondrial membrane [GO:0031966]
P36083	YKH5_YEAST	YKL075C	450	cytoplasm [GO:0005737]; cytosol [GO:0005829]
P36090	ANR2_YEAST	ANR2 YKL047W YKL260	516	cytoplasm [GO:0005737]; endoplasmic reticulum [GO:0005783]; lipid droplet [GO:0005811]
P36125	GMH1_YEAST	GMH1 MSG1 YKR030W	273	endoplasmic reticulum membrane [GO:0005789]; Golgi membrane [GO:0000139]
P36137	UIP5_YEAST	UIP5 YKR044W	443	COPII-coated ER to Golgi transport vesicle [GO:0030134]; endoplasmic reticulum membrane [GO:0005789]; endoplasmic reticulum-Golgi intermediate compartment [GO:0005793]; fungal-type vacuole [GO:0000324]; Golgi membrane [GO:0000139]; nuclear envelope [GO:0005635]; nuclear membrane [GO:0031965]
P36141	FMP46_YEAST	FMP46 YKR049C	133	mitochondrion [GO:0005739]
P36150	SUMT_YEAST	MET1 MET20 YKR069W	593	nucleus [GO:0005634]
P36157	MSA2_YEAST	MSA2 YKR077W	363	cytoplasm [GO:0005737]; nucleus [GO:0005634]
P36158	YK58_YEAST	YKR078W	585	cytoplasm [GO:0005737]; cytosol [GO:0005829]; endosome [GO:0005768]; vacuolar membrane [GO:0005774]
P36172	VBA5_YEAST	VBA5 YKR105C	582	plasma membrane [GO:0005886]; vacuolar membrane [GO:0005774]
P36973	APT2_YEAST	APT2 YDR441C D9461.27	181	cytoplasm [GO:0005737]
P37267	CBP4_YEAST	CBP4 YGR174C G7122	147	mitochondrial inner membrane [GO:0005743]; mitochondrial membrane [GO:0031966]; mitochondrion [GO:0005739]
P38061	RL32_YEAST	RPL32 YBL092W YBL0838	130	cytoplasm [GO:0005737]; cytosol [GO:0005829]; cytosolic large ribosomal subunit [GO:0022625]
P38073	EDS1_YEAST	EDS1 YBR033W YBR0318	919	nucleus [GO:0005634]
P38079	YRO2_YEAST	YRO2 YBR054W YBR0507	344	cellular bud [GO:0005933]; endoplasmic reticulum [GO:0005783]; mitochondrion [GO:0005739]; plasma membrane [GO:0005886]
P38081	YBQ6_YEAST	YBR056W YBR0510	501	cytoplasm [GO:0005737]; cytosol [GO:0005829]; mitochondrial intermembrane space [GO:0005758]
P38087	YMC2_YEAST	YMC2 YBR104W YBR0833	329	mitochondrial inner membrane [GO:0005743]; mitochondrion [GO:0005739]
P38089	PP2C4_YEAST	PTC4 GCT1 YBR125C YBR0921	393	cytoplasm [GO:0005737]
P38124	FLR1_YEAST	FLR1 YBR008C YBR0120	548	cell periphery [GO:0071944]; cytoplasm [GO:0005737]; nucleus [GO:0005634]; plasma membrane [GO:0005886]
P38141	THI2_YEAST	THI2 PHO6 YBR240C YBR1624	450	nucleus [GO:0005634]
P38142	YB91_YEAST	YBR241C YBR1625	488	fungal-type vacuole membrane [GO:0000329]; membrane [GO:0016020]
P38145	RISA_YEAST	RIB5 YBR256C YBR1724	238	
P38156	MAL31_YEAST	MAL31 MAL3T YBR298C YBR2116	614	cell periphery [GO:0071944]; membrane [GO:0016020]
P38157	MAL33_YEAST	MAL33 MAL3R YBR297W YBR2115	468	nucleus [GO:0005634]
P38172	MRX3_YEAST	MRX3 YBL095W YBL0835	270	mitochondrial inner membrane [GO:0005743]; mitochondrion [GO:0005739]
P38176	AVT5_YEAST	AVT5 YBL089W YBL0703	459	fungal-type vacuole membrane [GO:0000329]; membrane [GO:0016020]
P38191	MOH1_YEAST	MOH1 YBL049W YBL0518	138	ubiquitin ligase complex [GO:0000151]
P38197	PLPHP_YEAST	YBL036C YBL0413	257	cytoplasm [GO:0005737]; nucleus [GO:0005634]
P38216	CTPP1_YEAST	CPP1 YBR016W YBR0222	128	cellular bud membrane [GO:0033101]; mating projection membrane [GO:0070250]; plasma membrane [GO:0005886]
P38229	GIP1_YEAST	GIP1 YBR045C YBR0420	639	prospore membrane [GO:0005628]; protein phosphatase type 1 complex [GO:0000164]
P38232	REG2_YEAST	REG2 YBR050C YBR0504	338	protein phosphatase type 1 complex [GO:0000164]
P38234	RFS1_YEAST	RFS1 YBR052C YBR0505	210	cytoplasm [GO:0005737]; eisosome [GO:0032126]; membrane [GO:0016020]; membrane raft [GO:0045121]
P38281	APD1_YEAST	APD1 YBR151W YBR1201	316	cytoplasm [GO:0005737]; cytosol [GO:0005829]; nucleus [GO:0005634]
P38305	AIM4_YEAST	AIM4 SOY1 YBR194W YBR1404	123	cytoplasm [GO:0005737]
P38312	ERV15_YEAST	ERV15 YBR210W YBR1457	142	COPII-coated ER to Golgi transport vesicle [GO:0030134]; endoplasmic reticulum [GO:0005783]; endoplasmic reticulum membrane [GO:0005789]
P38325	OM14_YEAST	OM14 YBR230C YBR1527	134	mitochondrial inner-outer membrane contact site [GO:0044289]; mitochondrial outer membrane [GO:0005741]; mitochondrion [GO:0005739]
P38330	RMD9L_YEAST	YBR238C YBR1608	731	cytoplasm [GO:0005737]; mitochondrial inner membrane [GO:0005743]; mitochondrial membrane [GO:0031966]; mitochondrion [GO:0005739]; P-body [GO:0000932]
P38335	MTC4_YEAST	MTC4 YBR255W YBR1723	694	cytoplasm [GO:0005737]; lipid droplet [GO:0005811]; membrane [GO:0016020]; peroxisome [GO:0005777]
P38343	SLM6_YEAST	SLM6 YBR266C YBR1735	150	membrane [GO:0016020]
P38358	VBA2_YEAST	VBA2 YBR293W YBR2109	474	endoplasmic reticulum [GO:0005783]; fungal-type vacuole membrane [GO:0000329]
P38374	YSY6_YEAST	YSY6 YBR162W-A YBR162BW	65	endoplasmic reticulum [GO:0005783]; endoplasmic reticulum membrane [GO:0005789]
P38635	HIS9_YEAST	HIS2 YFR025C	335	cytoplasm [GO:0005737]
P38693	PPAC_YEAST	PHO12 YHR215W	467	fungal-type cell wall [GO:0009277]; fungal-type vacuole [GO:0000324]
P38694	MSC7_YEAST	MSC7 YHR039C	644	endoplasmic reticulum [GO:0005783]
P38702	LEU5_YEAST	LEU5 YHR002W	357	mitochondrial inner membrane [GO:0005743]; mitochondrion [GO:0005739]
P38707	SYNC_YEAST	DED81 YHR019C	554	cytoplasm [GO:0005737]; cytosol [GO:0005829]
P38708	YHI0_YEAST	YHR020W	688	aminoacyl-tRNA synthetase multienzyme complex [GO:0017101]; cytoplasm [GO:0005737]
P38714	SYRM_YEAST	MSR1 YHR091C	643	mitochondrial matrix [GO:0005759]; mitochondrion [GO:0005739]
P38734	MUP3_YEAST	MUP3 YHL036W	546	fungal-type vacuole [GO:0000324]; membrane [GO:0016020]
P38738	OCA5_YEAST	OCA5 YHL029C	679	cytoplasm [GO:0005737]
P38739	WSC4_YEAST	WSC4 YHL028W	605	endoplasmic reticulum membrane [GO:0005789]
P38744	PHS_YEAST	YHL018W	120	mitochondrion [GO:0005739]
P38745	YHB7_YEAST	YHL017W	532	clathrin-coated vesicle [GO:0030136]; cytosol [GO:0005829]; Golgi apparatus [GO:0005794]; membrane [GO:0016020]
P38746	YLF2_YEAST	YLF2 YHL014C	405	cytoplasm [GO:0005737]; mitochondrion [GO:0005739]
P38750	YHA8_YEAST	YHL008C	627	fungal-type vacuole [GO:0000324]; plasma membrane [GO:0005886]
P38765	YHI9_YEAST	YHI9 YHR029C	294	chromatin [GO:0000785]; cytoplasm [GO:0005737]
P38767	ERC1_YEAST	ERC1 YHR032W	581	membrane [GO:0016020]
P38771	RRF1_YEAST	RRF1 FIL1 KIM4 YHR038W	230	mitochondrion [GO:0005739]
P38774	DOG1_YEAST	DOG1 YHR044C	246	
P38776	YHK8_YEAST	YHK8 YHR048W	514	cell periphery [GO:0071944]; plasma membrane [GO:0005886]
P38784	VMA22_YEAST	VMA22 YHR060W	181	nucleus [GO:0005634]; Vma12-Vma22 assembly complex [GO:1990871]
P38787	PANE_YEAST	PAN5 YHR063C	379	cytoplasm [GO:0005737]; mitochondrion [GO:0005739]
P38790	HTD2_YEAST	HTD2 RMD12 YHR067W	280	mitochondrion [GO:0005739]
P38804	SDO1L_YEAST	RTC3 YHR087W	111	cytoplasm [GO:0005737]; nucleus [GO:0005634]
P38809	YHP7_YEAST	YHR097C	366	actin cortical patch [GO:0030479]; cytoplasm [GO:0005737]; nuclear periphery [GO:0034399]; nucleus [GO:0005634]
P38814	SBE22_YEAST	SBE22 YHR103W	852	cytoplasm [GO:0005737]; Golgi apparatus [GO:0005794]
P38819	ERP5_YEAST	ERP5 YHR110W	212	COPII-coated ER to Golgi transport vesicle [GO:0030134]; endoplasmic reticulum [GO:0005783]; endoplasmic reticulum membrane [GO:0005789]; endoplasmic reticulum-Golgi intermediate compartment [GO:0005793]; Golgi apparatus [GO:0005794]; membrane [GO:0016020]
P38829	YHS2_YEAST	YHR122W	231	cytoplasm [GO:0005737]; cytosol [GO:0005829]; cytosolic [4Fe-4S] assembly targeting complex [GO:0097361]; nucleus [GO:0005634]
P38839	SPL2_YEAST	SPL2 YHR136C	148	cytoplasm [GO:0005737]
P38842	YHU0_YEAST	YHR140W	239	cytoplasm [GO:0005737]; endomembrane system [GO:0012505]; endoplasmic reticulum [GO:0005783]; endoplasmic reticulum membrane [GO:0005789]
P38848	PEX28_YEAST	PEX28 YHR150W	579	cytosol [GO:0005829]; peroxisomal membrane [GO:0005778]
P38849	MTC6_YEAST	MTC6 YHR151C	526	endoplasmic reticulum membrane [GO:0005789]
P38852	LIN1_YEAST	LIN1 YHR156C	340	chromatin [GO:0000785]; nucleus [GO:0005634]; spliceosomal complex [GO:0005681]; U5 snRNP [GO:0005682]
P38854	TDA11_YEAST	TDA11 YHR159W	504	cytoplasm [GO:0005737]
P38872	ADY1_YEAST	PFS1 ADY1 YHR185C	237	nucleus [GO:0005634]; spindle pole body [GO:0005816]
P38884	AIM18_YEAST	AIM18 FMP22 YHR198C	321	mitochondrial inner membrane [GO:0005743]; mitochondrion [GO:0005739]
P38885	AIM46_YEAST	AIM46 FMP34 YHR199C	310	mitochondrial inner membrane [GO:0005743]; mitochondrion [GO:0005739]
P38958	PT100_YEAST	PET100 YDR079W D4441	111	mitochondrial inner membrane [GO:0005743]; mitochondrion [GO:0005739]
P38969	PNT1_YEAST	PNT1 YOR266W	423	mitochondrial inner membrane [GO:0005743]; mitochondrion [GO:0005739]
P38971	ALP1_YEAST	ALP1 YNL270C N0660	573	endoplasmic reticulum [GO:0005783]; membrane [GO:0016020]
P39005	KRE9_YEAST	KRE9 YJL174W J0504	276	extracellular region [GO:0005576]; fungal-type vacuole [GO:0000324]
P39101	CAJ1_YEAST	CAJ1 YER048C	391	cytosol [GO:0005829]; nucleus [GO:0005634]; plasma membrane [GO:0005886]
P39110	CIN4_YEAST	CIN4 GTP1 UGX1 YMR138W YM9375.07	191	cytoplasm [GO:0005737]; microtubule cytoskeleton [GO:0015630]
P39523	YM11_YEAST	YMR124W YM8564.06	943	cellular bud neck [GO:0005935]; cytoplasm [GO:0005737]
P39525	CEM1_YEAST	CEM1 YER061C	442	mitochondrion [GO:0005739]
P39551	PRM9_YEAST	PRM9 YAR031W FUN58	298	endoplasmic reticulum [GO:0005783]; plasma membrane [GO:0005886]
P39567	IMDH1_YEAST	IMD1 YAR073W FUN63	403	cytoplasm [GO:0005737]
P39708	DHE5_YEAST	GDH3 YAL062W FUN51	457	cytosol [GO:0005829]; mitochondrion [GO:0005739]; nucleus [GO:0005634]
P39718	PEX22_YEAST	PEX22 YAL055W	180	cytoplasm [GO:0005737]; peroxisomal membrane [GO:0005778]
P39937	PAC2_YEAST	PAC2 YER007W	518	cytoplasm [GO:0005737]; microtubule [GO:0005874]
P39944	UBP5_YEAST	UBP5 YER144C	805	cellular bud neck [GO:0005935]; incipient cellular bud site [GO:0000131]
P39955	SAP1_YEAST	SAP1 YER047C	897	cytoplasm [GO:0005737]; nucleus [GO:0005634]
P39959	YEW0_YEAST	YER130C	443	nucleus [GO:0005634]
P39965	SYPM_YEAST	AIM10 YER087W	576	mitochondrion [GO:0005739]
P39981	AVT2_YEAST	AVT2 YEL064C	480	endoplasmic reticulum [GO:0005783]; membrane [GO:0016020]; vacuolar membrane [GO:0005774]
P39982	HHY1_YEAST	HHY1 YEL059W	102	membrane [GO:0016020]
P39996	GTT3_YEAST	GTT3 YEL017W	337	membrane [GO:0016020]; nuclear membrane [GO:0031965]; nuclear periphery [GO:0034399]
P40002	MIT1_YEAST	MIT1 YEL007W	666	cytoplasm [GO:0005737]; nucleus [GO:0005634]
P40006	IRC22_YEAST	IRC22 YEL001C	225	endoplasmic reticulum [GO:0005783]; endoplasmic reticulum membrane [GO:0005789]
P40036	GIP2_YEAST	GIP2 YER054C	548	protein phosphatase type 1 complex [GO:0000164]
P40037	HMF1_YEAST	HMF1 HIG1 YER057C	129	cytoplasm [GO:0005737]; cytosol [GO:0005829]; mitochondrial intermembrane space [GO:0005758]; mitochondrion [GO:0005739]; nucleus [GO:0005634]
P40039	FCY21_YEAST	FCY21 FCYY YER060W	528	plasma membrane [GO:0005886]
P40041	VHR2_YEAST	VHR2 YER064C	505	cytoplasm [GO:0005737]; nucleus [GO:0005634]
P40050	MRX1_YEAST	MRX1 YER077C	688	mitochondrion [GO:0005739]
P40081	MGDP1_YEAST	YER134C	178	cytoplasm [GO:0005737]; nucleus [GO:0005634]
P40095	YEY8_YEAST	YER158C	573	
P40100	PUG1_YEAST	PUG1 YER185W	303	plasma membrane [GO:0005886]
P40105	YRF12_YEAST	YRF1-2 YER190W	1681	cytoplasm [GO:0005737]; nucleus [GO:0005634]
P40155	PEX17_YEAST	PEX17 PAS9 YNL214W N1319	199	peroxisomal importomer complex [GO:1990429]; peroxisomal membrane [GO:0005778]
P40156	RRG9_YEAST	RRG9 YNL213C N1323	214	mitochondrion [GO:0005739]; nucleus [GO:0005634]
P40187	PIG2_YEAST	PIG2 YIL045W	538	cytoplasm [GO:0005737]; protein phosphatase type 1 complex [GO:0000164]
P40188	RGI2_YEAST	RGI2 YIL057C	164	cytoplasm [GO:0005737]
P40210	SIP5_YEAST	SIP5 YMR140W YM9375.09	489	cytoplasm [GO:0005737]
P40214	FDO1_YEAST	FDO1 YMR144W YM9375.13	342	nucleus [GO:0005634]
P40309	KHA1_YEAST	KHA1 YJL094C J0909	873	endoplasmic reticulum [GO:0005783]; Golgi apparatus [GO:0005794]; membrane [GO:0016020]; mitochondrion [GO:0005739]
P40317	SOK1_YEAST	SOK1 YDR006C YD8119.12C	901	nucleus [GO:0005634]
P40328	TBP6_YEAST	YTA6 YPL074W LPF11C	754	cell cortex [GO:0005938]; cytoplasm [GO:0005737]; nucleus [GO:0005634]
P40342	SWM2_YEAST	SWM2 YNR004W N2033	146	nucleolus [GO:0005730]
P40354	NTA1_YEAST	NTA1 YJR062C J1742	457	mitochondrion [GO:0005739]
P40355	MNN14_YEAST	MNN14 YJR061W J1736	935	Golgi membrane [GO:0000139]
P40361	YJH0_YEAST	YJL070C HRD888 J1095	888	cytoplasm [GO:0005737]; cytosol [GO:0005829]; mitochondrion [GO:0005739]
P40434	YIR7_YEAST	YIL177C	1758	cytoplasm [GO:0005737]
P40440	YIR1_YEAST	YIL171W YI9402.06A	109	plasma membrane [GO:0005886]
P40445	YIQ6_YEAST	YIL166C	542	cell periphery [GO:0071944]; fungal-type vacuole [GO:0000324]; membrane [GO:0016020]
P40451	AIM20_YEAST	AIM20 YIL158W	204	cytoplasm [GO:0005737]; fungal-type vacuole [GO:0000324]; nucleus [GO:0005634]; vacuolar membrane [GO:0005774]
P40463	VHS2_YEAST	VHS2 YIL135C	436	cytoplasm [GO:0005737]
P40464	FLX1_YEAST	FLX1 YIL134W	311	mitochondrial inner membrane [GO:0005743]; mitochondrion [GO:0005739]
P40483	YIK8_YEAST	YIL108W	696	cytoplasm [GO:0005737]
P40511	SPO22_YEAST	SPO22 YIL073C	975	condensed nuclear chromosome [GO:0000794]; nucleus [GO:0005634]; synapsis initiation complex [GO:0106069]
P40525	RL34B_YEAST	RPL34B YIL052C	121	cytosol [GO:0005829]; cytosolic large ribosomal subunit [GO:0022625]
P40531	GVP36_YEAST	GVP36 YIL041W	326	cytoplasm [GO:0005737]; cytosol [GO:0005829]; Golgi membrane [GO:0000139]
P40544	YKE4_YEAST	YKE4 YIL023C	346	endoplasmic reticulum [GO:0005783]; endoplasmic reticulum membrane [GO:0005789]
P40545	HIS4_YEAST	HIS6 YIL020C	261	cytoplasm [GO:0005737]; nucleus [GO:0005634]
P40546	FAF1_YEAST	FAF1 YIL019W	346	cytoplasm [GO:0005737]; nucleolus [GO:0005730]; nucleus [GO:0005634]
P40561	SGN1_YEAST	SGN1 RBP29 YIR001C YIB1C	250	cytoplasm [GO:0005737]
P40570	VLD1_YEAST	VLD1 YIR014W	242	Dsc E3 ubiquitin ligase complex [GO:0044695]; endoplasmic reticulum [GO:0005783]; fungal-type vacuole [GO:0000324]; fungal-type vacuole membrane [GO:0000329]
P40889	YJW5_YEAST	YJL225C HRF393/HRD1054 HRF393/HRD732 J0202	1758	cytoplasm [GO:0005737]
P40987	CIN1_YEAST	CIN1 YOR349W O6350	1014	
P40990	MSS2_YEAST	MSS2 YDL107W D2340	351	mitochondrial inner membrane [GO:0005743]; mitochondrial matrix [GO:0005759]
P42222	ERR3_YEAST	ERR3 YMR323W YM9924.15	437	cytoplasm [GO:0005737]; phosphopyruvate hydratase complex [GO:0000015]
P42223	SBE2_YEAST	SBE2 YDR351W D9476.7	864	Golgi apparatus [GO:0005794]
P42834	MDJ2_YEAST	MDJ2 YNL328C N0315	146	mitochondrial inner membrane [GO:0005743]; PAM complex, Tim23 associated import motor [GO:0001405]
P42883	THI12_YEAST	THI12 YNL332W N0295	340	
P42933	SPG5_YEAST	SPG5 YMR191W YM9646.03	373	
P42940	ETFB_YEAST	CIR1 YGR207C G7742	261	mitochondrial matrix [GO:0005759]; mitochondrion [GO:0005739]
P42941	SERB_YEAST	SER2 YGR208W G7744	309	cytoplasm [GO:0005737]; nucleus [GO:0005634]
P42943	TCPH_YEAST	CCT7 YJL111W J0804	550	chaperonin-containing T-complex [GO:0005832]; cytoplasm [GO:0005737]
P42948	SET4_YEAST	SET4 YJL105W J0819	560	Rpd3L-Expanded complex [GO:0070210]; Set3 complex [GO:0034967]
P43548	AGP3_YEAST	AGP3 YFL055W	558	endoplasmic reticulum [GO:0005783]; membrane [GO:0016020]
P43557	FMP32_YEAST	FMP32 YFL046W	207	mitochondrial inner membrane [GO:0005743]; mitochondrion [GO:0005739]
P43562	YFE0_YEAST	YFL040W	540	fungal-type vacuole [GO:0000324]; membrane [GO:0016020]; prospore membrane [GO:0005628]
P43570	GYP8_YEAST	GYP8 YFL027C	497	cytoplasm [GO:0005737]; endoplasmic reticulum membrane [GO:0005789]; peroxisome [GO:0005777]
P43591	YFH7_YEAST	YFH7 AIM12 YFR007W	353	cytoplasm [GO:0005737]
P43597	YFI6_YEAST	YFR016C	1233	cellular bud [GO:0005933]; cellular bud neck [GO:0005935]; cellular bud tip [GO:0005934]; cytoplasm [GO:0005737]
P43607	RRT5_YEAST	RRT5 YFR032C	289	cytoplasm [GO:0005737]; nucleus [GO:0005634]; prospore membrane [GO:0005628]; ribonucleoprotein complex [GO:1990904]
P43611	OSW7_YEAST	OSW7 YFR039C	510	endoplasmic reticulum [GO:0005783]
P43613	ERJ5_YEAST	ERJ5 YFR041C	295	endoplasmic reticulum [GO:0005783]; endoplasmic reticulum membrane [GO:0005789]
P43615	IRC6_YEAST	IRC6 YFR043C	237	
P43620	RMD8_YEAST	RMD8 YFR048W	662	cytoplasm [GO:0005737]; endoplasmic reticulum [GO:0005783]; membrane [GO:0016020]; mitochondrion [GO:0005739]
P45819	SPO74_YEAST	SPO74 YGL170C G1654	413	meiotic spindle pole body [GO:0035974]; spindle pole body [GO:0005816]
P45820	HUR1_YEAST	HUR1 YGL168W G1663	110	cytosol [GO:0005829]; membrane [GO:0016020]
P46955	NCA3_YEAST	NCA3 YJL116C J0748	337	cell surface [GO:0009986]; fungal-type cell wall [GO:0009277]; fungal-type vacuole [GO:0000324]; mitochondrion [GO:0005739]
P46958	IDS2_YEAST	IDS2 YJL146W J0642	469	cytoplasm [GO:0005737]; nucleus [GO:0005634]
P46973	HIT1_YEAST	HIT1 YJR055W J1705	164	cytoplasm [GO:0005737]; nucleus [GO:0005634]; pre-snoRNP complex [GO:0070761]
P46983	ATG36_YEAST	ATG36 YJL185C J0415	293	peroxisome [GO:0005777]
P46993	ASG7_YEAST	ASG7 YJL170C J0514	209	endomembrane system [GO:0012505]; plasma membrane [GO:0005886]
P46997	JJJ2_YEAST	JJJ2 YJL162C J0549	583	cytoplasm [GO:0005737]; nucleus [GO:0005634]
P46999	PIR5_YEAST	PIR5 YJL160C J0555	287	fungal-type cell wall [GO:0009277]; fungal-type vacuole [GO:0000324]
P47005	DAS1_YEAST	DAS1 YJL149W J0634	663	SCF ubiquitin ligase complex [GO:0019005]
P47007	MRX5_YEAST	MRX5 YJL147C J0639	382	mitochondrion [GO:0005739]
P47009	YJO4_YEAST	YJL144W J0646	104	cytoplasm [GO:0005737]
P47015	AIM23_YEAST	AIM23 YJL131C J0682	356	mitochondrion [GO:0005739]
P47042	IKS1_YEAST	IKS1 YJL057C J1143	667	cytoplasm [GO:0005737]; nucleus [GO:0005634]
P47046	IRC8_YEAST	IRC8 YJL051W J1156	822	cell periphery [GO:0071944]; cellular bud [GO:0005933]; fungal-type vacuole [GO:0000324]; membrane [GO:0016020]
P47048	YJE9_YEAST	YJL049W J1162	450	cytoplasmic side of plasma membrane [GO:0009898]; ESCRT III complex [GO:0000815]; multivesicular body [GO:0005771]; nuclear inner membrane [GO:0005637]
P47049	UBX6_YEAST	UBX6 YJL048C J1164	396	endoplasmic reticulum [GO:0005783]; nucleus [GO:0005634]
P47065	PT130_YEAST	PET130 YJL023C J1282	347	matrix side of mitochondrial inner membrane [GO:0099617]; mitochondrial matrix [GO:0005759]; mitochondrion [GO:0005739]
P47081	COX16_YEAST	COX16 YJL003W J1403 YJR83.2	118	mitochondrial inner membrane [GO:0005743]; mitochondrion [GO:0005739]
P47084	MRX12_YEAST	MRX12 YJR003C J1415 YJR83.30	519	mitochondrion [GO:0005739]
P47085	MHO1_YEAST	MHO1 YJR008W J1431 YJR83.9	338	cytoplasm [GO:0005737]; nucleus [GO:0005634]
P47086	YJY1_YEAST	YJR011C J1438 YJR83.26	261	
P47087	YJY2_YEAST	YJR012C J1440 YJR83.25	132	cytosol [GO:0005829]; peroxisome [GO:0005777]
P47099	YJ12A_YEAST	TY1A-JR2 YJRWTy1-2 GAG YJR028W J1565	440	cytoplasm [GO:0005737]
P47111	VPS55_YEAST	VPS55 YJR044C J1637	140	endosome [GO:0005768]; late endosome [GO:0005770]; Vps55/Vps68 complex [GO:0034424]
P47127	AIM24_YEAST	AIM24 FMP26 YJR080C J1847	394	mitochondrial inner membrane [GO:0005743]; mitochondrion [GO:0005739]
P47140	AIM25_YEAST	AIM25 YJR100C J1946	327	mitochondrion [GO:0005739]; plasma membrane [GO:0005886]
P47148	PXP2_YEAST	PXP2 YJR111C J2009	283	cytosol [GO:0005829]; mitochondrion [GO:0005739]; peroxisomal matrix [GO:0005782]; peroxisome [GO:0005777]
P47153	TDA4_YEAST	TDA4 YJR116W J2031	279	endoplasmic reticulum [GO:0005783]; membrane [GO:0016020]
P47155	ILM1_YEAST	ILM1 YJR118C J2033	203	endoplasmic reticulum [GO:0005783]; endoplasmic reticulum membrane [GO:0005789]
P47163	EFM3_YEAST	EFM3 YJR129C J2061	339	cytoplasm [GO:0005737]
P47165	XPT1_YEAST	XPT1 YJR133W J2118	209	cytoplasm [GO:0005737]
P47166	SGM1_YEAST	SGM1 YJR134C J2120	707	endoplasmic reticulum [GO:0005783]; Golgi apparatus [GO:0005794]
P47172	YJ9I_YEAST	YJR141W J2166	347	cytosol [GO:0005829]; nucleus [GO:0005634]; ubiquitin ligase complex [GO:0000151]
P47175	HMS2_YEAST	HMS2 YJR147W J2204	358	cytoplasm [GO:0005737]; nucleus [GO:0005634]
P47177	2NDP_YEAST	YJR149W J2213	404	cytoplasm [GO:0005737]
P47187	COS5_YEAST	COS5 YJR161C J2410	383	endosome [GO:0005768]; fungal-type vacuole [GO:0000324]; membrane [GO:0016020]
P47976	CTH1_YEAST	CTH1 YDR151C YD8358.07C	325	nucleus [GO:0005634]
P48353	HLJ1_YEAST	HLJ1 YMR161W YM8520.10	224	endoplasmic reticulum [GO:0005783]; endoplasmic reticulum membrane [GO:0005789]
P48526	SYIM_YEAST	ISM1 YPL040C P7102.10	1002	mitochondrial matrix [GO:0005759]; mitochondrion [GO:0005739]
P48560	TOS6_YEAST	TOS6 YNL300W N0430	102	cytosol [GO:0005829]; fungal-type cell wall [GO:0009277]; side of membrane [GO:0098552]
P48564	MRX6_YEAST	MRX6 YNL295W N0462	524	mitochondrial matrix [GO:0005759]
P50080	AZR1_YEAST	AZR1 YGR224W G8537	613	cell periphery [GO:0071944]; plasma membrane [GO:0005886]
P50104	STB4_YEAST	STB4 YMR019W YM9711.08	949	mitochondrion [GO:0005739]; nucleus [GO:0005634]
P50112	KNH1_YEAST	KNH1 YDL049C	268	extracellular region [GO:0005576]; fungal-type vacuole [GO:0000324]
P50113	LYS5_YEAST	LYS5 YGL154C G1867	272	cytoplasm [GO:0005737]; cytosol [GO:0005829]
P50273	ATP22_YEAST	ATP22 TCM10 YDR350C D9476.9	684	mitochondrial inner membrane [GO:0005743]
P50873	MRK1_YEAST	MRK1 YDL079C	501	cytoplasm [GO:0005737]; nucleus [GO:0005634]
P52290	PPAD_YEAST	DIA3 YDL024C D2815	468	cell periphery [GO:0071944]; fungal-type cell wall [GO:0009277]
P52918	MSN5_YEAST	MSN5 YDR335W D9651.5	1224	cytoplasm [GO:0005737]; nucleus [GO:0005634]
P52924	COS10_YEAST	COS10 YNR075W N3820	374	cytoplasm [GO:0005737]; endoplasmic reticulum [GO:0005783]; endosome [GO:0005768]; membrane [GO:0016020]; nuclear envelope [GO:0005635]
P53036	SAP4_YEAST	SAP4 YGL229C	818	cytosol [GO:0005829]; mitochondrion [GO:0005739]; nucleus [GO:0005634]
P53046	ROM1_YEAST	ROM1 SKC1 YGR070W	1155	cell division site [GO:0032153]; cell periphery [GO:0071944]; cytoplasm [GO:0005737]
P53047	RTA1_YEAST	RTA1 YGR213C	317	endoplasmic reticulum [GO:0005783]; plasma membrane [GO:0005886]
P53058	VEL1_YEAST	VEL1 YGL258W NRA206	206	cell periphery [GO:0071944]; cytosol [GO:0005829]; endoplasmic reticulum [GO:0005783]
P53060	RMR1_YEAST	RMR1 YGL250W NRC245	241	cytoplasm [GO:0005737]; nucleus [GO:0005634]
P53099	TPN1_YEAST	TPN1 YGL186C G1370	579	fungal-type vacuole [GO:0000324]; plasma membrane [GO:0005886]
P53100	YGT5_YEAST	YGL185C G1380	379	cytoplasm [GO:0005737]; cytosol [GO:0005829]
P53118	ROG1_YEAST	ROG1 YGL144C	685	cytoplasm [GO:0005737]; nucleus [GO:0005634]
P53130	GPG1_YEAST	GPG1 YGL121C	126	cytoplasm [GO:0005737]
P53139	YGK8_YEAST	YGL108C G3070	140	cytosol [GO:0005829]
P53142	VPS73_YEAST	VPS73 YGL104C G3090	486	fungal-type vacuole membrane [GO:0000329]; membrane [GO:0016020]; mitochondrial membrane [GO:0031966]; mitochondrion [GO:0005739]
P53147	TOS8_YEAST	TOS8 YGL096W	276	chromatin [GO:0000785]; nucleus [GO:0005634]
P53155	YGI2_YEAST	YGL082W	381	cell periphery [GO:0071944]; cytoplasm [GO:0005737]; nucleus [GO:0005634]; plasma membrane [GO:0005886]
P53172	SDS23_YEAST	SDS23 YGL056C	527	cytoplasm [GO:0005737]; nucleus [GO:0005634]
P53183	YGD9_YEAST	YGL039W	348	cytoplasm [GO:0005737]
P53200	EFM5_YEAST	EFM5 AML1 YGR001C	248	cytoplasm [GO:0005737]
P53203	PEX31_YEAST	PEX31 YGR004W	462	cell periphery [GO:0071944]; endoplasmic reticulum [GO:0005783]; endoplasmic reticulum tubular network [GO:0071782]; peroxisomal membrane [GO:0005778]
P53241	VHT1_YEAST	VHT1 YGR065C	593	cell periphery [GO:0071944]; membrane [GO:0016020]; plasma membrane [GO:0005886]
P53243	YG2A_YEAST	YGR067C	804	chromatin [GO:0000785]; nucleus [GO:0005634]
P53248	PEX8_YEAST	PEX8 PAS6 YGR077C	589	peroxisomal importomer complex [GO:1990429]; peroxisomal matrix [GO:0005782]
P53253	NNF2_YEAST	NNF2 YGR089W	936	endoplasmic reticulum [GO:0005783]; endoplasmic reticulum membrane [GO:0005789]
P53257	TPC1_YEAST	TPC1 YGR096W	314	mitochondrial inner membrane [GO:0005743]
P53278	YG3A_YEAST	YGR130C	816	cytoplasm [GO:0005737]; eisosome [GO:0032126]
P53279	FHN1_YEAST	FHN1 YGR131W	174	cell periphery [GO:0071944]; eisosome [GO:0032126]; plasma membrane [GO:0005886]
P53285	VPS62_YEAST	VPS62 YGR141W	467	endoplasmic reticulum [GO:0005783]; fungal-type vacuole membrane [GO:0000329]
P53289	RTS3_YEAST	RTS3 YGR161C	263	cytoplasm [GO:0005737]; nucleus [GO:0005634]
P53304	SLI1_YEAST	SLI1 YGR212W	468	endoplasmic reticulum [GO:0005783]; nuclear envelope [GO:0005635]; plasma membrane [GO:0005886]
P53315	SOL4_YEAST	SOL4 YGR248W	255	cytoplasm [GO:0005737]; cytosol [GO:0005829]; nucleus [GO:0005634]
P53316	YG5B_YEAST	YGR250C	781	cytoplasm [GO:0005737]; cytoplasmic stress granule [GO:0010494]
P53336	YG5X_YEAST	YGR283C	341	nucleolus [GO:0005730]
P53338	MAL13_YEAST	MAL13 MAL1R YGR288W G9591	473	nucleus [GO:0005634]
P53394	SULX_YEAST	YPR003C LPZ3C YP9723.03C	754	endoplasmic reticulum [GO:0005783]; endoplasmic reticulum membrane [GO:0005789]
P53438	SOK2_YEAST	SOK2 YMR016C YM9711.03C	785	cytosol [GO:0005829]; nucleus [GO:0005634]
P53630	BIOD_YEAST	BIO4 YNR057C N3506	237	
P53723	YN8B_YEAST	YNR021W N3216	404	endoplasmic reticulum [GO:0005783]; endoplasmic reticulum membrane [GO:0005789]
P53724	RM50_YEAST	MRPL50 YNR022C N3220	139	mitochondrial inner membrane [GO:0005743]; mitochondrial large ribosomal subunit [GO:0005762]; mitochondrion [GO:0005739]
P53735	ZRG17_YEAST	ZRG17 YNR039C N3403	605	endoplasmic reticulum [GO:0005783]; endoplasmic reticulum membrane [GO:0005789]
P53744	BIO5_YEAST	BIO5 YNR056C N3502	561	endoplasmic reticulum [GO:0005783]; membrane [GO:0016020]
P53751	YN94_YEAST	YNR065C N3539	1116	cytosol [GO:0005829]; endoplasmic reticulum [GO:0005783]; Golgi apparatus [GO:0005794]; membrane [GO:0016020]
P53752	YN95_YEAST	YNR066C N3543	436	cytosol [GO:0005829]; fungal-type vacuole [GO:0000324]; Golgi apparatus [GO:0005794]; membrane [GO:0016020]
P53755	BSC5_YEAST	BSC5 YNR069C N3555	489	ubiquitin ligase complex [GO:0000151]
P53819	YRF16_YEAST	YRF1-6 YNL339C N0152	1859	cytoplasm [GO:0005737]; nucleus [GO:0005634]
P53835	PRM1_YEAST	PRM1 YNL279W N0605	661	fungal-type vacuole [GO:0000324]; mating projection tip [GO:0043332]; plasma membrane [GO:0005886]
P53850	RTC4_YEAST	RTC4 YNL254C N0856	401	cytoplasm [GO:0005737]; nucleus [GO:0005634]
P53857	YNX4_YEAST	YNL234W N1142	426	cytoplasm [GO:0005737]; fungal-type vacuole membrane [GO:0000329]
P53873	SWT21_YEAST	SWT21 YNL187W N1615	357	nucleus [GO:0005634]
P53878	PBR1_YEAST	PBR1 YNL181W N1640	407	endoplasmic reticulum [GO:0005783]; endoplasmic reticulum membrane [GO:0005789]; nuclear envelope [GO:0005635]
P53882	TDA7_YEAST	TDA7 YNL176C N1661	636	fungal-type vacuole [GO:0000324]; vacuolar membrane [GO:0005774]
P53885	MDG1_YEAST	MDG1 YNL173C N1673	366	cytoplasm [GO:0005737]; nucleotide-activated protein kinase complex [GO:0031588]; nucleus [GO:0005634]; plasma membrane [GO:0005886]
P53892	IBD2_YEAST	IBD2 YNL164C N1714	351	nucleus [GO:0005634]; spindle pole [GO:0000922]
P53898	NSG2_YEAST	NSG2 YNL156C N1747	299	endoplasmic reticulum [GO:0005783]; endoplasmic reticulum membrane [GO:0005789]
P53913	FYV6_YEAST	FYV6 YNL133C N1215 N1850	173	chromosome, telomeric region [GO:0000781]; nucleus [GO:0005634]
P53918	ESBP6_YEAST	ESBP6 MCH3 YNL125C N1223 N1882	673	cell periphery [GO:0071944]; endoplasmic reticulum [GO:0005783]; endoplasmic reticulum membrane [GO:0005789]; mitochondrion [GO:0005739]; plasma membrane [GO:0005886]
P53949	OCA2_YEAST	OCA2 YNL056W N2439 YNL2439W	197	cytoplasm [GO:0005737]
P53958	BOP3_YEAST	BOP3 YNL042W N2670	396	cytoplasm [GO:0005737]; nucleus [GO:0005634]
P53960	YNE0_YEAST	YNL040W N2679	456	cytoplasm [GO:0005737]
P53961	GPI15_YEAST	GPI15 YNL038W N2687	229	endoplasmic reticulum membrane [GO:0005789]; glycosylphosphatidylinositol-N-acetylglucosaminyltransferase (GPI-GnT) complex [GO:0000506]; membrane [GO:0016020]
P53966	KTR5_YEAST	KTR5 YNL029C N2755	522	endoplasmic reticulum [GO:0005783]; Golgi apparatus [GO:0005794]; membrane [GO:0016020]
P53970	EFM6_YEAST	EFM6 YNL024C N2809	246	cytoplasm [GO:0005737]
P54003	SUR7_YEAST	SUR7 YML052W YM9958.11	302	cell cortex [GO:0005938]; membrane raft [GO:0045121]; plasma membrane [GO:0005886]
P54005	DIA1_YEAST	DIA1 YMR316W YM9924.08	336	cytoplasm [GO:0005737]
P56508	SNA2_YEAST	SNA2 YDR525W-A YDR525BW	79	cytoplasm [GO:0005737]; fungal-type vacuole membrane [GO:0000329]; lipid droplet [GO:0005811]
P87262	RL34A_YEAST	RPL34A YER056C-A YER056BC	121	cytosol [GO:0005829]; cytosolic large ribosomal subunit [GO:0022625]; preribosome, large subunit precursor [GO:0030687]
P87275	AIM11_YEAST	AIM11 GEP8 YER093C-A	137	membrane [GO:0016020]; mitochondrion [GO:0005739]; peroxisome [GO:0005777]
P89113	DDR2_YEAST	DDR2 YOL052C-A YOL052BC YOL053C-A	61	cytoplasm [GO:0005737]; fungal-type vacuole [GO:0000324]
Q00453	RGM1_YEAST	RGM1 YMR182C YM8010.12C	211	chromatin [GO:0000785]; cytosol [GO:0005829]; nucleus [GO:0005634]
Q00873	CYT2_YEAST	CYT2 YKL087C	224	mitochondrial inner membrane [GO:0005743]; mitochondrial intermembrane space [GO:0005758]; mitochondrion [GO:0005739]
Q01766	HAL1_YEAST	HAL1 YPR005C YP9723.05C	294	cytoplasm [GO:0005737]
Q02608	RT16_YEAST	MRPS16 YPL013C LPA4C	121	mitochondrial inner membrane [GO:0005743]; mitochondrial small ribosomal subunit [GO:0005763]; mitochondrion [GO:0005739]
Q02710	ECM23_YEAST	ECM23 SRD2 YPL021W	187	
Q02771	PT117_YEAST	PET117 YER058W	107	mitochondrion [GO:0005739]
Q02772	COA5_YEAST	PET191 YJR034W J1604	108	mitochondrial inner membrane [GO:0005743]; mitochondrial intermembrane space [GO:0005758]; mitochondrion [GO:0005739]
Q02803	OAZ_YEAST	OAZ1 YPL052W	292	cytoplasm [GO:0005737]
Q02831	YP077_YEAST	YPL077C	240	
Q02863	UBP16_YEAST	UBP16 YPL072W LPF12W	499	mitochondrial outer membrane [GO:0005741]; mitochondrion [GO:0005739]
Q02875	SYH1_YEAST	SYH1 YPL105C	849	cytoplasm [GO:0005737]; cytosol [GO:0005829]; mitochondrion [GO:0005739]
Q02889	MGR2_YEAST	MGR2 YPL098C	113	mitochondrial inner membrane [GO:0005743]; mitochondrion [GO:0005739]; TIM23 mitochondrial import inner membrane translocase complex [GO:0005744]
Q02961	YP113_YEAST	YPL113C	396	cytosol [GO:0005829]
Q02981	YP109_YEAST	YPL109C LPH17C	657	mitochondrial inner membrane [GO:0005743]; mitochondrial inner-outer membrane contact site [GO:0044289]; mitochondrion [GO:0005739]
Q03029	SPO19_YEAST	SPO19 YPL130W	223	fungal-type cell wall [GO:0009277]; prospore membrane [GO:0005628]; side of membrane [GO:0098552]
Q03079	MRX11_YEAST	MRX11 YPL041C	207	mitochondrial inner membrane [GO:0005743]; mitochondrion [GO:0005739]
Q03085	SRL4_YEAST	SRL4 YPL033C	281	mitochondrion [GO:0005739]
Q03099	YMN3_YEAST	YML133C YM4987.01C YM4987.02C	1374	cytoplasm [GO:0005737]; mitochondrion [GO:0005739]
Q03104	MSC1_YEAST	MSC1 YML128C YM4987.07C	513	endoplasmic reticulum [GO:0005783]; mitochondrion [GO:0005739]; nuclear envelope [GO:0005635]; plasma membrane [GO:0005886]
Q03151	MTG1_YEAST	MTG1 YMR097C YM6543.04C	367	mitochondrial inner membrane [GO:0005743]; mitochondrion [GO:0005739]; nucleus [GO:0005634]
Q03153	ATP25_YEAST	ATP25 YMR098C YM6543.05C	612	mitochondrial inner membrane [GO:0005743]; mitochondrion [GO:0005739]
Q03264	NGL2_YEAST	NGL2 YMR285C YM8021.11C	515	cytoplasm [GO:0005737]; nucleus [GO:0005634]
Q03266	PABC_YEAST	ABZ2 YMR289W YM8021.15	374	cytoplasm [GO:0005737]
Q03419	IZH1_YEAST	IZH1 YDR492W	316	endoplasmic reticulum [GO:0005783]; endoplasmic reticulum membrane [GO:0005789]
Q03441	RMD1_YEAST	RMD1 YDL001W	430	cytoplasm [GO:0005737]; fungal-type vacuole membrane [GO:0000329]; mitochondrion [GO:0005739]
Q03482	CTPP2_YEAST	CPP2 YDR210W YD8142.07	75	plasma membrane [GO:0005886]
Q03483	YD22A_YEAST	TY2A-DR2 YDRWTy2-2 GAG YDR210W-A YD8142A.08	438	cytoplasm [GO:0005737]
Q03516	RSN1_YEAST	RSN1 YMR266W YM8156.08	953	cell periphery [GO:0071944]; endoplasmic reticulum [GO:0005783]; fungal-type vacuole membrane [GO:0000329]; membrane [GO:0016020]; plasma membrane [GO:0005886]
Q03525	TMA23_YEAST	TMA23 YMR269W YM8156.11 YMR268W-A	211	nucleolus [GO:0005730]
Q03652	DML1_YEAST	DML1 YMR211W YM8261.05	475	cytoplasm [GO:0005737]; mitochondrion [GO:0005739]
Q03667	MIX17_YEAST	MIX17 MIC17 YMR002W YM8270.04	156	cytoplasm [GO:0005737]; mitochondrial intermembrane space [GO:0005758]; mitochondrion [GO:0005739]; nucleus [GO:0005634]
Q03673	AIM34_YEAST	AIM34 YMR003W YM8270.05	198	mitochondrial membrane [GO:0031966]; mitochondrion [GO:0005739]
Q03697	YMD8_YEAST	YMD8 YML038C	442	cis-Golgi network [GO:0005801]; COPI-coated vesicle [GO:0030137]; COPI-coated vesicle membrane [GO:0030663]; endoplasmic reticulum-Golgi intermediate compartment [GO:0005793]; Golgi apparatus [GO:0005794]; Golgi membrane [GO:0000139]
Q03786	GNTK_YEAST	YDR248C	193	cytoplasm [GO:0005737]; fungal-type vacuole [GO:0000324]
Q03796	TPP1_YEAST	TPP1 YMR156C YM8520.05C	238	nucleus [GO:0005634]
Q03798	AIM36_YEAST	AIM36 FMP39 YMR157C YM8520.06C	255	mitochondrial membrane [GO:0031966]; mitochondrion [GO:0005739]
Q03799	RT08_YEAST	MRPS8 YMR158W YM8520.07	155	mitochondrial inner membrane [GO:0005743]; mitochondrial small ribosomal subunit [GO:0005763]; mitochondrion [GO:0005739]
Q03856	YD11A_YEAST	TY1A-DR1 YDRCTy1-1 GAG YDR098C-A YD8557.07c	440	cytoplasm [GO:0005737]
Q03880	PKR1_YEAST	PKR1 YMR123W YM8564.05	122	endoplasmic reticulum [GO:0005783]; endoplasmic reticulum membrane [GO:0005789]
Q03899	YD131_YEAST	YDR131C	556	SCF ubiquitin ligase complex [GO:0019005]; vacuole [GO:0005773]
Q03942	RKM2_YEAST	RKM2 YDR198C	479	
Q03964	YD17A_YEAST	TY1A-DR2 YDR170W-A YD9395.02	440	cytoplasm [GO:0005737]
Q04005	LIC4_YEAST	ATC1 LIC4 YDR184C YD9395.18c	294	cytoplasm [GO:0005737]; nucleus [GO:0005634]
Q04007	SND1_YEAST	SND1 YDR186C	877	cytoplasm [GO:0005737]
Q04083	THI74_YEAST	THI74 YDR438W	370	fungal-type vacuole [GO:0000324]; mitochondrial membrane [GO:0031966]; mitochondrion [GO:0005739]
Q04201	CUE4_YEAST	CUE4 YML101C	117	cytoplasm [GO:0005737]; endoplasmic reticulum [GO:0005783]
Q04210	YET2_YEAST	YET2 YMR040W YM9532.05	160	endoplasmic reticulum [GO:0005783]; endoplasmic reticulum membrane [GO:0005789]
Q04212	ARA2_YEAST	ARA2 YMR041C YM9532.06C	335	
Q04215	YM13A_YEAST	TY1A-MR1 YMRCTy1-3 GAG YMR046C YM9532.11C	440	cytoplasm [GO:0005737]
Q04216	DLT1_YEAST	DLT1 YMR126C YM9553.02C	342	membrane [GO:0016020]
Q04231	RAD33_YEAST	RAD33 YML011C YM9571.07C	177	nucleus [GO:0005634]
Q04233	GIS4_YEAST	GIS4 YML006C YM9571.13C	774	cell periphery [GO:0071944]; cytoplasm [GO:0005737]; plasma membrane [GO:0005886]
Q04301	VBA1_YEAST	VBA1 YMR088C YM9582.13C	562	fungal-type vacuole membrane [GO:0000329]
Q04329	ICY1_YEAST	ICY1 YMR195W YM9646.08	127	fungal-type vacuole membrane [GO:0000329]
Q04341	MIX14_YEAST	MIX14 MIC14 YDR031W YD9673.01	121	cytoplasm [GO:0005737]; mitochondrial intermembrane space [GO:0005758]; mitochondrion [GO:0005739]; nucleus [GO:0005634]
Q04399	GMC1_YEAST	GMC1 YDR506C D9719.12	608	fungal-type vacuole membrane [GO:0000329]
Q04411	URC2_YEAST	URC2 YDR520C	772	cytoplasm [GO:0005737]; nucleus [GO:0005634]
Q04418	RBA50_YEAST	RBA50 YDR527W	439	cytoplasm [GO:0005737]
Q04429	HLR1_YEAST	HLR1 YDR528W D9719.31	423	cytoplasm [GO:0005737]
Q04516	AIM33_YEAST	AIM33 YML087C	312	plasma membrane [GO:0005886]
Q04533	METX_YEAST	YML082W	649	cytoplasm [GO:0005737]; nucleus [GO:0005634]
Q04585	YDR09_YEAST	YDR109C	715	cytoplasm [GO:0005737]
Q04598	RM34_YEAST	YDR115W YD9727.10	105	cytoplasm [GO:0005737]; mitochondrial inner membrane [GO:0005743]; mitochondrial large ribosomal subunit [GO:0005762]; mitochondrion [GO:0005739]; nucleus [GO:0005634]
Q04600	TMA64_YEAST	TMA64 YDR117C	565	
Q04602	VBA4_YEAST	VBA4 YDR119W	768	fungal-type vacuole membrane [GO:0000329]
Q04623	ECM18_YEAST	ECM18 YDR125C YD9727.20C	453	mitochondrial inner membrane [GO:0005743]; mitochondrion [GO:0005739]
Q04689	AIM32_YEAST	AIM32 YML050W YM9827.02	311	mitochondrial intermembrane space [GO:0005758]; mitochondrial matrix [GO:0005759]
Q04706	YM11A_YEAST	TY1A-ML1 YMLWTy1-1 GAG YML045W-A YM9827.07	440	cytoplasm [GO:0005737]
Q04734	PALI_YEAST	RIM9 YMR063W YM9916.02	239	cell division site [GO:0032153]; fungal-type vacuole lumen [GO:0000328]; growing cell tip [GO:0035838]; plasma membrane [GO:0005886]
Q04767	TVP18_YEAST	TVP18 YMR071C YM9916.10C	167	Golgi membrane [GO:0000139]
Q04772	IRC21_YEAST	IRC21 YMR073C YM9916.12C	201	cytoplasm [GO:0005737]
Q04792	DCE_YEAST	GAD1 YMR250W YM9920.04	585	cytoplasm [GO:0005737]; cytosol [GO:0005829]
Q04806	GSTO3_YEAST	GTO3 YMR251W YM9920.05	366	cytoplasm [GO:0005737]
Q04867	YM91_YEAST	YMR310C YM9924.02C	317	nucleus [GO:0005634]
Q04922	MFB1_YEAST	MFB1 YDR219C	465	mitochondrion [GO:0005739]; SCF ubiquitin ligase complex [GO:0019005]
Q05015	FSH2_YEAST	FSH2 YMR222C YM9959.04C	223	cytoplasm [GO:0005737]; nucleus [GO:0005634]
Q05648	MRX10_YEAST	MRX10 YDR282C	414	mitochondrial inner membrane [GO:0005743]
Q05672	RBS1_YEAST	RBS1 YDL189W D1266	457	cytoplasm [GO:0005737]; nucleus [GO:0005634]
Q05676	SOM1_YEAST	SOM1 YEL059C-A YEL059BC	74	mitochondrial inner membrane [GO:0005743]; mitochondrial inner membrane peptidase complex [GO:0042720]
Q05827	HOR7_YEAST	HOR7 YMR251W-A YMR251BW	59	cell periphery [GO:0071944]; endoplasmic reticulum [GO:0005783]; fungal-type vacuole [GO:0000324]; plasma membrane [GO:0005886]
Q05863	YL281_YEAST	YLR281C	155	mitochondrion [GO:0005739]
Q05867	YL283_YEAST	YLR283W	314	endoplasmic reticulum [GO:0005783]; mitochondrial inner membrane [GO:0005743]; mitochondrion [GO:0005739]
Q05899	YL297_YEAST	YLR297W	129	cytoplasm [GO:0005737]; fungal-type vacuole [GO:0000324]; fungal-type vacuole membrane [GO:0000329]; nucleus [GO:0005634]
Q05905	HRI1_YEAST	HRI1 YLR301W	244	cytosol [GO:0005829]; endoplasmic reticulum membrane [GO:0005789]; nucleus [GO:0005634]
Q05955	ADY4_YEAST	ADY4 YLR227C L8083.11	493	meiotic spindle pole body [GO:0035974]
Q06011	ECM19_YEAST	ECM19 YLR390W	112	mitochondrial membrane [GO:0031966]; mitochondrion [GO:0005739]
Q06098	ISR1_YEAST	ISR1 YPR106W	443	
Q06107	YP114_YEAST	YPR114W	315	endoplasmic reticulum [GO:0005783]; endoplasmic reticulum membrane [GO:0005789]
Q06108	RGC1_YEAST	RGC1 YPR115W	1083	cytoplasm [GO:0005737]; plasma membrane [GO:0005886]
Q06116	HOB2_YEAST	HOB2 YPR117W	2489	endoplasmic reticulum membrane [GO:0005789]; mitochondrial membrane [GO:0031966]; plasma membrane [GO:0005886]
Q06134	SPO77_YEAST	SPO77 YLR341W	477	cytoplasm [GO:0005737]
Q06177	TMA10_YEAST	TMA10 SFL2 STF3 YLR327C L8543.1	86	cytoplasm [GO:0005737]; nucleus [GO:0005634]
Q06200	ECM7_YEAST	ECM7 ZRG15 YLR443W	448	cell cortex of cell tip [GO:0051285]; fungal-type vacuole [GO:0000324]; plasma membrane [GO:0005886]
Q06214	JIP5_YEAST	JIP5 YPR169W	492	nucleolus [GO:0005730]; nucleus [GO:0005634]
Q06216	PIG1_YEAST	PIG1 YLR273C L9328.2	648	protein phosphatase type 1 complex [GO:0000164]
Q06466	TDA6_YEAST	TDA6 YPR157W	467	cell periphery [GO:0071944]; fungal-type vacuole [GO:0000324]; membrane [GO:0016020]
Q06469	CUR1_YEAST	CUR1 YPR158W	252	nucleus [GO:0005634]
Q06479	YL352_YEAST	YLR352W	807	SCF ubiquitin ligase complex [GO:0019005]
Q06485	ATG33_YEAST	ATG33 YLR356W	197	mitochondrial membrane [GO:0031966]; mitochondrion [GO:0005739]
Q06490	THI22_YEAST	THI22 YPR121W	572	cytosol [GO:0005829]; extracellular region [GO:0005576]
Q06494	PLR1_YEAST	YPR127W	345	cytoplasm [GO:0005737]; nucleus [GO:0005634]
Q06537	YP153_YEAST	YPR153W	140	cortical endoplasmic reticulum [GO:0032541]; endoplasmic reticulum membrane [GO:0005789]
Q06563	SYM1_YEAST	SYM1 YLR251W	197	cytoplasm [GO:0005737]; mitochondrial inner membrane [GO:0005743]; mitochondrion [GO:0005739]
Q06597	ARR2_YEAST	ARR2 ACR2 YPR200C P9677.16	130	cytoplasm [GO:0005737]; nucleus [GO:0005634]
Q06636	GPI11_YEAST	GPI11 YDR302W	219	endoplasmic reticulum [GO:0005783]; endoplasmic reticulum membrane [GO:0005789]
Q06640	YD306_YEAST	YDR306C	478	SCF ubiquitin ligase complex [GO:0019005]
Q06644	PMT7_YEAST	PMT7 YDR307W D9740.4	662	endoplasmic reticulum [GO:0005783]; endoplasmic reticulum membrane [GO:0005789]
Q06673	ECM30_YEAST	ECM30 YLR436C	1274	cytoplasm [GO:0005737]; Golgi medial cisterna [GO:0005797]; Golgi trans cisterna [GO:0000138]; membrane [GO:0016020]
Q06686	CTR3_YEAST	CTR3 YLR411W L9931.6	241	cytoplasmic vesicle membrane [GO:0030659]; endoplasmic reticulum [GO:0005783]; plasma membrane [GO:0005886]
Q06688	SRR1L_YEAST	BER1 YLR412W L9931.5	274	cytoplasm [GO:0005737]; microtubule [GO:0005874]; nucleus [GO:0005634]
Q06689	YL413_YEAST	YLR413W	675	cell cortex of cell tip [GO:0051285]; cell periphery [GO:0071944]; fungal-type vacuole [GO:0000324]; plasma membrane [GO:0005886]
Q06698	YL419_YEAST	YLR419W	1435	cytoplasm [GO:0005737]; mitochondrion [GO:0005739]
Q06820	MDM36_YEAST	MDM36 YPR083W	579	cytoplasm [GO:0005737]; mitochondrion [GO:0005739]
Q06822	ASA1_YEAST	ASA1 YPR085C	443	nucleus [GO:0005634]; TTT Hsp90 cochaperone complex [GO:0110078]
Q07349	MRX9_YEAST	MRX9 YDL027C D2800	420	endoplasmic reticulum [GO:0005783]; mitochondrial inner membrane [GO:0005743]; mitochondrion [GO:0005739]
Q07351	STP4_YEAST	STP4 YDL048C D2690	490	cytoplasm [GO:0005737]; mitochondrion [GO:0005739]; nucleus [GO:0005634]
Q07362	PBP4_YEAST	PBP4 YDL053C D2574	185	cytoplasm [GO:0005737]; cytoplasmic stress granule [GO:0010494]; nucleus [GO:0005634]; peroxisome [GO:0005777]
Q07376	MCH1_YEAST	MCH1 YDL054C	486	fungal-type vacuole membrane [GO:0000329]
Q07379	YD057_YEAST	YDL057W	328	membrane [GO:0016020]
Q07451	YET3_YEAST	YET3 YDL072C	203	endoplasmic reticulum [GO:0005783]; endoplasmic reticulum membrane [GO:0005789]
Q07549	SNA4_YEAST	SNA4 YDL123W	140	fungal-type vacuole lumen [GO:0000328]; fungal-type vacuole membrane [GO:0000329]
Q07622	ACK1_YEAST	ACK1 YDL203C D1066	623	mitochondrion [GO:0005739]
Q07653	HBT1_YEAST	HBT1 Crem YDL223C	1046	cytoplasm [GO:0005737]; mating projection [GO:0005937]; plasma membrane [GO:0005886]
Q07655	WHI4_YEAST	WHI4 YDL224C D0839	649	cytoplasm [GO:0005737]
Q07660	BRE4_YEAST	BRE4 YDL231C	1125	cell periphery [GO:0071944]; membrane [GO:0016020]
Q07684	MFG1_YEAST	MFG1 YDL233W	458	cytoplasm [GO:0005737]; nucleus [GO:0005634]; transcription regulator complex [GO:0005667]
Q07748	THI13_YEAST	THI13 YDL244W	340	
Q07786	DHSO2_YEAST	SOR2 YDL246C	357	
Q07788	COS7_YEAST	COS7 YDL248W	383	endosome [GO:0005768]; fungal-type vacuole [GO:0000324]; membrane [GO:0016020]; mitochondrion [GO:0005739]
Q07798	SPO75_YEAST	SPO75 YLL005C L1361	868	membrane [GO:0016020]; plasma membrane [GO:0005886]
Q07843	IRC19_YEAST	IRC19 RRG4 YLL033W	230	
Q07872	ENT4_YEAST	ENT4 YLL038C	247	actin cortical patch [GO:0030479]; clathrin vesicle coat [GO:0030125]; cytosol [GO:0005829]; endosome [GO:0005768]; plasma membrane [GO:0005886]
Q07888	YL067_YEAST	YLL067C L0111 L0503 L0509	1374	cytoplasm [GO:0005737]
Q07897	CMS1_YEAST	CMS1 YLR003C	291	90S preribosome [GO:0030686]; cytoplasm [GO:0005737]; nucleus [GO:0005634]
Q07904	THI73_YEAST	THI73 YLR004C	523	cell periphery [GO:0071944]; endoplasmic reticulum [GO:0005783]; endoplasmic reticulum membrane [GO:0005789]; membrane [GO:0016020]; plasma membrane [GO:0005886]
Q07959	IZH3_YEAST	IZH3 YLR023C	543	endoplasmic reticulum [GO:0005783]; endoplasmic reticulum membrane [GO:0005789]
Q07987	PAU23_YEAST	PAU23 DAN2 YLR037C L1909	124	fungal-type cell wall [GO:0009277]; fungal-type vacuole [GO:0000324]
Q07988	AFB1_YEAST	AFB1 YLR040C	224	cell periphery [GO:0071944]; fungal-type cell wall [GO:0009277]; side of membrane [GO:0098552]
Q07990	YL042_YEAST	YLR042C	161	cell periphery [GO:0071944]; fungal-type cell wall [GO:0009277]; fungal-type vacuole [GO:0000324]; side of membrane [GO:0098552]
Q08045	LCL2_YEAST	LCL2 YLR104W	131	fungal-type vacuole [GO:0000324]
Q08182	YAP7_YEAST	YAP7 YOL028C	245	nucleus [GO:0005634]
Q08202	OPI10_YEAST	OPI10 YOL032W	246	cytoplasm [GO:0005737]; cytosol [GO:0005829]; nucleus [GO:0005634]
Q08223	AIM39_YEAST	AIM39 YOL053W O1269	395	cytosol [GO:0005829]; mitochondrial membrane [GO:0031966]; mitochondrion [GO:0005739]; peroxisome [GO:0005777]
Q08225	DPP3_YEAST	YOL057W O1232	711	cytoplasm [GO:0005737]; nucleus [GO:0005634]
Q08226	CRT10_YEAST	CRT10 YOL063C	957	
Q08227	INP54_YEAST	INP54 YOL065C	384	endoplasmic reticulum [GO:0005783]; endoplasmic reticulum membrane [GO:0005789]; fungal-type vacuole membrane [GO:0000329]
Q08234	YO075_YEAST	YOL075C YOL074C	1294	cell periphery [GO:0071944]; fungal-type vacuole membrane [GO:0000329]; membrane [GO:0016020]
Q08268	MCH4_YEAST	MCH4 YOL119C	501	cell periphery [GO:0071944]; fungal-type vacuole membrane [GO:0000329]; plasma membrane [GO:0005886]
Q08280	BSC6_YEAST	BSC6 YOL137W	497	clathrin-coated vesicle [GO:0030136]; COPI-coated vesicle [GO:0030137]; Golgi apparatus [GO:0005794]; membrane [GO:0016020]
Q08347	BDS1_YEAST	BDS1 YOL164W	646	
Q08416	IRC23_YEAST	IRC23 YOR044W	157	endoplasmic reticulum [GO:0005783]; endoplasmic reticulum membrane [GO:0005789]
Q08422	TMC1_YEAST	TMC1 YOR052C YOR29-03	150	cytoplasm [GO:0005737]; nucleus [GO:0005634]
Q08646	SSP2_YEAST	SSP2 YOR242C O5251	371	ascospore wall [GO:0005619]; nucleus [GO:0005634]; prospore membrane [GO:0005628]
Q08693	TRE2_YEAST	TRE2 YOR256C	809	membrane [GO:0016020]
Q08729	DSE3_YEAST	DSE3 YOR264W	430	cellular bud neck [GO:0005935]; cytoplasm [GO:0005737]; nucleus [GO:0005634]
Q08750	MUM3_YEAST	MUM3 YOR298W	479	endomembrane system [GO:0012505]; endoplasmic reticulum [GO:0005783]; membrane [GO:0016020]
Q08777	MCH5_YEAST	MCH5 YOR306C	521	plasma membrane [GO:0005886]
Q08818	MSC6_YEAST	MSC6 YOR354C	692	mitochondrial matrix [GO:0005759]; mitochondrion [GO:0005739]
Q08904	RDR1_YEAST	RDR1 YOR380W	546	nucleus [GO:0005634]
Q08907	FIT3_YEAST	FIT3 YOR383C	204	cell periphery [GO:0071944]; fungal-type cell wall [GO:0009277]; fungal-type vacuole [GO:0000324]; side of membrane [GO:0098552]
Q08919	TRE1_YEAST	TRE1 YPL176C	783	fungal-type vacuole [GO:0000324]; plasma membrane [GO:0005886]
Q08926	UIP4_YEAST	UIP4 YPL186C	304	endoplasmic reticulum [GO:0005783]; endoplasmic reticulum membrane [GO:0005789]; mitochondrial outer membrane [GO:0005741]; nuclear envelope [GO:0005635]
Q08932	RSA1_YEAST	RSA1 YPL193W	381	nucleoplasm [GO:0005654]
Q08956	YIG1_YEAST	YIG1 YPL201C	461	cytosol [GO:0005829]; nucleus [GO:0005634]
Q08971	YP225_YEAST	YPL225W	146	cytoplasm [GO:0005737]
Q08995	YP204_YEAST	YPR204W	1032	cytoplasm [GO:0005737]
Q12020	SRL2_YEAST	SRL2 YLR082C	392	cytoplasm [GO:0005737]; nucleus [GO:0005634]
Q12021	RAD28_YEAST	RAD28 YDR030C YD9813.08c	506	Cul4A-RING E3 ubiquitin ligase complex [GO:0031464]; nucleotide-excision repair complex [GO:0000109]; nucleus [GO:0005634]
Q12026	YL053_YEAST	YLR053C L2137	108	chromatin [GO:0000785]
Q12036	PPT2_YEAST	PPT2 YPL148C P2604	173	mitochondrion [GO:0005739]
Q12040	YO283_YEAST	YOR283W	230	cytoplasm [GO:0005737]; nucleus [GO:0005634]
Q12057	PIN2_YEAST	PIN2 YOR104W YOR3214W	282	cellular bud neck [GO:0005935]; fungal-type vacuole membrane [GO:0000329]; plasma membrane [GO:0005886]
Q12059	ULA1_YEAST	ULA1 ENR2 YPL003W LPA14W	462	cytoplasm [GO:0005737]; ubiquitin activating enzyme complex [GO:0120123]
Q12085	YG11A_YEAST	TY1A-GR1 YGRWTy1-1 GAG YGR027W-A G4052	440	cytoplasm [GO:0005737]
Q12089	AEP3_YEAST	AEP3 YPL005W YP8132.08	606	cytoplasm [GO:0005737]; mitochondrial inner membrane [GO:0005743]; mitochondrion [GO:0005739]
Q12091	DAP1_YEAST	DAP1 YPL170W P2515	152	endomembrane system [GO:0012505]; endosome [GO:0005768]; membrane [GO:0016020]
Q12103	YD109_YEAST	YDL109C D2325	647	
Q12108	RTC5_YEAST	RTC5 YOR118W O3263 YOR3263w	567	cytoplasm [GO:0005737]; fungal-type vacuole membrane [GO:0000329]; nucleus [GO:0005634]
Q12109	SYWC_YEAST	WRS1 YOL097C HRE432	432	cytoplasm [GO:0005737]
Q12117	MRH1_YEAST	MRH1 YDR033W YD9673.03	320	cellular bud [GO:0005933]; endoplasmic reticulum [GO:0005783]; mitochondrion [GO:0005739]; plasma membrane [GO:0005886]
Q12119	FCY22_YEAST	FCY22 FCYX YER060W-A	530	cell periphery [GO:0071944]; fungal-type vacuole [GO:0000324]; plasma membrane [GO:0005886]
Q12128	BAG7_YEAST	BAG7 YOR134W O3320 YOR3320W	409	cell cortex [GO:0005938]
Q12129	NMD4_YEAST	NMD4 YLR363C	218	cytoplasm [GO:0005737]; nucleus [GO:0005634]
Q12139	YP022_YEAST	YPR022C	1133	chromatin [GO:0000785]; cytoplasm [GO:0005737]; nucleus [GO:0005634]
Q12144	PER33_YEAST	PER33 YLR064W L2177	273	endoplasmic reticulum [GO:0005783]; endoplasmic reticulum membrane [GO:0005789]; nuclear envelope [GO:0005635]; nuclear pore [GO:0005643]
Q12145	CMR3_YEAST	CMR3 YPR013C LPZ12c	317	nucleus [GO:0005634]
Q12152	YP150_YEAST	YPL150W	901	cytoplasmic ribonucleoprotein granule [GO:0036464]
Q12155	EMA19_YEAST	EMA19 YLR050C L2125	161	endoplasmic reticulum [GO:0005783]; endoplasmic reticulum membrane [GO:0005789]
Q12167	RRG1_YEAST	RRG1 YDR065W D4258	365	matrix side of mitochondrial inner membrane [GO:0099617]; mitochondrion [GO:0005739]
Q12194	RGL1_YEAST	RGL1 YPL066W LPE4W	479	cellular bud neck [GO:0005935]; cytoplasm [GO:0005737]; division septum [GO:0000935]
Q12202	OSW2_YEAST	OSW2 YLR054C L2141	724	cytoplasm [GO:0005737]; prospore membrane [GO:0005628]
Q12214	HOS1_YEAST	HOS1 YPR068C YP9499.23C	470	histone deacetylase complex [GO:0000118]
Q12217	YB12A_YEAST	TY1A-BR YBRWTy1-2 GAG YBR012W-A YBR0206	440	cytoplasm [GO:0005737]
Q12221	PUF2_YEAST	PUF2 YPR042C YP3085.06c YP9499.01	1075	cytoplasm [GO:0005737]; P-body [GO:0000932]
Q12226	AYT1_YEAST	AYT1 YLL063C L0549	474	cytoplasm [GO:0005737]; peroxisome [GO:0005777]
Q12239	TM115_YEAST	YOL107W	342	COPI-coated vesicle [GO:0030137]; Golgi apparatus [GO:0005794]; Golgi membrane [GO:0000139]
Q12247	FYV7_YEAST	FYV7 YLR068W L2192	151	nucleolus [GO:0005730]; nucleus [GO:0005634]; small-subunit processome [GO:0032040]
Q12251	YP011_YEAST	YPR011C LPZ11C YP9531.04C	326	mitochondrial inner membrane [GO:0005743]; mitochondrion [GO:0005739]
Q12252	PHM7_YEAST	PHM7 YOL084W 00953	991	endoplasmic reticulum [GO:0005783]; fungal-type vacuole [GO:0000324]; plasma membrane [GO:0005886]
Q12260	YB21A_YEAST	TY2A-B YBLWTy2-1 GAG YBL100W-A YBL0821 YBL101W-A	438	cytoplasm [GO:0005737]
Q12266	YB11A_YEAST	TY1A-BL YBLWTy1-1 GAG YBL005W-A YBL004W-B YBL0324	440	cytoplasm [GO:0005737]
Q12272	TPT1_YEAST	TPT1 YOL102C HRE230	230	cytoplasm [GO:0005737]; nucleus [GO:0005634]
Q12282	SPR2_YEAST	SPR2 YOR214C YO50-4	236	fungal-type cell wall [GO:0009277]; fungal-type vacuole [GO:0000324]; side of membrane [GO:0098552]; spore wall [GO:0031160]
Q12288	YL126_YEAST	YLR126C L3105	251	cytoplasm [GO:0005737]; cytosol [GO:0005829]; nuclear periphery [GO:0034399]; nucleus [GO:0005634]
Q12291	BMT6_YEAST	BMT6 YLR063W L2174	365	cytoplasm [GO:0005737]; nucleus [GO:0005634]
Q12293	YO22A_YEAST	TY2A-OR2 YORWTy2-2 GAG YOR343W-A O6301	438	cytoplasm [GO:0005737]
Q12314	SFM1_YEAST	SFM1 YOR021C OR26.11	213	cytoplasm [GO:0005737]
Q12340	YRM1_YEAST	YRM1 YOR172W O3620	786	cytoplasm [GO:0005737]; nucleus [GO:0005634]
Q12350	JID1_YEAST	JID1 YPR061C	301	mitochondrial inner membrane [GO:0005743]; mitochondrion [GO:0005739]
Q12358	JLP1_YEAST	JLP1 YLL057C L0572	412	cytoplasm [GO:0005737]
Q12367	RKM5_YEAST	RKM5 YLR137W L3146	367	cytosol [GO:0005829]; protein-containing complex [GO:0032991]
Q12374	NCA2_YEAST	NCA2 YPR155C	616	mitochondrial outer membrane [GO:0005741]; mitochondrion [GO:0005739]
Q12385	ICT1_YEAST	ICT1 YLR099C	394	mitochondrial inner membrane [GO:0005743]
Q12391	YN11A_YEAST	TY1A-NL1 YNLCTy1-1 GAG YNL284C-A N0569	440	cytoplasm [GO:0005737]
Q12392	YD21A_YEAST	TY2A-DR1 YDRCTy2-1 GAG YDR034C-C YD9673.06c	438	cytoplasm [GO:0005737]
Q12393	GEP5_YEAST	GEP5 RRG5 YLR091W	293	matrix side of mitochondrial inner membrane [GO:0099617]; mitochondrion [GO:0005739]
Q12407	YD199_YEAST	YDL199C D1209	687	fungal-type vacuole membrane [GO:0000329]; membrane [GO:0016020]
Q12412	PNS1_YEAST	PNS1 YOR161C O3568	539	cell periphery [GO:0071944]; membrane [GO:0016020]; plasma membrane [GO:0005886]
Q12424	YD206_YEAST	YDL206W D1053	762	endoplasmic reticulum [GO:0005783]; fungal-type vacuole membrane [GO:0000329]; Golgi apparatus [GO:0005794]; membrane [GO:0016020]
Q12428	PRPD_YEAST	PDH1 YPR002W LPZ2W YP9723.02	516	cytoplasm [GO:0005737]; mitochondrial outer membrane [GO:0005741]; mitochondrion [GO:0005739]
Q12436	ZRT2_YEAST	ZRT2 YLR130C L3120 L9606.9	422	endoplasmic reticulum [GO:0005783]; plasma membrane [GO:0005886]
Q12439	YO21A_YEAST	TY2A-OR1 YORCTy2-1 GAG YOR192C-A O4787	438	cytoplasm [GO:0005737]
Q12441	YD12A_YEAST	TY1A-DR3 YDRCTy1-2 GAG YDR210C-C YD8142B.02c	440	cytoplasm [GO:0005737]
Q12454	OCA6_YEAST	OCA6 YDR067C D4264	224	cytoplasm [GO:0005737]
Q12470	YN12A_YEAST	TY1A-NL2 YNLWTy1-2 GAG YNL054W-A N2447	440	cytoplasm [GO:0005737]
Q12480	ETFA_YEAST	AIM45 YPR004C LPZ4C YP9723.04C	344	mitochondrial matrix [GO:0005759]; mitochondrion [GO:0005739]
Q12485	YG12A_YEAST	TY1A-GR2 YGRCTy1-2 GAG YGR038C-A G4128	440	cytoplasm [GO:0005737]
Q12489	YD012_YEAST	YDL012C D2880	107	cell periphery [GO:0071944]; cellular bud [GO:0005933]; plasma membrane [GO:0005886]
Q12500	AVL9_YEAST	AVL9 YLR114C L2941	764	cellular bud neck [GO:0005935]; cellular bud tip [GO:0005934]; cytoplasm [GO:0005737]
Q12504	RKM4_YEAST	RKM4 RMS1 SET7 YDR257C YD9320A.07C	494	nucleus [GO:0005634]
Q12512	ZPS1_YEAST	ZPS1 YOL154W AOB249	249	cell periphery [GO:0071944]; cell surface [GO:0009986]; extracellular region [GO:0005576]; fungal-type cell wall [GO:0009277]; fungal-type vacuole [GO:0000324]
Q12515	PAR32_YEAST	PAR32 YDL173W	295	cytoplasm [GO:0005737]
Q12516	SRF1_YEAST	SRF1 YDL133W D2185	437	cell periphery [GO:0071944]; fungal-type vacuole [GO:0000324]; membrane [GO:0016020]
Q12672	RL21B_YEAST	RPL21B YPL079W LPF6W	160	cytosol [GO:0005829]; cytosolic large ribosomal subunit [GO:0022625]
Q12690	RL13A_YEAST	RPL13A YDL082W	199	cytosol [GO:0005829]; cytosolic large ribosomal subunit [GO:0022625]
Q2V2P8	CENPW_YEAST	WIP1 YDR374W-A	89	kinetochore [GO:0000776]; nucleus [GO:0005634]
Q2V2Q1	ADF1_YEAST	ADF1 YCL058W-A	113	nucleus [GO:0005634]
Q3E6R5	YD381_YEAST	YDR381C-A	114	mitochondrial inner membrane [GO:0005743]; mitochondrial outer membrane [GO:0005741]; mitochondrion [GO:0005739]
Q3E752	SPO24_YEAST	SPO24 YPR036W-A	67	prospore membrane [GO:0005628]
Q3E764	TMA7_YEAST	TMA7 YLR262C-A	64	cytoplasm [GO:0005737]; nucleus [GO:0005634]
Q3E7X8	YE077_YEAST	YEL077C	1277	cytoplasm [GO:0005737]
Q3E824	YO020_YEAST	YOR020W-A	90	mitochondrial membrane [GO:0031966]; mitochondrion [GO:0005739]; proton-transporting ATP synthase complex [GO:0045259]
Q3E828	EMR1_YEAST	MCO6 YJL127C-B	52	mitochondrial outer membrane [GO:0005741]; mitochondrion [GO:0005739]; SAM complex [GO:0001401]
Q3E830	EGO2_YEAST	EGO2 YCR075W-A	75	fungal-type vacuole membrane [GO:0000329]; Ragulator complex [GO:0071986]
Q6Q546	HUB1_YEAST	HUB1 YNR032C-A	73	cytoplasm [GO:0005737]; nucleus [GO:0005634]
Q6Q5H1	YP14A_YEAST	TY1A-PR3 YPRCTy1-4 GAG YPR158C-C P9584.3	440	cytoplasm [GO:0005737]
Q6Q5K6	HUG1_YEAST	HUG1 YML058W-A	68	cytoplasm [GO:0005737]; nucleus [GO:0005634]
Q6Q5X2	CTPP3_YEAST	CPP3 YDR034W-B	51	cell periphery [GO:0071944]; plasma membrane [GO:0005886]; vacuolar membrane [GO:0005774]
Q7LHD1	CCW22_YEAST	CCW22 YDR134C YD9302.09C/YD9302.10C	136	fungal-type cell wall [GO:0009277]; side of membrane [GO:0098552]
Q86ZR7	YKD3A_YEAST	YKL033W-A	236	
Q8TGJ3	KISH_YEAST	KSH1 YNL024C-A	72	endoplasmic reticulum membrane [GO:0005789]; Golgi apparatus [GO:0005794]; Golgi membrane [GO:0000139]
Q8TGM6	TAR1_YEAST	TAR1 ART1 YLR154W-C YLR154W-A	124	mitochondrion [GO:0005739]
Q8TGN9	NAG1_YEAST	NAG1 YGR031C-A	163	cell periphery [GO:0071944]; plasma membrane [GO:0005886]
Q92392	YO11A_YEAST	TY1A-OL YOLWTy1-1 GAG YOL103W-A HRA440	440	cytoplasm [GO:0005737]
Q99208	YL066_YEAST	YLL066C L0519 L0532	1374	cytoplasm [GO:0005737]
Q99252	ECM3_YEAST	ECM3 YOR092W YOR3165W	613	cytoplasm [GO:0005737]; endoplasmic reticulum [GO:0005783]; endoplasmic reticulum membrane [GO:0005789]
Q99303	YD23A_YEAST	TY2A-DR3 YDRWTy2-3 GAG YDR261W-A YD9320A.13	438	cytoplasm [GO:0005737]
Q99369	FSH3_YEAST	FSH3 YOR280C	266	cytoplasm [GO:0005737]; nucleus [GO:0005634]; peroxisome [GO:0005777]
Q99373	PET20_YEAST	PET20 YPL159C P2567	253	mitochondrion [GO:0005739]
A0A023PXB5	IRC2_YEAST	IRC2 YDR112W	102	membrane [GO:0016020]
A0A023PXH9	YD149_YEAST	YDR149C	235	membrane [GO:0016020]
A0A023PZE6	YD048_YEAST	YDR048C	104	membrane [GO:0016020]
A0A023PZI1	OPI11_YEAST	OPI11 YPR044C	117	
A0A023PZL7	YM294_YEAST	YMR294W-A	119	
A5Z2X5	YP010_YEAST	YPR010C-A	72	cytosol [GO:0005829]; mitochondrial inner membrane [GO:0005743]
D6VPM8	YAJ3_YEAST	DFP1 YAR023C	179	membrane [GO:0016020]
O13511	YA065_YEAST	YAL065C	128	membrane [GO:0016020]
O13512	YA64B_YEAST	YAL064W-B	126	endoplasmic reticulum [GO:0005783]; membrane [GO:0016020]
O13529	ECM12_YEAST	ECM12 YHR021W-A	151	membrane [GO:0016020]
O13543	YL294_YEAST	YLR294C L8003.19A	109	membrane [GO:0016020]
O13548	YP099_YEAST	YPR099C P8283.13A	118	mitochondrion [GO:0005739]
O13549	VPS63_YEAST	VPS63 YLR261C	108	
O13550	YL269_YEAST	YLR269C	116	membrane [GO:0016020]
O13554	VPS65_YEAST	VPS65 YLR322W	104	membrane [GO:0016020]
O13566	YP123_YEAST	YPR123C P9642.4B	144	membrane [GO:0016020]
O13584	VPS69_YEAST	VPS69 YPR087W	106	membrane [GO:0016020]
O13585	YP089_YEAST	YPR089W YPR090W	888	Golgi apparatus [GO:0005794]
O13587	YP096_YEAST	YPR096C P9513.17C	100	
O42831	YA075_YEAST	YAR075W	157	
O43137	YB085_YEAST	YBR085C-A	85	cytoplasm [GO:0005737]; nucleus [GO:0005634]
O94084	OPI9_YEAST	OPI9 YLR338W	285	membrane [GO:0016020]
O94143	BUD19_YEAST	BUD19 YJL188C	102	
P03881	YMRF1_YEAST	Q0255	472	mitochondrion [GO:0005739]
P08521	AAP_YEAST	YOR302W	25	cytosol [GO:0005829]
P08593	MSS18_YEAST	MSS18 YPR134W P9659.8	268	mitochondrion [GO:0005739]
P09937	SPS4_YEAST	SPS4 YOR313C O6120	338	lipid droplet [GO:0005811]
P0C261	YM057_YEAST	YML057C-A YML058C-A	129	membrane [GO:0016020]
P0C289	YD34A_YEAST	YDR034C-A	58	cytosol [GO:0005829]; membrane [GO:0016020]
P0C2J2	YG21A_YEAST	TY2A-GR1 YGRCTy2-1 GAG YGR038C-E G4141	438	cytoplasm [GO:0005737]
P0C5B8	YH050_YEAST	YHL050W-A	160	membrane [GO:0016020]
P0CD97	YR039_YEAST	YER039C-A	72	cytosol [GO:0005829]; membrane [GO:0016020]
P0CD98	YLL53_YEAST	YLL053C L0587	152	plasma membrane [GO:0005886]
P0CE69	YK104_YEAST	YKR104W	306	membrane [GO:0016020]
P0CE85	PAU19_YEAST	PAU19 YMR325W YM9924.17	124	fungal-type cell wall [GO:0009277]
P0CE86	PAU21_YEAST	PAU21 YOR394W	164	cytosol [GO:0005829]; fungal-type cell wall [GO:0009277]
P0CE87	PAU22_YEAST	PAU22 YPL282C	164	fungal-type cell wall [GO:0009277]; fungal-type vacuole [GO:0000324]
P0CE88	PAU1_YEAST	PAU1 YJL223C HRD120 J0208	120	fungal-type cell wall [GO:0009277]; fungal-type vacuole [GO:0000324]
P0CE89	PAU14_YEAST	PAU14 YIL176C	120	fungal-type cell wall [GO:0009277]
P0CE90	PAU6_YEAST	PAU6 YNR076W N3825	120	fungal-type cell wall [GO:0009277]; fungal-type vacuole [GO:0000324]
P0CE91	PAU18_YEAST	PAU18 YLL064C L0543	120	fungal-type cell wall [GO:0009277]
P0CE92	PAU8_YEAST	PAU8 YAL068C	120	fungal-type cell wall [GO:0009277]
P0CE93	PAU11_YEAST	PAU11 YGL261C NRF120	120	fungal-type cell wall [GO:0009277]
P0CF18	YM085_YEAST	YMR085W	432	
P0CF19	YO162_YEAST	YOL162W O0235	215	endoplasmic reticulum [GO:0005783]; membrane [GO:0016020]
P0CF20	YO163_YEAST	YOL163W O0230	169	membrane [GO:0016020]
P0CF21	YI168_YEAST	YIL168W YI9402.08A	127	cytoplasm [GO:0005737]
P0CF22	YI167_YEAST	SDL1 SDH1 YIL167W YI9402.08B	210	cytoplasm [GO:0005737]
P0CF34	YL016_YEAST	SDC25 SCD25 YLL016W L1309	1048	
P0CF35	FDH2_YEAST	FDH2 YPL275W P0326	236	
P0CF36	YP276_YEAST	YPL276W P0323	145	
P0CL27	YER90_YEAST	YER190C-A	191	membrane [GO:0016020]
P0CL28	YGR96_YEAST	YGR296C-A	191	membrane [GO:0016020]
P0CL29	YML33_YEAST	YML133W-A	191	membrane [GO:0016020]
P0CL30	YNL39_YEAST	YNL339W-A	191	membrane [GO:0016020]
P0CL31	YPL83_YEAST	YPL283W-A	191	membrane [GO:0016020]
P0CL34	YH219_YEAST	YHR219C-A	160	membrane [GO:0016020]
P0CL35	YML3B_YEAST	YML133W-B	160	membrane [GO:0016020]
P0CL36	YNL33_YEAST	YNL339W-B	160	membrane [GO:0016020]
P0CL37	YD545_YEAST	YDR545C-A	159	membrane [GO:0016020]
P0CL38	YL66C_YEAST	YLR466C-A	160	membrane [GO:0016020]
P0CL39	YL67C_YEAST	YLR467C-A	160	membrane [GO:0016020]
P0CL40	YOR96_YEAST	YOR396C-A	160	membrane [GO:0016020]
P0CL41	YJ255_YEAST	YIL177W-A	160	membrane [GO:0016020]
P0CL42	YI177_YEAST	YJL225W-A	160	membrane [GO:0016020]
P0CT86	YJ107_YEAST	YJR107C-A	78	
P0CX12	COS2_YEAST	COS2 YBR302C YBR2121	379	endosome [GO:0005768]; fungal-type vacuole [GO:0000324]; membrane [GO:0016020]
P0CX18	YA066_YEAST	YAR066W	203	plasma membrane [GO:0005886]; side of membrane [GO:0098552]
P0CX19	YH214_YEAST	YHR214W	203	plasma membrane [GO:0005886]; side of membrane [GO:0098552]
P0CX99	YFG8_YEAST	YFL068W	160	cytosol [GO:0005829]; membrane [GO:0016020]
P0CY13	HMRA2_YEAST	HMRA2 YCR096C YCR96C	119	nucleus [GO:0005634]
P10356	YEY2_YEAST	YER152C	443	cytoplasm [GO:0005737]; nucleus [GO:0005634]
P22580	AMDY_YEAST	AMD2 AMDY AMDY1 YDR242W YD8419.09	549	
P23060	MAK32_YEAST	MAK32 YCR019W YCR19W	363	
P23493	MBR1_YEAST	MBR1 YKL093W YKL440	339	mitochondrion [GO:0005739]
P25355	ATX10_YEAST	CTR86 YCR054C YCR54C	563	cytoplasm [GO:0005737]; cytosol [GO:0005829]; nucleus [GO:0005634]
P25362	PET18_YEAST	PET18 HIT2 YCR020C YCR20C	215	cytosol [GO:0005829]
P25370	GFD2_YEAST	GFD2 YCL036W YCL187 YCL36W	566	
P25565	YCA2_YEAST	YCL002C YCL2C	263	cytosol [GO:0005829]; membrane [GO:0016020]; nucleus [GO:0005634]
P25606	YCZ0_YEAST	YCR100C	316	membrane [GO:0016020]
P25607	YCZ1_YEAST	YCR101C	182	fungal-type vacuole [GO:0000324]; membrane [GO:0016020]
P25608	YCZ2_YEAST	YCR102C	368	
P25610	PAU3_YEAST	PAU3 YCR104W	124	fungal-type cell wall [GO:0009277]; membrane [GO:0016020]
P25612	AAD3_YEAST	AAD3 YCR107W	363	
P25616	CTO1_YEAST	CTO1 YCR015C YCR15C	317	
P25631	YCU1_YEAST	YCR051W YCR51W	222	cytoplasm [GO:0005737]; nucleus [GO:0005634]
P25639	YCV1_YEAST	YCR061W YCR062W YCR61W YCR62W YCR904	631	cytoplasm [GO:0005737]; membrane [GO:0016020]
P25654	YCY0_YEAST	YCR090C YCR1104 YCR90C	182	cytoplasm [GO:0005737]; nucleus [GO:0005634]
P28626	YIM2_YEAST	YIM2 YMR151W YM9375.21	145	membrane [GO:0016020]
P29589	AHT1_YEAST	AHT1 YHR093W	182	
P32047	MLF3_YEAST	MLF3 YMK1 YNL074C N2359	452	cytoplasm [GO:0005737]; cytosol [GO:0005829]
P32330	DGR2_YEAST	DGR2 YKL121W YKL525	852	
P32385	RNP1_YEAST	RNP1 YLL046C	249	cytoplasm [GO:0005737]; nucleus [GO:0005634]; ribonucleoprotein complex [GO:1990904]
P32450	AUA1_YEAST	AUA1 YFL010W-A YFL010BW	94	
P32460	DCG1_YEAST	DCG1 YIR030C	244	
P32488	ISF1_YEAST	ISF1 MBR3 YMR081C YM9582.06C	338	
P32564	SCM4_YEAST	SCM4 YGR049W	187	mitochondrial outer membrane [GO:0005741]; mitochondrion [GO:0005739]
P32612	PAU2_YEAST	PAU2 YEL049W SYGP-ORF12	120	fungal-type cell wall [GO:0009277]; membrane [GO:0016020]
P32618	YEF3_YEAST	YEL043W SYGP-ORF14	956	cell periphery [GO:0071944]; endoplasmic reticulum [GO:0005783]
P32633	MTC7_YEAST	MTC7 YEL033W SYGP-ORF22	139	cytosol [GO:0005829]; membrane [GO:0016020]
P32792	YHH7_YEAST	YSC83 YHR017W	385	mitochondrial outer membrane [GO:0005741]; mitochondrion [GO:0005739]
P33324	YKJ1_YEAST	YKL091C	310	nucleus [GO:0005634]
P34224	YBF9_YEAST	YBL059W YBL0508 YBL0516	193	mitochondrial membrane [GO:0031966]; mitochondrion [GO:0005739]
P34246	MTC2_YEAST	MTC2 YKL098W YKL448	357	
P34251	YKK7_YEAST	YKL107W YKL462	309	endoplasmic reticulum [GO:0005783]; membrane [GO:0016020]
P35198	MTH1_YEAST	MTH1 YDR277C D9954.12	433	
P35736	YKF0_YEAST	YKL050C YKL263 YKL301	922	peroxisome [GO:0005777]
P35994	PAU16_YEAST	PAU16 YKL224C	123	fungal-type cell wall [GO:0009277]; fungal-type vacuole [GO:0000324]
P35995	YKW2_YEAST	YKL222C	705	mitotic spindle [GO:0072686]; nucleus [GO:0005634]
P36025	YO062_YEAST	YOR062C YOR29-13	268	cytoplasm [GO:0005737]; nucleus [GO:0005634]; vacuole [GO:0005773]
P36034	COS9_YEAST	COS9 YKL219W	407	endosome [GO:0005768]; membrane [GO:0016020]
P36052	NDUF7_YEAST	YKL162C YKL616	402	mitochondrion [GO:0005739]
P36066	MGR3L_YEAST	YKL133C	463	i-AAA complex [GO:0031942]; mitochondrion [GO:0005739]
P36082	PSY1_YEAST	PSY1 YKL076C	127	
P36085	STB6_YEAST	STB6 YKL072W YKL352	766	Sin3-type complex [GO:0070822]
P36086	YKH1_YEAST	YKL071W	256	cytoplasm [GO:0005737]
P36103	YKC3_YEAST	YKL023W	277	cytoplasm [GO:0005737]
P36114	YKR18_YEAST	YKR018C	725	cytoplasm [GO:0005737]; nucleus [GO:0005634]
P36129	OPI8_YEAST	OPI8 YKR035C	213	
P36134	YK21_YEAST	YKR041W	250	cytoplasm [GO:0005737]; mitotic spindle [GO:0072686]; nucleus [GO:0005634]
P36138	YK25_YEAST	YKR045C	183	cytoplasm [GO:0005737]
P36151	YK50_YEAST	YKR070W	352	mitochondrion [GO:0005739]
P36154	AIM29_YEAST	AIM29 YKR074W	155	cytoplasm [GO:0005737]
P36155	YK55_YEAST	YKR075C	307	cytoplasm [GO:0005737]; nucleus [GO:0005634]; vacuole [GO:0005773]
P37265	YCR41_YEAST	YCR041W YCR41W	110	membrane [GO:0016020]
P37293	NAT2_YEAST	NAT2 YGR147C G6630	288	mitochondrion [GO:0005739]
P38083	YBR3_YEAST	YBR063C YBR0610	404	mitochondrial outer membrane [GO:0005741]; nuclear envelope [GO:0005635]; organelle membrane contact site [GO:0044232]
P38150	YB9Z_YEAST	YBR284W YBR2021	797	cytosol [GO:0005829]; membrane [GO:0016020]
P38155	PAU24_YEAST	PAU24 DAN3 YBR301W YBR2120A	120	fungal-type cell wall [GO:0009277]
P38168	YBK0_YEAST	YBL100C YBL0826	104	endoplasmic reticulum membrane [GO:0005789]
P38177	YBI6_YEAST	YBL086C YBL0714	466	
P38189	YBG2_YEAST	YBL062W YBL0505	126	membrane [GO:0016020]
P38190	YBF3_YEAST	YBL053W YBL0514	124	membrane [GO:0016020]
P38192	RRT1_YEAST	RRT1 YBL048W YBL0519	103	membrane [GO:0016020]
P38195	ECM13_YEAST	ECM13 YBL043W YBL0405	257	
P38202	YBC8_YEAST	YBL028C YBL0423	106	nucleolus [GO:0005730]; nucleus [GO:0005634]; preribosome, large subunit precursor [GO:0030687]
P38213	DSF2_YEAST	DSF2 YBR007C YBR0113	736	cell division site [GO:0032153]; cellular bud tip [GO:0005934]
P38231	FMP23_YEAST	FMP23 YBR047W YBR0422	175	mitochondrion [GO:0005739]
P38235	YBQ3_YEAST	YBR053C YBR0506	358	
P38239	YBR2_YEAST	YBR062C YBR0528	180	cytoplasm [GO:0005737]
P38240	YBR4_YEAST	YBR064W YBR0612	142	membrane [GO:0016020]
P38243	YBS1_YEAST	YBR071W YBR0712	211	cellular bud neck [GO:0005935]; cytoplasm [GO:0005737]
P38246	ECM8_YEAST	ECM8 YBR076W YBR0722	354	
P38253	YBU0_YEAST	YBR090C YBR0811B	122	cytoplasm [GO:0005737]; membrane [GO:0016020]; nucleus [GO:0005634]
P38256	YBU6_YEAST	YBR096W YBR0824	230	endoplasmic reticulum [GO:0005783]
P38267	YBW3_YEAST	YBR113W YBR0908E	160	membrane [GO:0016020]
P38268	YBW6_YEAST	YBR116C YBR0911	175	membrane [GO:0016020]
P38277	YBY8_YEAST	YBR138C YBR1014	524	cytoplasm [GO:0005737]
P38280	YSW1_YEAST	YSW1 YBR148W YBR1125	609	prospore membrane [GO:0005628]; septin complex [GO:0031105]
P38284	ICS2_YEAST	ICS2 YBR157C YBR1207	255	
P38290	UBS1_YEAST	UBS1 YBR165W YBR1217	277	nucleus [GO:0005634]
P38292	PEX32_YEAST	PEX32 YBR168W YBR1220	413	peroxisomal membrane [GO:0005778]
P38306	YB47_YEAST	YBR197C YBR1409	217	cytoplasm [GO:0005737]; nucleus [GO:0005634]
P38308	CS111_YEAST	COS111 YBR203W YBR1443	924	mitochondrion [GO:0005739]
P38318	YB70_YEAST	YBR220C YBR1510	560	membrane [GO:0016020]
P38320	YB74_YEAST	YBR224W YBR1521	171	membrane [GO:0016020]
P38321	YB75_YEAST	YBR225W YBR1522	900	
P38346	BIT2_YEAST	BIT2 YBR270C YBR1738	545	TORC2 complex [GO:0031932]
P38354	YB8A_YEAST	YBR285W YBR2023	144	autophagosome [GO:0005776]
P38355	YB8B_YEAST	YBR287W YBR2034	427	endoplasmic reticulum [GO:0005783]; membrane [GO:0016020]
P38430	YM8C_YEAST	YMR262W YM8156.04	313	
P38690	YHJ3_YEAST	YHR033W	423	cytoplasm [GO:0005737]; cytosol [GO:0005829]
P38709	UGPA2_YEAST	YHL012W	493	cytoplasm [GO:0005737]
P38716	YHR2_YEAST	YHR112C	378	cytoplasm [GO:0005737]; nucleus [GO:0005634]
P38721	YHF0_YEAST	YHL050C	697	cytoplasm [GO:0005737]; membrane [GO:0016020]
P38723	COS8_YEAST	COS8 YHL048W	381	fungal-type vacuole [GO:0000324]; membrane [GO:0016020]; nuclear envelope [GO:0005635]
P38725	PAU13_YEAST	PAU13 YHL046C	120	fungal-type cell wall [GO:0009277]
P38726	YHE5_YEAST	YHL045W	115	membrane [GO:0016020]; peroxisome [GO:0005777]
P38728	ECM34_YEAST	ECM34 YHL043W	170	cytosol [GO:0005829]; membrane [GO:0016020]
P38740	YHC6_YEAST	YHL026C	315	cell periphery [GO:0071944]; membrane [GO:0016020]
P38747	OTU2_YEAST	OTU2 YHL013C	307	cytoplasm [GO:0005737]
P38763	YHI2_YEAST	YHR022C	256	endomembrane system [GO:0012505]
P38775	YHK5_YEAST	YHR045W	560	endoplasmic reticulum [GO:0005783]; membrane [GO:0016020]
P38832	ANS1_YEAST	ANS1 YHR126C	159	fungal-type vacuole [GO:0000324]; plasma membrane [GO:0005886]; side of membrane [GO:0098552]
P38833	YHS7_YEAST	YHR127W	243	nucleus [GO:0005634]
P38835	YHT1_YEAST	YHR131C	850	cytoplasm [GO:0005737]; cytosol [GO:0005829]
P38841	YHT8_YEAST	YHR138C	114	
P38867	YHX7_YEAST	YHR177W	453	nucleus [GO:0005634]
P38868	YHY0_YEAST	YHR180W	163	membrane [GO:0016020]
P38893	YH10_YEAST	YHR210C	341	
P39529	YJU6_YEAST	YJL206C J0316	758	nucleus [GO:0005634]
P39542	YJT3_YEAST	YJL193W J0349	402	endoplasmic reticulum [GO:0005783]; Golgi apparatus [GO:0005794]; membrane [GO:0016020]
P39549	YAJ9_YEAST	DFP2 YAR029W FUN57	74	cytoplasm [GO:0005737]; membrane [GO:0016020]
P39557	YAL7_YEAST	YAR047C	106	membrane [GO:0016020]
P39721	AIM2_YEAST	AIM2 YAL049C	246	cytoplasm [GO:0005737]
P39931	SS120_YEAST	SSP120 YLR250W L9672.4	234	cytoplasm [GO:0005737]; endoplasmic reticulum-Golgi intermediate compartment [GO:0005793]; fungal-type vacuole [GO:0000324]
P39945	AST2_YEAST	AST2 YER101C	430	cytoplasm [GO:0005737]
P39975	RMD6_YEAST	RMD6 YEL072W	231	peroxisome [GO:0005777]
P39991	YEC5_YEAST	YEL025C	1188	cytoplasm [GO:0005737]; membrane [GO:0016020]; nucleus [GO:0005634]
P40008	FMP52_YEAST	FMP52 YER004W	231	cytoplasm [GO:0005737]; endoplasmic reticulum [GO:0005783]; mitochondrial outer membrane [GO:0005741]; mitochondrion [GO:0005739]
P40022	YEM4_YEAST	YER034W	185	cytoplasm [GO:0005737]; nucleus [GO:0005634]
P40042	RRT13_YEAST	RRT13 YER066W	185	
P40049	YEQ6_YEAST	YER076C	302	endoplasmic reticulum [GO:0005783]; mitochondrion [GO:0005739]
P40052	YEQ9_YEAST	YER079W	210	cytoplasm [GO:0005737]; nucleus [GO:0005634]
P40053	AIM9_YEAST	AIM9 FMP29 YER080W	627	mitochondrion [GO:0005739]
P40057	YER4_YEAST	YER084W	128	cytoplasm [GO:0005737]; nucleus [GO:0005634]
P40076	YEV1_YEAST	YER121W	114	
P40093	YEY6_YEAST	YER156C	338	chromatin [GO:0000785]; cytoplasm [GO:0005737]; nucleus [GO:0005634]
P40097	YE11_YEAST	YER181C	107	mitochondrial membrane [GO:0031966]; mitochondrion [GO:0005739]
P40098	FMP10_YEAST	FMP10 YER182W	244	mitochondrial membrane [GO:0031966]; mitochondrion [GO:0005739]
P40157	VID27_YEAST	VID27 YNL212W N1327	782	cytoplasm [GO:0005737]; nucleus [GO:0005634]
P40159	YNU8_YEAST	YNL208W N1338	199	mitochondrion [GO:0005739]; outer membrane [GO:0019867]
P40168	YNT5_YEAST	YNL195C N1390	261	mitochondrion [GO:0005739]
P40206	JLP2_YEAST	JLP2 YMR132C YM9375.01C	208	cytoplasm [GO:0005737]
P40209	GAT2_YEAST	GAT2 YMR136W YM9375.05	560	nucleus [GO:0005634]
P40326	YG5N_YEAST	YGR269W	108	cytoplasm [GO:0005737]; nucleus [GO:0005634]
P40364	MPM1_YEAST	MPM1 YJL066C HRE252 J1111	252	mitochondrial intermembrane space [GO:0005758]; mitochondrial membrane [GO:0031966]; mitochondrion [GO:0005739]
P40441	HXT12_YEAST	HXT12 YIL170W YI9402.06B	457	membrane [GO:0016020]
P40446	YIQ5_YEAST	YIL165C YI9402.10AC	119	
P40447	NIT1_YEAST	NIT1 YIL164C YI9402.10BC	199	
P40449	YIQ1_YEAST	YIL161W	235	cytoplasm [GO:0005737]
P40455	YIP2_YEAST	YIL152W	235	
P40456	ESL1_YEAST	ESL1 YIL151C	1118	telomerase holoenzyme complex [GO:0005697]
P40470	RRT14_YEAST	RRT14 YIL127C	206	nucleolus [GO:0005730]
P40476	PRM5_YEAST	PRM5 YIL117C	318	cellular bud neck [GO:0005935]; fungal-type vacuole [GO:0000324]; membrane [GO:0016020]
P40497	YIJ2_YEAST	YIL092W	633	cytoplasm [GO:0005737]; membrane [GO:0016020]; nucleus [GO:0005634]
P40500	YII9_YEAST	YIL089W	205	endoplasmic reticulum [GO:0005783]; fungal-type vacuole [GO:0000324]; fungal-type vacuole lumen [GO:0000328]; membrane [GO:0016020]; peroxisome [GO:0005777]
P40502	AIM19_YEAST	AIM19 YIL087C	157	mitochondrial membrane [GO:0031966]; mitochondrion [GO:0005739]
P40508	PUP1_YEAST	YIL077C	320	mitochondrial membrane [GO:0031966]; mitochondrion [GO:0005739]
P40514	YIG7_YEAST	YIL067C	678	fungal-type vacuole [GO:0000324]; vacuolar membrane [GO:0005774]
P40520	YIF9_YEAST	YIL059C	121	
P40521	YIF8_YEAST	YIL058W	94	
P40524	YIF4_YEAST	YIL054W	105	membrane [GO:0016020]
P40534	PRM2_YEAST	PRM2 YIL037C	656	membrane [GO:0016020]
P40560	YIA1_YEAST	YIL001W YIA1W	513	cytoplasm [GO:0005737]; ubiquitin ligase complex [GO:0000151]
P40569	GAT4_YEAST	GAT4 YIR013C	121	nucleus [GO:0005634]
P40585	PAU15_YEAST	PAU15 YIR041W	124	fungal-type cell wall [GO:0009277]; fungal-type vacuole [GO:0000324]
P40892	YJV8_YEAST	YJL218W HRA196 J0224	196	mitochondrion [GO:0005739]
P40893	REE1_YEAST	REE1 YJL217W HRC198 J0226	198	cytoplasm [GO:0005737]
P40962	RTS2_YEAST	RTS2 YOR077W YOR29-28	232	cytoplasm [GO:0005737]; nucleus [GO:0005634]
P41902	CRS5_YEAST	CRS5 YOR031W O2675	69	
P42840	YN60_YEAST	YNL320W N0342	284	fungal-type vacuole [GO:0000324]; membrane [GO:0016020]; mitochondrial membrane [GO:0031966]; mitochondrion [GO:0005739]
P42884	AAD14_YEAST	AAD14 YNL331C N0300	376	
P42936	YG4D_YEAST	YGR201C G7727	225	cytoplasm [GO:0005737]; nucleus [GO:0005634]
P42942	YG4I_YEAST	YGR210C G7748	411	cytoplasm [GO:0005737]
P42946	PRM10_YEAST	PRM10 YJL108C J0811	383	endoplasmic reticulum [GO:0005783]; membrane [GO:0016020]
P42947	YJK7_YEAST	YJL107C J0813	387	
P43537	YFG7_YEAST	YFL067W	175	membrane [GO:0016020]
P43538	YFG6_YEAST	YFL066C	392	nucleus [GO:0005634]
P43542	COS4_YEAST	COS4 YFL062W	379	cytoplasm [GO:0005737]; endosome [GO:0005768]; fungal-type vacuole [GO:0000324]; fungal-type vacuole membrane [GO:0000329]; nucleus [GO:0005634]
P43546	YFL57_YEAST	YFL057C	152	
P43547	AAD6_YEAST	AAD6 YFL056C	212	
P43552	YFF1_YEAST	YFL051C	160	cell periphery [GO:0071944]; plasma membrane [GO:0005886]
P43575	PAU5_YEAST	PAU5 YFL020C	122	cytoplasm [GO:0005737]; fungal-type cell wall [GO:0009277]; fungal-type vacuole [GO:0000324]; membrane [GO:0016020]
P43590	YFH6_YEAST	YFR006W	535	cytoplasm [GO:0005737]; membrane [GO:0016020]
P43595	DCV1_YEAST	DCV1 YFR012W	202	cell division site [GO:0032153]; growing cell tip [GO:0035838]; nuclear envelope [GO:0005635]; plasma membrane [GO:0005886]
P43600	CSS2_YEAST	CSS2 YFR020W	232	endoplasmic reticulum [GO:0005783]; extracellular region [GO:0005576]
P43604	ULI1_YEAST	ULI1 YFR026C	169	endoplasmic reticulum [GO:0005783]
P43617	YFL5_YEAST	YFR045W	309	mitochondrial inner membrane [GO:0005743]; mitochondrion [GO:0005739]
P43624	YFM6_YEAST	YFR056C	122	membrane [GO:0016020]
P46679	STB2_YEAST	STB2 YMR053C YM9796.06C	850	Sin3-type complex [GO:0070822]
P46949	FYV8_YEAST	FYV8 YGR196C G7589	817	cytoplasm [GO:0005737]; nucleus [GO:0005634]
P46991	YJR5_YEAST	YJL175W J0502	170	membrane [GO:0016020]
P46996	YJQ3_YEAST	YJL163C J0544	555	fungal-type vacuole membrane [GO:0000329]; membrane [GO:0016020]
P46998	FMP33_YEAST	FMP33 YJL161W J0552	180	mitochondrial membrane [GO:0031966]; mitochondrion [GO:0005739]
P47010	IRC9_YEAST	IRC9 YJL142C J0650	130	membrane [GO:0016020]
P47014	YJN2_YEAST	YJL132W J0678	750	extracellular matrix [GO:0031012]; extracellular space [GO:0005615]; fungal-type vacuole [GO:0000324]; membrane [GO:0016020]
P47020	YJM0_YEAST	YJL120W J0734	107	membrane [GO:0016020]
P47023	YJ41A_YEAST	TY4A-J YJLWTy4-1 GAG YJL114W J0775	414	
P47034	ICS3_YEAST	ICS3 YJL077C J1033	131	membrane [GO:0016020]
P47036	APQ13_YEAST	APQ13 YJL075C J1044	138	
P47044	YJF5_YEAST	YJL055W J1148	245	cytoplasm [GO:0005737]; cytosol [GO:0005829]; nucleus [GO:0005634]
P47072	YJB6_YEAST	YJL016W J1320 J1326 YJL017W	561	cytoplasm [GO:0005737]
P47090	YJY5_YEAST	YJR015W J1448	510	cytoplasm [GO:0005737]; endoplasmic reticulum [GO:0005783]; endoplasmic reticulum membrane [GO:0005789]; membrane [GO:0016020]
P47094	YJZ3_YEAST	YJR023C J1470 YJR83.19	133	membrane [GO:0016020]
P47101	YJ00_YEAST	YJR030C J1575L	745	
P47115	YJ26_YEAST	YJR056C J1710	236	cytoplasm [GO:0005737]; nucleus [GO:0005634]
P47121	YJ41_YEAST	YJR071W J1818	122	
P47129	ACF4_YEAST	ACF4 YJR083C J1857	309	
P47131	YJ55_YEAST	YJR085C J1863	105	membrane [GO:0016020]; mitochondrion [GO:0005739]
P47139	YJ68_YEAST	YJR098C J1936	656	cytoplasm [GO:0005737]; mitochondrion [GO:0005739]
P47144	ECM27_YEAST	ECM27 YJR106W J1978	725	endoplasmic reticulum [GO:0005783]; membrane [GO:0016020]
P47145	LIH1_YEAST	LIH1 YJR107W J1983	328	
P47146	ABM1_YEAST	ABM1 YJR108W J1988	123	
P47157	YJ90_YEAST	YJR120W J2039	116	
P47159	YJ94_YEAST	YJR124C J2046	448	fungal-type vacuole membrane [GO:0000329]
P47173	YJ9J_YEAST	YJR142W J2171	342	
P47174	YJ9K_YEAST	YJR146W J2200	117	cytoplasm [GO:0005737]; nucleus [GO:0005634]
P47181	YJ9S_YEAST	YJR154W J2240	346	cytoplasm [GO:0005737]
P47182	AAD10_YEAST	AAD10 YJR155W J2245	288	
P48235	ECL1_YEAST	ECL1 YGR146C G6626	211	
P48569	YD183_YEAST	YDL183C D1293	320	mitochondrial inner membrane [GO:0005743]
P50084	BNS1_YEAST	BNS1 YGR230W G8558	137	
P50088	SPG1_YEAST	SPG1 YGR236C G8578	95	endoplasmic reticulum [GO:0005783]; mitochondrial membrane [GO:0031966]; mitochondrion [GO:0005739]
P50089	YG51_YEAST	YGR237C G8581	785	cytoplasm [GO:0005737]; eisosome [GO:0032126]
P50263	SIP18_YEAST	SIP18 YMR175W YM8010.05	79	cytoplasm [GO:0005737]
P50943	RRT16_YEAST	RRT16 YNL105W N2169	142	membrane [GO:0016020]
P53009	SCY1_YEAST	SCY1 YGL083W	804	cytosol [GO:0005829]; mitochondrial matrix [GO:0005759]
P53050	MGA1_YEAST	MGA1 YGR249W	456	chromatin [GO:0000785]; nucleus [GO:0005634]
P53053	COS12_YEAST	COS12 YGL263W NRC380	380	endosome [GO:0005768]; fungal-type vacuole [GO:0000324]; membrane [GO:0016020]
P53057	YPS5_YEAST	YPS5 YGL259W NRA165	165	
P53066	YGZ2_YEAST	YGL242C HRE181	181	cytoplasm [GO:0005737]
P53074	YGY0_YEAST	YGL230C	147	endoplasmic reticulum [GO:0005783]; membrane [GO:0016020]; mitochondrion [GO:0005739]
P53077	MTC3_YEAST	MTC3 YGL226W	123	mitochondrion [GO:0005739]; respiratory chain complex IV [GO:0045277]
P53078	SDT1_YEAST	SDT1 SSM1 YGL224C	280	
P53081	NIF3_YEAST	NIF3 YGL221C	288	cytoplasm [GO:0005737]; mitochondrion [GO:0005739]
P53087	YGW4_YEAST	YGL214W	161	membrane [GO:0016020]
P53089	YGV4_YEAST	YGL204C	101	endoplasmic reticulum [GO:0005783]; membrane [GO:0016020]
P53117	RRT6_YEAST	RRT6 YGL146C	311	cytosol [GO:0005829]; membrane [GO:0016020]
P53120	YGO0_YEAST	YGL140C	1219	endoplasmic reticulum [GO:0005783]; membrane [GO:0016020]
P53134	YGL4_YEAST	YGL114W	725	fungal-type vacuole membrane [GO:0000329]; membrane [GO:0016020]; plasma membrane [GO:0005886]
P53156	YGI1_YEAST	YGL081W	320	
P53171	GEP7_YEAST	GEP7 YGL057C	287	mitochondrial membrane [GO:0031966]; mitochondrion [GO:0005739]
P53194	BRP1_YEAST	BRP1 YGL007W	125	
P53209	YG1A_YEAST	YGR016W	190	endoplasmic reticulum [GO:0005783]; membrane [GO:0016020]
P53210	YG1B_YEAST	YGR017W	297	cytoplasm [GO:0005737]; nucleus [GO:0005634]
P53212	YG1D_YEAST	YGR021W	290	matrix side of mitochondrial inner membrane [GO:0099617]; mitochondrion [GO:0005739]
P53217	YG1I_YEAST	YGR026W	278	cell periphery [GO:0071944]; endoplasmic reticulum [GO:0005783]; plasma membrane [GO:0005886]
P53227	YG1T_YEAST	YGR042W	271	chromosome, telomeric region [GO:0000781]; cytoplasm [GO:0005737]; nucleus [GO:0005634]; site of double-strand break [GO:0035861]
P53249	YG2G_YEAST	YGR079W	370	
P53265	YG2W_YEAST	YGR111W G6145	400	cytoplasm [GO:0005737]; nucleus [GO:0005634]
P53272	YG34_YEAST	YGR122W G6335	402	cytoplasm [GO:0005737]; nucleus [GO:0005634]; plasma membrane [GO:0005886]
P53274	YG36_YEAST	YGR126W G6365	230	cytoplasm [GO:0005737]; nucleus [GO:0005634]
P53275	YG37_YEAST	YGR127W	312	Golgi apparatus [GO:0005794]; peroxisome [GO:0005777]
P53287	YG3N_YEAST	YGR151C	111	cytoplasm [GO:0005737]; nucleus [GO:0005634]
P53288	YG3R_YEAST	YGR160W G7004	203	membrane [GO:0016020]
P53293	YG3W_YEAST	YGR168C	376	peroxisomal membrane [GO:0005778]; peroxisome [GO:0005777]
P53326	YG5L_YEAST	YGR266W	701	membrane [GO:0016020]; mitochondrial outer membrane [GO:0005741]; mitochondrion [GO:0005739]; plasma membrane [GO:0005886]; prospore membrane [GO:0005628]
P53339	YG61_YEAST	YGR290W	147	membrane [GO:0016020]
P53343	PAU12_YEAST	PAU12 YGR294W	120	fungal-type cell wall [GO:0009277]; membrane [GO:0016020]
P53344	COS6_YEAST	COS6 YGR295C	381	endosome [GO:0005768]; fungal-type vacuole [GO:0000324]; membrane [GO:0016020]
P53427	PAU4_YEAST	PAU4 YLR461W L9122.1	120	fungal-type cell wall [GO:0009277]; fungal-type vacuole [GO:0000324]; membrane [GO:0016020]
P53583	MPA43_YEAST	MPA43 YNL249C N0875	542	cytoplasm [GO:0005737]; mitochondrion [GO:0005739]
P53584	YTP1_YEAST	YTP1 YNL237W N1129	459	membrane [GO:0016020]
P53719	YN87_YEAST	YNR014W N2060	212	cytoplasm [GO:0005737]
P53728	CYP8_YEAST	CPR8 YNR028W N3255	308	cytoplasm [GO:0005737]; endoplasmic reticulum [GO:0005783]; fungal-type vacuole [GO:0000324]
P53736	YN8O_YEAST	YNR040W N3407	256	mitochondrial inner membrane [GO:0005743]; mitochondrion [GO:0005739]
P53745	MNT4_YEAST	MNT4 YNR059W N3514	580	Golgi apparatus [GO:0005794]; membrane [GO:0016020]
P53747	YN8Z_YEAST	YNR061C N3523	219	cytoplasm [GO:0005737]; fungal-type vacuole [GO:0000324]; fungal-type vacuole membrane [GO:0000329]
P53748	YN91_YEAST	YNR062C N3527	327	endoplasmic reticulum [GO:0005783]; membrane [GO:0016020]
P53749	YN92_YEAST	YNR063W N3531	607	nucleus [GO:0005634]
P53750	YN93_YEAST	YNR064C N3535	290	
P53757	YN9A_YEAST	YNR071C N3605	342	
P53822	COS1_YEAST	COS1 YNL336W N0275	381	endosome [GO:0005768]; fungal-type vacuole [GO:0000324]; fungal-type vacuole membrane [GO:0000329]
P53841	BSC4_YEAST	BSC4 YNL269W N0670	131	
P53862	YNW8_YEAST	YNL228W N1249	258	membrane [GO:0016020]
P53869	MRX7_YEAST	MRX7 YNL211C N1328	86	mitochondrion [GO:0005739]
P53906	YNO6_YEAST	YNL146W N1203 N1785	100	endoplasmic reticulum [GO:0005783]; endoplasmic reticulum membrane [GO:0005789]
P53907	YNO4_YEAST	YNL144C N1205 N1790	740	cytoplasmic side of mitochondrial outer membrane [GO:0032473]; mitochondrion [GO:0005739]
P53908	YNO3_YEAST	YNL143C N1206 N1795	130	membrane [GO:0016020]
P53912	YNN4_YEAST	YNL134C N1214 N1847	376	cytoplasm [GO:0005737]; nucleus [GO:0005634]
P53925	YNL5_YEAST	YNL115C N1929	644	fungal-type vacuole [GO:0000324]; fungal-type vacuole membrane [GO:0000329]
P53928	YNK9_YEAST	YNL109W N1958	181	membrane [GO:0016020]
P53929	YNK8_YEAST	YNL108C N1962	270	cytoplasm [GO:0005737]; nucleus [GO:0005634]
P53932	YNJ5_YEAST	YNL095C N2215	642	endoplasmic reticulum [GO:0005783]; membrane [GO:0016020]
P53947	YNF8_YEAST	YNL058C N2433 YNL2433C	316	cellular bud neck [GO:0005935]; endoplasmic reticulum [GO:0005783]; fungal-type vacuole [GO:0000324]; vacuolar membrane [GO:0005774]
P53956	YNE6_YEAST	YNL046W N2530	172	endoplasmic reticulum [GO:0005783]; endoplasmic reticulum membrane [GO:0005789]; nucleus [GO:0005634]
P53962	YND5_YEAST	YNL035C N2730	389	cytosol [GO:0005829]; nucleus [GO:0005634]
P53964	YND3_YEAST	YNL033W N2743	284	plasma membrane [GO:0005886]
P53975	YNB9_YEAST	YNL019C N2827	284	fungal-type vacuole [GO:0000324]; plasma membrane [GO:0005886]; prospore membrane [GO:0005628]
P53976	YNB8_YEAST	YNL018C N2831	612	prospore membrane [GO:0005628]
P54072	YL152_YEAST	YLR152C L9634.9	576	membrane [GO:0016020]
P54858	DOS2_YEAST	DOS2 YDR068W D4267 YD8554.01 YD9609.22	310	cytoplasm [GO:0005737]
P85052	BUD25_YEAST	BUD25 YER014C-A	153	
P87267	YD417_YEAST	YDR417C	123	membrane [GO:0016020]
P87286	OPI7_YEAST	OPI7 YDR360W	144	
P9WEJ1	YN040_YEAST	YNL040C-A	26	
P9WEJ6	YG106_YEAST	YGR016C-A	35	endoplasmic reticulum membrane [GO:0005789]
Q01684	SPR6_YEAST	SPR6 YER115C	191	mitochondrion [GO:0005739]
Q02203	YKY5_YEAST	YKR005C YK104	525	membrane [GO:0016020]; mitochondrion [GO:0005739]
Q02209	YKZ1_YEAST	YKR011C YK110	353	nucleus [GO:0005634]
Q02651	SMA1_YEAST	SMA1 YPL027W	245	prospore membrane [GO:0005628]
Q02754	YP067_YEAST	YPL067C	198	cytoplasm [GO:0005737]
Q02781	YP062_YEAST	YPL062W LPE8	134	
Q02786	LCL1_YEAST	LCL1 YPL056C	101	plasma membrane [GO:0005886]; side of membrane [GO:0098552]
Q02799	LEE1_YEAST	LEE1 YPL054W	301	
Q02820	NCE1_YEAST	NCE101 NCE1 YJL205C YJL205BC YJL205C-A	53	cytosol [GO:0005829]; membrane [GO:0016020]
Q02864	YP071_YEAST	YPL071C	156	cytoplasm [GO:0005737]; nucleus [GO:0005634]
Q02872	YP108_YEAST	YPL108W	168	cytoplasm [GO:0005737]
Q02873	YP107_YEAST	YPL107W	248	mitochondrion [GO:0005739]
Q02895	AAD16_YEAST	AAD16 YPL088W	342	cytosol [GO:0005829]
Q03036	IRC4_YEAST	IRC4 YDR540C	179	cytoplasm [GO:0005737]; nucleus [GO:0005634]
Q03049	YD541_YEAST	YDR541C	344	
Q03050	PAU10_YEAST	PAU10 YDR542W	120	fungal-type cell wall [GO:0009277]; fungal-type vacuole [GO:0000324]
Q03102	YMN1_YEAST	YML131W YM4987.04	365	cytoplasm [GO:0005737]; cytosol [GO:0005829]; membrane [GO:0016020]
Q03177	YMZ2_YEAST	YMR102C YM6228.01C YM6543.09C YM9718.01C	834	
Q03187	YF013_YEAST	YFL013W-A	267	membrane [GO:0016020]
Q03193	YD090_YEAST	YDR090C	310	membrane [GO:0016020]; plasma membrane [GO:0005886]
Q03210	NGL3_YEAST	NGL3 YML118W YM7056.08 YM8339.01	505	
Q03233	ADD37_YEAST	ADD37 YMR184W YM8010.14	198	cytoplasm [GO:0005737]
Q03263	YM8M_YEAST	YMR279C YM8021.05C	540	cell periphery [GO:0071944]; membrane [GO:0016020]
Q03361	JIP4_YEAST	JIP4 YDR475C YDR474C	876	spliceosomal complex [GO:0005681]
Q03362	YD476_YEAST	YDR476C	224	endoplasmic reticulum [GO:0005783]
Q03508	YM8F_YEAST	YMR265C YM8156.07C	461	box C/D methylation guide snoRNP complex [GO:0031428]; nucleolus [GO:0005730]; small-subunit processome [GO:0032040]
Q03559	YM8V_YEAST	YMR295C	197	cell periphery [GO:0071944]; cellular bud [GO:0005933]; cellular bud neck [GO:0005935]; cellular bud tip [GO:0005934]; mating projection tip [GO:0043332]
Q03629	YMH9_YEAST	YML079W	201	cytoplasm [GO:0005737]; nucleus [GO:0005634]
Q03648	YM59_YEAST	YMR209C YM8261.03C	457	membrane [GO:0016020]
Q03653	EFR3_YEAST	EFR3 YMR212C YM8261.06C	782	cell periphery [GO:0071944]; mitochondrion [GO:0005739]; plasma membrane [GO:0005886]
Q03722	YMC0_YEAST	YML020W	664	nucleus-vacuole junction [GO:0071561]; vacuolar membrane [GO:0005774]
Q03730	YMB8_YEAST	YML018C	393	fungal-type vacuole membrane [GO:0000329]
Q03759	YMK8_YEAST	YML108W YM8339.11	105	cytoplasm [GO:0005737]; nucleus [GO:0005634]
Q03780	YD239_YEAST	YDR239C	787	cytoplasm [GO:0005737]
Q03783	BUD26_YEAST	BUD26 YDR241W	95	membrane [GO:0016020]
Q03795	YM30_YEAST	YMR155W YM8520.04	547	fungal-type vacuole [GO:0000324]; fungal-type vacuole membrane [GO:0000329]
Q03823	YM35_YEAST	YMR160W YM8520.09	816	fungal-type vacuole membrane [GO:0000329]; nucleus-vacuole junction [GO:0071561]; peroxisomal membrane [GO:0005778]; vacuole-mitochondrion membrane contact site [GO:1990816]
Q03900	YD132_YEAST	YDR132C	495	cytoplasm [GO:0005737]; mitochondrion [GO:0005739]; nucleus [GO:0005634]
Q03913	VPS61_YEAST	VPS61 YDR136C	190	membrane [GO:0016020]
Q03983	YD179_YEAST	YDR179W-A YD9395.13	463	nucleus-vacuole junction [GO:0071561]
Q04018	YM79_YEAST	YMR244W YM9408.06	355	fungal-type vacuole [GO:0000324]; membrane [GO:0016020]
Q04033	YD415_YEAST	YDR415C	374	fungal-type vacuole [GO:0000324]
Q04093	YD444_YEAST	YDR444W	687	cytoplasm [GO:0005737]
Q04100	YD445_YEAST	YDR445C	135	membrane [GO:0016020]
Q04162	YD387_YEAST	YDR387C	555	fungal-type vacuole membrane [GO:0000329]; membrane [GO:0016020]
Q04304	YMY0_YEAST	YMR090W YM9582.15	227	cytoplasm [GO:0005737]
Q04336	YM54_YEAST	YMR196W YM9646.09	1088	cytoplasm [GO:0005737]
Q04398	SPG3_YEAST	SPG3 YDR504C D9719.10	127	endoplasmic reticulum [GO:0005783]; membrane [GO:0016020]
Q04406	EMI1_YEAST	EMI1 YDR512C D9719.18	187	
Q04408	YD514_YEAST	YDR514C	483	mitochondrion [GO:0005739]; nucleus [GO:0005634]
Q04413	API2_YEAST	API2 YDR525W	109	
Q04438	SPG4_YEAST	SPG4 YMR107W YM9718.06	115	
Q04489	ASND1_YEAST	YML096W	525	cytoplasm [GO:0005737]
Q04608	YD124_YEAST	YDR124W	324	mitochondrion [GO:0005739]
Q04748	SOV1_YEAST	SOV1 YMR066W YM9916.05	898	mitochondrion [GO:0005739]
Q04773	YMW4_YEAST	YMR074C YM9916.13C	145	cytoplasm [GO:0005737]; cytosol [GO:0005829]; nucleus [GO:0005634]
Q04835	YM87_YEAST	YMR253C YM9920.07C	414	cytoplasm [GO:0005737]; membrane [GO:0016020]
Q04869	YM94_YEAST	YMR315W YM9924.07	349	cytoplasm [GO:0005737]; nucleus [GO:0005634]
Q04925	YDR22_YEAST	YDR222W	415	cytoplasm [GO:0005737]
Q04978	YMF3_YEAST	YML053C YM9958.09C	212	cytoplasm [GO:0005737]; nucleus [GO:0005634]
Q04991	FMP42_YEAST	FMP42 YMR221C YM9959.03C	504	fungal-type vacuole [GO:0000324]; fungal-type vacuole membrane [GO:0000329]; mitochondrion [GO:0005739]
Q05497	YD338_YEAST	YDR338C D9651.8	695	membrane [GO:0016020]
Q05611	BSC2_YEAST	BSC2 YDR275W	235	lipid droplet [GO:0005811]; membrane [GO:0016020]
Q05637	PHM6_YEAST	PHM6 YDR281C D9954.14	104	fungal-type vacuole [GO:0000324]; vacuolar membrane [GO:0005774]
Q05812	MSC3_YEAST	MSC3 YLR219W	728	plasma membrane [GO:0005886]
Q05854	YL278_YEAST	YLR278C L8003.10	1341	nucleus [GO:0005634]
Q05881	YL287_YEAST	YLR287C	355	cytoplasm [GO:0005737]; nucleus [GO:0005634]
Q05937	STP3_YEAST	STP3 YLR375W	343	nucleus [GO:0005634]
Q05948	YL225_YEAST	YLR225C	407	cytoplasm [GO:0005737]
Q06070	YL407_YEAST	YLR407W	228	cell cortex [GO:0005938]
Q06089	YP098_YEAST	YPR098C	161	mitochondrial outer membrane [GO:0005741]; mitochondrion [GO:0005739]
Q06139	CIS1_YEAST	CIS1 YLR346C	101	mitochondrion [GO:0005739]
Q06146	YL257_YEAST	YLR257W	321	cytoplasm [GO:0005737]
Q06152	YL271_YEAST	YLR271W	274	cytoplasm [GO:0005737]; kinetochore [GO:0000776]; nucleus [GO:0005634]
Q06158	YL311_YEAST	YLR311C L8543.10	115	membrane [GO:0016020]
Q06170	YL326_YEAST	YLR326W	240	cell periphery [GO:0071944]; membrane [GO:0016020]
Q06199	YL456_YEAST	YLR456W	204	cytoplasm [GO:0005737]; nucleus [GO:0005634]
Q06235	YL162_YEAST	YLR162W	118	membrane [GO:0016020]
Q06247	YL173_YEAST	YLR173W	608	fungal-type vacuole membrane [GO:0000329]; membrane [GO:0016020]
Q06251	YL177_YEAST	YLR177W	628	cytoplasm [GO:0005737]
Q06252	YL179_YEAST	YLR179C L9470.20	201	cytoplasm [GO:0005737]; nucleus [GO:0005634]
Q06523	YP148_YEAST	YPR148C	435	cytoplasm [GO:0005737]
Q06524	SUE1_YEAST	SUE1 YPR151C	206	mitochondrial envelope [GO:0005740]
Q06595	YP196_YEAST	YPR196W P9677.4	470	nucleus [GO:0005634]
Q06608	PDXH_YEAST	YPR172W	200	cytoplasm [GO:0005737]; nucleus [GO:0005634]
Q06674	HIM1_YEAST	HIM1 YDR317W	414	
Q06813	YP078_YEAST	YPR078C	372	
Q07074	YH007_YEAST	YHR007C-A	71	membrane [GO:0016020]
Q07454	YD073_YEAST	YDL073W	984	
Q07505	DLHH_YEAST	YDL086W	273	cytoplasm [GO:0005737]; mitochondrion [GO:0005739]
Q07521	OPI6_YEAST	OPI6 YDL096C	108	
Q07530	YD114_YEAST	YDL114W	308	
Q07535	YD118_YEAST	YDL118W	126	
Q07555	YD129_YEAST	YDL129W	291	cytoplasm [GO:0005737]; nucleus [GO:0005634]
Q07589	YD144_YEAST	YDL144C	356	cytoplasm [GO:0005737]; nucleus [GO:0005634]
Q07629	YD218_YEAST	YDL218W	317	cytoplasm [GO:0005737]; membrane [GO:0016020]
Q07716	AIM6_YEAST	AIM6 YDL237W	390	
Q07747	AAD4_YEAST	AAD4 YDL243C	329	
Q07790	YD053_YEAST	YDR053W	131	membrane [GO:0016020]
Q07829	RRT7_YEAST	RRT7 YLL030C L0932	113	membrane [GO:0016020]
Q07834	YL032_YEAST	YLL032C	825	cytoplasm [GO:0005737]
Q07887	LDB18_YEAST	LDB18 YLL049W	179	actin cytoskeleton [GO:0015629]; dynactin complex [GO:0005869]
Q07895	YL001_YEAST	YLR001C L1388	862	extracellular space [GO:0005615]; fungal-type vacuole [GO:0000324]; fungal-type vacuole membrane [GO:0000329]; mitochondrion [GO:0005739]
Q07928	GAT3_YEAST	GAT3 YLR013W	141	
Q07986	YL036_YEAST	YLR036C	203	membrane [GO:0016020]
Q07992	BUD28_YEAST	BUD28 YLR062C	125	
Q08023	FMP25_YEAST	FMP25 YLR077W	583	mitochondrial inner membrane [GO:0005743]; mitochondrion [GO:0005739]
Q08054	CSI2_YEAST	CSI2 YOL007C	341	cellular bud neck [GO:0005935]; fungal-type vacuole [GO:0000324]
Q08206	YO036_YEAST	YOL036W	761	
Q08213	NGL1_YEAST	NGL1 YOL042W	363	mitochondrion [GO:0005739]
Q08238	YO079_YEAST	YOL079W O1105	132	membrane [GO:0016020]
Q08240	YO099_YEAST	YOL099C O0786	163	membrane [GO:0016020]
Q08272	YO134_YEAST	YOL134C AOE129 O0508	129	membrane [GO:0016020]
Q08300	CSS3_YEAST	CSS3 YOL159C	171	cell periphery [GO:0071944]; cytoplasm [GO:0005737]; extracellular region [GO:0005576]
Q08322	PAU20_YEAST	PAU20 YOL161C	120	fungal-type cell wall [GO:0009277]; fungal-type vacuole [GO:0000324]; membrane [GO:0016020]
Q08361	AAD15_YEAST	AAD15 YOL165C	143	
Q08474	VAM10_YEAST	VAM10 YOR068C YOR29-19	114	fungal-type vacuole membrane [GO:0000329]
Q08498	YO082_YEAST	YOR082C O3113	113	membrane [GO:0016020]
Q08522	IRC14_YEAST	IRC14 YOR135C O3323	113	
Q08559	FYV12_YEAST	FYV12 YOR183W	129	membrane [GO:0016020]
Q08630	IRC13_YEAST	IRC13 YOR235W	104	membrane [GO:0016020]
Q08634	YO238_YEAST	YOR238W	303	cytoplasm [GO:0005737]
Q08687	TMA16_YEAST	TMA16 YOR252W	178	nucleus [GO:0005634]
Q08692	OSW1_YEAST	OSW1 YOR255W	278	prospore membrane [GO:0005628]; spore wall [GO:0031160]
Q08743	YO292_YEAST	YOR292C	309	cytoplasm [GO:0005737]; fungal-type vacuole [GO:0000324]; mitochondrion [GO:0005739]; vacuolar membrane [GO:0005774]
Q08748	YO296_YEAST	YOR296W	1289	cytoplasm [GO:0005737]
Q08774	RRG7_YEAST	RRG7 YOR305W	242	mitochondrion [GO:0005739]
Q08786	YO331_YEAST	YOR331C O6238	185	membrane [GO:0016020]
Q08844	YO365_YEAST	YOR365C	703	membrane [GO:0016020]
Q08900	YOR76_YEAST	YOR376W O6736	122	membrane [GO:0016020]
Q08909	YO385_YEAST	YOR385W	290	cytoplasm [GO:0005737]
Q08910	YO387_YEAST	YOR387C	206	cytosol [GO:0005829]
Q08912	YO389_YEAST	YOR389W	624	extracellular region [GO:0005576]
Q08922	YP182_YEAST	YPL182C P2235	127	membrane [GO:0016020]
Q08958	YP205_YEAST	YPL205C P1845	114	membrane [GO:0016020]
Q08964	YP216_YEAST	YPL216W	1102	chromatin [GO:0000785]; chromosome, telomeric region [GO:0000781]; nucleus [GO:0005634]
Q08969	GRE1_YEAST	GRE1 YPL223C	168	cytoplasm [GO:0005737]
Q08974	YP257_YEAST	YPL257W	193	membrane [GO:0016020]
Q08979	KEL3_YEAST	KEL3 YPL263C	651	cytoplasm [GO:0005737]
Q08980	YP264_YEAST	YPL264C	353	endoplasmic reticulum [GO:0005783]; membrane [GO:0016020]
Q08984	PBI1_YEAST	PBI1 YPL272C	517	
Q08989	YP277_YEAST	YPL277C	487	membrane [GO:0016020]
Q08993	YP202_YEAST	YPR202W P9677.1	238	
Q12012	YO289_YEAST	YOR289W	251	cytoplasm [GO:0005737]; nucleus [GO:0005634]
Q12032	AIM41_YEAST	AIM41 YOR215C YOR50-5	185	mitochondrion [GO:0005739]
Q12042	YP162_YEAST	YPL162C	273	fungal-type vacuole membrane [GO:0000329]; membrane [GO:0016020]
Q12044	RCN2_YEAST	RCN2 WSP1 YOR220W YOR50-10	265	cytoplasm [GO:0005737]
Q12064	BUD30_YEAST	BUD30 YDL151C	193	
Q12079	YP027_YEAST	YPR027C YP9367.07c	277	endoplasmic reticulum [GO:0005783]; membrane [GO:0016020]
Q12116	TMS1_YEAST	TMS1 YDR105C	473	endosome [GO:0005768]; fungal-type vacuole membrane [GO:0000329]; membrane [GO:0016020]; membrane raft [GO:0045121]
Q12121	YD211_YEAST	YDL211C D1026	372	fungal-type vacuole [GO:0000324]; vacuolar membrane [GO:0005774]
Q12134	HUA2_YEAST	HUA2 YOR284W	243	cytoplasm [GO:0005737]
Q12140	BSC1_YEAST	BSC1 YDL037C D2734	328	
Q12160	YP063_YEAST	YPR063C	140	endoplasmic reticulum [GO:0005783]; endoplasmic reticulum membrane [GO:0005789]
Q12177	YL056_YEAST	YLL056C L0575	298	cytoplasm [GO:0005737]
Q12179	YP245_YEAST	YPL245W	454	cytoplasm [GO:0005737]; nucleus [GO:0005634]
Q12182	YO342_YEAST	YOR342C O6283	319	cytoplasm [GO:0005737]; nucleus [GO:0005634]
Q12212	SIA1_YEAST	SIA1 YOR137C YOR3329C	622	
Q12244	YL054_YEAST	YLL054C L0584	843	nucleus [GO:0005634]
Q12253	YL046_YEAST	YLR046C L2111	270	fungal-type vacuole [GO:0000324]; membrane [GO:0016020]
Q12254	SVS1_YEAST	SVS1 YPL163C P2554	260	cell periphery [GO:0071944]; fungal-type cell wall [GO:0009277]; fungal-type vacuole [GO:0000324]
Q12257	YD177_YEAST	YDL177C	170	cytoplasm [GO:0005737]
Q12298	YD061_YEAST	YDR061W D4241	539	mitochondrion [GO:0005739]
Q12301	YD180_YEAST	YDL180W	547	fungal-type vacuole [GO:0000324]; fungal-type vacuole membrane [GO:0000329]
Q12322	YO114_YEAST	YOL114C HRE202	202	mitochondrial large ribosomal subunit [GO:0005762]
Q12331	YFAS1_YEAST	YDR262W YD9320B.01	272	fungal-type vacuole [GO:0000324]
Q12346	YPR71_YEAST	YPR071W YP9499.26	211	cell periphery [GO:0071944]; endoplasmic reticulum [GO:0005783]; endoplasmic reticulum membrane [GO:0005789]
Q12370	PAU17_YEAST	PAU17 YLL025W L0968	124	fungal-type cell wall [GO:0009277]; fungal-type vacuole [GO:0000324]
Q12418	GIS3_YEAST	GIS3 YLR094C	502	cytoplasm [GO:0005737]; nucleus [GO:0005634]
Q12459	PRM7_YEAST	PRM7 YDL039C D2723 D2726 YDL038C	698	membrane [GO:0016020]
Q12479	IRC11_YEAST	IRC11 YOR013W O2612 OR26.03 YOL303.3	156	membrane [GO:0016020]
Q12486	YOR31_YEAST	YOR131C O3311 YOR3311c	218	cytoplasm [GO:0005737]; nucleus [GO:0005634]
Q12496	YO098_YEAST	YOL098C HRF1037	1037	cytoplasm [GO:0005737]
Q12497	FMP16_YEAST	FMP16 YDR070C	93	mitochondrion [GO:0005739]
Q12498	PRM4_YEAST	PRM4 YPL156C P2578	284	fungal-type vacuole [GO:0000324]; membrane [GO:0016020]
Q12523	YP247_YEAST	YPL247C	523	cytoplasm [GO:0005737]; nucleus [GO:0005634]
Q12529	SET6_YEAST	SET6 YPL165C P2545	373	nucleus [GO:0005634]
Q2V2P2	YK065_YEAST	YKL065W-A	73	endoplasmic reticulum [GO:0005783]; membrane [GO:0016020]
Q2V2P3	YK023_YEAST	YKL023C-A	75	membrane [GO:0016020]
Q2V2P5	YI102_YEAST	YIL102C-A	75	dolichol-phosphate-mannose synthase complex [GO:0033185]; endoplasmic reticulum [GO:0005783]; endoplasmic reticulum membrane [GO:0005789]
Q2V2Q2	YC048_YEAST	YCL048W-A	79	cell periphery [GO:0071944]; fungal-type vacuole [GO:0000324]; plasma membrane [GO:0005886]; side of membrane [GO:0098552]
Q3E6R4	YD24B_YEAST	YDR524C-B	66	endoplasmic reticulum [GO:0005783]; plasma membrane [GO:0005886]; side of membrane [GO:0098552]
Q3E747	YL363_YEAST	YLR363W-A	85	nucleus [GO:0005634]
Q3E756	YB029_YEAST	YBL029C-A	94	plasma membrane [GO:0005886]
Q3E769	YO59A_YEAST	YOL159C-A	90	cytoplasm [GO:0005737]; nucleus [GO:0005634]
Q3E770	PAU9_YEAST	PAU9 YBL108C-A	120	fungal-type cell wall [GO:0009277]
Q3E784	SLO1_YEAST	SLO1 YER180C-A	85	
Q3E7A3	YJ133_YEAST	YJL133C-A	74	mitochondrial outer membrane [GO:0005741]; mitochondrion [GO:0005739]
Q3E7A7	YK018_YEAST	YKL018C-A	99	cytoplasm [GO:0005737]
Q3E7A8	YN162_YEAST	YNL162W-A	72	cytoplasm [GO:0005737]; nucleus [GO:0005634]
Q3E7A9	CMC4_YEAST	CMC4 YMR194C-B	73	mitochondrial intermembrane space [GO:0005758]
Q3E7B0	YE053_YEAST	YER053C-A	37	endoplasmic reticulum [GO:0005783]; endoplasmic reticulum membrane [GO:0005789]
Q3E7B7	YD85C_YEAST	YDL085C-A	68	cytoplasm [GO:0005737]; nucleus [GO:0005634]
Q3E7B9	YO08A_YEAST	YOR008C-A	74	membrane [GO:0016020]
Q3E7Y4	YB112_YEAST	YBL112C	105	
Q3E7Y5	YB111_YEAST	YBL111C	667	mitochondrion [GO:0005739]
Q3E7Z8	YC204_YEAST	YCR024C-B	88	cytosol [GO:0005829]; membrane [GO:0016020]
Q3E808	DGR1_YEAST	DGR1 YNL130C-A	48	mitochondrion [GO:0005739]
Q3E811	RRT15_YEAST	RRT15 YLR162W-A smORF483	62	
Q3E823	COA2_YEAST	COA2 YPL189C-A	68	mitochondrial inner membrane [GO:0005743]; mitochondrial matrix [GO:0005759]
Q3E841	YN034_YEAST	YNR034W-A	98	cytoplasm [GO:0005737]; cytosol [GO:0005829]
Q3E842	YM122_YEAST	YMR122W-A	84	cytoplasm [GO:0005737]; endoplasmic reticulum [GO:0005783]; endoplasmic reticulum membrane [GO:0005789]
Q45U18	YI134_YEAST	YIL134C-A	67	cytosol [GO:0005829]; membrane [GO:0016020]
Q6B0V8	IRC16_YEAST	IRC16 YPR038W	119	membrane [GO:0016020]
Q6B0X2	YM158_YEAST	YMR158W-B YMR158W-A	106	membrane [GO:0016020]
Q6B2U8	TDA8_YEAST	TDA8 YAL064C-A	126	
Q6Q5P6	YH41A_YEAST	TY4A-H YHLWTy4-1 GAG YHL009W-A YHL008W-B	413	
Q7M4S9	YB113_YEAST	YBL113C	792	cytoplasm [GO:0005737]
Q870I1	YO13B_YEAST	YOL013W-B YOL013W-A	96	membrane [GO:0016020]
Q8TGK5	YB13A_YEAST	YBL113W-A	160	membrane [GO:0016020]
Q8TGM7	ART2_YEAST	ART2 YLR154W-A YLR154W-C	61	
Q8TGQ7	YP159_YEAST	YPR159C-A	33	cytosol [GO:0005829]; membrane [GO:0016020]
Q8TGU5	YB296_YEAST	YBR296C-A	39	peroxisome [GO:0005777]
Q8TGU7	YB126_YEAST	YBR126W-A	68	endoplasmic reticulum [GO:0005783]; membrane [GO:0016020]
Q96VH4	HBN1_YEAST	HBN1 YCL026C-B YCL027C-A	193	cytoplasm [GO:0005737]; nucleus [GO:0005634]
Q99248	YO019_YEAST	YOR019W OR26.09	730	
Q99326	YO338_YEAST	YOR338W O6265	363	nucleus [GO:0005634]; Rpd3L-Expanded complex [GO:0070210]
Q99341	FYV1_YEAST	FYV1 YDR024W PZA161	161	cytoplasm [GO:0005737]; nucleus [GO:0005634]
Q99395	YP229_YEAST	YPL229W P1429	206	cytoplasm [GO:0005737]
Q9ZZX0	AI5B_YEAST	AI5_BETA Q0075	354	mitochondrion [GO:0005739]
A0A023PXA5	YA19A_YEAST	YAL019W-A	189	
A0A023PXB0	YA019_YEAST	YAR019W-A	110	
A0A023PXB9	YD99W_YEAST	YDR199W	121	membrane [GO:0016020]
A0A023PXC2	YE53A_YEAST	YEL053W-A	115	membrane [GO:0016020]
A0A023PXC7	YE068_YEAST	YER068C-A	143	membrane [GO:0016020]
A0A023PXD3	YE88A_YEAST	YER088C-A	107	
A0A023PXD5	YE147_YEAST	YER147C-A	136	membrane [GO:0016020]
A0A023PXD9	YF015_YEAST	YFL015W-A	105	membrane [GO:0016020]
A0A023PXE5	YH006_YEAST	YHL006W-A	117	
A0A023PXE8	YH028_YEAST	YHR028W-A	106	
A0A023PXF2	YH071_YEAST	YHR071C-A	106	
A0A023PXF5	YH218_YEAST	YHR218W-A	105	
A0A023PXF8	YI066_YEAST	YIL066W-A	147	membrane [GO:0016020]
A0A023PXG3	YI56A_YEAST	YIL156W-A	133	membrane [GO:0016020]
A0A023PXG7	YL230_YEAST	YLR230W	101	membrane [GO:0016020]
A0A023PXH2	YM31A_YEAST	YML031C-A	111	
A0A023PXH4	YA026_YEAST	YAL026C-A	145	membrane [GO:0016020]
A0A023PXH5	YB26B_YEAST	YBR126W-B	47	
A0A023PXH6	YM172_YEAST	YMR172C-A	127	membrane [GO:0016020]
A0A023PXI0	YM306_YEAST	YMR306C-A	129	membrane [GO:0016020]
A0A023PXI4	YD203_YEAST	YDR203W	105	
A0A023PXI5	YP97C_YEAST	YPR197C	187	
A0A023PXI8	YE006_YEAST	YER006C-A	105	
A0A023PXJ3	YE76A_YEAST	YER076W-A	115	membrane [GO:0016020]
A0A023PXJ7	YE107_YEAST	YER107W-A	106	membrane [GO:0016020]
A0A023PXK2	YE148_YEAST	YER148W-A	192	membrane [GO:0016020]
A0A023PXK7	YF021_YEAST	YFL021C-A	284	membrane [GO:0016020]
A0A023PXL1	YH019_YEAST	YHL019W-A	197	membrane [GO:0016020]
A0A023PXL7	YH056_YEAST	YHR056W-A	144	membrane [GO:0016020]
A0A023PXM2	YH131_YEAST	YHR131W-A	81	
A0A023PXM7	YIL20_YEAST	YIL020C-A	112	membrane [GO:0016020]
A0A023PXN3	YI068_YEAST	YIL068W-A	127	
A0A023PXN9	YI171_YEAST	YIL171W-A	150	membrane [GO:0016020]
A0A023PXP4	YL235_YEAST	YLR235C	132	
A0A023PXP7	YM034_YEAST	YML034C-A	132	
A0A023PXQ4	YM173_YEAST	YMR173W-A	394	membrane [GO:0016020]
A0A023PXQ9	YM316_YEAST	YMR316C-B	102	membrane [GO:0016020]
A0A023PYC6	YA16A_YEAST	YAL016C-A	104	membrane [GO:0016020]
A0A023PYD0	YA059_YEAST	YAL059C-A	140	membrane [GO:0016020]
A0A023PYD3	YD94W_YEAST	YDR094W	111	
A0A023PYD7	YD87C_YEAST	YDR187C	172	membrane [GO:0016020]
A0A023PYD9	YE018_YEAST	YEL018C-A	177	membrane [GO:0016020]
A0A023PYE4	YE067_YEAST	YER067C-A	107	membrane [GO:0016020]
A0A023PYE9	YE087_YEAST	YER087C-A	183	
A0A023PYF4	YE145_YEAST	YER145C-A	145	
A0A023PYF7	YE172_YEAST	YER172C-A	126	
A0A023PYG1	YH002_YEAST	YHL002C-A	162	membrane [GO:0016020]
A0A023PYG5	YH046_YEAST	YHL046W-A	108	
A0A023PYH0	YH070_YEAST	YHR070C-A	136	
A0A023PYH5	YH193_YEAST	YHR193C-A	124	
A0A023PYH8	YI047_YEAST	YIL047C-A	122	
A0A023PYI2	YI142_YEAST	YIL142C-A	110	
A0A023PYI5	YI036_YEAST	YIR036W-A	133	membrane [GO:0016020]
A0A023PYJ0	YM09A_YEAST	YML009C-A	108	membrane [GO:0016020]
A0A023PYJ4	YM153_YEAST	YMR153C-A	111	
A0A023PYJ7	YM304_YEAST	YMR304C-A	116	membrane [GO:0016020]
A0A023PYK2	YP170_YEAST	YPR170C	111	membrane [GO:0016020]
A0A023PZ94	YA031_YEAST	YAL031W-A	102	membrane [GO:0016020]
A0A023PZ99	YD008_YEAST	YDR008C	116	membrane [GO:0016020]
A0A023PZA4	YD154_YEAST	YDR154C	116	
A0A023PZA9	YD230_YEAST	YDR230W	115	
A0A023PZB3	FMP49_YEAST	FMP49 YER038W-A	126	mitochondrion [GO:0005739]
A0A023PZB8	YE079_YEAST	YER079C-A	112	membrane [GO:0016020]
A0A023PZC3	YE133_YEAST	YER133W-A	113	
A0A023PZC7	YE152_YEAST	YER152W-A	188	
A0A023PZD0	YF036_YEAST	YFR036W-A	216	membrane [GO:0016020]
A0A023PZD5	YH030_YEAST	YHL030W-A	153	
A0A023PZE1	YH063_YEAST	YHR063W-A	111	membrane [GO:0016020]
A0A023PZE2	YA047_YEAST	YAL047W-A	109	membrane [GO:0016020]
A0A023PZE4	YH165_YEAST	YHR165W-A	103	
A0A023PZE8	YD57W_YEAST	YDR157W	133	
A0A023PZE9	YI029_YEAST	YIL029W-A	123	
A0A023PZF2	YE009_YEAST	YEL009C-A	135	
A0A023PZF3	YI070_YEAST	YIL071W-A	158	membrane [GO:0016020]
A0A023PZF5	YE046_YEAST	YER046W-A	109	
A0A023PZF9	YI023_YEAST	YIR023C-A	107	membrane [GO:0016020]
A0A023PZG0	YE084_YEAST	YER084W-A	170	membrane [GO:0016020]
A0A023PZG4	YL236_YEAST	YLR236C	107	
A0A023PZG5	YE137_YEAST	YER137W-A	101	
A0A023PZG9	YM047_YEAST	YML047W-A	121	membrane [GO:0016020]
A0A023PZH1	YE165_YEAST	YER165C-A	118	membrane [GO:0016020]
A0A023PZH4	YF052_YEAST	YFR052C-A	101	membrane [GO:0016020]
A0A023PZH5	YM290_YEAST	YMR290W-A	115	membrane [GO:0016020]
A0A023PZH9	YH034_YEAST	YHL034W-A	153	
A0A023PZI4	YH069_YEAST	YHR069C-A	120	membrane [GO:0016020]
A0A023PZI9	YH182_YEAST	YHR182C-A	157	
A0A023PZJ3	YI030_YEAST	YIL030W-A	112	membrane [GO:0016020]
A0A023PZJ9	YI115_YEAST	YIL115W-A	123	
A0A023PZK4	YI30A_YEAST	YIR030W-A	127	
A0A023PZK9	YL458_YEAST	YLR458W	126	membrane [GO:0016020]
A0A023PZL2	YM119_YEAST	YMR119W-A	124	membrane [GO:0016020]
A0A023PZM3	YP050_YEAST	YPR050C YP9499.07b	137	membrane [GO:0016020]
A0A0B7P221	RDT1_YEAST	RDT1 YCL054W-A	28	
A0A8D9PCQ4	YM008_YEAST	YMR008C-A	155	
A0A8D9PH56	OTO1_YEAST	OTO1 YGR227C-A sORF2	57	
A0A8D9UGQ7	YL79A_YEAST	YLR379W-A	90	
A0A8D9UGU6	YK14A_YEAST	YKL104W-A	84	
A0AAT9JAJ4	A0AAT9JAJ4_YEAST	YIL059C	121	
A0ACB2N405	A0ACB2N405_YEAST	PXP3 YHL045W	115	
E2QC18	E2QC18_YEAST		100	
E9PAD6	E9PAD6_YEAST		88	
E9PAD8	E9PAD8_YEAST		89	
E9PAE4	E9PAE4_YEAST		146	
E9PAE7	E9PAE7_YEAST		61	
E9PAE8	E9PAE8_YEAST		55	
E9PAF1	E9PAF1_YEAST		94	
I2HB52	YB56A_YEAST	YBR056W-A	66	cytoplasm [GO:0005737]
I2HB70	YM16A_YEAST	YMR316C-A	103	endoplasmic reticulum [GO:0005783]
O13513	YA056_YEAST	YAL056C-A YAL058C-A	116	
O13514	YA042_YEAST	YAL042C-A YAL043C-A	125	membrane [GO:0016020]
O13515	YA034_YEAST	YAL034C-B YAL035C-A	117	
O13517	YP102_YEAST	YPL102C	100	
O13518	YPL14_YEAST	YPL114W	139	membrane [GO:0016020]
O13519	YP136_YEAST	YPL136W	122	
O13520	YP044_YEAST	YPL044C	182	membrane [GO:0016020]
O13521	YP035_YEAST	YPL035C	115	
O13522	YD396_YEAST	YDR396W	166	membrane [GO:0016020]
O13523	YD401_YEAST	YDR401W	187	membrane [GO:0016020]
O13530	YL198_YEAST	YLR198C	119	membrane [GO:0016020]
O13531	YL202_YEAST	YLR202C	108	
O13532	YL217_YEAST	YLR217W L8167.25	107	
O13533	YH049_YEAST	YHR049C-A	98	membrane [GO:0016020]
O13534	YH1A_YEAST	YHR214W-A	161	
O13536	YH139_YEAST	YHR139C-A	103	
O13537	YH145_YEAST	YHR145C	118	membrane [GO:0016020]
O13540	YL279_YEAST	YLR279W L8003.10A	129	membrane [GO:0016020]
O13541	YL280_YEAST	YLR280C	116	
O13542	YL282_YEAST	YLR282C L8003.11A	113	
O13544	YL302_YEAST	YLR302C	120	membrane [GO:0016020]
O13545	YL374_YEAST	YLR374C	129	membrane [GO:0016020]
O13546	YL232_YEAST	YLR232W	115	
O13553	YL317_YEAST	YLR317W	144	
O13555	JIP3_YEAST	JIP3 YLR331C	125	
O13556	YL462_YEAST	YLR462W	202	
O13557	YL463_YEAST	YLR463C JND183 L9001	183	
O13558	BSC3_YEAST	BSC3 YLR465C	102	
O13560	YL444_YEAST	YLR444C	100	membrane [GO:0016020]
O13561	YL169_YEAST	YLR169W	117	membrane [GO:0016020]
O13562	YL171_YEAST	YLR171W	129	membrane [GO:0016020]
O13564	YL428_YEAST	YLR428C	114	
O13565	YL358_YEAST	YLR358C	187	
O13567	YP126_YEAST	YPR126C P9642.2B	102	membrane [GO:0016020]
O13568	YP130_YEAST	YPR130C P9659.10A	135	membrane [GO:0016020]
O13569	YPR36_YEAST	YPR136C P9659.7B	170	
O13570	YPR42_YEAST	YPR142C P9659.16B	187	membrane [GO:0016020]
O13571	YPR46_YEAST	YPR146C P9659.3A	109	mitochondrion [GO:0005739]
O13572	YPR50_YEAST	YPR150W P9659.2A	173	membrane [GO:0016020]
O13573	YL252_YEAST	YLR252W	101	
O13574	YL255_YEAST	YLR255C	117	
O13575	YP177_YEAST	YPR177C P9705.12A	123	
O13576	YL434_YEAST	YLR434C	127	
O13578	YL415_YEAST	YLR415C	112	mitochondrion [GO:0005739]
O13579	YL379_YEAST	YLR379W	124	membrane [GO:0016020]
O13582	YP076_YEAST	YPR076W P9513.9A	124	
O13583	YPR77_YEAST	YPR077C P9513.9B	123	membrane [GO:0016020]
O13586	YP092_YEAST	YPR092W P9513.15A	101	
O13588	YA069_YEAST	YAL069W	104	
O94085	YL339_YEAST	YLR339C	183	membrane [GO:0016020]
O94086	YL349_YEAST	YLR349W	168	
P0C0V2	YE18A_YEAST	YER188C-A	99	
P0C1V3	YA016_YEAST	YAL016C-B	61	
P0C1Z1	YD24C_YEAST	YDR524W-C YDR524W-A	29	
P0C268	YB39B_YEAST	YBL039W-B	59	peroxisome [GO:0005777]
P0C269	YB00C_YEAST	YBL100W-C YBL101W-C	39	
P0C270	YE38A_YEAST	YER138W-A	34	
P0C272	YO13A_YEAST	YOL013W-A	63	
P0C5E0	YD193_YEAST	YDR193W	132	membrane [GO:0016020]
P0C5E1	YP059_YEAST	YPR059C	128	
P0C5K9	YB39A_YEAST	YBL039C-A	27	
P0C5L0	YB056_YEAST	YBR056C-B	52	
P0C5L1	YB068_YEAST	YBL068W-A smORF19 SR12	78	
P0C5L2	YB076_YEAST	YBR076C-A smORF46	88	membrane [GO:0016020]
P0C5L3	YB103_YEAST	YBR103C-A	47	
P0C5L4	YB121_YEAST	YBR121C-A	52	
P0C5L5	YB191_YEAST	YBR191W-A	24	
P0C5L6	YD022_YEAST	YDL022C-A smORF101 SR3	82	cytosol [GO:0005829]
P0C5L7	YD18A_YEAST	YDR118W-A	38	
P0C5L8	YD240_YEAST	YDL240C-A	45	
P0C5L9	YD247_YEAST	YDL247W-A	24	
P0C5M0	YD320_YEAST	YDR320W-B	45	
P0C5M1	YD371_YEAST	YDR371C-A	34	
P0C5M2	YD406_YEAST	YDR406W-A smORF144	81	membrane [GO:0016020]
P0C5M3	YD83A_YEAST	YDR183C-A smORF122	85	membrane [GO:0016020]
P0C5M4	YD85A_YEAST	YDL185C-A	75	
P0C5M5	YDL14_YEAST	YDL114W-A	37	
P0C5M6	YE020_YEAST	YEL020C-B smORF171	65	
P0C5M7	YE050_YEAST	YEL050W-A smORF167	63	membrane [GO:0016020]
P0C5M8	YE090_YEAST	YER090C-A	29	
P0C5M9	YF009_YEAST	YFR009W-A	85	
P0C5N0	YF010_YEAST	YFR010W-A	62	membrane [GO:0016020]
P0C5N1	YG014_YEAST	YGL014C-A	53	
P0C5N2	YG122_YEAST	YGR122C-A	42	
P0C5N3	YG41A_YEAST	YGL041W-A	154	mitochondrion [GO:0005739]
P0C5N4	YH73B_YEAST	YHR073C-B	26	
P0C5N5	YH180_YEAST	YHR180C-B smORF286	34	
P0C5N6	YH32A_YEAST	YHR032W-A	59	
P0C5N7	YH73A_YEAST	YHR073W-A	58	
P0C5N8	YH80A_YEAST	YHR180W-A smORF288	60	membrane [GO:0016020]
P0C5N9	YJ156_YEAST	YJL156W-A	73	membrane [GO:0016020]
P0C5P0	YJ197_YEAST	YJL197C-A	93	
P0C5P1	YJ27A_YEAST	YJL127W-A YJL127W-B	38	
P0C5P2	YK100_YEAST	YKL100W-A	29	
P0C5P3	YK145_YEAST	YKL145W-A	30	membrane [GO:0016020]
P0C5P4	YK162_YEAST	YKL162C-A	50	
P0C5P5	YK165_YEAST	YKL165C-A	77	membrane [GO:0016020]
P0C5P6	YL163_YEAST	YLR163W-A	37	
P0C5P7	YL222_YEAST	YLR222C-A smORF499	76	
P0C5P8	YL49A_YEAST	YLR149C-A	28	
P0C5P9	YL54B_YEAST	YLR154W-B smORF398	54	
P0C5Q0	YL54F_YEAST	YLR154W-F	46	
P0C5Q1	YL64A_YEAST	YLR364C-A	40	
P0C5Q2	YM013_YEAST	YMR013W-A	26	
P0C5Q3	YM13C_YEAST	YMR013C-A	49	membrane [GO:0016020]
P0C5Q4	YM141_YEAST	YMR141W-A smORF532	74	membrane [GO:0016020]
P0C5Q5	YM307_YEAST	YMR307C-A smORF544	64	
P0C5Q6	YM94A_YEAST	YMR194C-A	74	
P0C5Q7	YN001_YEAST	YNR001W-A	72	
P0C5Q8	YN67A_YEAST	YNL067W-A YNL067W-B	48	
P0C5Q9	YO08B_YEAST	YOR008W-B	33	
P0C5R0	YO14A_YEAST	YOR314W-A	36	
P0C5R1	YO329_YEAST	YOR329W-A smORF626	69	membrane [GO:0016020]
P0C5R2	YO72A_YEAST	YOR072W-A smORF598	82	
P0C5R3	YO73A_YEAST	YOR073W-A smORF601	77	
P0C5R4	YO83A_YEAST	YOL083C-A	46	
P0C5R5	YP016_YEAST	YPR016W-A	86	
P0C5R6	YP074_YEAST	YPR074W-A	56	
P0C5R7	YP169_YEAST	YPR169W-A smORF672	72	membrane [GO:0016020]
P0C5R8	YP17A_YEAST	YPR170W-A	61	membrane [GO:0016020]
P0C5S0	YP250_YEAST	YPL250W-A smORF640	95	
P0C5S1	YP60A_YEAST	YPR160W-A	26	
P0CE96	YL156_YEAST	YLR156W L9632.3	114	
P0CE97	YL59W_YEAST	YLR159W L9632.4	114	
P0CE98	YL161_YEAST	YLR161W L9632.5	114	
P0CE99	YL57D_YEAST	YLR157W-D	70	
P0CF00	YL57E_YEAST	YLR157W-E	54	
P0CF16	U5071_YEAST	YML003W YM9571.16	290	
P0CF17	U5072_YEAST	YML002W YM8270.01 YM9571.17	737	
P0CF33	YL017_YEAST	YLL017W L1305	103	
P0CI66	YAN2_YEAST	YAR062W	198	
P0CI67	YHU3_YEAST	YHR213W	198	
P0CL23	YIR5_YEAST	YIL175W	45	
P0CL24	YJL2B_YEAST	YJL222W-B	45	
P0CL25	YIR4_YEAST	YIL174W	75	
P0CL26	YJL2A_YEAST	YJL222W-A	75	
P0CL32	YH052_YEAST	YHR052W-A	64	membrane [GO:0016020]
P0CL33	YH054_YEAST	YHR054W-A	64	membrane [GO:0016020]
P0CX16	YE076_YEAST	YEL076C-A	216	
P0CX17	YL464_YEAST	YLR464W	216	
P0CX88	YAN0_YEAST	YAR060C	111	
P0CX89	YH212_YEAST	YHR212C	111	
P0CX90	YAN1_YEAST	YAR061W	67	
P0CX91	YH21A_YEAST	YHR212W-A	67	endoplasmic reticulum [GO:0005783]
P0CX92	YAN9_YEAST	YAR069C	97	membrane [GO:0016020]
P0CX93	YH21D_YEAST	YHR214C-D	97	membrane [GO:0016020]
P0CX94	YE190_YEAST	YER190C-B	160	membrane [GO:0016020]
P0CX95	YE07A_YEAST	YEL077W-A	160	membrane [GO:0016020]
P0CX96	YG296_YEAST	YGR296C-B	160	membrane [GO:0016020]
P0CX97	YP283_YEAST	YPL283W-B	160	membrane [GO:0016020]
P0CX98	YP20A_YEAST	YPR204C-A	160	membrane [GO:0016020]
P0CY00	YL66A_YEAST	YLL066W-A	160	membrane [GO:0016020]
P0CY01	YL67A_YEAST	YLL067W-A	160	membrane [GO:0016020]
P0CY02	YL15H_YEAST	YLR154C-H smORF494 SR15	43	
P0CY03	YL15A_YEAST	YLR156C-A	43	
P0CY04	YL157_YEAST	YLR157C-C	43	
P0CY05	YL159_YEAST	YLR159C-A	43	
P25347	YCP2_YEAST	YCR001W YCR021 YCR1W	104	
P25350	YCP6_YEAST	YCR006C YCR044 YCR6C	157	
P25352	YCR5_YEAST	YCR025C YCR244 YCR25C	136	
P25561	YCC1_YEAST	YCL021W YCL21W	117	
P25562	YCC2_YEAST	YCL022C YCL22C	171	
P25563	YCC3_YEAST	YCL023C YCL23C	115	
P25571	YCE1_YEAST	YCL041C YCL41C	164	
P25572	YCE2_YEAST	YCL042W YCL42W	119	cytoplasm [GO:0005737]
P25575	YCE6_YEAST	YCL046W YCL46W	107	
P25577	YCE9_YEAST	YCL049C YCL49C	312	membrane [GO:0016020]
P25593	YCG8_YEAST	YCL068C YCL68C	260	
P25600	YCH4_YEAST	TY5A YCL074W YCL74W	308	
P25601	YCH5_YEAST	TY5B YCL075W YCL75W	146	
P25602	YCH6_YEAST	YCL076W YCL76W	247	
P25603	CWH36_YEAST	CWH36 YCL007C YCL7C	130	
P25614	YCQ3_YEAST	YCR013C YCR13C	215	
P25620	YCR2_YEAST	YCR022C YCR22C	114	
P25629	YCT9_YEAST	YCR049C YCR49C	148	
P25630	YCU0_YEAST	YCR050C YCR50C	102	
P25640	YCV4_YEAST	YCR064C YCR64C	136	
P25650	YCX5_YEAST	YCR085W YCR85W	117	
P25652	YCX7_YEAST	YCR087W YCR87W	171	
P25657	YCY9_YEAST	YCR099C YCR99C	155	
P32475	YG3Z_YEAST	YGR176W	115	
P32630	UTR5_YEAST	UTR5 YEL035C SYGP-ORF27	166	
P32772	UGX2_YEAST	UGX2 YDL169C	223	
P32859	YKD6_YEAST	YKL036C YKL249	130	
P34215	YBZ4_YEAST	YBR144C YBR1121	104	
P34238	YKR7_YEAST	YKL177W	112	
P34245	YKJ7_YEAST	YKL097C YKL445	136	
P34249	YKK2_YEAST	YKL102C YKL454	101	
P35725	YKG3_YEAST	YKL063C YKL327	167	Golgi apparatus [GO:0005794]
P35733	YKF3_YEAST	YKL053W YKL307	124	
P36030	YKW5_YEAST	YKL225W	115	
P36031	YKW3_YEAST	YKL223W	110	
P36042	YKU2_YEAST	YKL202W	193	
P36050	YKQ9_YEAST	YKL169C YKL633	127	
P36058	YKP3_YEAST	YKL153W YKL608	169	
P36061	YKO7_YEAST	YKL147C YKL601	205	
P36065	YKN6_YEAST	YKL136W	132	
P36067	YKN1_YEAST	YKL131W	173	
P36071	YKM3_YEAST	YKL123W	126	
P36072	YKL8_YEAST	YKL118W	103	
P36073	YKL5_YEAST	YKL115C	130	
P36074	YKL1_YEAST	YKL111C	111	
P36079	YKI3_YEAST	YKL083W	204	
P36087	YKH0_YEAST	YKL070W YKL343	169	mitochondrion [GO:0005739]
P36089	YKG6_YEAST	YKL066W YKL332	147	
P36092	YKE44_YEAST	YKL044W YKL257	106	membrane [GO:0016020]; mitochondrion [GO:0005739]
P36098	YKD1_YEAST	YKL031W YKL244	137	membrane [GO:0016020]
P36099	YKD0_YEAST	YKL030W YKL243	201	
P36109	YKZ2_YEAST	YKR012C	125	
P36111	YKZ5_YEAST	YKR015C	568	
P36127	YK12_YEAST	YKR032W	104	
P36128	YK13_YEAST	YKR033C	141	
P36133	YK20_YEAST	YKR040C	167	
P36140	YK27_YEAST	YKR047W	101	
P36153	YK53_YEAST	YKR073C	106	
P37264	YCG5_YEAST	YCL065W YCL65W	122	membrane [GO:0016020]
P38161	YBK8_YEAST	YBL108W YBL0801	101	
P38171	YBJ6_YEAST	YBL096C YBL0834	102	
P38173	YBJ4_YEAST	YBL094C YBL0836	110	membrane [GO:0016020]
P38178	YBI3_YEAST	YBL083C YBL0719	141	
P38180	YBI1_YEAST	YBL081W YBL0722	368	
P38183	YBH7_YEAST	YBL077W YBL0733	143	
P38184	YBH3_YEAST	YBL073W YBL0612	103	
P38185	YBH1_YEAST	YBL071C YBL0615	102	membrane [GO:0016020]
P38186	YBH0_YEAST	YBL070C YBL0616	106	membrane [GO:0016020]
P38188	YBG5_YEAST	YBL065W YBL0502	114	
P38194	YBE4_YEAST	YBL044W YBL0404	122	
P38201	YBC9_YEAST	YBL029W YBL0422	376	cytoplasm [GO:0005737]; nucleus [GO:0005634]
P38209	YBB2_YEAST	YBL012C YBL0314	133	
P38214	YBM2_YEAST	YBR012C YBR0205	139	
P38215	YBM3_YEAST	YBR013C YBR0209	129	endoplasmic reticulum [GO:0005783]
P38220	YBN7_YEAST	YBR027C YBR0311	110	membrane [GO:0016020]
P38223	YBO2_YEAST	YBR032W YBR0317	100	
P38233	YBQ1_YEAST	YBR051W YBR0504A	116	membrane [GO:0016020]
P38252	YBT9_YEAST	YBR089W YBR0811A	199	membrane [GO:0016020]
P38258	YBU9_YEAST	YBR099C YBR0828	127	membrane [GO:0016020]
P38269	YBX4_YEAST	YBR124W YBR0920B	119	membrane [GO:0016020]
P38275	YBY4_YEAST	YBR134W YBR1010	133	
P38294	YB24_YEAST	YBR174C YBR1236	104	
P38296	YB28_YEAST	YBR178W YBR1240	124	
P38299	YB34_YEAST	YBR184W YBR1306	523	
P38303	YB40_YEAST	YBR190W YBR1318	103	
P38309	YB56_YEAST	YBR206W YBR1447	107	
P38311	YB59_YEAST	YBR209W YBR1451	105	membrane [GO:0016020]
P38317	YB69_YEAST	YBR219C YBR1509	127	membrane [GO:0016020]
P38322	YB76_YEAST	YBR226C YBR1523	136	
P38327	YB82_YEAST	YBR232C YBR1530	119	membrane [GO:0016020]
P38338	YB9F_YEAST	YBR259W YBR1727	688	
P38350	YB9U_YEAST	YBR277C YBR2014	133	
P38357	YB8F_YEAST	YBR292C YBR2040	123	membrane [GO:0016020]
P38362	YB8J_YEAST	YBR300C YBR2120	165	membrane [GO:0016020]
P38722	YHE9_YEAST	YHL049C	271	
P38729	YHE2_YEAST	YHL042W	150	endoplasmic reticulum [GO:0005783]; fungal-type vacuole [GO:0000324]
P38730	YHE1_YEAST	YHL041W	149	
P38733	YHD7_YEAST	YHL037C	133	extracellular region [GO:0005576]
P38752	YHA5_YEAST	YHL005C	130	membrane [GO:0016020]
P38780	YHL4_YEAST	YHR054C	354	
P38799	YHN8_YEAST	YHR078W	552	membrane [GO:0016020]
P38808	YHP5_YEAST	YHR095W	164	
P38831	YHS5_YEAST	YHR125W	101	
P38834	YHT0_YEAST	YHR130C	111	membrane [GO:0016020]
P38864	YHX3_YEAST	YHR173C	112	fungal-type vacuole [GO:0000324]
P38898	YH17_YEAST	YHR217C	153	
P38899	YH18_YEAST	YHR218W	603	
P38900	YH19_YEAST	YHR219W	624	cytoplasm [GO:0005737]
P39532	YJU2C_YEAST	YJL202C J0323	115	membrane [GO:0016020]
P39534	MBB1_YEAST	MBB1 YJL199C J0334	108	
P39541	YJT5_YEAST	YJL195C J0345	233	membrane [GO:0016020]
P39545	PAU7_YEAST	PAU7 YAR020C	55	
P39550	YAK0_YEAST	YAR030C	113	
P39559	YAM3_YEAST	YAR053W	98	membrane [GO:0016020]
P39563	YAN4_YEAST	YAR064W	99	membrane [GO:0016020]
P39564	YAN8_YEAST	YAR068W	161	
P39566	YAO0_YEAST	YAR070C	99	
P39703	YAA4_YEAST	YAL004W	215	
P39710	YAG6_YEAST	YAL066W	102	
P39711	YAG4_YEAST	YAL064W	94	
P39725	YAE5_YEAST	YAL045C	102	
P39728	YAD7_YEAST	YAL037W	267	
P39971	YEI6_YEAST	YEL076C	216	
P39972	YEI5_YEAST	YEL075C	122	
P39973	YEI4_YEAST	YEL074W	112	
P39974	YEI3_YEAST	YEL073C	107	
P39977	YEH8_YEAST	YEL068C	110	endoplasmic reticulum [GO:0005783]
P39978	YEH7_YEAST	YEL067C	195	mitochondrion [GO:0005739]
P39989	YEC8_YEAST	YEL028W	153	
P39992	YEC3_YEAST	YEL023C	682	
P39999	YEB4_YEAST	YEL014C	101	cytoplasm [GO:0005737]
P40000	YEB0_YEAST	YEL010W	116	
P40001	YEA8_YEAST	YEL008W	126	
P40058	YER5_YEAST	YER085C	173	
P40062	YES7_YEAST	YER097W	109	
P40082	YEW5_YEAST	YER135C	130	
P40083	YEW7_YEAST	YER137C	148	
P40101	YE16_YEAST	YER186C	306	
P40102	YE17_YEAST	YER187W	141	
P40103	YE18_YEAST	YER188W	239	
P40104	YE19_YEAST	YER189W	122	
P40162	YNU5_YEAST	YNL205C N1350	140	
P40163	YNU3_YEAST	YNL203C N1358	203	membrane [GO:0016020]
P40166	YNT8_YEAST	YNL198C N1378	100	mitochondrion [GO:0005739]
P40211	YM21_YEAST	YMR141C YM9375.10C	102	
P40323	YP073_YEAST	YPL073C	161	
P40365	YJG7_YEAST	YJL067W HRA116 J1107	116	membrane [GO:0016020]
P40448	YIQ3_YEAST	YIL163C	117	
P40461	YIO1_YEAST	YIL141W	129	
P40488	YIK2_YEAST	YIL102C	101	
P40490	YIK0_YEAST	YIL100W	117	
P40503	YII6_YEAST	YIL086C	102	
P40519	YIG0_YEAST	YIL060W	144	membrane [GO:0016020]; mitochondrion [GO:0005739]
P40523	YIF5_YEAST	YIL055C	627	mitochondrion [GO:0005739]
P40536	YID2_YEAST	YIL032C	118	
P40538	YIC9_YEAST	YIL029C	142	membrane [GO:0016020]
P40539	YIC8_YEAST	YIL028W	132	
P40542	YIC5_YEAST	YIL025C	124	
P40551	YIB2_YEAST	YIL012W	113	
P40572	YIT6_YEAST	YIR016W	265	
P40575	YIU0_YEAST	YIR020C	100	cytosol [GO:0005829]
P40584	YIW0_YEAST	YIR040C	110	
P40586	YIW2_YEAST	YIR042C	236	
P40587	YIW3_YEAST	YIR043C YI8224.05C	230	membrane [GO:0016020]
P40588	YIW4_YEAST	YIR044C	61	
P40891	YJW0_YEAST	YJL220W HRC150 J0220	150	
P40895	YJV5_YEAST	YJL215C HRE119 J0231	119	
P40896	YJV3_YEAST	YJL213W HRC331 J0234	331	
P40898	YJV1_YEAST	YJL211C HRD147 J0238	147	
P43539	YFG5_YEAST	YFL065C	102	
P43540	YFG4_YEAST	YFL064C	174	
P43541	YFG3_YEAST	YFL063W	151	
P43566	YFD2_YEAST	YFL032W	106	membrane [GO:0016020]
P43576	YFB9_YEAST	YFL019C	117	
P43578	YFB5_YEAST	YFL015C	164	membrane [GO:0016020]
P43580	YFB2_YEAST	YFL012W	148	
P43599	YFI8_YEAST	YFR018C	363	endoplasmic reticulum [GO:0005783]
P43608	YFK5_YEAST	YFR035C	114	membrane [GO:0016020]
P43622	YFM4_YEAST	YFR054C	192	
P43625	YFM7_YEAST	YFR057W	151	
P46945	YGS6_YEAST	YGL176C G1636	554	
P46986	YJS2_YEAST	YJL182C J0430	105	membrane [GO:0016020]
P46987	YJS1_YEAST	YJL181W J0435	611	
P46994	YJQ9_YEAST	YJL169W J0517	122	
P47003	YJP2_YEAST	YJL152W J0628	119	membrane [GO:0016020]
P47004	YJP0_YEAST	YJL150W J0632	100	
P47012	YJN5_YEAST	YJL135W J0666	105	
P47021	YJL9_YEAST	YJL119C J0738	107	
P47022	YJL8_YEAST	YJL118W J0742	219	membrane [GO:0016020]
P47028	YJI6_YEAST	YJL086C J0930	122	membrane [GO:0016020]
P47038	YJG4_YEAST	YJL064W HRC131 J1120	131	
P47053	YJE3_YEAST	YJL043W J1204	257	cytoplasm [GO:0005737]; mitochondrion [GO:0005739]
P47059	YJD2_YEAST	YJL032W J1252	104	
P47062	YJC8_YEAST	YJL028W J1267	111	membrane [GO:0016020]
P47063	YJC7_YEAST	YJL027C J1269	138	
P47066	YJC2_YEAST	YJL022W J1284	102	
P47073	YJB5_YEAST	YJL015C J1331	94	
P47078	YJA9_YEAST	YJL009W J1369	108	
P47080	YJA7_YEAST	YJL007C J1379	104	membrane [GO:0016020]
P47091	YJY8_YEAST	YJR018W J1454 YJR83.14	120	membrane [GO:0016020]
P47092	YJZ0_YEAST	YJR020W J1458 YJR83.15	110	
P47105	YJ07_YEAST	YJR037W J1610	127	
P47106	YJ08_YEAST	YJR038C J1612	120	membrane [GO:0016020]
P47107	YJ09_YEAST	YJR039W J1614	1121	mitochondrion [GO:0005739]
P47126	YJ49_YEAST	YJR079W J1843	109	
P47132	YJ57_YEAST	YJR087W J1870	116	
P47151	YJ84_YEAST	YJR114W J2024	130	
P47152	YJ85_YEAST	YJR115W J2027	169	
P47162	YJ98_YEAST	YJR128W J2059	119	
P47184	YJ9V_YEAST	YJR157W J2255	120	
P47188	YJ9Z_YEAST	YJR162C J2420	116	
P48238	YG3O_YEAST	YGR153W G6661	217	
P48568	YD186_YEAST	YDL186W D1281	277	
P50083	YG4T_YEAST	YGR226C G8544	69	membrane [GO:0016020]
P53054	YGZG_YEAST	YGL262W NRB175	175	
P53056	YGZE_YEAST	YGL260W NRB76	76	
P53069	YGY9_YEAST	YGL239C HRE104	104	membrane [GO:0016020]
P53071	YGY5_YEAST	YGL235W	178	
P53084	YGW8_YEAST	YGL218W	216	
P53085	YGW7_YEAST	YGL217C	113	
P53092	YGU9_YEAST	YGL199C G1301	156	
P53097	YGU3_YEAST	YGL193C G1334	103	
P53098	YGT8_YEAST	YGL188C	57	
P53103	YGT2_YEAST	YGL182C G1607	107	
P53105	YGS7_YEAST	YGL177W BIB115	115	
P53106	YGR5_YEAST	YGL165C G1814	192	membrane [GO:0016020]
P53110	YGP9_YEAST	YGL159W G1840	370	cytoplasm [GO:0005737]
P53113	YGP2_YEAST	YGL152C G1873	225	membrane [GO:0016020]
P53116	YGO9_YEAST	YGL149W G1895	101	membrane [GO:0016020]
P53122	YGN8_YEAST	YGL138C G2816	345	prospore membrane [GO:0005628]
P53126	YGN2_YEAST	YGL132W G2847	111	
P53132	YGL8_YEAST	YGL118C	145	
P53133	YGL7_YEAST	YGL117W	265	
P53138	YGK9_YEAST	YGL109W G3065	107	
P53143	YGK2_YEAST	YGL102C	142	
P53151	YGI8_YEAST	YGL088W	121	membrane [GO:0016020]
P53160	YGH4_YEAST	YGL074C	108	membrane [GO:0016020]
P53161	YGH2_YEAST	YGL072C	119	membrane [GO:0016020]
P53162	YGG9_YEAST	YGL069C	154	
P53175	YGF2_YEAST	YGL052W	101	
P53181	YGE2_YEAST	YGL042C	101	membrane [GO:0016020]
P53182	YGE1_YEAST	YGL041C	67	membrane [GO:0016020]
P53186	YGD4_YEAST	YGL034C	121	
P53190	YGC4_YEAST	YGL024W	111	membrane [GO:0016020]
P53205	YG16_YEAST	YGR011W	108	
P53211	YG1C_YEAST	YGR018C	109	
P53213	YG1E_YEAST	YGR022C	109	
P53216	YG1H_YEAST	YGR025W	100	
P53222	YG1O_YEAST	YGR035C	116	
P53225	YG1R_YEAST	YGR039W	103	
P53229	YG1V_YEAST	YGR045C	120	membrane [GO:0016020]
P53231	YG1X_YEAST	YGR050C	118	
P53232	YG1Y_YEAST	YGR051C	107	
P53234	YG21_YEAST	YGR053C	283	
P53240	YG27_YEAST	YGR064W	122	
P53245	YG2C_YEAST	YGR069W	111	membrane [GO:0016020]
P53247	YG2E_YEAST	YGR073C	123	membrane [GO:0016020]
P53263	YG2U_YEAST	YGR107W	149	
P53268	YG2Z_YEAST	YGR114C G6163	129	membrane [GO:0016020]
P53269	YG31_YEAST	YGR115C G6166	259	membrane [GO:0016020]
P53270	YG32_YEAST	YGR117C G6172	476	cytoplasm [GO:0005737]
P53282	YG3E_YEAST	YGR137W	124	membrane [GO:0016020]
P53284	YG3G_YEAST	YGR139W	112	
P53291	YG3U_YEAST	YGR164W	111	
P53300	YG45_YEAST	YGR182C G7160	117	
P53302	YG47_YEAST	YGR190C	121	
P53307	YG4O_YEAST	YGR219W	113	cytoplasm [GO:0005737]; nucleus [GO:0005634]
P53308	YG4U_YEAST	YGR228W	114	membrane [GO:0016020]
P53310	YG55_YEAST	YGR242W	102	membrane [GO:0016020]
P53321	YG5G_YEAST	YGR259C	146	
P53325	YG5K_YEAST	YGR265W	136	membrane [GO:0016020]
P53329	YG5Q_YEAST	YGR273C G9371	174	
P53340	YG62_YEAST	YGR291C	73	
P53342	YG64_YEAST	YGR293C	153	membrane [GO:0016020]
P53717	YN82_YEAST	YNR005C N2036	134	membrane [GO:0016020]
P53726	YN8E_YEAST	YNR025C N3235	119	membrane [GO:0016020]
P53737	YN8P_YEAST	YNR042W N3423	142	
P53754	YN97_YEAST	YNR068C N3551	272	
P53758	YN9D_YEAST	YNR077C N3830	84	
P53820	YN78_YEAST	YNL338W N0170	52	
P53821	YN77_YEAST	YNL337W N0172	84	
P53825	YN64_YEAST	YNL324W N0332	131	membrane [GO:0016020]
P53826	YN59_YEAST	YNL319W N0343	146	
P53827	YN43_YEAST	YNL303W N0415	115	
P53828	YN36_YEAST	YNL296W N0459	104	
P53831	YN25_YEAST	YNL285W N0552	123	
P53837	YN16_YEAST	YNL276C N0621	131	
P53842	YN06_YEAST	YNL266W N0800	139	membrane [GO:0016020]
P53856	YNX5_YEAST	YNL235C N1139	143	membrane [GO:0016020]
P53864	YNW6_YEAST	YNL226W N1259	136	
P53870	YNT3_YEAST	YNL193W N1400	558	
P53876	YNS4_YEAST	YNL184C N1627	108	
P53880	YNR9_YEAST	YNL179C N1648	145	membrane [GO:0016020]
P53884	YNR4_YEAST	YNL174W N1669	190	membrane [GO:0016020]
P53887	YNR1_YEAST	YNL171C N1684	122	
P53888	YNR0_YEAST	YNL170W N1688	131	
P53891	YNQ5_YEAST	YNL165W N1710	406	
P53902	YNP0_YEAST	YNL150W N1773	135	
P53910	YNO0_YEAST	YNL140C N1830	189	
P53922	YNM0_YEAST	YNL120C N1909	161	
P53926	YNL4_YEAST	YNL114C N1934	123	membrane [GO:0016020]
P53936	YNI9_YEAST	YNL089C N2242	158	
P53948	YNF7_YEAST	YNL057W N2436 YNL2436P	110	
P53952	YNF0_YEAST	YNL050C N2485 YNL2485C	270	
P53957	YNE3_YEAST	YNL043C N2655	106	
P53963	YND4_YEAST	YNL034W N2740	612	
P53967	YNC8_YEAST	YNL028W N2758	105	
P53977	YNB7_YEAST	YNL017C N2834	112	
P53979	YNB3_YEAST	YNL013C N2854	125	membrane [GO:0016020]
P53980	YNB1_YEAST	YNL011C N2862	444	
P54007	YL460_YEAST	YLR460C L9122.7	376	
P87012	YC01A_YEAST	YCL001W-A	153	
P87191	YE119_YEAST	YER119C-A	123	
P87261	YD537_YEAST	YDR537C	201	
P87263	YE066_YEAST	YER066C-A	166	
P87264	YD467_YEAST	YDR467C	108	membrane [GO:0016020]
P87266	YD413_YEAST	YDR413C	191	membrane [GO:0016020]
P87268	YD426_YEAST	YDR426C	125	
P87269	YD433_YEAST	YDR433W	146	
P87270	YD442_YEAST	YDR442W	130	membrane [GO:0016020]
P87271	YD455_YEAST	YDR455C	102	
P87272	YD509_YEAST	YDR509W	115	membrane [GO:0016020]
P87273	YD521_YEAST	YDR521W	111	membrane [GO:0016020]
P87274	YD526_YEAST	YDR526C	156	membrane [GO:0016020]
P87280	YD290_YEAST	YDR290W	109	membrane [GO:0016020]
P87281	YD269_YEAST	YDR269C	107	membrane [GO:0016020]
P87282	YD271_YEAST	YDR271C	123	
P87283	YD274_YEAST	YDR274C D9954.4A	123	
P87285	YD355_YEAST	YDR355C	100	membrane [GO:0016020]
P87287	YD366_YEAST	YDR366C	132	membrane [GO:0016020]
P87288	YD327_YEAST	YDR327W	108	
P89495	YB109_YEAST	YBL109W	111	
P89888	YE075_YEAST	YEL075W-A YEL076W-C	203	
P90471	YB09A_YEAST	YBR109W-A	74	membrane [GO:0016020]
P9WEJ2	YN155_YEAST	YNL155C-A	74	
P9WEJ3	YM106_YEAST	YMR106W-A	87	
P9WEJ4	YF035_YEAST	YFR035W-A	96	membrane [GO:0016020]
P9WEJ5	YD204_YEAST	YDL204W-A	50	
P9WEN8	YH52B_YEAST	YHR052C-B	57	
P9WEN9	YH54B_YEAST	YHR054C-B	57	
Q00590	YD213_YEAST	YDL213W-A D1019	100	membrane [GO:0016020]
Q02217	YE034_YEAST	YEL034C-A	200	membrane [GO:0016020]
Q02590	YE091_YEAST	YER091C-A	73	
Q02598	YI014_YEAST	YIL014C-A	104	
Q02659	YP025_YEAST	YPL025C LPB6	185	
Q02749	YP068_YEAST	YPL068C	293	nucleus [GO:0005634]
Q02826	YP080_YEAST	YPL080C LPF5	108	
Q03051	YD543_YEAST	YDR543C D3703.6	99	
Q03057	YD544_YEAST	YDR544C	142	
Q03080	YP039_YEAST	YPL039W	316	
Q03083	YP034_YEAST	YPL034W	165	
Q03186	YFL12_YEAST	YFL012W-A	124	membrane [GO:0016020]
Q03205	YD042_YEAST	YDR042C YD6888.04c	200	
Q03207	YMM2_YEAST	YML122C YM7056.04C	126	
Q03208	YML9_YEAST	YML119W YM7056.07	357	cytoplasm [GO:0005737]
Q03231	YM46_YEAST	YMR181C YM8010.11C	154	
Q03236	YM49_YEAST	YMR187C YM8010.17C	431	membrane [GO:0016020]
Q03418	YD491_YEAST	YDR491C	163	membrane [GO:0016020]
Q03480	YD209_YEAST	YDR209C YD8142A.06c	137	membrane [GO:0016020]
Q03675	YMO7_YEAST	YMR007W YM8270.09	126	
Q03695	YM58_YEAST	YMR206W YM8325.07	313	
Q03703	YMD7_YEAST	YML037C	340	clathrin-coated vesicle [GO:0030136]
Q03787	YD249_YEAST	YDR249C	373	
Q03788	YD250_YEAST	YDR250C	91	membrane [GO:0016020]
Q03831	YD095_YEAST	YDR095C	136	
Q03864	YD102_YEAST	YDR102C	110	
Q03879	YM09_YEAST	YMR122C YM8564.04C	124	
Q03884	YI100_YEAST	YIL100C-A	112	membrane [GO:0016020]
Q03885	YI017_YEAST	YIR017W-A	199	membrane [GO:0016020]
Q03886	YI20A_YEAST	YIR020W-A YIR020W-B	80	
Q03888	YI020_YEAST	YIR020C-B	244	
Q03904	YDR33_YEAST	YDR133C	111	membrane [GO:0016020]
Q04019	YM80_YEAST	YMR245W YM9408.07	206	
Q04069	YD431_YEAST	YDR431W	103	membrane [GO:0016020]
Q04203	YP012_YEAST	YPR012W YP9531.05	84	membrane [GO:0016020]
Q04223	YM14_YEAST	YMR130W YM9553.06	302	nucleus [GO:0005634]
Q04276	YMX2_YEAST	YMR082C YM9582.07C	118	
Q04434	YD535_YEAST	YDR535C	166	
Q04436	YMZ3_YEAST	YMR103C YM9718.02C	120	
Q04501	YMJ0_YEAST	YML090W	128	membrane [GO:0016020]
Q04502	YMI9_YEAST	YML089C	122	
Q04521	YMI4_YEAST	YML084W	102	
Q04526	YMI3_YEAST	YML083C	418	
Q04597	YDR14_YEAST	YDR114C	100	
Q04674	YMU7_YEAST	YMR057C YM9796.10C	123	
Q04814	YM86_YEAST	YMR252C YM9920.06C	134	mitochondrion [GO:0005739]
Q04838	YM88_YEAST	YMR254C YM9920.08C	102	membrane [GO:0016020]
Q04893	YM96_YEAST	YMR317W YM9924.09	1140	
Q04897	YM98_YEAST	YMR320W YM9924.12	101	
Q04898	YM99_YEAST	YMR321C YM9924.13C	105	
Q04909	YM9B_YEAST	YMR324C YM9924.16C	80	membrane [GO:0016020]
Q04923	YD220_YEAST	YDR220C	97	
Q05451	YH50_YEAST	YHR050W-A	56	
Q05503	YD340_YEAST	YDR340W	100	membrane [GO:0016020]
Q05510	YD344_YEAST	YDR344C	147	
Q05530	YD286_YEAST	YDR286C	114	
Q05612	YD278_YEAST	YDR278C	105	membrane [GO:0016020]
Q05898	YL296_YEAST	YLR296W L8003.6	108	membrane [GO:0016020]
Q06051	YL400_YEAST	YLR400W L8084.6	157	membrane [GO:0016020]
Q06057	YL402_YEAST	YLR402W L8084.5	63	membrane [GO:0016020]
Q06127	YL334_YEAST	YLR334C L8300.11	126	membrane [GO:0016020]
Q06150	BOP2_YEAST	BOP2 YLR267W	570	
Q06267	YL184_YEAST	YLR184W L9470.7	115	
Q06594	YP195_YEAST	YPR195C P9677.14	109	
Q06695	YL416_YEAST	YLR416C L9931.9	132	
Q06821	YP084_YEAST	YPR084W	456	
Q07355	YD050_YEAST	YDL050C	123	membrane [GO:0016020]
Q07410	YD062_YEAST	YDL062W	141	
Q07435	YD068_YEAST	YDL068W	109	membrane [GO:0016020]
Q07438	YD071_YEAST	YDL071C	124	
Q07509	YD094_YEAST	YDL094C	169	membrane [GO:0016020]
Q07613	YD187_YEAST	YDL187C	109	
Q07649	YD221_YEAST	YDL221W	183	
Q07658	YD228_YEAST	YDL228C	213	
Q07738	YD241_YEAST	YDL241W	123	endoplasmic reticulum [GO:0005783]
Q07746	YD242_YEAST	YDL242W	117	
Q07811	YL020_YEAST	YLL020C L1219	101	membrane [GO:0016020]
Q07865	YL037_YEAST	YLL037W L0910	126	membrane [GO:0016020]
Q07880	YL044_YEAST	YLL044W L0725	148	
Q07881	YL047_YEAST	YLL047W L0709	127	membrane [GO:0016020]
Q07927	YL012_YEAST	YLR012C	99	
Q07967	YL030_YEAST	YLR030W	263	
Q07978	YL031_YEAST	YLR031W	186	
Q07989	YL041_YEAST	YLR041W L1925	106	
Q08018	YL076_YEAST	YLR076C L2345	140	
Q08027	YL101_YEAST	YLR101C L2705	131	membrane [GO:0016020]
Q08110	YO014_YEAST	YOL014W	124	
Q08118	IRC10_YEAST	IRC10 YOL015W	586	prospore membrane leading edge [GO:0070056]
Q08172	YO024_YEAST	YOL024W	172	
Q08187	YO029_YEAST	YOL029C	201	
Q08205	YO037_YEAST	YOL037C O2101	117	membrane [GO:0016020]
Q08207	YO035_YEAST	YOL035C O2109	100	membrane [GO:0016020]
Q08216	YO046_YEAST	YOL046C O2030	224	
Q08222	YO050_YEAST	YOL050C O1284	106	
Q08241	YO106_YEAST	YOL106W O0751	117	
Q08259	YOL18_YEAST	YOL118C O0573	102	
Q08270	YO131_YEAST	YOL131W	108	
Q08293	YO150_YEAST	YOL150C AOE103 O0448	103	
Q08321	YO160_YEAST	YOL160W O0250	113	
Q08373	YOL66_YEAST	YOL166C O0201	112	membrane [GO:0016020]
Q08411	YO041_YEAST	YOR041C O2760	143	
Q08419	YOR50_YEAST	YOR050C O2790 YOR29-01	115	
Q08428	YOR53_YEAST	YOR053W O2799 YOR29-04	113	membrane [GO:0016020]
Q08439	YO055_YEAST	YOR055W O2803 YOR29-06	144	
Q08486	YOR72_YEAST	YOR072W O2937 YOR29-23	104	
Q08503	YO102_YEAST	YOR102W O3208	116	
Q08504	YO105_YEAST	YOR105W O3217	108	
Q08521	YO121_YEAST	YOR121C O3272	101	
Q08532	YO139_YEAST	YOR139C O3335	130	
Q08533	YO146_YEAST	YOR146W O3518	101	membrane [GO:0016020]
Q08540	YO169_YEAST	YOR169C O3605	154	
Q08543	YO170_YEAST	YOR170W O3610	101	
Q08560	YO186_YEAST	YOR186W	144	membrane [GO:0016020]
Q08604	YO199_YEAST	YOR199W O4821	109	membrane [GO:0016020]
Q08620	YO200_YEAST	YOR200W O4824	132	
Q08621	YO201_YEAST	YOR203W O4833	117	
Q08681	YO248_YEAST	YOR248W O5276	100	
Q08728	YO263_YEAST	YOR263C O5370	135	
Q08734	YO268_YEAST	YOR268C	132	membrane [GO:0016020]
Q08736	YO277_YEAST	YOR277C O5456	102	membrane [GO:0016020]
Q08741	YO282_YEAST	YOR282W O5477	106	membrane [GO:0016020]
Q08756	YO300_YEAST	YOR300W O5639	102	
Q08789	YO333_YEAST	YOR333C O6244	138	
Q08811	YO345_YEAST	YOR345C O6336	116	membrane [GO:0016020]
Q08842	YO364_YEAST	YOR364W O6658	122	
Q08872	YO366_YEAST	YOR366W O6664	117	
Q08903	YO379_YEAST	YOR379C O6747	112	
Q08915	YO392_YEAST	YOR392W O6786	147	membrane [GO:0016020]
Q08916	YP142_YEAST	YPL142C	105	
Q08927	YP185_YEAST	YPL185W P2217	131	membrane [GO:0016020]
Q08953	YP197_YEAST	YPL197C P1895	137	
Q08976	YP261_YEAST	YPL261C P0386	102	
Q08990	YP278_YEAST	YPL278C	100	
Q08994	YP203_YEAST	YPR203W	102	
Q12023	YD011_YEAST	YDL011C	107	membrane [GO:0016020]
Q12047	YD158_YEAST	YDL158C	102	
Q12058	YP251_YEAST	YPL251W P1010	100	
Q12070	YOR24_YEAST	YOR024W O2648 OR26.14 YOL303.9	107	
Q12077	YL140_YEAST	YLR140W L3162	108	membrane [GO:0016020]
Q12110	YL049_YEAST	YLR049C L2121	428	
Q12111	YD029_YEAST	YDR029W	104	membrane [GO:0016020]
Q12115	YD016_YEAST	YDL016C	100	
Q12130	YL112_YEAST	YLR112W L2928 L9354.3	139	
Q12135	YD172_YEAST	YDL172C	159	membrane [GO:0016020]
Q12138	YL125_YEAST	YLR125W L3101	136	
Q12147	YDL26_YEAST	YDL026W	103	membrane [GO:0016020]
Q12148	YD163_YEAST	YDL163W	100	
Q12169	YO015_YEAST	YOR015W O2618 OR26.05 YOL303.5	119	membrane [GO:0016020]
Q12174	YL123_YEAST	YLR123C L2970	109	membrane [GO:0016020]
Q12187	YDL96_YEAST	YDL196W D1224	109	membrane [GO:0016020]
Q12195	YD015_YEAST	YDR015C PZF129	79	
Q12210	YD009_YEAST	YDL009C	107	cytosol [GO:0005829]; membrane [GO:0016020]
Q12225	YO225_YEAST	YOR225W O5015 O5073 YOR50-15	109	membrane [GO:0016020]
Q12240	YD215_YEAST	YDR215C YD8142.15c YD8142B.07c	137	membrane [GO:0016020]
Q12243	YOR29_YEAST	YOR029W O2663 OR26.19 YOL303.13	111	
Q12249	YO218_YEAST	YOR218C O5008 O5042 YOR50-8	139	membrane [GO:0016020]
Q12261	YO325_YEAST	YOR325W 06163	157	
Q12264	YD023_YEAST	YDL023C	106	
Q12274	YOR97_YEAST	YOR097C YOR3180c	175	membrane [GO:0016020]
Q12281	YD032_YEAST	YDL032W D2767	103	
Q12307	YD162_YEAST	YDL162C	118	
Q12312	YL122_YEAST	YLR122C L2967 L9233.11	125	membrane [GO:0016020]
Q12327	YL124_YEAST	YLR124W L2973 L9233.4	114	
Q12336	YL059_YEAST	YLL059C L0563	168	membrane [GO:0016020]
Q12351	YO012_YEAST	YOR012W OR26.02	137	
Q12352	YD041_YEAST	YDL041W D2717	117	membrane [GO:0016020]
Q12394	YD152_YEAST	YDL152W D1551	121	membrane [GO:0016020]
Q12426	YDR10_YEAST	YDR010C PZE110	110	
Q12444	YO309_YEAST	YOR309C 06105	126	
Q12448	YD034_YEAST	YDL034W D2758	114	
Q12484	YO343_YEAST	YOR343C O6287	108	
Q12492	YP064_YEAST	YPR064W YP9499.19	139	membrane [GO:0016020]
Q12506	YO314_YEAST	YOR314W 06123	109	
Q12528	YL111_YEAST	YLR111W L2925 L9354.4	110	membrane [GO:0016020]
Q12531	YP015_YEAST	YPR015C LPZ14c	247	
Q12744	YM094_YEAST	YML094C-A YML095C-A	133	
Q2V2P0	YP145_YEAST	YPR145C-A	78	
Q2V2P1	YL146_YEAST	YLR146W-A	62	
Q2V2P6	YG194_YEAST	YGL194C-A	80	endoplasmic reticulum [GO:0005783]; membrane [GO:0016020]
Q2V2P7	YD461_YEAST	YDR461C-A	80	
Q2V2Q0	YD007_YEAST	YDL007C-A	85	
Q2V2Q3	YB201_YEAST	YBR201C-A	67	cytosol [GO:0005829]
Q35811	Q0092_YEAST	Q0092 ORF5 ORI5	46	mitochondrion [GO:0005739]
Q3E732	YL264_YEAST	YLR264C-A	38	
Q3E735	YO034_YEAST	YOR034C-A NOR002C	80	membrane [GO:0016020]
Q3E736	YO192_YEAST	YOR192C-C	78	
Q3E737	YJ047_YEAST	YJL047C-A	44	
Q3E739	YI021_YEAST	YIR021W-A	70	membrane [GO:0016020]
Q3E740	YG258_YEAST	YGL258W-A	77	
Q3E741	YA037_YEAST	YAL037C-A	30	
Q3E742	YL412_YEAST	YLR412C-A	68	
Q3E743	YJ112_YEAST	YJR112W-A	109	endoplasmic reticulum [GO:0005783]; membrane [GO:0016020]
Q3E744	YG161_YEAST	YGR161W-C	92	
Q3E746	YH086_YEAST	YHR086W-A	53	
Q3E750	YG41B_YEAST	YGL041C-B	60	endoplasmic reticulum [GO:0005783]; membrane [GO:0016020]
Q3E751	YP119_YEAST	YPL119C-A	87	membrane [GO:0016020]
Q3E755	YB200_YEAST	YBR200W-A	54	extracellular region [GO:0005576]
Q3E758	YH048_YEAST	YHL048C-A	44	peroxisome [GO:0005777]
Q3E760	YM030_YEAST	YMR030W-A	96	membrane [GO:0016020]
Q3E762	YB230_YEAST	YBR230W-A	66	
Q3E763	YD246_YEAST	YDR246W-A smORF127	66	
Q3E765	YK183_YEAST	YKL183C-A	70	membrane [GO:0016020]
Q3E766	YM175_YEAST	YMR175W-A	64	
Q3E767	YN67B_YEAST	YNL067W-B YNL067W-A	46	
Q3E771	YL285_YEAST	YLR285C-A	56	
Q3E774	YD159_YEAST	YDL159W-A YDL159W-B	43	
Q3E775	YJ151_YEAST	YJR151W-A	16	
Q3E776	YB255_YEAST	YBR255C-A	120	membrane [GO:0016020]
Q3E778	YB96B_YEAST	YBR196C-B	34	
Q3E781	YB221_YEAST	YBR221W-A	34	
Q3E782	YM247_YEAST	YMR247W-A	47	fungal-type vacuole [GO:0000324]
Q3E786	YG240_YEAST	YGR240C-A	66	
Q3E787	YC095_YEAST	YCR095W-A	52	
Q3E789	YD169_YEAST	YDR169C-A smORF118 SR2	49	
Q3E791	YA063_YEAST	YAL063C-A	96	
Q3E794	YB072_YEAST	YBR072C-A	53	peroxisome [GO:0005777]
Q3E795	YL361_YEAST	YLR361C-A	98	
Q3E796	YD182_YEAST	YDR182W-A smORF121 SR1	67	membrane [GO:0016020]
Q3E7A0	YK106_YEAST	YKL106C-A	39	
Q3E7A2	YE078_YEAST	YER078W-A	54	
Q3E7A5	YO16W_YEAST	YOL164W-A	60	
Q3E7A6	YM007_YEAST	YML007C-A	36	mitochondrion [GO:0005739]
Q3E7B3	YPR08_YEAST	YPR108W-A	70	
Q3E7B4	YP038_YEAST	YPL038W-A	63	
Q3E7B5	YM230_YEAST	YMR230W-A	62	
Q3E7Y7	YO293_YEAST	YOR293C-A	49	
Q3E7Y8	YO155_YEAST	YOL155W-A NOL049W	44	
Q3E7Y9	YO097_YEAST	YOL097W-A NOL020W	61	
Q3E7Z0	YN227_YEAST	YNL277W-A	62	
Q3E7Z1	YN146_YEAST	YNL146C-A	64	
Q3E7Z2	YN042_YEAST	YNL042W-B	85	
Q3E7Z3	YI018_YEAST	YIR018C-A	45	
Q3E7Z4	YI046_YEAST	YIL046W-A	54	membrane [GO:0016020]
Q3E7Z5	YI002_YEAST	YIL002W-A	69	
Q3E7Z6	YH015_YEAST	YHL015W-A	27	
Q3E7Z7	YD003_YEAST	YDR003W-A	40	
Q3E7Z9	YO038_YEAST	YOL038C-A	31	
Q3E801	YJ136_YEAST	YJL136W-A	27	
Q3E802	YG006_YEAST	YGL006W-A	36	
Q3E804	YO381_YEAST	YOR381W-A	55	
Q3E805	YO376_YEAST	YOR376W-A	51	
Q3E806	YO316_YEAST	YOR316C-A	69	
Q3E807	YO011_YEAST	YOR011W-A	68	
Q3E809	YM054_YEAST	YML054C-A	52	
Q3E810	YL342_YEAST	YLR342W-A	57	membrane [GO:0016020]
Q3E813	YL154_YEAST	YLR154C-G smORF421	49	
Q3E814	YL006_YEAST	YLL006W-A	58	membrane [GO:0016020]
Q3E815	YH175_YEAST	YHR175W-A	49	cytosol [GO:0005829]; membrane [GO:0016020]
Q3E816	YG121_YEAST	YGR121W-A	71	
Q3E817	YF041_YEAST	YFL041W-A	63	
Q3E818	YD194_YEAST	YDR194W-A smORF123	50	
Q3E819	YC108_YEAST	YCR108C	63	
Q3E820	YB96A_YEAST	YBR196C-A	49	endoplasmic reticulum membrane [GO:0005789]
Q3E821	YB008_YEAST	YBL008W-A	79	extracellular region [GO:0005576]
Q3E825	YL307_YEAST	YLR307C-A	87	
Q3E826	YK068_YEAST	YKL068W-A	78	
Q3E832	YO72B_YEAST	YOR072W-B	53	
Q3E837	YJ052_YEAST	YJL052C-A	39	
Q3E838	YF012_YEAST	YFR012W-A	28	
Q3E843	YM58C_YEAST	YMR158C-A	45	peroxisome [GO:0005777]
Q45U48	YG035_YEAST	YGR035W-A	73	
Q6B0R2	YM193_YEAST	YMR193C-A	128	membrane [GO:0016020]
Q6B0R7	YM9D_YEAST	YMR326C	102	
Q6B0V7	YPR02_YEAST	YPR002C-A	65	
Q6B0W0	YPR39_YEAST	YPR039W	111	membrane [GO:0016020]
Q6B0W2	YPR14_YEAST	YPR014C LPZ13C YP9531.07	109	
Q6B0X1	YM135_YEAST	YMR135W-A	177	
Q6B0Y1	YM009_YEAST	YML009W-B YML010W-A	158	membrane [GO:0016020]
Q6B0Y5	YM046_YEAST	YMR046W-A	42	membrane [GO:0016020]
Q6B0Y6	YM052_YEAST	YMR052C-A	121	membrane [GO:0016020]
Q6B0Y7	YM075_YEAST	YMR075C-A	121	
Q6B0Y8	YM012_YEAST	YML012C-A YML013C-A	125	
Q6B0Z2	YM101_YEAST	YML101C-A YML102C-A	105	membrane [GO:0016020]
Q6B108	YM116_YEAST	YML116W-A YML117W-A	100	
Q6B113	YB107_YEAST	YBL107W-A	34	
Q6B2I9	YM099_YEAST	YML099W-A YML100W-A	109	membrane [GO:0016020]
Q6Q571	YM086_YEAST	YMR086C-A	112	
Q6Q572	YM031_YEAST	YMR031W-A	108	
Q6Q5F3	YP053_YEAST	YPR053C	151	
Q7LIF1	YL366_YEAST	YLR366W L8039.7	101	
Q7LIF2	YL365_YEAST	YLR365W L8039.8	110	
Q8J0M4	YCB2_YEAST	YCL012C YCL011C-A	134	
Q8TGJ0	YO394_YEAST	YOR394C-A	55	
Q8TGJ1	YO16A_YEAST	YOL166W-A	51	
Q8TGJ2	YN075_YEAST	YNR075C-A	30	
Q8TGJ4	YL466_YEAST	YLR466C-B	38	
Q8TGJ7	YL66B_YEAST	YLL066W-B	56	
Q8TGJ8	YJ026_YEAST	YJL026C-A	73	
Q8TGK0	YH1E_YEAST	YHR214C-E	99	cytosol [GO:0005829]
Q8TGK1	YH21B_YEAST	YHR213W-B	99	
Q8TGK4	YB298_YEAST	YBR298C-A	73	
Q8TGK6	YA067_YEAST	YAL067W-A	75	
Q8TGK7	YAG8_YEAST	YAL068W-A	84	
Q8TGK8	YP160_YEAST	YPR160C-A	94	
Q8TGK9	YP135_YEAST	YPL135C-A	57	
Q8TGL0	YP22A_YEAST	YPL222C-A	81	
Q8TGL1	YO335_YEAST	YOR335W-A	26	
Q8TGL2	YO231_YEAST	YOR231C-A	66	
Q8TGL3	YO86A_YEAST	YOR186C-A	69	
Q8TGL4	YO61B_YEAST	YOR161W-B	86	
Q8TGL5	YO61A_YEAST	YOR161W-A	26	
Q8TGL6	YO108_YEAST	YOR108C-A	69	
Q8TGL7	YN003_YEAST	YNR003W-A	32	
Q8TGL8	YN097_YEAST	YNL097W-A	51	
Q8TGL9	YN144_YEAST	YNL144W-A	27	
Q8TGM0	YM72A_YEAST	YMR272W-A	37	
Q8TGM1	YL399_YEAST	YLR399W-A	34	
Q8TGM2	YL347_YEAST	YLR347W-A	46	
Q8TGM3	YL299_YEAST	YLR299C-A	30	
Q8TGM4	YL286_YEAST	YLR286W-A	44	
Q8TGM5	ART3_YEAST	ART3 YLR154W-E	67	
Q8TGM8	YL019_YEAST	YLL019W-A	30	
Q8TGM9	YK075_YEAST	YKR075W-A	89	membrane [GO:0016020]
Q8TGN0	YK156_YEAST	YKL156C-A	38	
Q8TGN1	YJ140_YEAST	YJR140W-A	49	
Q8TGN2	YJ020_YEAST	YJL020W-A	85	
Q8TGN3	YJ77A_YEAST	YJL077W-A	28	
Q8TGN4	YI21A_YEAST	YIL021C-A	89	
Q8TGN5	YI105_YEAST	YIL105W-A	46	
Q8TGN6	YH137_YEAST	YHR137C-A	216	
Q8TGN7	YG270_YEAST	YGR270C-A	72	membrane [GO:0016020]
Q8TGN8	YG068_YEAST	YGR068W-A	31	
Q8TGP0	YG063_YEAST	YGL063C-A	49	
Q8TGP1	YG123_YEAST	YGL123C-A	76	
Q8TGP2	YE023_YEAST	YER023C-A	70	
Q8TGP3	YE008_YEAST	YEL008C-A	30	
Q8TGP4	YE032_YEAST	YEL032C-A	53	
Q8TGP5	YD464_YEAST	YDR464C-A	62	
Q8TGP6	YD354_YEAST	YDR354C-A	47	
Q8TGP7	YD025_YEAST	YDL025W-A	34	
Q8TGP8	YD086_YEAST	YDL086C-A	144	
Q8TGP9	YD59B_YEAST	YDL159C-B	58	membrane [GO:0016020]
Q8TGQ0	YC081_YEAST	YCR081C-A	78	membrane [GO:0016020]
Q8TGQ1	YC047_YEAST	YCR047W-A	68	
Q8TGQ2	YC045_YEAST	YCR045W-A	116	
Q8TGQ3	YB223_YEAST	YBR223W-A	39	
Q8TGQ4	YB141_YEAST	YBR141W-A	31	
Q8TGQ5	YB131_YEAST	YBR131C-A	29	
Q8TGQ6	YB06A_YEAST	YBL006W-A	49	
Q8TGQ8	YO85A_YEAST	YOL085W-A	70	
Q8TGQ9	YN103_YEAST	YNL103W-A	29	
Q8TGR0	YL37A_YEAST	YLR437C-A	75	
Q8TGR1	YL120_YEAST	YLR120W-A	33	
Q8TGR2	YF034_YEAST	YFR034W-A	95	
Q8TGR3	YE158_YEAST	YER158W-A	71	membrane [GO:0016020]
Q8TGR4	YE088_YEAST	YER088W-B YER088W-A	48	
Q8TGR5	YE030_YEAST	YEL030C-A	104	
Q8TGR6	YD24A_YEAST	YDR524C-A YDR524C-C	39	
Q8TGR7	YD510_YEAST	YDR510C-A	38	membrane [GO:0016020]
Q8TGR8	YA37B_YEAST	YAL037C-B YAL038C-A	324	
Q8TGR9	YP152_YEAST	YPL152W-A	32	
Q8TGS0	YO161_YEAST	YOR161C-C	48	membrane [GO:0016020]
Q8TGS1	YO032_YEAST	YOR032W-A	66	endoplasmic reticulum [GO:0005783]; membrane [GO:0016020]
Q8TGS2	YO19A_YEAST	YOL019W-A	50	
Q8TGS4	YM315_YEAST	YMR315W-A	35	
Q8TGS5	YM272_YEAST	YMR272W-B	35	fungal-type vacuole [GO:0000324]
Q8TGS6	YM242_YEAST	YMR242W-A	29	
Q8TGS7	YM182_YEAST	YMR182W-A	28	membrane [GO:0016020]
Q8TGS8	YM105_YEAST	YMR105W-A	64	
Q8TGS9	YM001_YEAST	YMR001C-A	76	
Q8TGT0	YM100_YEAST	YML100W-A	57	
Q8TGT1	YL406_YEAST	YLR406C-A	49	fungal-type vacuole [GO:0000324]
Q8TGT2	YK096_YEAST	YKL096C-B	49	membrane [GO:0016020]
Q8TGT3	YJ77B_YEAST	YJL077W-B	32	
Q8TGT4	YH213_YEAST	YHR213W-A	77	cytosol [GO:0005829]; membrane [GO:0016020]
Q8TGT5	YH032_YEAST	YHR032C-A	39	
Q8TGT6	YH022_YEAST	YHR022C-A	29	
Q8TGT7	YG204_YEAST	YGR204C-A	37	
Q8TGT8	YG174_YEAST	YGR174W-A	28	
Q8TGT9	YG146_YEAST	YGR146C-A	53	membrane [GO:0016020]
Q8TGU0	YG007_YEAST	YGL007C-A	28	
Q8TGU1	YG188_YEAST	YGL188C-A	46	
Q8TGU2	YF032_YEAST	YFR032C-B	87	membrane [GO:0016020]
Q8TGU3	YF030_YEAST	YFL031C-A YFL030C-A	33	
Q8TGU4	YE175_YEAST	YER175W-A	54	
Q8TGU6	YB182_YEAST	YBR182C-A	64	
Q8TGU8	YB071_YEAST	YBL071C-B	32	
Q8TGV0	YA035_YEAST	YAR035C-A	26	mitochondrion [GO:0005739]
Q96VG5	YC102_YEAST	YCR102W-A	65	
Q96VG6	YC097_YEAST	YCR097W-A	88	membrane [GO:0016020]
Q96VG8	YC038_YEAST	YCR038W-A	41	
Q96VH1	YC018_YEAST	YCR018C-A	84	membrane [GO:0016020]
Q96VH2	YC01B_YEAST	YCL001W-B	84	
Q96VH3	YC021_YEAST	YCL021W-A	125	fungal-type vacuole [GO:0000324]; membrane [GO:0016020]
Q99296	YL149_YEAST	YLR149C	730	
Q99318	YO318_YEAST	YOR318C 06139	101	
Q99339	GIN11_YEAST	YLL065W L0536	116	
Q99345	YO085_YEAST	YOL085C 00950	113	
Q99401	YP238_YEAST	YPL238C P1051	129	membrane [GO:0016020]
Q9ZZV8	Q0297_YEAST	Q0297 ORF12	51	mitochondrion [GO:0005739]
Q9ZZW1	Q0182_YEAST	Q0182 ORF11	134	mitochondrion [GO:0005739]
Q9ZZW2	Q0144_YEAST	Q0144	109	mitochondrion [GO:0005739]
Q9ZZW3	Q0143_YEAST	Q0143 ORF10	50	mitochondrion [GO:0005739]
Q9ZZW4	Q0142_YEAST	Q0142 ORF9	58	mitochondrion [GO:0005739]
Q9ZZX7	Q0032_YEAST	Q0032 ORF8	96	mitochondrion [GO:0005739]
Q9ZZX8	Q0017_YEAST	Q0017 ORF7	53	mitochondrion [GO:0005739]
Q9ZZX9	Q0010_YEAST	Q0010 ORF6	128	mitochondrion [GO:0005739]
