protein1,protein2,experimental
A0A1D8PC56,P25997,921
A0A1D8PC56,A0A1D8PTY4,921
A0A1D8PC77,A0A1D8PIV7,832
A0A1D8PC77,A0A1D8PFL7,832
A0A1D8PC77,A0A1D8PFZ8,743
A0A1D8PC77,Q5A2A0,832
A0A1D8PC97,A0A1D8PTV4,832
A0A1D8PCA6,A0A1D8PRX3,832
A0A1D8PCA6,Q5A326,832
A0A1D8PCA6,A0A1D8PE86,832
A0A1D8PCA6,A0A1D8PMT3,832
A0A1D8PCA6,A0A1D8PM98,832
A0A1D8PCA6,Q5ADM0,832
A0A1D8PCA6,A0A1D8PMB5,832
A0A1D8PCA8,P28870,953
A0A1D8PCA8,A0A1D8PP58,953
A0A1D8PCC8,Q59ZG6,832
A0A1D8PCD0,Q59QT0,832
A0A1D8PCD0,Q5A8Y5,832
A0A1D8PCD0,Q5A462,832
A0A1D8PCD0,Q59Z24,832
A0A1D8PCD0,A0A1D8PFJ8,832
A0A1D8PCD0,Q59MZ8,832
A0A1D8PCD0,Q5ALX3,832
A0A1D8PCD0,A0A1D8PH80,832
A0A1D8PCD0,Q5A8Y7,832
A0A1D8PCD0,A0A1D8PUA6,832
A0A1D8PCD0,A0A1D8PLR5,832
A0A1D8PCD0,A0A1D8PFX2,832
A0A1D8PCD3,A0A1D8PJA6,832
A0A1D8PCD3,A0A1D8PJ73,832
A0A1D8PCD3,A0A1D8PE69,832
A0A1D8PCD3,Q9B8D2,786
A0A1D8PCD3,A0A1D8PQU3,832
A0A1D8PCD3,A0A1D8PEH4,832
A0A1D8PCD3,Q59TD5,832
A0A1D8PCD3,Q9B8D6,832
A0A1D8PCD3,A0A1D8PEJ9,832
A0A1D8PCD3,Q9B8D1,832
A0A1D8PCD3,Q9B8C8,832
A0A1D8PCD3,A0A1D8PRX9,832
A0A1D8PCD3,Q9B8C9,832
A0A1D8PCD3,A0A1D8PJX3,794
A0A1D8PCD3,Q5AJG7,832
A0A1D8PCD3,A0A1D8PDI3,832
A0A1D8PCD3,Q5ADP7,832
A0A1D8PCD3,A0A1D8PHA3,832
A0A1D8PCD3,A0A1D8PG37,832
A0A1D8PCD3,A0A1D8PU51,832
A0A1D8PCD3,Q59Y38,832
A0A1D8PCD3,Q5AH07,832
A0A1D8PCD3,Q5ABD5,832
A0A1D8PCD3,A0A1D8PHY0,832
A0A1D8PCD3,Q5A222,832
A0A1D8PCD3,A0A1D8PPZ0,832
A0A1D8PCE7,A0A1D8PD51,832
A0A1D8PCE7,A0A1D8PDF4,822
A0A1D8PCE7,A0A1D8PHQ0,832
A0A1D8PCE7,Q59TN2,832
A0A1D8PCE7,Q59X53,832
A0A1D8PCE7,A0A1D8PDW1,832
A0A1D8PCE7,A0A1D8PLY1,832
A0A1D8PCG7,A0A1D8PFG4,925
A0A1D8PCG7,A0A1D8PEY9,925
A0A1D8PCG7,P83774,925
A0A1D8PCG7,Q5A6A1,925
A0A1D8PCG7,P25997,921
A0A1D8PCG7,Q5AJ93,925
A0A1D8PCG7,A0A1D8PSK2,925
A0A1D8PCG7,Q5ADQ6,925
A0A1D8PCG7,A0A1D8PSV5,925
A0A1D8PCG7,A0A1D8PK22,925
A0A1D8PCG7,A0A1D8PP14,925
A0A1D8PCG7,A0A1D8PCI6,861
A0A1D8PCG7,A0A1D8PI15,925
A0A1D8PCG7,O59931,925
A0A1D8PCG7,A0A1D8PDZ1,925
A0A1D8PCG7,A0A1D8PHW1,925
A0A1D8PCG7,A0A1D8PN83,898
A0A1D8PCG7,A0A1D8PLC9,925
A0A1D8PCG7,A0A1D8PQN0,925
A0A1D8PCG7,A0A1D8PCW6,925
A0A1D8PCG7,A0A1D8PPN6,925
A0A1D8PCG7,A0A1D8PTI7,861
A0A1D8PCG7,P40910,925
A0A1D8PCG7,Q5AIB8,925
A0A1D8PCG7,A0A1D8PK43,925
A0A1D8PCG7,A0A1D8PDT3,925
A0A1D8PCG7,A0A1D8PHH4,925
A0A1D8PCG7,Q5AG43,925
A0A1D8PCG7,A0A1D8PQS0,832
A0A1D8PCG7,A0A1D8PTY4,921
A0A1D8PCG7,A0A1D8PF45,925
A0A1D8PCG7,A0A1D8PF57,861
A0A1D8PCG7,A0A1D8PK40,925
A0A1D8PCG7,Q5A109,925
A0A1D8PCG7,A0A1D8PGY8,925
A0A1D8PCG7,O42817,925
A0A1D8PCG7,A0A1D8PPE0,925
A0A1D8PCG7,Q5A6R1,925
A0A1D8PCG7,A0A1D8PK30,925
A0A1D8PCG7,A0A1D8PTR4,925
A0A1D8PCG7,A0A1D8PFL9,925
A0A1D8PCG7,A0A1D8PK71,816
A0A1D8PCG7,A0A1D8PNQ6,925
A0A1D8PCG7,A0A1D8PL68,861
A0A1D8PCG7,A0A1D8PL99,925
A0A1D8PCG7,P0CU35,861
A0A1D8PCG7,A0A1D8PEV4,833
A0A1D8PCG7,Q5AJF7,832
A0A1D8PCG7,A0A1D8PCX8,925
A0A1D8PCG7,Q5ALV6,925
A0A1D8PCG7,Q96W54,861
A0A1D8PCG7,Q5AB87,925
A0A1D8PCG7,A0A1D8PCQ5,925
A0A1D8PCG7,A0A1D8PH21,925
A0A1D8PCG7,Q59T44,925
A0A1D8PCG7,A0A1D8PDL6,925
A0A1D8PCG7,A0A1D8PK61,861
A0A1D8PCG7,Q5ANA1,861
A0A1D8PCG7,A0A1D8PPT5,925
A0A1D8PCG7,A0A1D8PM41,925
A0A1D8PCG7,Q5A900,925
A0A1D8PCG7,A0A1D8PG16,925
A0A1D8PCG7,A0A1D8PM75,925
A0A1D8PCG7,A0A1D8PHF5,925
A0A1D8PCG7,A0A1D8PPS1,925
A0A1D8PCG7,A0A1D8PDU3,925
A0A1D8PCG7,A0A1D8PSC5,925
A0A1D8PCG7,Q59LS1,925
A0A1D8PCG7,Q5AEN2,925
A0A1D8PCG7,A0A1D8PQQ5,925
A0A1D8PCG7,Q5A7K0,925
A0A1D8PCG7,Q5A0M4,832
A0A1D8PCG7,Q9UVJ4,832
A0A1D8PCG7,Q5AGZ7,925
A0A1D8PCG7,A0A1D8PFV1,925
A0A1D8PCG7,Q5A389,925
A0A1D8PCG7,A0A1D8PGY0,925
A0A1D8PCG7,Q59TE0,925
A0A1D8PCG7,A0A1D8PDT4,925
A0A1D8PCG7,A0A1D8PF08,925
A0A1D8PCH9,O74711,921
A0A1D8PCI6,A0A1D8PK22,861
A0A1D8PCI6,A0A1D8PP14,861
A0A1D8PCI6,A0A1D8PSV5,861
A0A1D8PCI6,A0A1D8PN83,862
A0A1D8PCI6,A0A1D8PHW1,861
A0A1D8PCI6,A0A1D8PQN0,861
A0A1D8PCI6,A0A1D8PLC9,861
A0A1D8PCI6,A0A1D8PI15,861
A0A1D8PCI6,A0A1D8PCG7,861
A0A1D8PCI6,A0A1D8PDZ1,861
A0A1D8PCI6,O59931,861
A0A1D8PCI6,Q5A6A1,861
A0A1D8PCI6,P25997,921
A0A1D8PCI6,A0A1D8PEY9,861
A0A1D8PCI6,A0A1D8PFG4,861
A0A1D8PCI6,P83774,861
A0A1D8PCI6,Q5ADQ6,861
A0A1D8PCI6,A0A1D8PSK2,861
A0A1D8PCI6,Q5AJ93,861
A0A1D8PCI6,A0A1D8PPE0,861
A0A1D8PCI6,Q5A6R1,861
A0A1D8PCI6,Q5A109,861
A0A1D8PCI6,A0A1D8PK40,861
A0A1D8PCI6,O42817,861
A0A1D8PCI6,A0A1D8PGY8,862
A0A1D8PCI6,A0A1D8PK71,814
A0A1D8PCI6,A0A1D8PFL9,861
A0A1D8PCI6,A0A1D8PNQ6,861
A0A1D8PCI6,A0A1D8PK30,861
A0A1D8PCI6,A0A1D8PTR4,861
A0A1D8PCI6,A0A1D8PK43,861
A0A1D8PCI6,P40910,861
A0A1D8PCI6,Q5AIB8,861
A0A1D8PCI6,A0A1D8PPN6,861
A0A1D8PCI6,A0A1D8PCW6,861
A0A1D8PCI6,A0A1D8PTI7,831
A0A1D8PCI6,A0A1D8PTY4,921
A0A1D8PCI6,A0A1D8PF57,831
A0A1D8PCI6,A0A1D8PF45,861
A0A1D8PCI6,A0A1D8PDT3,861
A0A1D8PCI6,Q5AG43,862
A0A1D8PCI6,A0A1D8PHH4,861
A0A1D8PCI6,A0A1D8PK61,831
A0A1D8PCI6,A0A1D8PDL6,861
A0A1D8PCI6,Q59T44,861
A0A1D8PCI6,Q5A900,861
A0A1D8PCI6,A0A1D8PM41,861
A0A1D8PCI6,A0A1D8PPT5,861
A0A1D8PCI6,Q5ANA1,831
A0A1D8PCI6,A0A1D8PH21,861
A0A1D8PCI6,A0A1D8PCQ5,861
A0A1D8PCI6,A0A1D8PM75,861
A0A1D8PCI6,A0A1D8PG16,861
A0A1D8PCI6,A0A1D8PEV4,821
A0A1D8PCI6,A0A1D8PL99,862
A0A1D8PCI6,A0A1D8PL68,831
A0A1D8PCI6,P0CU35,831
A0A1D8PCI6,Q96W54,831
A0A1D8PCI6,Q5ALV6,861
A0A1D8PCI6,Q5AB87,861
A0A1D8PCI6,A0A1D8PCX8,861
A0A1D8PCI6,A0A1D8PDT4,861
A0A1D8PCI6,A0A1D8PF08,861
A0A1D8PCI6,A0A1D8PGY0,861
A0A1D8PCI6,Q5A389,861
A0A1D8PCI6,Q5AGZ7,861
A0A1D8PCI6,A0A1D8PFV1,861
A0A1D8PCI6,Q59TE0,861
A0A1D8PCI6,A0A1D8PSC5,861
A0A1D8PCI6,A0A1D8PDU3,862
A0A1D8PCI6,A0A1D8PPS1,861
A0A1D8PCI6,Q5AEN2,861
A0A1D8PCI6,Q59LS1,861
A0A1D8PCI6,A0A1D8PHF5,861
A0A1D8PCI6,Q5A7K0,862
A0A1D8PCI6,A0A1D8PQQ5,861
A0A1D8PCJ1,Q5AA46,801
A0A1D8PCJ1,Q5A8Y6,832
A0A1D8PCJ1,Q5A4Z9,832
A0A1D8PCJ1,Q59RP7,832
A0A1D8PCJ1,Q59KY7,814
A0A1D8PCJ1,Q5AI30,820
A0A1D8PCJ1,A0A1D8PLT6,832
A0A1D8PCJ1,Q59X93,832
A0A1D8PCJ1,A0A1D8PRG0,832
A0A1D8PCJ1,A0A1D8PRP9,760
A0A1D8PCJ1,A0A1D8PKF3,832
A0A1D8PCJ1,Q5A798,832
A0A1D8PCJ1,Q59ZI7,832
A0A1D8PCJ1,A0A1D8PQR2,820
A0A1D8PCJ1,A0A1D8PM86,832
A0A1D8PCJ1,Q59RQ4,832
A0A1D8PCJ1,Q5AAS9,783
A0A1D8PCJ1,Q5AJZ7,818
A0A1D8PCJ1,A0A1D8PMX3,832
A0A1D8PCJ1,Q5A3J1,832
A0A1D8PCJ1,A0A1D8PRY0,832
A0A1D8PCJ1,A0A1D8PRP6,832
A0A1D8PCJ1,Q5A7P6,832
A0A1D8PCJ1,A0A1D8PN49,832
A0A1D8PCJ1,A0A1D8PEV9,812
A0A1D8PCJ1,Q5A6K5,732
A0A1D8PCJ1,A0A1D8PG94,832
A0A1D8PCJ1,A0A1D8PPW1,832
A0A1D8PCJ1,O94150,832
A0A1D8PCJ1,A0A1D8PJ23,797
A0A1D8PCJ1,A0A1D8PQ89,798
A0A1D8PCJ1,Q59QC1,754
A0A1D8PCJ1,Q59VH3,832
A0A1D8PCJ1,A0A1D8PQQ9,832
A0A1D8PCJ1,Q5AHY8,832
A0A1D8PCJ9,Q5AC48,736
A0A1D8PCQ5,A0A1D8PL68,861
A0A1D8PCQ5,A0A1D8PEV4,833
A0A1D8PCQ5,Q5AJF7,832
A0A1D8PCQ5,A0A1D8PCX8,925
A0A1D8PCQ5,A0A1D8PH21,925
A0A1D8PCQ5,Q59T44,925
A0A1D8PCQ5,A0A1D8PK61,861
A0A1D8PCQ5,A0A1D8PDL6,925
A0A1D8PCQ5,Q5ANA1,861
A0A1D8PCQ5,A0A1D8PQR2,832
A0A1D8PCQ5,A0A1D8PPT5,925
A0A1D8PCQ5,Q59RQ4,832
A0A1D8PCQ5,A0A1D8PM75,925
A0A1D8PCQ5,A0A1D8PHF5,925
A0A1D8PCQ5,A0A1D8PDU3,925
A0A1D8PCQ5,Q59LS1,925
A0A1D8PCQ5,Q5AEN2,925
A0A1D8PCQ5,A0A1D8PQQ5,925
A0A1D8PCQ5,Q5A885,812
A0A1D8PCQ5,Q5AGZ7,925
A0A1D8PCQ5,A0A1D8PFV1,925
A0A1D8PCQ5,A0A1D8PGY0,925
A0A1D8PCQ5,A0A1D8PRG0,832
A0A1D8PCQ5,Q59TE0,925
A0A1D8PCQ5,A0A1D8PDT4,925
A0A1D8PCQ5,A0A1D8PF08,925
A0A1D8PCQ5,A0A1D8PFG4,925
A0A1D8PCQ5,A0A1D8PEY9,925
A0A1D8PCQ5,P83774,925
A0A1D8PCQ5,P25997,921
A0A1D8PCQ5,Q5AJ93,925
A0A1D8PCQ5,A0A1D8PSK2,925
A0A1D8PCQ5,Q5ADQ6,925
A0A1D8PCQ5,A0A1D8PCI6,861
A0A1D8PCQ5,A0A1D8PCG7,925
A0A1D8PCQ5,O59931,925
A0A1D8PCQ5,A0A1D8PN83,921
A0A1D8PCQ5,A0A1D8PLC9,925
A0A1D8PCQ5,Q5AHG8,832
A0A1D8PCQ5,A0A1D8PPN6,925
A0A1D8PCQ5,A0A1D8PTI7,861
A0A1D8PCQ5,A0A1D8PK43,925
A0A1D8PCQ5,A0A1D8PDT3,925
A0A1D8PCQ5,A0A1D8PF57,861
A0A1D8PCQ5,A0A1D8PK40,925
A0A1D8PCQ5,Q5A109,925
A0A1D8PCQ5,A0A1D8PGY8,925
A0A1D8PCQ5,A0A1D8PPE0,925
A0A1D8PCQ5,Q5A6R1,925
A0A1D8PCQ5,A0A1D8PK71,816
A0A1D8PCQ5,A0A1D8PL99,925
A0A1D8PCQ5,A0A1D8PKF3,832
A0A1D8PCQ5,P0CU35,861
A0A1D8PCQ5,Q59L13,832
A0A1D8PCQ5,Q5ALV6,925
A0A1D8PCQ5,Q96W54,861
A0A1D8PCQ5,Q5AB87,925
A0A1D8PCQ5,A0A1D8PM41,925
A0A1D8PCQ5,Q5A900,925
A0A1D8PCQ5,A0A1D8PG16,925
A0A1D8PCQ5,A0A1D8PPS1,925
A0A1D8PCQ5,A0A1D8PSC5,925
A0A1D8PCQ5,Q59SI1,782
A0A1D8PCQ5,Q5A7K0,925
A0A1D8PCQ5,Q59Z25,832
A0A1D8PCQ5,O94083,832
A0A1D8PCQ5,Q5A4Z9,832
A0A1D8PCQ5,Q5A0M4,832
A0A1D8PCQ5,Q59RP7,832
A0A1D8PCQ5,Q9UVJ4,832
A0A1D8PCQ5,Q5A6S7,832
A0A1D8PCQ5,Q5A389,925
A0A1D8PCQ5,Q5A6A1,925
A0A1D8PCQ5,Q59VH3,832
A0A1D8PCQ5,A0A1D8PSV5,925
A0A1D8PCQ5,A0A1D8PK22,925
A0A1D8PCQ5,A0A1D8PP14,925
A0A1D8PCQ5,A0A1D8PI15,925
A0A1D8PCQ5,A0A1D8PDZ1,925
A0A1D8PCQ5,A0A1D8PHW1,925
A0A1D8PCQ5,A0A1D8PQN0,925
A0A1D8PCQ5,A0A1D8PCW6,925
A0A1D8PCQ5,Q5AIB8,925
A0A1D8PCQ5,P40910,925
A0A1D8PCQ5,A0A1D8PQS0,832
A0A1D8PCQ5,A0A1D8PHH4,925
A0A1D8PCQ5,Q5AG43,925
A0A1D8PCQ5,Q5A3J1,802
A0A1D8PCQ5,A0A1D8PTY4,921
A0A1D8PCQ5,A0A1D8PN49,832
A0A1D8PCQ5,A0A1D8PF45,925
A0A1D8PCQ5,A0A1D8PPW1,751
A0A1D8PCQ5,O42817,925
A0A1D8PCQ5,Q5A6K5,832
A0A1D8PCQ5,A0A1D8PK30,925
A0A1D8PCQ5,A0A1D8PTR4,925
A0A1D8PCQ5,O94150,832
A0A1D8PCQ5,A0A1D8PFL9,925
A0A1D8PCQ5,Q5ABC3,832
A0A1D8PCQ5,A0A1D8PNQ6,925
A0A1D8PCT4,A0A1D8PS16,832
A0A1D8PCW6,Q5A389,925
A0A1D8PCW6,Q9UVJ4,832
A0A1D8PCW6,Q5A0M4,832
A0A1D8PCW6,Q5A7K0,925
A0A1D8PCW6,A0A1D8PSC5,925
A0A1D8PCW6,A0A1D8PPS1,925
A0A1D8PCW6,A0A1D8PG16,925
A0A1D8PCW6,Q5A900,925
A0A1D8PCW6,A0A1D8PM41,925
A0A1D8PCW6,A0A1D8PCQ5,925
A0A1D8PCW6,Q96W54,861
A0A1D8PCW6,Q5ALV6,925
A0A1D8PCW6,Q5AB87,925
A0A1D8PCW6,A0A1D8PL99,925
A0A1D8PCW6,P0CU35,861
A0A1D8PCW6,A0A1D8PFL9,925
A0A1D8PCW6,A0A1D8PNQ6,925
A0A1D8PCW6,A0A1D8PK30,925
A0A1D8PCW6,A0A1D8PTR4,925
A0A1D8PCW6,O42817,925
A0A1D8PCW6,A0A1D8PTY4,921
A0A1D8PCW6,A0A1D8PF45,925
A0A1D8PCW6,Q5AG43,925
A0A1D8PCW6,A0A1D8PHH4,925
A0A1D8PCW6,A0A1D8PQS0,832
A0A1D8PCW6,P40910,925
A0A1D8PCW6,Q5AIB8,925
A0A1D8PCW6,A0A1D8PHW1,925
A0A1D8PCW6,A0A1D8PQN0,925
A0A1D8PCW6,A0A1D8PI15,925
A0A1D8PCW6,A0A1D8PDZ1,925
A0A1D8PCW6,A0A1D8PK22,925
A0A1D8PCW6,A0A1D8PP14,925
A0A1D8PCW6,A0A1D8PSV5,925
A0A1D8PCW6,Q5A6A1,925
A0A1D8PCW6,A0A1D8PDT4,925
A0A1D8PCW6,A0A1D8PF08,925
A0A1D8PCW6,A0A1D8PGY0,925
A0A1D8PCW6,Q5AGZ7,925
A0A1D8PCW6,A0A1D8PFV1,925
A0A1D8PCW6,Q59TE0,925
A0A1D8PCW6,A0A1D8PQQ5,925
A0A1D8PCW6,A0A1D8PDU3,925
A0A1D8PCW6,Q5AEN2,925
A0A1D8PCW6,Q59LS1,925
A0A1D8PCW6,A0A1D8PHF5,925
A0A1D8PCW6,A0A1D8PM75,925
A0A1D8PCW6,A0A1D8PRE0,800
A0A1D8PCW6,A0A1D8PDL6,925
A0A1D8PCW6,A0A1D8PK61,861
A0A1D8PCW6,Q59T44,925
A0A1D8PCW6,A0A1D8PPT5,925
A0A1D8PCW6,Q5ANA1,861
A0A1D8PCW6,A0A1D8PH21,925
A0A1D8PCW6,Q5A5P8,832
A0A1D8PCW6,A0A1D8PCX8,925
A0A1D8PCW6,Q5AJF7,832
A0A1D8PCW6,A0A1D8PEV4,833
A0A1D8PCW6,A0A1D8PL68,861
A0A1D8PCW6,A0A1D8PK71,816
A0A1D8PCW6,A0A1D8PPE0,925
A0A1D8PCW6,Q5A6R1,925
A0A1D8PCW6,Q5A109,925
A0A1D8PCW6,A0A1D8PK40,925
A0A1D8PCW6,A0A1D8PGY8,925
A0A1D8PCW6,A0A1D8PF57,861
A0A1D8PCW6,A0A1D8PDT3,925
A0A1D8PCW6,A0A1D8PK43,925
A0A1D8PCW6,A0A1D8PPN6,925
A0A1D8PCW6,A0A1D8PTI7,861
A0A1D8PCW6,A0A1D8PN83,920
A0A1D8PCW6,A0A1D8PLC9,925
A0A1D8PCW6,A0A1D8PCG7,925
A0A1D8PCW6,O59931,925
A0A1D8PCW6,A0A1D8PCI6,861
A0A1D8PCW6,Q5ADQ6,925
A0A1D8PCW6,A0A1D8PSK2,925
A0A1D8PCW6,Q5AJ93,925
A0A1D8PCW6,P25997,921
A0A1D8PCW6,A0A1D8PEY9,925
A0A1D8PCW6,A0A1D8PFG4,925
A0A1D8PCW6,P83774,925
A0A1D8PCW7,A0A1D8PQM5,832
A0A1D8PCW7,Q59Y36,832
A0A1D8PCW7,A0A1D8PQN1,791
A0A1D8PCX8,A0A1D8PCQ5,925
A0A1D8PCX8,A0A1D8PH21,925
A0A1D8PCX8,A0A1D8PPT5,925
A0A1D8PCX8,Q5ANA1,861
A0A1D8PCX8,A0A1D8PM41,925
A0A1D8PCX8,Q5A900,925
A0A1D8PCX8,Q59T44,925
A0A1D8PCX8,A0A1D8PDL6,925
A0A1D8PCX8,A0A1D8PK61,861
A0A1D8PCX8,A0A1D8PG16,925
A0A1D8PCX8,A0A1D8PM75,925
A0A1D8PCX8,P0CU35,861
A0A1D8PCX8,A0A1D8PL68,861
A0A1D8PCX8,A0A1D8PL99,925
A0A1D8PCX8,A0A1D8PEV4,833
A0A1D8PCX8,Q59L13,832
A0A1D8PCX8,Q5AJF7,832
A0A1D8PCX8,Q5AB87,925
A0A1D8PCX8,Q5ALV6,925
A0A1D8PCX8,Q96W54,861
A0A1D8PCX8,Q5A0M4,832
A0A1D8PCX8,Q9UVJ4,832
A0A1D8PCX8,Q59TE0,925
A0A1D8PCX8,A0A1D8PFV1,925
A0A1D8PCX8,Q5AGZ7,925
A0A1D8PCX8,Q5A389,925
A0A1D8PCX8,A0A1D8PGY0,925
A0A1D8PCX8,A0A1D8PF08,925
A0A1D8PCX8,A0A1D8PDT4,925
A0A1D8PCX8,A0A1D8PHF5,925
A0A1D8PCX8,Q59LS1,925
A0A1D8PCX8,Q59SI1,786
A0A1D8PCX8,Q5AEN2,925
A0A1D8PCX8,A0A1D8PPS1,925
A0A1D8PCX8,A0A1D8PDU3,925
A0A1D8PCX8,A0A1D8PSC5,925
A0A1D8PCX8,A0A1D8PQQ5,925
A0A1D8PCX8,Q5A7K0,925
A0A1D8PCX8,A0A1D8PSV5,925
A0A1D8PCX8,A0A1D8PCI6,861
A0A1D8PCX8,A0A1D8PP14,925
A0A1D8PCX8,A0A1D8PK22,925
A0A1D8PCX8,O59931,925
A0A1D8PCX8,A0A1D8PDZ1,925
A0A1D8PCX8,A0A1D8PCG7,925
A0A1D8PCX8,A0A1D8PI15,925
A0A1D8PCX8,A0A1D8PQN0,925
A0A1D8PCX8,A0A1D8PLC9,925
A0A1D8PCX8,A0A1D8PHW1,925
A0A1D8PCX8,A0A1D8PN83,920
A0A1D8PCX8,P83774,925
A0A1D8PCX8,A0A1D8PFG4,925
A0A1D8PCX8,A0A1D8PEY9,925
A0A1D8PCX8,P25997,921
A0A1D8PCX8,Q5A6A1,925
A0A1D8PCX8,Q5AJ93,925
A0A1D8PCX8,A0A1D8PSK2,925
A0A1D8PCX8,Q5ADQ6,925
A0A1D8PCX8,A0A1D8PGY8,925
A0A1D8PCX8,O42817,925
A0A1D8PCX8,A0A1D8PK40,925
A0A1D8PCX8,Q5A109,925
A0A1D8PCX8,Q5A6R1,925
A0A1D8PCX8,A0A1D8PPE0,925
A0A1D8PCX8,A0A1D8PTR4,925
A0A1D8PCX8,A0A1D8PK30,925
A0A1D8PCX8,A0A1D8PNQ6,925
A0A1D8PCX8,A0A1D8PFL9,925
A0A1D8PCX8,A0A1D8PK71,816
A0A1D8PCX8,A0A1D8PTI7,861
A0A1D8PCX8,A0A1D8PCW6,925
A0A1D8PCX8,A0A1D8PPN6,925
A0A1D8PCX8,Q5AIB8,925
A0A1D8PCX8,P40910,925
A0A1D8PCX8,A0A1D8PK43,925
A0A1D8PCX8,A0A1D8PHH4,925
A0A1D8PCX8,Q5AG43,925
A0A1D8PCX8,A0A1D8PQS0,832
A0A1D8PCX8,A0A1D8PDT3,925
A0A1D8PCX8,A0A1D8PF45,925
A0A1D8PCX8,A0A1D8PF57,861
A0A1D8PCX8,A0A1D8PTY4,921
A0A1D8PCY1,Q59SM3,832
A0A1D8PCY1,A0A1D8PFB8,832
A0A1D8PCY1,Q5A5P1,832
A0A1D8PCY1,A0A1D8PNC0,832
A0A1D8PCY1,Q59SS7,832
A0A1D8PD15,A0A1D8PFZ8,832
A0A1D8PD15,A0A1D8PFL7,832
A0A1D8PD15,A0A1D8PMQ4,832
A0A1D8PD15,A0A1D8PGA6,784
A0A1D8PD15,Q5A0L8,832
A0A1D8PD15,A0A1D8PTV0,832
A0A1D8PD15,A0A1D8PIV7,832
A0A1D8PD15,Q5A2A0,832
A0A1D8PD15,Q59X29,832
A0A1D8PD15,A0A1D8PNA8,832
A0A1D8PD15,A0A1D8PMQ0,812
A0A1D8PD15,Q59SD0,832
A0A1D8PD15,A0A1D8PLW8,832
A0A1D8PD15,A0A1D8PP77,816
A0A1D8PD15,Q5A3L0,832
A0A1D8PD15,Q5A6S2,832
A0A1D8PD15,A0A1D8PI93,832
A0A1D8PD31,A0A1D8PSF2,764
A0A1D8PD31,Q5A6L0,796
A0A1D8PD31,A0A1D8PQ05,818
A0A1D8PD31,Q5AEJ3,832
A0A1D8PD51,A0A1D8PDW1,832
A0A1D8PD51,A0A1D8PLY1,832
A0A1D8PD51,Q59X53,783
A0A1D8PD51,Q59TN2,832
A0A1D8PD51,A0A1D8PHQ0,832
A0A1D8PD51,A0A1D8PDF4,832
A0A1D8PD51,A0A1D8PCE7,832
A0A1D8PD51,Q5AMR4,801
A0A1D8PD57,A0A1D8PU24,832
A0A1D8PDB0,Q5A3L0,789
A0A1D8PDB0,Q5A109,800
A0A1D8PDC4,Q9B8D4,832
A0A1D8PDC4,A0A1D8PUD2,832
A0A1D8PDC4,Q9B8D5,832
A0A1D8PDC4,Q5A7P7,832
A0A1D8PDC4,A0A1D8PKZ9,832
A0A1D8PDC4,A0A1D8PQ38,832
A0A1D8PDC4,Q59M30,785
A0A1D8PDC4,Q59ZE0,832
A0A1D8PDC4,A0A1D8PRY3,832
A0A1D8PDC4,Q59PV8,832
A0A1D8PDC9,Q59MF4,832
A0A1D8PDF4,A0A1D8PCE7,822
A0A1D8PDF4,Q5AMR4,801
A0A1D8PDF4,A0A1D8PD51,832
A0A1D8PDF4,A0A1D8PHQ0,800
A0A1D8PDF4,Q59TN2,832
A0A1D8PDF4,A0A1D8PLY1,814
A0A1D8PDF4,A0A1D8PDW1,832
A0A1D8PDF4,Q59X53,803
A0A1D8PDI3,Q5AJG7,832
A0A1D8PDI3,Q9B8D2,786
A0A1D8PDI3,Q5ADP7,832
A0A1D8PDI3,A0A1D8PQU3,832
A0A1D8PDI3,A0A1D8PEH4,832
A0A1D8PDI3,A0A1D8PU51,832
A0A1D8PDI3,A0A1D8PG37,832
A0A1D8PDI3,Q59TD5,832
A0A1D8PDI3,Q59Y38,832
A0A1D8PDI3,A0A1D8PJ73,832
A0A1D8PDI3,A0A1D8PJA6,832
A0A1D8PDI3,A0A1D8PE69,832
A0A1D8PDI3,A0A1D8PPZ0,832
A0A1D8PDI3,Q5A222,832
A0A1D8PDI3,Q9B8C9,832
A0A1D8PDI3,Q5AH07,832
A0A1D8PDI3,Q5ABD5,832
A0A1D8PDI3,Q9B8D6,832
A0A1D8PDI3,A0A1D8PHY0,832
A0A1D8PDI3,A0A1D8PEJ9,832
A0A1D8PDI3,Q9B8D1,832
A0A1D8PDI3,Q9B8C8,832
A0A1D8PDI3,A0A1D8PCD3,832
A0A1D8PDI3,A0A1D8PRX9,832
A0A1D8PDK7,A0A1D8PGV7,921
A0A1D8PDK7,A0A1D8PRM4,832
A0A1D8PDK7,A0A1D8PGB0,832
A0A1D8PDK7,A0A1D8PS91,801
A0A1D8PDK7,A0A1D8PNP6,921
A0A1D8PDL6,A0A1D8PTR4,925
A0A1D8PDL6,A0A1D8PK30,925
A0A1D8PDL6,A0A1D8PNQ6,925
A0A1D8PDL6,A0A1D8PK71,816
A0A1D8PDL6,A0A1D8PFL9,925
A0A1D8PDL6,O42817,925
A0A1D8PDL6,A0A1D8PGY8,925
A0A1D8PDL6,Q5A109,925
A0A1D8PDL6,A0A1D8PK40,925
A0A1D8PDL6,Q5A6R1,925
A0A1D8PDL6,A0A1D8PPE0,925
A0A1D8PDL6,A0A1D8PQS0,832
A0A1D8PDL6,Q5AG43,925
A0A1D8PDL6,A0A1D8PHH4,925
A0A1D8PDL6,A0A1D8PDT3,925
A0A1D8PDL6,A0A1D8PF57,861
A0A1D8PDL6,A0A1D8PF45,925
A0A1D8PDL6,A0A1D8PTY4,921
A0A1D8PDL6,A0A1D8PTI7,861
A0A1D8PDL6,A0A1D8PPN6,925
A0A1D8PDL6,A0A1D8PCW6,925
A0A1D8PDL6,A0A1D8PK43,925
A0A1D8PDL6,P40910,925
A0A1D8PDL6,Q5AIB8,925
A0A1D8PDL6,A0A1D8PDZ1,925
A0A1D8PDL6,O59931,925
A0A1D8PDL6,A0A1D8PI15,925
A0A1D8PDL6,A0A1D8PCG7,925
A0A1D8PDL6,A0A1D8PLC9,925
A0A1D8PDL6,A0A1D8PQN0,925
A0A1D8PDL6,A0A1D8PN83,920
A0A1D8PDL6,A0A1D8PHW1,925
A0A1D8PDL6,A0A1D8PSV5,925
A0A1D8PDL6,A0A1D8PP14,925
A0A1D8PDL6,A0A1D8PCI6,861
A0A1D8PDL6,A0A1D8PK22,925
A0A1D8PDL6,A0A1D8PSK2,925
A0A1D8PDL6,Q5AJ93,925
A0A1D8PDL6,Q5ADQ6,925
A0A1D8PDL6,P83774,925
A0A1D8PDL6,A0A1D8PEY9,925
A0A1D8PDL6,A0A1D8PFG4,925
A0A1D8PDL6,P25997,921
A0A1D8PDL6,Q5A6A1,925
A0A1D8PDL6,Q59TE0,925
A0A1D8PDL6,A0A1D8PGY0,925
A0A1D8PDL6,Q5A389,925
A0A1D8PDL6,Q5AGZ7,925
A0A1D8PDL6,A0A1D8PFV1,925
A0A1D8PDL6,A0A1D8PF08,925
A0A1D8PDL6,A0A1D8PDT4,925
A0A1D8PDL6,Q9UVJ4,832
A0A1D8PDL6,Q5A0M4,832
A0A1D8PDL6,A0A1D8PQQ5,925
A0A1D8PDL6,Q5A7K0,925
A0A1D8PDL6,A0A1D8PHF5,925
A0A1D8PDL6,Q5AEN2,925
A0A1D8PDL6,Q59LS1,925
A0A1D8PDL6,A0A1D8PSC5,925
A0A1D8PDL6,A0A1D8PDU3,925
A0A1D8PDL6,A0A1D8PPS1,925
A0A1D8PDL6,A0A1D8PG16,925
A0A1D8PDL6,A0A1D8PM75,925
A0A1D8PDL6,A0A1D8PH21,925
A0A1D8PDL6,A0A1D8PCQ5,925
A0A1D8PDL6,Q5A900,925
A0A1D8PDL6,A0A1D8PM41,925
A0A1D8PDL6,Q5ANA1,861
A0A1D8PDL6,A0A1D8PPT5,925
A0A1D8PDL6,A0A1D8PK61,861
A0A1D8PDL6,Q59T44,925
A0A1D8PDL6,Q5AJF7,832
A0A1D8PDL6,A0A1D8PCX8,925
A0A1D8PDL6,Q5AB87,925
A0A1D8PDL6,Q96W54,861
A0A1D8PDL6,Q5ALV6,925
A0A1D8PDL6,P0CU35,861
A0A1D8PDL6,A0A1D8PL99,925
A0A1D8PDL6,A0A1D8PL68,861
A0A1D8PDL6,A0A1D8PEV4,833
A0A1D8PDP4,P25997,921
A0A1D8PDP4,A0A1D8PTY4,921
A0A1D8PDT3,A0A1D8PQQ5,925
A0A1D8PDT3,A0A1D8PHF5,925
A0A1D8PDT3,Q5AEN2,925
A0A1D8PDT3,Q59LS1,925
A0A1D8PDT3,A0A1D8PDU3,925
A0A1D8PDT3,Q59TE0,925
A0A1D8PDT3,A0A1D8PGY0,925
A0A1D8PDT3,A0A1D8PFV1,925
A0A1D8PDT3,Q5AGZ7,925
A0A1D8PDT3,A0A1D8PF08,925
A0A1D8PDT3,A0A1D8PDT4,925
A0A1D8PDT3,Q5AJF7,832
A0A1D8PDT3,A0A1D8PCX8,925
A0A1D8PDT3,A0A1D8PL68,861
A0A1D8PDT3,A0A1D8PEV4,833
A0A1D8PDT3,A0A1D8PM75,925
A0A1D8PDT3,Q5A5P8,832
A0A1D8PDT3,A0A1D8PH21,925
A0A1D8PDT3,Q5ANA1,861
A0A1D8PDT3,A0A1D8PPT5,925
A0A1D8PDT3,A0A1D8PK61,861
A0A1D8PDT3,A0A1D8PDL6,925
A0A1D8PDT3,Q59T44,925
A0A1D8PDT3,A0A1D8PF57,861
A0A1D8PDT3,A0A1D8PTI7,861
A0A1D8PDT3,A0A1D8PPN6,925
A0A1D8PDT3,A0A1D8PK43,925
A0A1D8PDT3,A0A1D8PK71,816
A0A1D8PDT3,A0A1D8PGY8,925
A0A1D8PDT3,Q5A109,925
A0A1D8PDT3,A0A1D8PK40,925
A0A1D8PDT3,Q5A6R1,925
A0A1D8PDT3,A0A1D8PPE0,925
A0A1D8PDT3,A0A1D8PSK2,925
A0A1D8PDT3,Q5AJ93,925
A0A1D8PDT3,Q5ADQ6,925
A0A1D8PDT3,P83774,925
A0A1D8PDT3,A0A1D8PEY9,925
A0A1D8PDT3,A0A1D8PFG4,925
A0A1D8PDT3,P25997,921
A0A1D8PDT3,O59931,925
A0A1D8PDT3,A0A1D8PCG7,925
A0A1D8PDT3,A0A1D8PLC9,925
A0A1D8PDT3,A0A1D8PN83,921
A0A1D8PDT3,A0A1D8PCI6,861
A0A1D8PDT3,Q5A7K0,925
A0A1D8PDT3,A0A1D8PSC5,925
A0A1D8PDT3,A0A1D8PPS1,925
A0A1D8PDT3,Q5A389,925
A0A1D8PDT3,Q59W63,724
A0A1D8PDT3,Q9UVJ4,832
A0A1D8PDT3,Q5A0M4,832
A0A1D8PDT3,Q5AB87,925
A0A1D8PDT3,Q96W54,861
A0A1D8PDT3,Q5ALV6,925
A0A1D8PDT3,P0CU35,861
A0A1D8PDT3,A0A1D8PL99,925
A0A1D8PDT3,A0A1D8PG16,925
A0A1D8PDT3,A0A1D8PCQ5,925
A0A1D8PDT3,Q5A900,925
A0A1D8PDT3,A0A1D8PM41,925
A0A1D8PDT3,A0A1D8PQS0,832
A0A1D8PDT3,A0A1D8PHH4,925
A0A1D8PDT3,Q5AG43,925
A0A1D8PDT3,A0A1D8PF45,925
A0A1D8PDT3,A0A1D8PTY4,921
A0A1D8PDT3,A0A1D8PCW6,925
A0A1D8PDT3,Q5AIB8,925
A0A1D8PDT3,P40910,925
A0A1D8PDT3,A0A1D8PTR4,925
A0A1D8PDT3,A0A1D8PK30,925
A0A1D8PDT3,A0A1D8PNQ6,925
A0A1D8PDT3,A0A1D8PFL9,925
A0A1D8PDT3,O42817,925
A0A1D8PDT3,Q5A6A1,925
A0A1D8PDT3,A0A1D8PDZ1,925
A0A1D8PDT3,A0A1D8PI15,925
A0A1D8PDT3,A0A1D8PQN0,925
A0A1D8PDT3,A0A1D8PHW1,925
A0A1D8PDT3,A0A1D8PSV5,925
A0A1D8PDT3,A0A1D8PP14,925
A0A1D8PDT3,A0A1D8PK22,925
A0A1D8PDT4,P40910,925
A0A1D8PDT4,Q5AIB8,925
A0A1D8PDT4,A0A1D8PK43,925
A0A1D8PDT4,A0A1D8PCW6,925
A0A1D8PDT4,A0A1D8PPN6,925
A0A1D8PDT4,A0A1D8PTI7,861
A0A1D8PDT4,A0A1D8PTY4,921
A0A1D8PDT4,A0A1D8PF45,925
A0A1D8PDT4,A0A1D8PF57,861
A0A1D8PDT4,A0A1D8PDT3,925
A0A1D8PDT4,Q5AG43,925
A0A1D8PDT4,A0A1D8PHH4,925
A0A1D8PDT4,A0A1D8PQS0,832
A0A1D8PDT4,A0A1D8PPE0,925
A0A1D8PDT4,Q5A6R1,925
A0A1D8PDT4,A0A1D8PK40,925
A0A1D8PDT4,Q5A109,925
A0A1D8PDT4,A0A1D8PGY8,925
A0A1D8PDT4,O42817,925
A0A1D8PDT4,A0A1D8PFL9,925
A0A1D8PDT4,A0A1D8PK71,800
A0A1D8PDT4,A0A1D8PNQ6,925
A0A1D8PDT4,A0A1D8PK30,925
A0A1D8PDT4,A0A1D8PTR4,925
A0A1D8PDT4,Q5A6A1,925
A0A1D8PDT4,P25997,921
A0A1D8PDT4,A0A1D8PFG4,925
A0A1D8PDT4,A0A1D8PEY9,925
A0A1D8PDT4,P83774,925
A0A1D8PDT4,Q5ADQ6,925
A0A1D8PDT4,Q5AJ93,925
A0A1D8PDT4,A0A1D8PSK2,925
A0A1D8PDT4,A0A1D8PK22,925
A0A1D8PDT4,A0A1D8PCI6,861
A0A1D8PDT4,A0A1D8PP14,925
A0A1D8PDT4,A0A1D8PSV5,925
A0A1D8PDT4,A0A1D8PHW1,925
A0A1D8PDT4,A0A1D8PN83,864
A0A1D8PDT4,A0A1D8PQN0,925
A0A1D8PDT4,A0A1D8PLC9,925
A0A1D8PDT4,A0A1D8PCG7,925
A0A1D8PDT4,A0A1D8PI15,925
A0A1D8PDT4,O59931,925
A0A1D8PDT4,A0A1D8PDZ1,925
A0A1D8PDT4,A0A1D8PPS1,925
A0A1D8PDT4,A0A1D8PDU3,925
A0A1D8PDT4,A0A1D8PSC5,925
A0A1D8PDT4,Q59LS1,925
A0A1D8PDT4,Q59SI1,785
A0A1D8PDT4,Q5AEN2,925
A0A1D8PDT4,A0A1D8PHF5,925
A0A1D8PDT4,Q5A7K0,925
A0A1D8PDT4,A0A1D8PQQ5,925
A0A1D8PDT4,Q5A0M4,832
A0A1D8PDT4,Q9UVJ4,832
A0A1D8PDT4,A0A1D8PF08,925
A0A1D8PDT4,Q5AGZ7,925
A0A1D8PDT4,A0A1D8PFV1,925
A0A1D8PDT4,Q5A389,925
A0A1D8PDT4,A0A1D8PGY0,925
A0A1D8PDT4,Q59TE0,925
A0A1D8PDT4,A0A1D8PEV4,833
A0A1D8PDT4,A0A1D8PL68,861
A0A1D8PDT4,A0A1D8PL99,925
A0A1D8PDT4,P0CU35,861
A0A1D8PDT4,Q5ALV6,925
A0A1D8PDT4,Q96W54,861
A0A1D8PDT4,Q5AB87,925
A0A1D8PDT4,Q59L13,832
A0A1D8PDT4,A0A1D8PCX8,925
A0A1D8PDT4,Q5AJF7,832
A0A1D8PDT4,Q59T44,925
A0A1D8PDT4,A0A1D8PDL6,925
A0A1D8PDT4,A0A1D8PK61,861
A0A1D8PDT4,A0A1D8PPT5,925
A0A1D8PDT4,Q5ANA1,861
A0A1D8PDT4,A0A1D8PM41,925
A0A1D8PDT4,Q5A900,925
A0A1D8PDT4,A0A1D8PCQ5,925
A0A1D8PDT4,A0A1D8PH21,925
A0A1D8PDT4,A0A1D8PM75,925
A0A1D8PDT4,A0A1D8PG16,925
A0A1D8PDU2,A0A1D8PU96,741
A0A1D8PDU2,Q59MA3,705
A0A1D8PDU3,Q5A6A1,925
A0A1D8PDU3,A0A1D8PSV5,925
A0A1D8PDU3,A0A1D8PK22,925
A0A1D8PDU3,A0A1D8PP14,925
A0A1D8PDU3,A0A1D8PI15,925
A0A1D8PDU3,A0A1D8PDZ1,925
A0A1D8PDU3,A0A1D8PHW1,925
A0A1D8PDU3,A0A1D8PQN0,925
A0A1D8PDU3,A0A1D8PCW6,925
A0A1D8PDU3,A0A1D8PJ43,792
A0A1D8PDU3,P40910,925
A0A1D8PDU3,Q5AIB8,925
A0A1D8PDU3,A0A1D8PQS0,832
A0A1D8PDU3,Q5AG43,925
A0A1D8PDU3,A0A1D8PHH4,925
A0A1D8PDU3,A0A1D8PTY4,921
A0A1D8PDU3,A0A1D8PF45,925
A0A1D8PDU3,O42817,925
A0A1D8PDU3,A0A1D8PK30,925
A0A1D8PDU3,A0A1D8PTR4,925
A0A1D8PDU3,A0A1D8PFL9,925
A0A1D8PDU3,A0A1D8PNQ6,925
A0A1D8PDU3,A0A1D8PL99,925
A0A1D8PDU3,P0CU35,862
A0A1D8PDU3,Q5ALV6,925
A0A1D8PDU3,Q96W54,862
A0A1D8PDU3,Q5AB87,925
A0A1D8PDU3,A0A1D8PCQ5,925
A0A1D8PDU3,A0A1D8PM41,925
A0A1D8PDU3,Q5A900,925
A0A1D8PDU3,A0A1D8PG16,925
A0A1D8PDU3,A0A1D8PPS1,925
A0A1D8PDU3,A0A1D8PSC5,925
A0A1D8PDU3,Q5A7K0,925
A0A1D8PDU3,Q5A0M4,832
A0A1D8PDU3,Q9UVJ4,832
A0A1D8PDU3,Q5A389,925
A0A1D8PDU3,A0A1D8PFG4,925
A0A1D8PDU3,A0A1D8PEY9,925
A0A1D8PDU3,P83774,925
A0A1D8PDU3,P25997,921
A0A1D8PDU3,Q5AJ93,925
A0A1D8PDU3,A0A1D8PSK2,925
A0A1D8PDU3,Q5ADQ6,925
A0A1D8PDU3,A0A1D8PCI6,862
A0A1D8PDU3,A0A1D8PCG7,925
A0A1D8PDU3,O59931,925
A0A1D8PDU3,A0A1D8PN83,925
A0A1D8PDU3,A0A1D8PLC9,925
A0A1D8PDU3,A0A1D8PPN6,925
A0A1D8PDU3,A0A1D8PTI7,861
A0A1D8PDU3,A0A1D8PK43,925
A0A1D8PDU3,A0A1D8PDT3,925
A0A1D8PDU3,A0A1D8PF57,861
A0A1D8PDU3,A0A1D8PK40,925
A0A1D8PDU3,Q5A109,925
A0A1D8PDU3,A0A1D8PGY8,925
A0A1D8PDU3,A0A1D8PPE0,925
A0A1D8PDU3,Q5A6R1,925
A0A1D8PDU3,A0A1D8PK71,816
A0A1D8PDU3,A0A1D8PL68,861
A0A1D8PDU3,A0A1D8PEV4,833
A0A1D8PDU3,A0A1D8PCX8,925
A0A1D8PDU3,Q5AJF7,832
A0A1D8PDU3,A0A1D8PH21,925
A0A1D8PDU3,Q5A5P8,832
A0A1D8PDU3,Q59T44,925
A0A1D8PDU3,A0A1D8PK61,861
A0A1D8PDU3,A0A1D8PDL6,925
A0A1D8PDU3,A0A1D8PPT5,925
A0A1D8PDU3,Q5ANA1,861
A0A1D8PDU3,A0A1D8PM75,925
A0A1D8PDU3,A0A1D8PHF5,925
A0A1D8PDU3,Q59LS1,925
A0A1D8PDU3,Q5AEN2,925
A0A1D8PDU3,A0A1D8PQQ5,925
A0A1D8PDU3,Q5AGZ7,925
A0A1D8PDU3,A0A1D8PFV1,925
A0A1D8PDU3,A0A1D8PGY0,925
A0A1D8PDU3,Q59TE0,925
A0A1D8PDU3,A0A1D8PDT4,925
A0A1D8PDU3,A0A1D8PF08,925
A0A1D8PDV7,A0A1D8PPK3,817
A0A1D8PDV7,A0A1D8PLM0,820
A0A1D8PDW1,A0A1D8PLY1,832
A0A1D8PDW1,Q59X53,832
A0A1D8PDW1,A0A1D8PDF4,832
A0A1D8PDW1,A0A1D8PCE7,832
A0A1D8PDW1,A0A1D8PD51,832
A0A1D8PDW1,Q5AMR4,832
A0A1D8PDW1,Q59TN2,832
A0A1D8PDW1,A0A1D8PHQ0,832
A0A1D8PDZ1,Q5AJF7,832
A0A1D8PDZ1,Q59L13,800
A0A1D8PDZ1,A0A1D8PCX8,925
A0A1D8PDZ1,Q96W54,861
A0A1D8PDZ1,Q5ALV6,925
A0A1D8PDZ1,Q5AB87,925
A0A1D8PDZ1,A0A1D8PL68,861
A0A1D8PDZ1,A0A1D8PL99,925
A0A1D8PDZ1,P0CU35,861
A0A1D8PDZ1,A0A1D8PEV4,833
A0A1D8PDZ1,A0A1D8PG16,925
A0A1D8PDZ1,A0A1D8PM75,925
A0A1D8PDZ1,A0A1D8PH21,925
A0A1D8PDZ1,A0A1D8PCQ5,925
A0A1D8PDZ1,A0A1D8PDL6,925
A0A1D8PDZ1,A0A1D8PK61,861
A0A1D8PDZ1,Q59T44,925
A0A1D8PDZ1,Q5A900,925
A0A1D8PDZ1,Q5ANA1,861
A0A1D8PDZ1,A0A1D8PPT5,925
A0A1D8PDZ1,A0A1D8PM41,925
A0A1D8PDZ1,A0A1D8PQQ5,925
A0A1D8PDZ1,Q5A7K0,925
A0A1D8PDZ1,A0A1D8PHF5,925
A0A1D8PDZ1,A0A1D8PDU3,925
A0A1D8PDZ1,A0A1D8PSC5,925
A0A1D8PDZ1,A0A1D8PPS1,925
A0A1D8PDZ1,Q59SI1,776
A0A1D8PDZ1,Q5AEN2,925
A0A1D8PDZ1,Q59LS1,925
A0A1D8PDZ1,A0A1D8PGY0,925
A0A1D8PDZ1,Q5AGZ7,925
A0A1D8PDZ1,A0A1D8PFV1,925
A0A1D8PDZ1,Q5A389,925
A0A1D8PDZ1,Q59TE0,925
A0A1D8PDZ1,A0A1D8PDT4,925
A0A1D8PDZ1,A0A1D8PF08,925
A0A1D8PDZ1,Q9UVJ4,832
A0A1D8PDZ1,Q5A0M4,832
A0A1D8PDZ1,A0A1D8PSK2,925
A0A1D8PDZ1,Q5AJ93,925
A0A1D8PDZ1,Q5ADQ6,925
A0A1D8PDZ1,A0A1D8PEY9,925
A0A1D8PDZ1,A0A1D8PFG4,925
A0A1D8PDZ1,P83774,925
A0A1D8PDZ1,Q5A6A1,925
A0A1D8PDZ1,P25997,921
A0A1D8PDZ1,A0A1D8PCG7,925
A0A1D8PDZ1,A0A1D8PI15,925
A0A1D8PDZ1,O59931,925
A0A1D8PDZ1,A0A1D8PN83,920
A0A1D8PDZ1,A0A1D8PHW1,925
A0A1D8PDZ1,A0A1D8PLC9,925
A0A1D8PDZ1,A0A1D8PQN0,925
A0A1D8PDZ1,A0A1D8PSV5,925
A0A1D8PDZ1,A0A1D8PK22,925
A0A1D8PDZ1,A0A1D8PP14,925
A0A1D8PDZ1,A0A1D8PCI6,861
A0A1D8PDZ1,A0A1D8PDT3,925
A0A1D8PDZ1,Q5AG43,925
A0A1D8PDZ1,A0A1D8PHH4,925
A0A1D8PDZ1,A0A1D8PQS0,832
A0A1D8PDZ1,A0A1D8PTY4,921
A0A1D8PDZ1,A0A1D8PF57,861
A0A1D8PDZ1,A0A1D8PF45,925
A0A1D8PDZ1,A0A1D8PPN6,925
A0A1D8PDZ1,A0A1D8PCW6,925
A0A1D8PDZ1,A0A1D8PTI7,861
A0A1D8PDZ1,P40910,925
A0A1D8PDZ1,Q5AIB8,925
A0A1D8PDZ1,A0A1D8PK43,925
A0A1D8PDZ1,A0A1D8PK30,925
A0A1D8PDZ1,A0A1D8PTR4,925
A0A1D8PDZ1,A0A1D8PFL9,925
A0A1D8PDZ1,A0A1D8PK71,816
A0A1D8PDZ1,A0A1D8PNQ6,925
A0A1D8PDZ1,Q5A109,925
A0A1D8PDZ1,A0A1D8PK40,925
A0A1D8PDZ1,O42817,925
A0A1D8PDZ1,A0A1D8PGY8,925
A0A1D8PDZ1,A0A1D8PPE0,925
A0A1D8PDZ1,Q5A6R1,925
A0A1D8PE08,A0A1D8PGL0,792
A0A1D8PE35,A0A1D8PN26,832
A0A1D8PE62,A0A1D8PK28,832
A0A1D8PE62,A0A1D8PP73,803
A0A1D8PE62,A0A1D8PML0,832
A0A1D8PE69,Q5A222,832
A0A1D8PE69,A0A1D8PPZ0,832
A0A1D8PE69,Q9B8C9,709
A0A1D8PE69,A0A1D8PHY0,709
A0A1D8PE69,Q9B8D1,832
A0A1D8PE69,A0A1D8PEJ9,832
A0A1D8PE69,Q9B8C8,832
A0A1D8PE69,A0A1D8PRX9,832
A0A1D8PE69,A0A1D8PCD3,832
A0A1D8PE69,Q5AH07,832
A0A1D8PE69,Q5ABD5,832
A0A1D8PE69,Q9B8D6,832
A0A1D8PE69,A0A1D8PU51,832
A0A1D8PE69,A0A1D8PG37,832
A0A1D8PE69,Q59TD5,832
A0A1D8PE69,Q59Y38,832
A0A1D8PE69,Q5AJG7,832
A0A1D8PE69,Q9B8D2,709
A0A1D8PE69,A0A1D8PDI3,832
A0A1D8PE69,A0A1D8PEH4,832
A0A1D8PE69,A0A1D8PQU3,832
A0A1D8PE69,Q5ADP7,832
A0A1D8PE69,A0A1D8PJA6,832
A0A1D8PE69,A0A1D8PJ73,832
A0A1D8PE77,A0A1D8PSA4,729
A0A1D8PE77,Q5A339,832
A0A1D8PE86,A0A1D8PMB5,798
A0A1D8PE86,A0A1D8PCA6,832
A0A1D8PE86,Q5ADM0,832
A0A1D8PE86,A0A1D8PM98,782
A0A1D8PE86,A0A1D8PMT3,832
A0A1D8PE86,Q5A326,782
A0A1D8PE86,A0A1D8PRX3,832
A0A1D8PEB4,Q59VH0,832
A0A1D8PEH4,A0A1D8PDI3,832
A0A1D8PEH4,Q5ADP7,832
A0A1D8PEH4,Q5AJG7,832
A0A1D8PEH4,Q59Y38,832
A0A1D8PEH4,A0A1D8PHA3,832
A0A1D8PEH4,A0A1D8PU51,832
A0A1D8PEH4,A0A1D8PG37,832
A0A1D8PEH4,A0A1D8PJX3,779
A0A1D8PEH4,Q5A222,832
A0A1D8PEH4,A0A1D8PPZ0,832
A0A1D8PEH4,Q5AH07,832
A0A1D8PEH4,Q5ABD5,832
A0A1D8PEH4,A0A1D8PCD3,832
A0A1D8PEH4,A0A1D8PHY0,796
A0A1D8PEH4,Q9B8D2,832
A0A1D8PEH4,A0A1D8PQU3,832
A0A1D8PEH4,Q59TD5,832
A0A1D8PEH4,A0A1D8PJA6,832
A0A1D8PEH4,A0A1D8PJ73,832
A0A1D8PEH4,A0A1D8PE69,832
A0A1D8PEH4,Q9B8C9,832
A0A1D8PEH4,A0A1D8PJS2,751
A0A1D8PEH4,Q9B8D6,832
A0A1D8PEH4,Q9B8C8,832
A0A1D8PEH4,A0A1D8PRX9,832
A0A1D8PEH4,A0A1D8PEJ9,824
A0A1D8PEH4,Q9B8D1,832
A0A1D8PEI3,Q5A449,784
A0A1D8PEJ9,Q5A222,832
A0A1D8PEJ9,A0A1D8PPZ0,832
A0A1D8PEJ9,Q9B8C8,818
A0A1D8PEJ9,A0A1D8PRX9,832
A0A1D8PEJ9,A0A1D8PCD3,832
A0A1D8PEJ9,A0A1D8PHY0,822
A0A1D8PEJ9,Q9B8D1,786
A0A1D8PEJ9,Q9B8D6,784
A0A1D8PEJ9,Q5AH07,819
A0A1D8PEJ9,Q5ABD5,832
A0A1D8PEJ9,Q59TD5,824
A0A1D8PEJ9,Q59Y38,802
A0A1D8PEJ9,A0A1D8PG37,824
A0A1D8PEJ9,A0A1D8PU51,819
A0A1D8PEJ9,A0A1D8PDI3,832
A0A1D8PEJ9,A0A1D8PEH4,824
A0A1D8PEJ9,A0A1D8PQU3,832
A0A1D8PEJ9,Q5ADP7,784
A0A1D8PEJ9,Q5AJG7,832
A0A1D8PEJ9,A0A1D8PE69,832
A0A1D8PEJ9,A0A1D8PJA6,832
A0A1D8PEJ9,A0A1D8PJ73,832
A0A1D8PEL3,A0A1D8PGV7,921
A0A1D8PEM5,A0A1D8PGS5,799
A0A1D8PEN1,A0A1D8PLY3,953
A0A1D8PEN1,A0A1D8PSW8,978
A0A1D8PEV4,A0A1D8PL99,833
A0A1D8PEV4,A0A1D8PL68,833
A0A1D8PEV4,P0CU35,821
A0A1D8PEV4,A0A1D8PCX8,833
A0A1D8PEV4,Q5ALV6,833
A0A1D8PEV4,Q96W54,821
A0A1D8PEV4,Q5AB87,833
A0A1D8PEV4,A0A1D8PCQ5,833
A0A1D8PEV4,A0A1D8PH21,833
A0A1D8PEV4,Q59T44,833
A0A1D8PEV4,A0A1D8PK61,821
A0A1D8PEV4,A0A1D8PDL6,833
A0A1D8PEV4,A0A1D8PM41,833
A0A1D8PEV4,A0A1D8PPT5,833
A0A1D8PEV4,Q5ANA1,821
A0A1D8PEV4,Q5A900,833
A0A1D8PEV4,A0A1D8PG16,833
A0A1D8PEV4,A0A1D8PM75,833
A0A1D8PEV4,A0A1D8PHF5,833
A0A1D8PEV4,A0A1D8PPS1,833
A0A1D8PEV4,A0A1D8PSC5,833
A0A1D8PEV4,A0A1D8PDU3,833
A0A1D8PEV4,Q59LS1,833
A0A1D8PEV4,Q5AEN2,833
A0A1D8PEV4,A0A1D8PQQ5,833
A0A1D8PEV4,Q5A7K0,833
A0A1D8PEV4,Q5A389,833
A0A1D8PEV4,A0A1D8PFV1,833
A0A1D8PEV4,Q5AGZ7,833
A0A1D8PEV4,A0A1D8PGY0,833
A0A1D8PEV4,Q59TE0,833
A0A1D8PEV4,A0A1D8PDT4,833
A0A1D8PEV4,A0A1D8PF08,833
A0A1D8PEV4,A0A1D8PFG4,833
A0A1D8PEV4,A0A1D8PEY9,833
A0A1D8PEV4,P83774,833
A0A1D8PEV4,Q5A6A1,833
A0A1D8PEV4,P25997,921
A0A1D8PEV4,Q5AJ93,833
A0A1D8PEV4,A0A1D8PSK2,833
A0A1D8PEV4,Q5ADQ6,833
A0A1D8PEV4,A0A1D8PSV5,833
A0A1D8PEV4,A0A1D8PK22,833
A0A1D8PEV4,A0A1D8PCI6,821
A0A1D8PEV4,A0A1D8PP14,833
A0A1D8PEV4,A0A1D8PI15,833
A0A1D8PEV4,A0A1D8PCG7,833
A0A1D8PEV4,O59931,833
A0A1D8PEV4,A0A1D8PDZ1,833
A0A1D8PEV4,A0A1D8PHW1,833
A0A1D8PEV4,A0A1D8PN83,833
A0A1D8PEV4,A0A1D8PQN0,833
A0A1D8PEV4,A0A1D8PLC9,833
A0A1D8PEV4,A0A1D8PCW6,833
A0A1D8PEV4,A0A1D8PPN6,833
A0A1D8PEV4,A0A1D8PTI7,821
A0A1D8PEV4,A0A1D8PK43,833
A0A1D8PEV4,Q5AIB8,833
A0A1D8PEV4,P40910,833
A0A1D8PEV4,A0A1D8PDT3,833
A0A1D8PEV4,A0A1D8PHH4,833
A0A1D8PEV4,Q5AG43,852
A0A1D8PEV4,A0A1D8PTY4,921
A0A1D8PEV4,A0A1D8PF45,833
A0A1D8PEV4,A0A1D8PF57,821
A0A1D8PEV4,A0A1D8PK40,833
A0A1D8PEV4,Q5A109,833
A0A1D8PEV4,A0A1D8PGY8,833
A0A1D8PEV4,O42817,833
A0A1D8PEV4,A0A1D8PPE0,833
A0A1D8PEV4,Q5A6R1,833
A0A1D8PEV4,A0A1D8PK30,833
A0A1D8PEV4,A0A1D8PTR4,833
A0A1D8PEV4,A0A1D8PK71,813
A0A1D8PEV4,A0A1D8PFL9,833
A0A1D8PEV4,A0A1D8PNQ6,833
A0A1D8PEV9,A0A1D8PG94,811
A0A1D8PEV9,A0A1D8PRY0,832
A0A1D8PEV9,A0A1D8PRP6,832
A0A1D8PEV9,Q5ADT9,832
A0A1D8PEV9,Q5AJZ7,832
A0A1D8PEV9,P25997,921
A0A1D8PEV9,Q59X93,832
A0A1D8PEV9,Q5AI24,752
A0A1D8PEV9,A0A1D8PRG0,832
A0A1D8PEV9,Q59KY7,832
A0A1D8PEV9,A0A1D8PLT6,811
A0A1D8PEV9,Q5AI30,832
A0A1D8PEV9,Q5AA46,832
A0A1D8PEV9,Q5A8Y6,832
A0A1D8PEV9,Q59RQ4,832
A0A1D8PEV9,A0A1D8PM86,832
A0A1D8PEV9,A0A1D8PQR2,832
A0A1D8PEV9,O94150,832
A0A1D8PEV9,A0A1D8PPW1,832
A0A1D8PEV9,Q5A3J1,832
A0A1D8PEV9,A0A1D8PCJ1,812
A0A1D8PEV9,A0A1D8PTY4,921
A0A1D8PEV9,A0A1D8PN49,811
A0A1D8PEV9,Q5A7P6,792
A0A1D8PEV9,Q5AAS9,797
A0A1D8PEV9,A0A1D8PQQ9,832
A0A1D8PEV9,Q5AHY8,832
A0A1D8PEV9,Q59VH3,832
A0A1D8PEV9,A0A1D8PQ89,832
A0A1D8PEV9,A0A1D8PPR6,832
A0A1D8PEV9,Q5A4Z9,832
A0A1D8PEV9,Q59RP7,832
A0A1D8PEV9,Q5AH35,798
A0A1D8PEV9,Q59ZI7,832
A0A1D8PEV9,A0A1D8PKF3,832
A0A1D8PEV9,Q5AK02,832
A0A1D8PEX3,A0A1D8PS34,832
A0A1D8PEX3,Q59L42,797
A0A1D8PEX3,A0A1D8PHD8,832
A0A1D8PEX3,Q59QT0,832
A0A1D8PEX3,A0A1D8PFJ8,832
A0A1D8PEX3,A0A1D8PHV8,832
A0A1D8PEX3,Q5AD50,807
A0A1D8PEX3,A0A1D8PQM4,832
A0A1D8PEX3,Q59MZ8,832
A0A1D8PEX3,A0A1D8PFX2,832
A0A1D8PEX3,Q59LT9,832
A0A1D8PEX3,A0A1D8PLR5,832
A0A1D8PEY9,A0A1D8PCX8,925
A0A1D8PEY9,Q5AJF7,832
A0A1D8PEY9,Q5AB87,925
A0A1D8PEY9,Q96W54,861
A0A1D8PEY9,Q5ALV6,925
A0A1D8PEY9,P0CU35,861
A0A1D8PEY9,A0A1D8PL68,861
A0A1D8PEY9,A0A1D8PL99,925
A0A1D8PEY9,A0A1D8PEV4,833
A0A1D8PEY9,A0A1D8PG16,925
A0A1D8PEY9,A0A1D8PM75,925
A0A1D8PEY9,Q5A5P8,832
A0A1D8PEY9,A0A1D8PH21,925
A0A1D8PEY9,A0A1D8PCQ5,925
A0A1D8PEY9,Q5A900,925
A0A1D8PEY9,A0A1D8PPT5,925
A0A1D8PEY9,Q5ANA1,861
A0A1D8PEY9,A0A1D8PM41,925
A0A1D8PEY9,A0A1D8PDL6,925
A0A1D8PEY9,A0A1D8PK61,861
A0A1D8PEY9,Q59T44,925
A0A1D8PEY9,A0A1D8PQQ5,925
A0A1D8PEY9,Q5A7K0,925
A0A1D8PEY9,A0A1D8PHF5,925
A0A1D8PEY9,Q5AEN2,925
A0A1D8PEY9,Q59LS1,925
A0A1D8PEY9,A0A1D8PDU3,925
A0A1D8PEY9,A0A1D8PSC5,925
A0A1D8PEY9,A0A1D8PPS1,925
A0A1D8PEY9,Q59TE0,925
A0A1D8PEY9,A0A1D8PGY0,925
A0A1D8PEY9,A0A1D8PFV1,925
A0A1D8PEY9,Q5AGZ7,925
A0A1D8PEY9,Q5A389,925
A0A1D8PEY9,A0A1D8PF08,925
A0A1D8PEY9,A0A1D8PDT4,925
A0A1D8PEY9,Q9UVJ4,832
A0A1D8PEY9,Q5A0M4,814
A0A1D8PEY9,A0A1D8PSK2,925
A0A1D8PEY9,Q5AJ93,925
A0A1D8PEY9,Q5ADQ6,925
A0A1D8PEY9,P83774,925
A0A1D8PEY9,A0A1D8PFG4,925
A0A1D8PEY9,P25997,921
A0A1D8PEY9,Q5A6A1,925
A0A1D8PEY9,A0A1D8PDZ1,925
A0A1D8PEY9,O59931,925
A0A1D8PEY9,A0A1D8PCG7,925
A0A1D8PEY9,A0A1D8PI15,925
A0A1D8PEY9,A0A1D8PQN0,925
A0A1D8PEY9,A0A1D8PLC9,925
A0A1D8PEY9,A0A1D8PN83,921
A0A1D8PEY9,A0A1D8PHW1,925
A0A1D8PEY9,A0A1D8PSV5,925
A0A1D8PEY9,A0A1D8PCI6,861
A0A1D8PEY9,A0A1D8PP14,925
A0A1D8PEY9,A0A1D8PK22,925
A0A1D8PEY9,A0A1D8PHH4,925
A0A1D8PEY9,Q5AG43,925
A0A1D8PEY9,A0A1D8PQS0,832
A0A1D8PEY9,A0A1D8PDT3,925
A0A1D8PEY9,A0A1D8PF57,861
A0A1D8PEY9,A0A1D8PF45,925
A0A1D8PEY9,A0A1D8PTY4,921
A0A1D8PEY9,A0A1D8PTI7,861
A0A1D8PEY9,A0A1D8PPN6,925
A0A1D8PEY9,A0A1D8PCW6,925
A0A1D8PEY9,Q5AIB8,925
A0A1D8PEY9,P40910,925
A0A1D8PEY9,A0A1D8PK43,925
A0A1D8PEY9,A0A1D8PTR4,925
A0A1D8PEY9,A0A1D8PK30,925
A0A1D8PEY9,A0A1D8PNQ6,925
A0A1D8PEY9,A0A1D8PFL9,925
A0A1D8PEY9,A0A1D8PK71,816
A0A1D8PEY9,O42817,925
A0A1D8PEY9,A0A1D8PGY8,925
A0A1D8PEY9,Q5A109,925
A0A1D8PEY9,A0A1D8PK40,925
A0A1D8PEY9,Q5A6R1,925
A0A1D8PEY9,A0A1D8PPE0,925
A0A1D8PF08,A0A1D8PTY4,921
A0A1D8PF08,A0A1D8PF45,925
A0A1D8PF08,Q5AG43,925
A0A1D8PF08,A0A1D8PHH4,925
A0A1D8PF08,A0A1D8PQS0,832
A0A1D8PF08,Q5AIB8,925
A0A1D8PF08,P40910,925
A0A1D8PF08,A0A1D8PCW6,925
A0A1D8PF08,A0A1D8PFL9,925
A0A1D8PF08,A0A1D8PNQ6,925
A0A1D8PF08,A0A1D8PK30,925
A0A1D8PF08,A0A1D8PTR4,925
A0A1D8PF08,O42817,925
A0A1D8PF08,Q5A6A1,925
A0A1D8PF08,A0A1D8PHW1,925
A0A1D8PF08,A0A1D8PQN0,925
A0A1D8PF08,A0A1D8PI15,925
A0A1D8PF08,A0A1D8PDZ1,925
A0A1D8PF08,A0A1D8PK22,925
A0A1D8PF08,A0A1D8PP14,925
A0A1D8PF08,A0A1D8PSV5,925
A0A1D8PF08,Q5A7K0,925
A0A1D8PF08,A0A1D8PSC5,925
A0A1D8PF08,A0A1D8PPS1,925
A0A1D8PF08,Q59SI1,782
A0A1D8PF08,Q5A389,925
A0A1D8PF08,Q9UVJ4,832
A0A1D8PF08,Q5A0M4,832
A0A1D8PF08,Q96W54,861
A0A1D8PF08,Q5ALV6,925
A0A1D8PF08,Q5AB87,925
A0A1D8PF08,A0A1D8PL99,925
A0A1D8PF08,P0CU35,861
A0A1D8PF08,A0A1D8PG16,925
A0A1D8PF08,Q5A900,925
A0A1D8PF08,A0A1D8PM41,925
A0A1D8PF08,A0A1D8PCQ5,925
A0A1D8PF08,A0A1D8PF57,861
A0A1D8PF08,A0A1D8PDT3,925
A0A1D8PF08,A0A1D8PK43,925
A0A1D8PF08,A0A1D8PPN6,925
A0A1D8PF08,A0A1D8PTI7,861
A0A1D8PF08,A0A1D8PK71,816
A0A1D8PF08,A0A1D8PPE0,925
A0A1D8PF08,Q5A6R1,925
A0A1D8PF08,Q5A109,925
A0A1D8PF08,A0A1D8PK40,925
A0A1D8PF08,A0A1D8PGY8,925
A0A1D8PF08,Q5ADQ6,925
A0A1D8PF08,A0A1D8PSK2,925
A0A1D8PF08,Q5AJ93,925
A0A1D8PF08,P25997,921
A0A1D8PF08,A0A1D8PEY9,925
A0A1D8PF08,A0A1D8PFG4,925
A0A1D8PF08,P83774,925
A0A1D8PF08,A0A1D8PN83,920
A0A1D8PF08,A0A1D8PLC9,925
A0A1D8PF08,A0A1D8PCG7,925
A0A1D8PF08,O59931,925
A0A1D8PF08,A0A1D8PCI6,861
A0A1D8PF08,A0A1D8PQQ5,925
A0A1D8PF08,A0A1D8PDU3,925
A0A1D8PF08,Q5AEN2,925
A0A1D8PF08,Q59LS1,925
A0A1D8PF08,A0A1D8PHF5,925
A0A1D8PF08,A0A1D8PDT4,925
A0A1D8PF08,A0A1D8PGY0,925
A0A1D8PF08,Q5AGZ7,925
A0A1D8PF08,A0A1D8PFV1,925
A0A1D8PF08,Q59TE0,925
A0A1D8PF08,Q5AJF7,832
A0A1D8PF08,A0A1D8PCX8,925
A0A1D8PF08,A0A1D8PEV4,833
A0A1D8PF08,A0A1D8PL68,861
A0A1D8PF08,A0A1D8PM75,925
A0A1D8PF08,A0A1D8PDL6,925
A0A1D8PF08,A0A1D8PK61,861
A0A1D8PF08,Q59T44,925
A0A1D8PF08,Q5ANA1,861
A0A1D8PF08,A0A1D8PPT5,925
A0A1D8PF08,A0A1D8PH21,925
A0A1D8PF11,P25997,921
A0A1D8PF11,A0A1D8PTY4,921
A0A1D8PF14,A0A1D8PF50,747
A0A1D8PF14,A0A1D8PRE0,747
A0A1D8PF14,Q59Y40,747
A0A1D8PF14,A0A1D8PI20,747
A0A1D8PF14,A0A1D8PGP2,799
A0A1D8PF14,A0A1D8PJD3,747
A0A1D8PF14,Q5A7Q9,810
A0A1D8PF14,A0A1D8PNG5,747
A0A1D8PF14,A0A1D8PFZ9,747
A0A1D8PF14,Q59S06,747
A0A1D8PF14,Q5AFB9,747
A0A1D8PF14,Q59ZX6,747
A0A1D8PF14,Q59W63,747
A0A1D8PF14,Q5ACL9,747
A0A1D8PF14,A0A1D8PJ54,747
A0A1D8PF14,A0A1D8PRP4,747
A0A1D8PF14,Q5APD0,810
A0A1D8PF14,A0A1D8PKG5,747
A0A1D8PF14,Q5A756,747
A0A1D8PF14,A0A1D8PRJ5,810
A0A1D8PF14,A0A1D8PGM4,747
A0A1D8PF14,A0A1D8PLN1,747
A0A1D8PF14,A0A1D8PJ43,747
A0A1D8PF14,Q5A213,747
A0A1D8PF15,P25997,921
A0A1D8PF15,A0A1D8PTY4,921
A0A1D8PF22,Q5ALU8,798
A0A1D8PF22,A0A1D8PIN6,826
A0A1D8PF22,A0A1D8PK87,832
A0A1D8PF22,Q5AHZ2,832
A0A1D8PF30,Q5AA13,832
A0A1D8PF30,A0A1D8PU06,781
A0A1D8PF30,Q59VX1,824
A0A1D8PF30,Q5A435,781
A0A1D8PF30,A0A1D8PK48,801
A0A1D8PF45,A0A1D8PQQ5,925
A0A1D8PF45,Q5A7K0,925
A0A1D8PF45,A0A1D8PHF5,925
A0A1D8PF45,Q59LS1,925
A0A1D8PF45,Q5AEN2,925
A0A1D8PF45,A0A1D8PPS1,925
A0A1D8PF45,A0A1D8PSC5,925
A0A1D8PF45,A0A1D8PDU3,925
A0A1D8PF45,Q59TE0,925
A0A1D8PF45,Q5A389,925
A0A1D8PF45,A0A1D8PFV1,925
A0A1D8PF45,Q5AGZ7,925
A0A1D8PF45,A0A1D8PGY0,925
A0A1D8PF45,A0A1D8PF08,925
A0A1D8PF45,A0A1D8PDT4,925
A0A1D8PF45,Q5A0M4,832
A0A1D8PF45,Q9UVJ4,832
A0A1D8PF45,Q5AJF7,832
A0A1D8PF45,A0A1D8PCX8,925
A0A1D8PF45,Q5AB87,925
A0A1D8PF45,Q5ALV6,925
A0A1D8PF45,Q96W54,861
A0A1D8PF45,P0CU35,861
A0A1D8PF45,A0A1D8PL99,925
A0A1D8PF45,A0A1D8PL68,861
A0A1D8PF45,A0A1D8PEV4,833
A0A1D8PF45,A0A1D8PG16,925
A0A1D8PF45,A0A1D8PM75,925
A0A1D8PF45,A0A1D8PCQ5,925
A0A1D8PF45,A0A1D8PH21,925
A0A1D8PF45,A0A1D8PM41,925
A0A1D8PF45,Q5ANA1,861
A0A1D8PF45,A0A1D8PPT5,925
A0A1D8PF45,Q5A900,925
A0A1D8PF45,Q59T44,925
A0A1D8PF45,A0A1D8PK61,861
A0A1D8PF45,A0A1D8PDL6,925
A0A1D8PF45,A0A1D8PQS0,832
A0A1D8PF45,Q5AG43,925
A0A1D8PF45,A0A1D8PHH4,925
A0A1D8PF45,A0A1D8PDT3,925
A0A1D8PF45,A0A1D8PF57,861
A0A1D8PF45,A0A1D8PTY4,921
A0A1D8PF45,A0A1D8PTI7,861
A0A1D8PF45,A0A1D8PCW6,925
A0A1D8PF45,A0A1D8PPN6,925
A0A1D8PF45,A0A1D8PK43,925
A0A1D8PF45,Q5AIB8,925
A0A1D8PF45,P40910,925
A0A1D8PF45,A0A1D8PTR4,925
A0A1D8PF45,A0A1D8PK30,925
A0A1D8PF45,A0A1D8PNQ6,925
A0A1D8PF45,A0A1D8PK71,816
A0A1D8PF45,A0A1D8PFL9,925
A0A1D8PF45,A0A1D8PGY8,925
A0A1D8PF45,O42817,925
A0A1D8PF45,A0A1D8PK40,925
A0A1D8PF45,Q5A109,925
A0A1D8PF45,Q5A6R1,925
A0A1D8PF45,A0A1D8PPE0,925
A0A1D8PF45,Q5AJ93,925
A0A1D8PF45,A0A1D8PSK2,920
A0A1D8PF45,Q5ADQ6,925
A0A1D8PF45,P83774,925
A0A1D8PF45,A0A1D8PFG4,925
A0A1D8PF45,A0A1D8PEY9,925
A0A1D8PF45,P25997,921
A0A1D8PF45,Q5A6A1,925
A0A1D8PF45,O59931,925
A0A1D8PF45,A0A1D8PDZ1,925
A0A1D8PF45,A0A1D8PI15,925
A0A1D8PF45,A0A1D8PCG7,925
A0A1D8PF45,A0A1D8PLC9,925
A0A1D8PF45,A0A1D8PQN0,925
A0A1D8PF45,A0A1D8PHW1,925
A0A1D8PF45,A0A1D8PN83,920
A0A1D8PF45,A0A1D8PSV5,925
A0A1D8PF45,A0A1D8PP14,925
A0A1D8PF45,A0A1D8PCI6,861
A0A1D8PF45,A0A1D8PK22,925
A0A1D8PF50,Q59ZX6,747
A0A1D8PF50,Q59W63,747
A0A1D8PF50,Q5ACL9,747
A0A1D8PF50,A0A1D8PGM4,747
A0A1D8PF50,A0A1D8PJ43,747
A0A1D8PF50,A0A1D8PRE0,802
A0A1D8PF50,A0A1D8PGP2,771
A0A1D8PF50,A0A1D8PI20,808
A0A1D8PF50,A0A1D8PF14,747
A0A1D8PF50,Q59S06,747
A0A1D8PF56,A0A1D8PTN4,832
A0A1D8PF56,O43101,832
A0A1D8PF57,A0A1D8PGY0,861
A0A1D8PF57,Q5A389,861
A0A1D8PF57,A0A1D8PFV1,861
A0A1D8PF57,Q5AGZ7,861
A0A1D8PF57,Q59TE0,861
A0A1D8PF57,A0A1D8PDT4,861
A0A1D8PF57,A0A1D8PF08,861
A0A1D8PF57,A0A1D8PHF5,861
A0A1D8PF57,A0A1D8PSC5,861
A0A1D8PF57,A0A1D8PDU3,861
A0A1D8PF57,A0A1D8PPS1,861
A0A1D8PF57,Q5AEN2,861
A0A1D8PF57,Q59LS1,861
A0A1D8PF57,A0A1D8PQQ5,861
A0A1D8PF57,Q5A7K0,861
A0A1D8PF57,A0A1D8PH21,861
A0A1D8PF57,A0A1D8PCQ5,861
A0A1D8PF57,A0A1D8PK61,831
A0A1D8PF57,A0A1D8PDL6,861
A0A1D8PF57,Q59T44,861
A0A1D8PF57,Q5A900,861
A0A1D8PF57,A0A1D8PM41,861
A0A1D8PF57,Q5ANA1,831
A0A1D8PF57,A0A1D8PPT5,861
A0A1D8PF57,A0A1D8PG16,861
A0A1D8PF57,A0A1D8PM75,861
A0A1D8PF57,A0A1D8PL99,861
A0A1D8PF57,A0A1D8PL68,831
A0A1D8PF57,P0CU35,831
A0A1D8PF57,A0A1D8PEV4,821
A0A1D8PF57,A0A1D8PCX8,861
A0A1D8PF57,Q96W54,831
A0A1D8PF57,Q5ALV6,861
A0A1D8PF57,Q5AB87,861
A0A1D8PF57,Q5A109,861
A0A1D8PF57,A0A1D8PK40,861
A0A1D8PF57,O42817,861
A0A1D8PF57,A0A1D8PGY8,861
A0A1D8PF57,A0A1D8PPE0,861
A0A1D8PF57,Q5A6R1,861
A0A1D8PF57,A0A1D8PK30,861
A0A1D8PF57,A0A1D8PTR4,861
A0A1D8PF57,A0A1D8PK71,800
A0A1D8PF57,A0A1D8PFL9,861
A0A1D8PF57,A0A1D8PNQ6,861
A0A1D8PF57,A0A1D8PPN6,861
A0A1D8PF57,A0A1D8PCW6,861
A0A1D8PF57,A0A1D8PTI7,831
A0A1D8PF57,A0A1D8PK43,861
A0A1D8PF57,P40910,861
A0A1D8PF57,Q5AIB8,861
A0A1D8PF57,A0A1D8PDT3,861
A0A1D8PF57,A0A1D8PHH4,861
A0A1D8PF57,Q5AG43,861
A0A1D8PF57,A0A1D8PTY4,921
A0A1D8PF57,A0A1D8PF45,861
A0A1D8PF57,A0A1D8PSV5,861
A0A1D8PF57,A0A1D8PK22,861
A0A1D8PF57,A0A1D8PP14,861
A0A1D8PF57,A0A1D8PCI6,831
A0A1D8PF57,A0A1D8PI15,861
A0A1D8PF57,A0A1D8PCG7,861
A0A1D8PF57,A0A1D8PDZ1,861
A0A1D8PF57,O59931,861
A0A1D8PF57,A0A1D8PN83,839
A0A1D8PF57,A0A1D8PHW1,861
A0A1D8PF57,A0A1D8PLC9,861
A0A1D8PF57,A0A1D8PQN0,861
A0A1D8PF57,A0A1D8PEY9,861
A0A1D8PF57,A0A1D8PFG4,861
A0A1D8PF57,P83774,861
A0A1D8PF57,Q5A6A1,861
A0A1D8PF57,P25997,921
A0A1D8PF57,A0A1D8PSK2,861
A0A1D8PF57,Q5AJ93,861
A0A1D8PF57,Q5ADQ6,861
A0A1D8PF81,A0A1D8PSH5,832
A0A1D8PFB8,Q5A5P1,832
A0A1D8PFB8,A0A1D8PNC0,832
A0A1D8PFB8,A0A1D8PCY1,832
A0A1D8PFB8,Q59SM3,832
A0A1D8PFB8,Q59SS7,832
A0A1D8PFC8,A0A1D8PS03,921
A0A1D8PFC8,A0A1D8PMB0,921
A0A1D8PFD7,Q59V90,802
A0A1D8PFD7,A0A1D8PHX3,832
A0A1D8PFE1,A0A1D8PH72,832
A0A1D8PFE6,Q59MA3,802
A0A1D8PFE6,A0A1D8PS48,832
A0A1D8PFE6,Q59P49,832
A0A1D8PFE6,A0A1D8PIE7,832
A0A1D8PFE6,A0A1D8PU96,784
A0A1D8PFE6,A0A1D8PHW4,832
A0A1D8PFE6,A0A1D8PTJ5,832
A0A1D8PFE6,Q5A034,832
A0A1D8PFE6,Q59S42,749
A0A1D8PFF9,Q5A513,858
A0A1D8PFG4,P0CU35,861
A0A1D8PFG4,A0A1D8PL68,861
A0A1D8PFG4,A0A1D8PL99,925
A0A1D8PFG4,A0A1D8PEV4,833
A0A1D8PFG4,Q5AJF7,832
A0A1D8PFG4,Q59L13,788
A0A1D8PFG4,A0A1D8PCX8,925
A0A1D8PFG4,Q5AB87,925
A0A1D8PFG4,Q5ALV6,925
A0A1D8PFG4,Q96W54,861
A0A1D8PFG4,A0A1D8PCQ5,925
A0A1D8PFG4,A0A1D8PH21,925
A0A1D8PFG4,Q5ANA1,861
A0A1D8PFG4,A0A1D8PPT5,925
A0A1D8PFG4,A0A1D8PM41,925
A0A1D8PFG4,Q5A900,925
A0A1D8PFG4,Q59T44,925
A0A1D8PFG4,A0A1D8PDL6,925
A0A1D8PFG4,A0A1D8PK61,861
A0A1D8PFG4,A0A1D8PG16,925
A0A1D8PFG4,A0A1D8PM75,925
A0A1D8PFG4,A0A1D8PHF5,925
A0A1D8PFG4,Q59LS1,925
A0A1D8PFG4,Q59SI1,727
A0A1D8PFG4,Q5AEN2,925
A0A1D8PFG4,A0A1D8PPS1,925
A0A1D8PFG4,A0A1D8PDU3,925
A0A1D8PFG4,A0A1D8PSC5,925
A0A1D8PFG4,A0A1D8PQQ5,925
A0A1D8PFG4,Q5A7K0,925
A0A1D8PFG4,Q5A0M4,832
A0A1D8PFG4,Q9UVJ4,832
A0A1D8PFG4,Q59TE0,925
A0A1D8PFG4,Q5AGZ7,925
A0A1D8PFG4,A0A1D8PFV1,925
A0A1D8PFG4,Q5A389,925
A0A1D8PFG4,A0A1D8PGY0,925
A0A1D8PFG4,A0A1D8PF08,925
A0A1D8PFG4,A0A1D8PDT4,925
A0A1D8PFG4,P83774,925
A0A1D8PFG4,A0A1D8PEY9,925
A0A1D8PFG4,P25997,921
A0A1D8PFG4,Q5A6A1,925
A0A1D8PFG4,Q5AJ93,925
A0A1D8PFG4,A0A1D8PSK2,925
A0A1D8PFG4,Q5A0V9,734
A0A1D8PFG4,Q5ADQ6,925
A0A1D8PFG4,A0A1D8PSV5,925
A0A1D8PFG4,A0A1D8PP14,925
A0A1D8PFG4,A0A1D8PCI6,861
A0A1D8PFG4,A0A1D8PK22,925
A0A1D8PFG4,O59931,925
A0A1D8PFG4,A0A1D8PDZ1,925
A0A1D8PFG4,A0A1D8PCG7,925
A0A1D8PFG4,A0A1D8PI15,925
A0A1D8PFG4,A0A1D8PLC9,925
A0A1D8PFG4,A0A1D8PQN0,925
A0A1D8PFG4,A0A1D8PHW1,925
A0A1D8PFG4,A0A1D8PN83,920
A0A1D8PFG4,A0A1D8PTI7,861
A0A1D8PFG4,A0A1D8PCW6,925
A0A1D8PFG4,A0A1D8PPN6,925
A0A1D8PFG4,P40910,925
A0A1D8PFG4,Q5AIB8,925
A0A1D8PFG4,A0A1D8PK43,925
A0A1D8PFG4,A0A1D8PHH4,925
A0A1D8PFG4,Q5AG43,925
A0A1D8PFG4,A0A1D8PQS0,832
A0A1D8PFG4,A0A1D8PDT3,925
A0A1D8PFG4,A0A1D8PF45,925
A0A1D8PFG4,A0A1D8PF57,861
A0A1D8PFG4,A0A1D8PTY4,921
A0A1D8PFG4,A0A1D8PGY8,925
A0A1D8PFG4,O42817,925
A0A1D8PFG4,A0A1D8PK40,925
A0A1D8PFG4,Q5A109,925
A0A1D8PFG4,Q5A6R1,925
A0A1D8PFG4,A0A1D8PPE0,925
A0A1D8PFG4,A0A1D8PTR4,925
A0A1D8PFG4,A0A1D8PK30,925
A0A1D8PFG4,A0A1D8PNQ6,925
A0A1D8PFG4,A0A1D8PFL9,925
A0A1D8PFG4,A0A1D8PK71,816
A0A1D8PFH1,Q5A920,801
A0A1D8PFH1,A0A1D8PU84,721
A0A1D8PFH7,Q5APB0,832
A0A1D8PFH7,Q5AC37,832
A0A1D8PFH7,Q59R35,700
A0A1D8PFH7,A0A1D8PHP3,734
A0A1D8PFH7,Q5A449,832
A0A1D8PFH7,A0A1D8PH20,831
A0A1D8PFH7,A0A1D8PNM3,795
A0A1D8PFH7,Q5A7Q3,791
A0A1D8PFH7,Q59W50,818
A0A1D8PFH7,A0A1D8PTI0,714
A0A1D8PFH7,Q5AED6,832
A0A1D8PFH7,A0A1D8PH71,832
A0A1D8PFH7,A0A1D8PPC8,780
A0A1D8PFH7,A0A1D8PMK6,832
A0A1D8PFH7,Q5A322,832
A0A1D8PFH7,A0A1D8PMR5,832
A0A1D8PFH7,A0A1D8PUC1,749
A0A1D8PFH7,Q5APG6,832
A0A1D8PFH7,Q5A5N5,832
A0A1D8PFH7,Q59PD3,749
A0A1D8PFH7,Q5ADV1,832
A0A1D8PFI2,A0A1D8PNM3,783
A0A1D8PFI2,A0A1D8PUC1,798
A0A1D8PFI2,Q5A1M0,813
A0A1D8PFI2,A0A1D8PMR5,832
A0A1D8PFI2,A0A1D8PU02,832
A0A1D8PFI2,A0A1D8PNL9,832
A0A1D8PFI2,A0A1D8PHQ5,832
A0A1D8PFI2,Q5A322,832
A0A1D8PFI2,A0A1D8PPC8,781
A0A1D8PFI2,A0A1D8PH71,820
A0A1D8PFJ7,Q59WJ8,832
A0A1D8PFJ8,Q5A5N9,796
A0A1D8PFJ8,Q5A8Y7,832
A0A1D8PFJ8,A0A1D8PUA6,832
A0A1D8PFJ8,A0A1D8PLR5,832
A0A1D8PFJ8,A0A1D8PLP0,796
A0A1D8PFJ8,A0A1D8PHD8,832
A0A1D8PFJ8,Q59QT0,832
A0A1D8PFJ8,Q5A246,796
A0A1D8PFJ8,Q5A462,832
A0A1D8PFJ8,A0A1D8PMS1,832
A0A1D8PFJ8,A0A1D8PG13,741
A0A1D8PFJ8,A0A1D8PQM4,808
A0A1D8PFJ8,Q5ALX3,783
A0A1D8PFJ8,Q59MZ8,832
A0A1D8PFJ8,A0A1D8PH80,832
A0A1D8PFJ8,A0A1D8PFX2,832
A0A1D8PFJ8,Q59LT9,832
A0A1D8PFJ8,A0A1D8PS34,780
A0A1D8PFJ8,Q5A8Y5,832
A0A1D8PFJ8,A0A1D8PEX3,832
A0A1D8PFJ8,A0A1D8PHV8,832
A0A1D8PFJ8,A0A1D8PCD0,832
A0A1D8PFJ8,Q5A298,832
A0A1D8PFJ8,Q59Z24,832
A0A1D8PFL7,Q59SD0,832
A0A1D8PFL7,Q5AJZ5,784
A0A1D8PFL7,A0A1D8PI93,832
A0A1D8PFL7,Q5A6S2,832
A0A1D8PFL7,Q5A3L0,832
A0A1D8PFL7,A0A1D8PP77,816
A0A1D8PFL7,A0A1D8PLW8,832
A0A1D8PFL7,Q5A2A0,832
A0A1D8PFL7,A0A1D8PTY6,726
A0A1D8PFL7,A0A1D8PNA8,832
A0A1D8PFL7,Q59X29,832
A0A1D8PFL7,Q5A0L8,832
A0A1D8PFL7,A0A1D8PD15,832
A0A1D8PFL7,A0A1D8PGA6,810
A0A1D8PFL7,A0A1D8PIV7,832
A0A1D8PFL7,A0A1D8PTV0,832
A0A1D8PFL7,A0A1D8PQW1,741
A0A1D8PFL7,A0A1D8PMQ4,832
A0A1D8PFL7,A0A1D8PFZ8,832
A0A1D8PFL7,A0A1D8PC77,832
A0A1D8PFL8,Q5AJB1,832
A0A1D8PFL8,A0A1D8PKX3,832
A0A1D8PFL8,Q59PT0,832
A0A1D8PFL8,A0A1D8PSX0,814
A0A1D8PFL8,Q59U85,832
A0A1D8PFL8,P87220,832
A0A1D8PFL8,A0A1D8PS38,832
A0A1D8PFL8,A0A1D8PH17,832
A0A1D8PFL8,Q5A2U9,832
A0A1D8PFL8,A0A1D8PK00,832
A0A1D8PFL9,A0A1D8PEY9,925
A0A1D8PFL9,A0A1D8PFG4,925
A0A1D8PFL9,P83774,925
A0A1D8PFL9,Q5A6A1,925
A0A1D8PFL9,P25997,921
A0A1D8PFL9,A0A1D8PSK2,925
A0A1D8PFL9,Q5AJ93,925
A0A1D8PFL9,Q5ADQ6,925
A0A1D8PFL9,A0A1D8PSV5,925
A0A1D8PFL9,A0A1D8PK22,925
A0A1D8PFL9,A0A1D8PP14,925
A0A1D8PFL9,A0A1D8PCI6,861
A0A1D8PFL9,A0A1D8PI15,925
A0A1D8PFL9,A0A1D8PCG7,925
A0A1D8PFL9,A0A1D8PDZ1,925
A0A1D8PFL9,O59931,925
A0A1D8PFL9,A0A1D8PN83,920
A0A1D8PFL9,A0A1D8PHW1,925
A0A1D8PFL9,A0A1D8PLC9,925
A0A1D8PFL9,A0A1D8PQN0,925
A0A1D8PFL9,A0A1D8PPN6,925
A0A1D8PFL9,A0A1D8PCW6,925
A0A1D8PFL9,A0A1D8PTI7,861
A0A1D8PFL9,A0A1D8PK43,925
A0A1D8PFL9,Q5AIB8,925
A0A1D8PFL9,P40910,925
A0A1D8PFL9,A0A1D8PDT3,925
A0A1D8PFL9,A0A1D8PQS0,832
A0A1D8PFL9,Q5AG43,925
A0A1D8PFL9,A0A1D8PHH4,925
A0A1D8PFL9,A0A1D8PTY4,921
A0A1D8PFL9,A0A1D8PF57,861
A0A1D8PFL9,A0A1D8PF45,925
A0A1D8PFL9,Q5A109,925
A0A1D8PFL9,A0A1D8PK40,925
A0A1D8PFL9,O42817,925
A0A1D8PFL9,A0A1D8PGY8,925
A0A1D8PFL9,A0A1D8PPE0,925
A0A1D8PFL9,Q5A6R1,925
A0A1D8PFL9,A0A1D8PK30,925
A0A1D8PFL9,A0A1D8PTR4,925
A0A1D8PFL9,A0A1D8PK71,816
A0A1D8PFL9,A0A1D8PNQ6,925
A0A1D8PFL9,A0A1D8PL99,925
A0A1D8PFL9,A0A1D8PL68,861
A0A1D8PFL9,P0CU35,861
A0A1D8PFL9,A0A1D8PEV4,833
A0A1D8PFL9,Q5AJF7,832
A0A1D8PFL9,A0A1D8PCX8,925
A0A1D8PFL9,Q59L13,832
A0A1D8PFL9,Q96W54,861
A0A1D8PFL9,Q5ALV6,925
A0A1D8PFL9,Q5AB87,925
A0A1D8PFL9,A0A1D8PH21,925
A0A1D8PFL9,A0A1D8PCQ5,925
A0A1D8PFL9,A0A1D8PK61,861
A0A1D8PFL9,A0A1D8PDL6,925
A0A1D8PFL9,Q59T44,925
A0A1D8PFL9,Q5A900,925
A0A1D8PFL9,A0A1D8PM41,925
A0A1D8PFL9,Q5ANA1,861
A0A1D8PFL9,A0A1D8PPT5,925
A0A1D8PFL9,A0A1D8PG16,925
A0A1D8PFL9,A0A1D8PM75,925
A0A1D8PFL9,A0A1D8PHF5,925
A0A1D8PFL9,A0A1D8PSC5,925
A0A1D8PFL9,A0A1D8PDU3,925
A0A1D8PFL9,A0A1D8PPS1,925
A0A1D8PFL9,Q5AEN2,925
A0A1D8PFL9,Q59LS1,925
A0A1D8PFL9,A0A1D8PQQ5,925
A0A1D8PFL9,Q5A7K0,925
A0A1D8PFL9,Q9UVJ4,832
A0A1D8PFL9,Q5A0M4,832
A0A1D8PFL9,A0A1D8PGY0,925
A0A1D8PFL9,Q5A389,925
A0A1D8PFL9,A0A1D8PFV1,925
A0A1D8PFL9,Q5AGZ7,925
A0A1D8PFL9,Q59TE0,925
A0A1D8PFL9,A0A1D8PDT4,925
A0A1D8PFL9,A0A1D8PF08,925
A0A1D8PFQ0,A0A1D8PGV7,921
A0A1D8PFS0,Q59XP0,832
A0A1D8PFS0,Q59YF0,832
A0A1D8PFV1,P0CU35,861
A0A1D8PFV1,A0A1D8PL99,925
A0A1D8PFV1,Q5AB87,925
A0A1D8PFV1,Q96W54,861
A0A1D8PFV1,Q5ALV6,925
A0A1D8PFV1,Q59L13,832
A0A1D8PFV1,Q5A900,925
A0A1D8PFV1,A0A1D8PM41,925
A0A1D8PFV1,A0A1D8PCQ5,925
A0A1D8PFV1,A0A1D8PG16,925
A0A1D8PFV1,Q59SI1,744
A0A1D8PFV1,A0A1D8PSC5,925
A0A1D8PFV1,A0A1D8PPS1,925
A0A1D8PFV1,Q5A7K0,925
A0A1D8PFV1,Q9UVJ4,832
A0A1D8PFV1,Q5A0M4,832
A0A1D8PFV1,Q5A389,925
A0A1D8PFV1,Q5A6A1,925
A0A1D8PFV1,A0A1D8PP14,925
A0A1D8PFV1,A0A1D8PK22,925
A0A1D8PFV1,A0A1D8PSV5,925
A0A1D8PFV1,A0A1D8PQN0,925
A0A1D8PFV1,A0A1D8PHW1,925
A0A1D8PFV1,A0A1D8PDZ1,925
A0A1D8PFV1,A0A1D8PI15,925
A0A1D8PFV1,Q5AIB8,925
A0A1D8PFV1,P40910,925
A0A1D8PFV1,A0A1D8PCW6,925
A0A1D8PFV1,A0A1D8PF45,925
A0A1D8PFV1,A0A1D8PTY4,921
A0A1D8PFV1,A0A1D8PQS0,832
A0A1D8PFV1,A0A1D8PHH4,925
A0A1D8PFV1,Q5AG43,925
A0A1D8PFV1,O42817,925
A0A1D8PFV1,A0A1D8PNQ6,925
A0A1D8PFV1,A0A1D8PFL9,925
A0A1D8PFV1,A0A1D8PTR4,925
A0A1D8PFV1,A0A1D8PK30,925
A0A1D8PFV1,A0A1D8PEV4,833
A0A1D8PFV1,A0A1D8PL68,861
A0A1D8PFV1,A0A1D8PCX8,925
A0A1D8PFV1,Q5AJF7,832
A0A1D8PFV1,A0A1D8PPT5,925
A0A1D8PFV1,Q5ANA1,861
A0A1D8PFV1,A0A1D8PK61,861
A0A1D8PFV1,A0A1D8PDL6,925
A0A1D8PFV1,Q59T44,925
A0A1D8PFV1,A0A1D8PH21,925
A0A1D8PFV1,A0A1D8PM75,925
A0A1D8PFV1,Q5AEN2,925
A0A1D8PFV1,Q59LS1,925
A0A1D8PFV1,A0A1D8PDU3,925
A0A1D8PFV1,A0A1D8PHF5,925
A0A1D8PFV1,A0A1D8PQQ5,925
A0A1D8PFV1,A0A1D8PF08,925
A0A1D8PFV1,A0A1D8PDT4,925
A0A1D8PFV1,Q59TE0,925
A0A1D8PFV1,A0A1D8PGY0,925
A0A1D8PFV1,Q5AGZ7,925
A0A1D8PFV1,P25997,921
A0A1D8PFV1,P83774,925
A0A1D8PFV1,A0A1D8PEY9,925
A0A1D8PFV1,A0A1D8PFG4,925
A0A1D8PFV1,Q5ADQ6,925
A0A1D8PFV1,A0A1D8PSK2,925
A0A1D8PFV1,Q5AJ93,925
A0A1D8PFV1,A0A1D8PCI6,861
A0A1D8PFV1,A0A1D8PLC9,925
A0A1D8PFV1,A0A1D8PN83,920
A0A1D8PFV1,O59931,925
A0A1D8PFV1,A0A1D8PCG7,925
A0A1D8PFV1,A0A1D8PK43,925
A0A1D8PFV1,A0A1D8PTI7,861
A0A1D8PFV1,A0A1D8PPN6,925
A0A1D8PFV1,A0A1D8PF57,861
A0A1D8PFV1,A0A1D8PDT3,925
A0A1D8PFV1,Q5A6R1,925
A0A1D8PFV1,A0A1D8PPE0,925
A0A1D8PFV1,A0A1D8PGY8,925
A0A1D8PFV1,Q5A109,925
A0A1D8PFV1,A0A1D8PK40,925
A0A1D8PFV1,A0A1D8PK71,816
A0A1D8PFW4,A0A1D8PU88,832
A0A1D8PFX2,Q59M52,784
A0A1D8PFX2,A0A1D8PUA6,832
A0A1D8PFX2,Q5A8Y7,832
A0A1D8PFX2,A0A1D8PLR5,832
A0A1D8PFX2,Q5AK73,781
A0A1D8PFX2,Q59QT0,832
A0A1D8PFX2,A0A1D8PHD8,832
A0A1D8PFX2,Q5A462,832
A0A1D8PFX2,A0A1D8PFJ8,832
A0A1D8PFX2,Q5ALX3,832
A0A1D8PFX2,Q59MZ8,832
A0A1D8PFX2,A0A1D8PQM4,832
A0A1D8PFX2,A0A1D8PH80,832
A0A1D8PFX2,Q59LT9,832
A0A1D8PFX2,A0A1D8PEX3,832
A0A1D8PFX2,Q5A8Y5,832
A0A1D8PFX2,A0A1D8PS34,759
A0A1D8PFX2,Q5A298,832
A0A1D8PFX2,A0A1D8PCD0,832
A0A1D8PFX2,A0A1D8PHV8,782
A0A1D8PFX2,Q59Z24,832
A0A1D8PFX4,A0A1D8PTG5,832
A0A1D8PFX4,A0A1D8PNJ9,832
A0A1D8PFX4,A0A1D8PTV1,798
A0A1D8PFX4,A0A1D8PRP0,832
A0A1D8PFX4,A0A1D8PR50,832
A0A1D8PFX4,A0A1D8PNP9,832
A0A1D8PFX4,A0A1D8PSP7,832
A0A1D8PFZ8,A0A1D8PRB6,782
A0A1D8PFZ8,Q5A2A0,832
A0A1D8PFZ8,A0A1D8PLW8,832
A0A1D8PFZ8,Q5A3L0,832
A0A1D8PFZ8,Q59SD0,832
A0A1D8PFZ8,A0A1D8PJ20,769
A0A1D8PFZ8,Q5AEB8,782
A0A1D8PFZ8,A0A1D8PQW1,783
A0A1D8PFZ8,A0A1D8PMQ4,832
A0A1D8PFZ8,A0A1D8PIV7,832
A0A1D8PFZ8,A0A1D8PRH6,782
A0A1D8PFZ8,A0A1D8PD15,832
A0A1D8PFZ8,A0A1D8PGA6,832
A0A1D8PFZ8,Q5A0L8,832
A0A1D8PFZ8,A0A1D8PNA8,832
A0A1D8PFZ8,Q59X29,832
A0A1D8PFZ8,A0A1D8PI93,832
A0A1D8PFZ8,Q5A6S2,832
A0A1D8PFZ8,A0A1D8PP77,832
A0A1D8PFZ8,Q5AJZ5,807
A0A1D8PFZ8,A0A1D8PC77,743
A0A1D8PFZ8,Q59PZ1,782
A0A1D8PFZ8,A0A1D8PFL7,832
A0A1D8PFZ8,A0A1D8PTV0,832
A0A1D8PFZ8,A0A1D8PNC8,784
A0A1D8PFZ9,Q5A852,832
A0A1D8PFZ9,Q59S06,796
A0A1D8PFZ9,A0A1D8PNG5,801
A0A1D8PFZ9,A0A1D8PF14,747
A0A1D8PFZ9,Q5A7Q9,747
A0A1D8PFZ9,Q5A0V9,740
A0A1D8PFZ9,A0A1D8PJD3,780
A0A1D8PFZ9,Q59UH8,747
A0A1D8PFZ9,A0A1D8PU59,747
A0A1D8PFZ9,A0A1D8PGP2,818
A0A1D8PFZ9,A0A1D8PI20,702
A0A1D8PFZ9,A0A1D8PRE0,771
A0A1D8PFZ9,Q59Y40,799
A0A1D8PFZ9,A0A1D8PU27,781
A0A1D8PFZ9,A0A1D8PLN1,832
A0A1D8PFZ9,A0A1D8PJ43,747
A0A1D8PFZ9,Q5A213,747
A0A1D8PFZ9,Q5ANL6,747
A0A1D8PFZ9,A0A1D8PGM4,801
A0A1D8PFZ9,A0A1D8PU46,799
A0A1D8PFZ9,Q5A756,747
A0A1D8PFZ9,A0A1D8PRP4,832
A0A1D8PFZ9,Q59X74,832
A0A1D8PFZ9,Q5APD0,747
A0A1D8PFZ9,Q59ZX6,747
A0A1D8PFZ9,Q59W63,781
A0A1D8PFZ9,Q5AFB9,747
A0A1D8PFZ9,Q5ACL9,803
A0A1D8PG03,A0A1D8PIG5,921
A0A1D8PG13,A0A1D8PFJ8,741
A0A1D8PG13,Q5A462,712
A0A1D8PG13,Q5A8Y5,830
A0A1D8PG13,Q5AMR1,832
A0A1D8PG16,A0A1D8PH21,925
A0A1D8PG16,A0A1D8PCQ5,925
A0A1D8PG16,A0A1D8PDL6,925
A0A1D8PG16,A0A1D8PK61,861
A0A1D8PG16,Q59T44,925
A0A1D8PG16,Q5A900,925
A0A1D8PG16,Q5ANA1,861
A0A1D8PG16,A0A1D8PPT5,925
A0A1D8PG16,A0A1D8PM41,925
A0A1D8PG16,A0A1D8PM75,925
A0A1D8PG16,A0A1D8PL68,861
A0A1D8PG16,A0A1D8PL99,925
A0A1D8PG16,P0CU35,861
A0A1D8PG16,A0A1D8PEV4,833
A0A1D8PG16,Q5AJF7,832
A0A1D8PG16,Q59L13,832
A0A1D8PG16,A0A1D8PCX8,925
A0A1D8PG16,Q96W54,861
A0A1D8PG16,Q5ALV6,925
A0A1D8PG16,Q5AB87,925
A0A1D8PG16,Q9UVJ4,832
A0A1D8PG16,Q5A0M4,832
A0A1D8PG16,A0A1D8PGY0,925
A0A1D8PG16,A0A1D8PFV1,925
A0A1D8PG16,Q5AGZ7,925
A0A1D8PG16,Q5A389,925
A0A1D8PG16,Q59TE0,925
A0A1D8PG16,A0A1D8PDT4,925
A0A1D8PG16,A0A1D8PF08,925
A0A1D8PG16,A0A1D8PHF5,925
A0A1D8PG16,A0A1D8PDU3,925
A0A1D8PG16,A0A1D8PSC5,925
A0A1D8PG16,A0A1D8PPS1,925
A0A1D8PG16,Q5AEN2,925
A0A1D8PG16,Q59LS1,925
A0A1D8PG16,A0A1D8PQQ5,925
A0A1D8PG16,Q5A7K0,925
A0A1D8PG16,A0A1D8PSV5,925
A0A1D8PG16,A0A1D8PK22,925
A0A1D8PG16,A0A1D8PP14,925
A0A1D8PG16,A0A1D8PCI6,861
A0A1D8PG16,A0A1D8PCG7,925
A0A1D8PG16,A0A1D8PI15,925
A0A1D8PG16,A0A1D8PDZ1,925
A0A1D8PG16,O59931,925
A0A1D8PG16,A0A1D8PN83,921
A0A1D8PG16,A0A1D8PHW1,925
A0A1D8PG16,A0A1D8PLC9,925
A0A1D8PG16,A0A1D8PQN0,925
A0A1D8PG16,A0A1D8PEY9,925
A0A1D8PG16,A0A1D8PFG4,925
A0A1D8PG16,P83774,925
A0A1D8PG16,Q5A6A1,925
A0A1D8PG16,P25997,921
A0A1D8PG16,A0A1D8PSK2,925
A0A1D8PG16,Q5AJ93,925
A0A1D8PG16,Q5ADQ6,925
A0A1D8PG16,Q5A109,925
A0A1D8PG16,A0A1D8PK40,925
A0A1D8PG16,O42817,925
A0A1D8PG16,A0A1D8PGY8,925
A0A1D8PG16,A0A1D8PPE0,925
A0A1D8PG16,Q5A6R1,925
A0A1D8PG16,A0A1D8PK30,925
A0A1D8PG16,A0A1D8PTR4,925
A0A1D8PG16,A0A1D8PFL9,925
A0A1D8PG16,A0A1D8PK71,816
A0A1D8PG16,A0A1D8PNQ6,925
A0A1D8PG16,A0A1D8PPN6,925
A0A1D8PG16,A0A1D8PCW6,925
A0A1D8PG16,A0A1D8PTI7,861
A0A1D8PG16,P40910,925
A0A1D8PG16,Q5AIB8,925
A0A1D8PG16,A0A1D8PK43,925
A0A1D8PG16,A0A1D8PDT3,925
A0A1D8PG16,A0A1D8PHH4,925
A0A1D8PG16,Q5AG43,925
A0A1D8PG16,A0A1D8PQS0,832
A0A1D8PG16,A0A1D8PTY4,921
A0A1D8PG16,A0A1D8PF57,861
A0A1D8PG16,A0A1D8PF45,925
A0A1D8PG31,P25997,921
A0A1D8PG37,Q59Y38,832
A0A1D8PG37,A0A1D8PHA3,801
A0A1D8PG37,A0A1D8PU51,832
A0A1D8PG37,Q5ADP7,832
A0A1D8PG37,A0A1D8PDI3,832
A0A1D8PG37,Q5AJG7,832
A0A1D8PG37,A0A1D8PJX3,727
A0A1D8PG37,Q5A222,832
A0A1D8PG37,A0A1D8PPZ0,832
A0A1D8PG37,A0A1D8PCD3,832
A0A1D8PG37,A0A1D8PHY0,820
A0A1D8PG37,Q5ABD5,832
A0A1D8PG37,Q5AH07,832
A0A1D8PG37,Q59TD5,832
A0A1D8PG37,A0A1D8PEH4,832
A0A1D8PG37,A0A1D8PQU3,832
A0A1D8PG37,Q9B8D2,786
A0A1D8PG37,A0A1D8PE69,832
A0A1D8PG37,A0A1D8PJA6,832
A0A1D8PG37,A0A1D8PJ73,832
A0A1D8PG37,Q9B8C9,832
A0A1D8PG37,A0A1D8PRX9,832
A0A1D8PG37,Q9B8C8,832
A0A1D8PG37,A0A1D8PEJ9,824
A0A1D8PG37,Q9B8D1,832
A0A1D8PG37,Q9B8D6,832
A0A1D8PG94,Q59ZI7,832
A0A1D8PG94,Q5A798,797
A0A1D8PG94,A0A1D8PRP9,806
A0A1D8PG94,A0A1D8PKF3,832
A0A1D8PG94,A0A1D8PPR6,832
A0A1D8PG94,Q59RP7,832
A0A1D8PG94,Q5A4Z9,811
A0A1D8PG94,Q59VH3,832
A0A1D8PG94,Q59QC1,832
A0A1D8PG94,A0A1D8PQ89,832
A0A1D8PG94,Q5AHY8,832
A0A1D8PG94,A0A1D8PQQ9,832
A0A1D8PG94,Q5A7P6,832
A0A1D8PG94,A0A1D8PN49,832
A0A1D8PG94,A0A1D8PTY4,921
A0A1D8PG94,A0A1D8PCJ1,832
A0A1D8PG94,Q5A3J1,832
A0A1D8PG94,Q5AAS9,792
A0A1D8PG94,O94150,832
A0A1D8PG94,A0A1D8PPW1,811
A0A1D8PG94,Q59RQ4,832
A0A1D8PG94,A0A1D8PQR2,832
A0A1D8PG94,Q5A8Y6,832
A0A1D8PG94,Q5AA46,832
A0A1D8PG94,A0A1D8PRG0,832
A0A1D8PG94,Q59X93,832
A0A1D8PG94,Q5AI30,801
A0A1D8PG94,A0A1D8PLT6,832
A0A1D8PG94,Q59KY7,832
A0A1D8PG94,P25997,921
A0A1D8PG94,A0A1D8PRP6,832
A0A1D8PG94,A0A1D8PRY0,832
A0A1D8PG94,A0A1D8PMX3,832
A0A1D8PG94,Q5AJZ7,832
A0A1D8PG94,A0A1D8PJ23,812
A0A1D8PG94,A0A1D8PEV9,811
A0A1D8PGA6,A0A1D8PLW8,832
A0A1D8PGA6,A0A1D8PTV0,829
A0A1D8PGA6,Q5A3L0,784
A0A1D8PGA6,A0A1D8PP77,832
A0A1D8PGA6,A0A1D8PIV7,792
A0A1D8PGA6,A0A1D8PI93,785
A0A1D8PGA6,Q5A6S2,801
A0A1D8PGA6,A0A1D8PD15,784
A0A1D8PGA6,Q59SD0,832
A0A1D8PGA6,Q5A0L8,832
A0A1D8PGA6,Q59X29,832
A0A1D8PGA6,A0A1D8PNA8,832
A0A1D8PGA6,A0A1D8PFL7,810
A0A1D8PGA6,A0A1D8PFZ8,832
A0A1D8PGA6,A0A1D8PMQ4,832
A0A1D8PGA6,Q5A2A0,783
A0A1D8PGB0,A0A1D8PS91,832
A0A1D8PGB0,A0A1D8PNP6,921
A0A1D8PGB0,A0A1D8PGV7,921
A0A1D8PGB0,A0A1D8PRM4,832
A0A1D8PGB0,A0A1D8PDK7,832
A0A1D8PGC3,Q59M53,780
A0A1D8PGC3,Q5APB4,783
A0A1D8PGC3,A0A1D8PQH0,781
A0A1D8PGC3,A0A1D8PPE3,832
A0A1D8PGC3,A0A1D8PLZ6,792
A0A1D8PGE3,A0A1D8PTY4,921
A0A1D8PGE3,P25997,921
A0A1D8PGJ1,A0A1D8PQ45,783
A0A1D8PGL0,A0A1D8PE08,792
A0A1D8PGL7,A0A1D8PGV7,921
A0A1D8PGL7,A0A1D8PSM8,799
A0A1D8PGL7,Q5ADP6,796
A0A1D8PGM4,A0A1D8PLN1,747
A0A1D8PGM4,A0A1D8PJ43,747
A0A1D8PGM4,Q5A213,782
A0A1D8PGM4,Q5AG43,782
A0A1D8PGM4,Q5A0H6,832
A0A1D8PGM4,Q5A756,747
A0A1D8PGM4,A0A1D8PRJ5,747
A0A1D8PGM4,A0A1D8PPE0,747
A0A1D8PGM4,A0A1D8PRP4,747
A0A1D8PGM4,Q59X74,747
A0A1D8PGM4,Q5APD0,789
A0A1D8PGM4,Q5AFB9,747
A0A1D8PGM4,Q59W63,747
A0A1D8PGM4,Q59ZX6,747
A0A1D8PGM4,Q5ACL9,802
A0A1D8PGM4,A0A1D8PJ54,802
A0A1D8PGM4,A0A1D8PFZ9,801
A0A1D8PGM4,A0A1D8PF14,747
A0A1D8PGM4,A0A1D8PNG5,747
A0A1D8PGM4,A0A1D8PRE8,802
A0A1D8PGM4,Q59MK3,747
A0A1D8PGM4,Q59S06,799
A0A1D8PGM4,Q5A0V9,780
A0A1D8PGM4,A0A1D8PJD3,747
A0A1D8PGM4,A0A1D8PU59,747
A0A1D8PGM4,A0A1D8PGP2,747
A0A1D8PGM4,Q5A6P2,747
A0A1D8PGM4,A0A1D8PI20,747
A0A1D8PGM4,A0A1D8PRE0,747
A0A1D8PGM4,A0A1D8PF50,747
A0A1D8PGP2,A0A1D8PRJ5,810
A0A1D8PGP2,Q5A756,832
A0A1D8PGP2,Q59W63,826
A0A1D8PGP2,Q59ZX6,810
A0A1D8PGP2,A0A1D8PJ54,747
A0A1D8PGP2,Q5ACL9,802
A0A1D8PGP2,Q5APD0,747
A0A1D8PGP2,Q59X74,747
A0A1D8PGP2,A0A1D8PJ43,747
A0A1D8PGP2,A0A1D8PLN1,747
A0A1D8PGP2,Q5A213,807
A0A1D8PGP2,A0A1D8PTY4,921
A0A1D8PGP2,A0A1D8PU46,785
A0A1D8PGP2,A0A1D8PGM4,747
A0A1D8PGP2,Q5A0H6,747
A0A1D8PGP2,A0A1D8PI20,702
A0A1D8PGP2,A0A1D8PHX2,762
A0A1D8PGP2,A0A1D8PF50,771
A0A1D8PGP2,Q59Y40,799
A0A1D8PGP2,A0A1D8PRE0,747
A0A1D8PGP2,Q59S06,832
A0A1D8PGP2,A0A1D8PFZ9,818
A0A1D8PGP2,A0A1D8PF14,799
A0A1D8PGP2,A0A1D8PNG5,832
A0A1D8PGP2,A0A1D8PRE8,782
A0A1D8PGP2,Q5A852,832
A0A1D8PGP2,A0A1D8PJD3,780
A0A1D8PGP2,A0A1D8PU59,810
A0A1D8PGP2,Q5A7Q9,796
A0A1D8PGP2,Q5A0V9,869
A0A1D8PGQ5,P25997,921
A0A1D8PGQ5,A0A1D8PTY4,921
A0A1D8PGR8,Q5AED9,824
A0A1D8PGS5,A0A1D8PEM5,799
A0A1D8PGS6,Q5AEG6,832
A0A1D8PGS6,A0A1D8PMJ9,832
A0A1D8PGS6,Q59VY5,832
A0A1D8PGS6,A0A1D8PU84,832
A0A1D8PGS6,Q5A920,832
A0A1D8PGS6,Q5AH42,832
A0A1D8PGV7,A0A1D8PDK7,921
A0A1D8PGV7,A0A1D8PKV6,921
A0A1D8PGV7,A0A1D8PHC5,921
A0A1D8PGV7,A0A1D8PFQ0,921
A0A1D8PGV7,P84149,921
A0A1D8PGV7,Q5A2J1,921
A0A1D8PGV7,A0A1D8PEL3,921
A0A1D8PGV7,A0A1D8PPM7,921
A0A1D8PGV7,Q59VX7,921
A0A1D8PGV7,Q5A8P6,921
A0A1D8PGV7,Q59P43,921
A0A1D8PGV7,A0A1D8PKH4,921
A0A1D8PGV7,Q5ANL4,921
A0A1D8PGV7,Q5AEF2,921
A0A1D8PGV7,A0A1D8PGL7,921
A0A1D8PGV7,Q5A2S9,921
A0A1D8PGV7,A0A1D8PLW7,921
A0A1D8PGV7,A0A1D8PRM4,921
A0A1D8PGV7,A0A1D8PGB0,921
A0A1D8PGV7,A0A1D8PNP6,921
A0A1D8PGV7,A0A1D8PHC9,921
A0A1D8PGV7,A0A1D8PM92,921
A0A1D8PGV7,A0A1D8PK90,921
A0A1D8PGV7,Q5ANH3,921
A0A1D8PGV7,A0A1D8PS91,921
A0A1D8PGY0,Q5A0M4,832
A0A1D8PGY0,Q9UVJ4,832
A0A1D8PGY0,Q59TE0,925
A0A1D8PGY0,Q5A389,925
A0A1D8PGY0,A0A1D8PFV1,925
A0A1D8PGY0,Q5AGZ7,925
A0A1D8PGY0,A0A1D8PF08,925
A0A1D8PGY0,A0A1D8PDT4,925
A0A1D8PGY0,A0A1D8PHF5,925
A0A1D8PGY0,Q59LS1,925
A0A1D8PGY0,Q5AEN2,925
A0A1D8PGY0,Q59SI1,772
A0A1D8PGY0,A0A1D8PPS1,925
A0A1D8PGY0,A0A1D8PSC5,925
A0A1D8PGY0,A0A1D8PDU3,925
A0A1D8PGY0,A0A1D8PQQ5,925
A0A1D8PGY0,Q5A7K0,925
A0A1D8PGY0,A0A1D8PCQ5,925
A0A1D8PGY0,A0A1D8PH21,925
A0A1D8PGY0,A0A1D8PM41,925
A0A1D8PGY0,Q5ANA1,861
A0A1D8PGY0,A0A1D8PPT5,925
A0A1D8PGY0,Q5A900,925
A0A1D8PGY0,Q59T44,925
A0A1D8PGY0,A0A1D8PK61,861
A0A1D8PGY0,A0A1D8PDL6,925
A0A1D8PGY0,A0A1D8PG16,925
A0A1D8PGY0,A0A1D8PM75,925
A0A1D8PGY0,P0CU35,861
A0A1D8PGY0,A0A1D8PL99,925
A0A1D8PGY0,A0A1D8PL68,861
A0A1D8PGY0,A0A1D8PEV4,833
A0A1D8PGY0,Q5AJF7,832
A0A1D8PGY0,Q59L13,832
A0A1D8PGY0,A0A1D8PCX8,925
A0A1D8PGY0,Q5AB87,925
A0A1D8PGY0,Q5ALV6,925
A0A1D8PGY0,Q96W54,861
A0A1D8PGY0,A0A1D8PGY8,925
A0A1D8PGY0,O42817,925
A0A1D8PGY0,A0A1D8PK40,925
A0A1D8PGY0,Q5A109,925
A0A1D8PGY0,Q5A6R1,925
A0A1D8PGY0,A0A1D8PPE0,925
A0A1D8PGY0,A0A1D8PTR4,925
A0A1D8PGY0,A0A1D8PK30,925
A0A1D8PGY0,A0A1D8PNQ6,925
A0A1D8PGY0,A0A1D8PK71,816
A0A1D8PGY0,A0A1D8PFL9,925
A0A1D8PGY0,A0A1D8PTI7,861
A0A1D8PGY0,A0A1D8PCW6,925
A0A1D8PGY0,A0A1D8PPN6,925
A0A1D8PGY0,A0A1D8PK43,925
A0A1D8PGY0,Q5AIB8,925
A0A1D8PGY0,P40910,925
A0A1D8PGY0,A0A1D8PQS0,832
A0A1D8PGY0,A0A1D8PHH4,925
A0A1D8PGY0,Q5AG43,925
A0A1D8PGY0,A0A1D8PDT3,925
A0A1D8PGY0,A0A1D8PF45,925
A0A1D8PGY0,A0A1D8PF57,861
A0A1D8PGY0,A0A1D8PTY4,921
A0A1D8PGY0,A0A1D8PSV5,925
A0A1D8PGY0,A0A1D8PP14,925
A0A1D8PGY0,A0A1D8PCI6,861
A0A1D8PGY0,A0A1D8PK22,925
A0A1D8PGY0,O59931,925
A0A1D8PGY0,A0A1D8PDZ1,925
A0A1D8PGY0,A0A1D8PI15,925
A0A1D8PGY0,A0A1D8PCG7,925
A0A1D8PGY0,A0A1D8PLC9,925
A0A1D8PGY0,A0A1D8PQN0,925
A0A1D8PGY0,A0A1D8PHW1,925
A0A1D8PGY0,A0A1D8PN83,920
A0A1D8PGY0,P83774,925
A0A1D8PGY0,A0A1D8PFG4,925
A0A1D8PGY0,A0A1D8PEY9,925
A0A1D8PGY0,P25997,921
A0A1D8PGY0,Q5A6A1,925
A0A1D8PGY0,Q5AJ93,925
A0A1D8PGY0,A0A1D8PSK2,925
A0A1D8PGY0,Q5ADQ6,925
A0A1D8PGY8,A0A1D8PK40,925
A0A1D8PGY8,Q5A109,925
A0A1D8PGY8,A0A1D8PPE0,925
A0A1D8PGY8,Q5A6R1,925
A0A1D8PGY8,A0A1D8PK71,816
A0A1D8PGY8,A0A1D8PPN6,925
A0A1D8PGY8,A0A1D8PTI7,861
A0A1D8PGY8,A0A1D8PK43,925
A0A1D8PGY8,A0A1D8PDT3,925
A0A1D8PGY8,A0A1D8PF57,861
A0A1D8PGY8,A0A1D8PCI6,862
A0A1D8PGY8,A0A1D8PCG7,925
A0A1D8PGY8,O59931,925
A0A1D8PGY8,A0A1D8PN83,921
A0A1D8PGY8,A0A1D8PLC9,925
A0A1D8PGY8,A0A1D8PFG4,925
A0A1D8PGY8,A0A1D8PEY9,925
A0A1D8PGY8,P83774,925
A0A1D8PGY8,P25997,921
A0A1D8PGY8,Q5AJ93,925
A0A1D8PGY8,A0A1D8PSK2,925
A0A1D8PGY8,Q5ADQ6,925
A0A1D8PGY8,A0A1D8PFV1,925
A0A1D8PGY8,Q5AGZ7,925
A0A1D8PGY8,A0A1D8PGY0,925
A0A1D8PGY8,Q59TE0,925
A0A1D8PGY8,A0A1D8PDT4,925
A0A1D8PGY8,A0A1D8PF08,925
A0A1D8PGY8,A0A1D8PHF5,925
A0A1D8PGY8,A0A1D8PDU3,925
A0A1D8PGY8,Q59LS1,925
A0A1D8PGY8,Q5AEN2,925
A0A1D8PGY8,A0A1D8PQQ5,925
A0A1D8PGY8,A0A1D8PH21,925
A0A1D8PGY8,Q59T44,925
A0A1D8PGY8,A0A1D8PDL6,925
A0A1D8PGY8,A0A1D8PK61,861
A0A1D8PGY8,A0A1D8PPT5,925
A0A1D8PGY8,Q5ANA1,861
A0A1D8PGY8,A0A1D8PM75,925
A0A1D8PGY8,A0A1D8PL68,861
A0A1D8PGY8,A0A1D8PEV4,833
A0A1D8PGY8,A0A1D8PCX8,925
A0A1D8PGY8,Q5AJF7,832
A0A1D8PGY8,O42817,925
A0A1D8PGY8,A0A1D8PK30,925
A0A1D8PGY8,A0A1D8PTR4,925
A0A1D8PGY8,A0A1D8PFL9,925
A0A1D8PGY8,A0A1D8PNQ6,925
A0A1D8PGY8,A0A1D8PCW6,925
A0A1D8PGY8,P40910,925
A0A1D8PGY8,Q5AIB8,925
A0A1D8PGY8,A0A1D8PHH4,925
A0A1D8PGY8,Q5AG43,925
A0A1D8PGY8,A0A1D8PQS0,832
A0A1D8PGY8,A0A1D8PTY4,921
A0A1D8PGY8,A0A1D8PF45,925
A0A1D8PGY8,A0A1D8PSV5,925
A0A1D8PGY8,A0A1D8PK22,925
A0A1D8PGY8,A0A1D8PP14,925
A0A1D8PGY8,A0A1D8PI15,925
A0A1D8PGY8,A0A1D8PDZ1,925
A0A1D8PGY8,A0A1D8PHW1,925
A0A1D8PGY8,A0A1D8PQN0,925
A0A1D8PGY8,Q5A6A1,925
A0A1D8PGY8,Q5A0M4,832
A0A1D8PGY8,Q9UVJ4,832
A0A1D8PGY8,Q5A389,925
A0A1D8PGY8,A0A1D8PPS1,925
A0A1D8PGY8,A0A1D8PSC5,925
A0A1D8PGY8,Q5A7K0,925
A0A1D8PGY8,A0A1D8PCQ5,925
A0A1D8PGY8,A0A1D8PM41,925
A0A1D8PGY8,Q5A900,925
A0A1D8PGY8,A0A1D8PG16,925
A0A1D8PGY8,A0A1D8PL99,925
A0A1D8PGY8,P0CU35,862
A0A1D8PGY8,Q5ALV6,925
A0A1D8PGY8,Q96W54,862
A0A1D8PGY8,Q5AB87,925
A0A1D8PH08,A0A1D8PQD5,832
A0A1D8PH08,Q5ALV9,832
A0A1D8PH08,Q9B1P9,795
A0A1D8PH08,Q5ALV5,832
A0A1D8PH08,A0A1D8PJX3,832
A0A1D8PH08,Q9B8D8,832
A0A1D8PH08,P0C8K9,781
A0A1D8PH08,Q5APK5,832
A0A1D8PH08,A0A1D8PHA3,832
A0A1D8PH13,P87163,832
A0A1D8PH13,Q5A6S3,832
A0A1D8PH13,A0A1D8PQT4,832
A0A1D8PH13,Q5AAU7,803
A0A1D8PH13,Q5ADR6,832
A0A1D8PH17,A0A1D8PS38,832
A0A1D8PH17,Q59PT0,832
A0A1D8PH17,A0A1D8PKX3,832
A0A1D8PH17,Q5AJB1,832
A0A1D8PH17,A0A1D8PSX0,832
A0A1D8PH17,A0A1D8PFL8,832
A0A1D8PH17,Q5A2U9,832
A0A1D8PH17,P87220,832
A0A1D8PH17,Q59U85,832
A0A1D8PH20,Q5ADV1,826
A0A1D8PH20,A0A1D8PUC1,832
A0A1D8PH20,A0A1D8PHF1,809
A0A1D8PH20,Q5A322,832
A0A1D8PH20,A0A1D8PPC8,832
A0A1D8PH20,Q5AED6,780
A0A1D8PH20,A0A1D8PH71,832
A0A1D8PH20,A0A1D8PTI0,801
A0A1D8PH20,A0A1D8PFH7,831
A0A1D8PH20,A0A1D8PNM3,814
A0A1D8PH20,Q59P44,708
A0A1D8PH20,Q5A449,832
A0A1D8PH20,A0A1D8PHP3,832
A0A1D8PH20,Q5APB0,822
A0A1D8PH21,Q5AB87,925
A0A1D8PH21,Q96W54,861
A0A1D8PH21,Q5ALV6,925
A0A1D8PH21,A0A1D8PCX8,925
A0A1D8PH21,Q59L13,832
A0A1D8PH21,Q5AJF7,832
A0A1D8PH21,A0A1D8PEV4,833
A0A1D8PH21,P0CU35,861
A0A1D8PH21,A0A1D8PL99,925
A0A1D8PH21,A0A1D8PL68,861
A0A1D8PH21,A0A1D8PM75,925
A0A1D8PH21,A0A1D8PG16,925
A0A1D8PH21,Q5A900,925
A0A1D8PH21,A0A1D8PM41,925
A0A1D8PH21,A0A1D8PPT5,925
A0A1D8PH21,Q5ANA1,861
A0A1D8PH21,A0A1D8PK61,861
A0A1D8PH21,A0A1D8PDL6,925
A0A1D8PH21,Q59T44,925
A0A1D8PH21,A0A1D8PCQ5,925
A0A1D8PH21,Q5A7K0,925
A0A1D8PH21,A0A1D8PQQ5,925
A0A1D8PH21,Q5AEN2,925
A0A1D8PH21,Q59SI1,785
A0A1D8PH21,Q59LS1,925
A0A1D8PH21,A0A1D8PSC5,925
A0A1D8PH21,A0A1D8PDU3,925
A0A1D8PH21,A0A1D8PPS1,925
A0A1D8PH21,A0A1D8PHF5,925
A0A1D8PH21,A0A1D8PF08,925
A0A1D8PH21,A0A1D8PDT4,925
A0A1D8PH21,Q59TE0,925
A0A1D8PH21,A0A1D8PGY0,925
A0A1D8PH21,Q5A389,925
A0A1D8PH21,A0A1D8PFV1,925
A0A1D8PH21,Q5AGZ7,925
A0A1D8PH21,Q9UVJ4,832
A0A1D8PH21,Q5A0M4,832
A0A1D8PH21,Q5ADQ6,925
A0A1D8PH21,A0A1D8PSK2,925
A0A1D8PH21,Q5AJ93,925
A0A1D8PH21,P25997,921
A0A1D8PH21,Q5A6A1,925
A0A1D8PH21,P83774,925
A0A1D8PH21,A0A1D8PEY9,925
A0A1D8PH21,A0A1D8PFG4,925
A0A1D8PH21,A0A1D8PQN0,925
A0A1D8PH21,A0A1D8PLC9,925
A0A1D8PH21,A0A1D8PN83,920
A0A1D8PH21,A0A1D8PHW1,925
A0A1D8PH21,A0A1D8PDZ1,925
A0A1D8PH21,O59931,925
A0A1D8PH21,A0A1D8PI15,925
A0A1D8PH21,A0A1D8PCG7,925
A0A1D8PH21,A0A1D8PCI6,861
A0A1D8PH21,A0A1D8PP14,925
A0A1D8PH21,A0A1D8PK22,925
A0A1D8PH21,A0A1D8PSV5,925
A0A1D8PH21,A0A1D8PF57,861
A0A1D8PH21,A0A1D8PF45,925
A0A1D8PH21,A0A1D8PTY4,921
A0A1D8PH21,A0A1D8PQS0,832
A0A1D8PH21,A0A1D8PHH4,925
A0A1D8PH21,Q5AG43,925
A0A1D8PH21,A0A1D8PDT3,925
A0A1D8PH21,A0A1D8PK43,925
A0A1D8PH21,Q5AIB8,925
A0A1D8PH21,P40910,925
A0A1D8PH21,A0A1D8PTI7,861
A0A1D8PH21,A0A1D8PPN6,925
A0A1D8PH21,A0A1D8PCW6,925
A0A1D8PH21,A0A1D8PNQ6,925
A0A1D8PH21,A0A1D8PK71,816
A0A1D8PH21,A0A1D8PFL9,925
A0A1D8PH21,A0A1D8PTR4,925
A0A1D8PH21,A0A1D8PK30,925
A0A1D8PH21,Q5A6R1,925
A0A1D8PH21,A0A1D8PPE0,925
A0A1D8PH21,O42817,925
A0A1D8PH21,A0A1D8PGY8,925
A0A1D8PH21,Q5A109,925
A0A1D8PH21,A0A1D8PK40,925
A0A1D8PH22,Q59N31,832
A0A1D8PH22,Q5AK78,832
A0A1D8PH71,A0A1D8PFH7,832
A0A1D8PH71,A0A1D8PTI0,784
A0A1D8PH71,Q5AED6,832
A0A1D8PH71,A0A1D8PFI2,820
A0A1D8PH71,Q5AC37,832
A0A1D8PH71,Q5A449,832
A0A1D8PH71,A0A1D8PHP3,832
A0A1D8PH71,Q5A7Q3,832
A0A1D8PH71,Q5A322,832
A0A1D8PH71,Q5APG6,802
A0A1D8PH71,A0A1D8PMK6,832
A0A1D8PH71,A0A1D8PPC8,832
A0A1D8PH71,Q5APB0,832
A0A1D8PH71,A0A1D8PH20,832
A0A1D8PH71,A0A1D8PNM3,832
A0A1D8PH71,Q59PD3,832
A0A1D8PH71,Q5ADV1,832
A0A1D8PH71,Q5A5N5,799
A0A1D8PH71,A0A1D8PMR5,832
A0A1D8PH71,Q59XY0,823
A0A1D8PH71,A0A1D8PUC1,832
A0A1D8PH71,Q5AP89,779
A0A1D8PH72,A0A1D8PFE1,832
A0A1D8PH80,A0A1D8PLR5,832
A0A1D8PH80,Q5AK73,733
A0A1D8PH80,A0A1D8PUA6,832
A0A1D8PH80,Q5A8Y7,832
A0A1D8PH80,A0A1D8PFJ8,832
A0A1D8PH80,Q5AHZ7,832
A0A1D8PH80,Q5A462,832
A0A1D8PH80,Q59QT0,832
A0A1D8PH80,A0A1D8PFX2,832
A0A1D8PH80,Q59MZ8,832
A0A1D8PH80,Q5ALX3,803
A0A1D8PH80,Q59Z24,832
A0A1D8PH80,A0A1D8PCD0,832
A0A1D8PH80,Q5A8Y5,832
A0A1D8PH80,Q5AG31,781
A0A1D8PHA2,A0A1D8PP59,941
A0A1D8PHA2,Q5ABS1,953
A0A1D8PHA2,A0A1D8PJX3,953
A0A1D8PHA2,Q5ALV5,802
A0A1D8PHA2,Q5ALV9,822
A0A1D8PHA2,Q5APK5,793
A0A1D8PHA2,P0C8L0,953
A0A1D8PHA2,A0A1D8PHA3,953
A0A1D8PHA2,P83782,925
A0A1D8PHA2,A0A1D8PLP3,925
A0A1D8PHA2,A0A1D8PJT8,911
A0A1D8PHA3,A0A1D8PP59,935
A0A1D8PHA3,Q5ALV5,832
A0A1D8PHA3,A0A1D8PJX3,953
A0A1D8PHA3,Q5ABS1,953
A0A1D8PHA3,A0A1D8PJA6,794
A0A1D8PHA3,Q59TD5,801
A0A1D8PHA3,Q59Y38,722
A0A1D8PHA3,A0A1D8PU51,794
A0A1D8PHA3,A0A1D8PG37,801
A0A1D8PHA3,Q9B8D8,783
A0A1D8PHA3,P83782,925
A0A1D8PHA3,A0A1D8PQU3,784
A0A1D8PHA3,A0A1D8PEH4,832
A0A1D8PHA3,A0A1D8PLP3,953
A0A1D8PHA3,Q5AJG7,819
A0A1D8PHA3,Q9B1P9,832
A0A1D8PHA3,A0A1D8PH08,832
A0A1D8PHA3,A0A1D8PCD3,832
A0A1D8PHA3,A0A1D8PQD5,832
A0A1D8PHA3,Q5ABD5,728
A0A1D8PHA3,P0C8K9,832
A0A1D8PHA3,Q5APK5,815
A0A1D8PHA3,P0C8L0,953
A0A1D8PHA3,A0A1D8PJT8,920
A0A1D8PHA3,A0A1D8PHA2,953
A0A1D8PHC5,Q5AEF2,781
A0A1D8PHC5,A0A1D8PLW7,832
A0A1D8PHC5,A0A1D8PGV7,921
A0A1D8PHC5,A0A1D8PNP6,921
A0A1D8PHC9,A0A1D8PGV7,921
A0A1D8PHD8,A0A1D8PLR5,832
A0A1D8PHD8,A0A1D8PQS2,785
A0A1D8PHD8,Q59M52,832
A0A1D8PHD8,A0A1D8PMS1,832
A0A1D8PHD8,A0A1D8PQ44,740
A0A1D8PHD8,A0A1D8PFJ8,832
A0A1D8PHD8,Q59QT0,832
A0A1D8PHD8,Q5AP67,799
A0A1D8PHD8,A0A1D8PFX2,832
A0A1D8PHD8,Q59LT9,832
A0A1D8PHD8,Q59MZ8,832
A0A1D8PHD8,A0A1D8PQM4,832
A0A1D8PHD8,A0A1D8PHV8,832
A0A1D8PHD8,Q5A298,785
A0A1D8PHD8,A0A1D8PS34,825
A0A1D8PHD8,A0A1D8PEX3,832
A0A1D8PHF1,A0A1D8PUC1,797
A0A1D8PHF1,A0A1D8PNM3,785
A0A1D8PHF1,A0A1D8PH20,809
A0A1D8PHF1,Q59P44,800
A0A1D8PHF1,A0A1D8PPC8,781
A0A1D8PHF1,A0A1D8PHP3,803
A0A1D8PHF5,Q5ADQ6,925
A0A1D8PHF5,Q5AJ93,925
A0A1D8PHF5,A0A1D8PSK2,925
A0A1D8PHF5,P25997,921
A0A1D8PHF5,Q5A6A1,925
A0A1D8PHF5,P83774,925
A0A1D8PHF5,A0A1D8PFG4,925
A0A1D8PHF5,A0A1D8PEY9,925
A0A1D8PHF5,A0A1D8PLC9,925
A0A1D8PHF5,A0A1D8PQN0,925
A0A1D8PHF5,A0A1D8PHW1,925
A0A1D8PHF5,A0A1D8PN83,921
A0A1D8PHF5,O59931,925
A0A1D8PHF5,A0A1D8PDZ1,925
A0A1D8PHF5,A0A1D8PI15,925
A0A1D8PHF5,A0A1D8PCG7,925
A0A1D8PHF5,A0A1D8PP14,925
A0A1D8PHF5,A0A1D8PCI6,861
A0A1D8PHF5,A0A1D8PK22,925
A0A1D8PHF5,A0A1D8PSV5,925
A0A1D8PHF5,A0A1D8PF45,925
A0A1D8PHF5,A0A1D8PF57,861
A0A1D8PHF5,A0A1D8PTY4,921
A0A1D8PHF5,A0A1D8PQS0,832
A0A1D8PHF5,A0A1D8PHH4,925
A0A1D8PHF5,Q5AG43,925
A0A1D8PHF5,A0A1D8PDT3,925
A0A1D8PHF5,A0A1D8PK43,925
A0A1D8PHF5,Q5AIB8,925
A0A1D8PHF5,P40910,925
A0A1D8PHF5,A0A1D8PTI7,861
A0A1D8PHF5,A0A1D8PCW6,925
A0A1D8PHF5,A0A1D8PPN6,925
A0A1D8PHF5,A0A1D8PNQ6,925
A0A1D8PHF5,A0A1D8PK71,816
A0A1D8PHF5,A0A1D8PFL9,925
A0A1D8PHF5,A0A1D8PTR4,925
A0A1D8PHF5,A0A1D8PK30,925
A0A1D8PHF5,Q5A6R1,925
A0A1D8PHF5,A0A1D8PPE0,925
A0A1D8PHF5,A0A1D8PGY8,925
A0A1D8PHF5,O42817,925
A0A1D8PHF5,A0A1D8PK40,925
A0A1D8PHF5,Q5A109,925
A0A1D8PHF5,Q5AB87,925
A0A1D8PHF5,Q5ALV6,925
A0A1D8PHF5,Q96W54,861
A0A1D8PHF5,Q5AJF7,832
A0A1D8PHF5,Q59L13,832
A0A1D8PHF5,A0A1D8PCX8,925
A0A1D8PHF5,A0A1D8PEV4,833
A0A1D8PHF5,P0CU35,861
A0A1D8PHF5,A0A1D8PL99,925
A0A1D8PHF5,A0A1D8PL68,861
A0A1D8PHF5,A0A1D8PM75,925
A0A1D8PHF5,A0A1D8PG16,925
A0A1D8PHF5,A0A1D8PM41,925
A0A1D8PHF5,Q5ANA1,861
A0A1D8PHF5,A0A1D8PPT5,925
A0A1D8PHF5,Q5A900,925
A0A1D8PHF5,Q59T44,925
A0A1D8PHF5,A0A1D8PK61,861
A0A1D8PHF5,A0A1D8PDL6,925
A0A1D8PHF5,A0A1D8PCQ5,925
A0A1D8PHF5,A0A1D8PH21,925
A0A1D8PHF5,Q5A7K0,925
A0A1D8PHF5,A0A1D8PQQ5,925
A0A1D8PHF5,Q59LS1,925
A0A1D8PHF5,Q5AEN2,925
A0A1D8PHF5,Q59SI1,797
A0A1D8PHF5,A0A1D8PPS1,925
A0A1D8PHF5,A0A1D8PSC5,925
A0A1D8PHF5,A0A1D8PDU3,925
A0A1D8PHF5,A0A1D8PF08,925
A0A1D8PHF5,A0A1D8PDT4,925
A0A1D8PHF5,Q59TE0,925
A0A1D8PHF5,Q5A389,925
A0A1D8PHF5,Q5AGZ7,925
A0A1D8PHF5,A0A1D8PFV1,925
A0A1D8PHF5,A0A1D8PGY0,925
A0A1D8PHF5,Q5A0M4,832
A0A1D8PHF5,Q9UVJ4,832
A0A1D8PHH4,P83774,925
A0A1D8PHH4,A0A1D8PFG4,925
A0A1D8PHH4,A0A1D8PEY9,925
A0A1D8PHH4,P25997,921
A0A1D8PHH4,Q5A6A1,925
A0A1D8PHH4,Q5AJ93,925
A0A1D8PHH4,A0A1D8PSK2,925
A0A1D8PHH4,Q5ADQ6,925
A0A1D8PHH4,A0A1D8PSV5,925
A0A1D8PHH4,A0A1D8PP14,925
A0A1D8PHH4,A0A1D8PCI6,861
A0A1D8PHH4,A0A1D8PK22,925
A0A1D8PHH4,O59931,925
A0A1D8PHH4,A0A1D8PDZ1,925
A0A1D8PHH4,A0A1D8PI15,925
A0A1D8PHH4,A0A1D8PCG7,925
A0A1D8PHH4,A0A1D8PLC9,925
A0A1D8PHH4,A0A1D8PQN0,925
A0A1D8PHH4,A0A1D8PHW1,925
A0A1D8PHH4,A0A1D8PN83,920
A0A1D8PHH4,A0A1D8PTI7,861
A0A1D8PHH4,A0A1D8PCW6,925
A0A1D8PHH4,A0A1D8PPN6,925
A0A1D8PHH4,A0A1D8PK43,925
A0A1D8PHH4,P40910,925
A0A1D8PHH4,Q5AIB8,925
A0A1D8PHH4,A0A1D8PQS0,832
A0A1D8PHH4,Q5AG43,925
A0A1D8PHH4,A0A1D8PDT3,925
A0A1D8PHH4,A0A1D8PF45,925
A0A1D8PHH4,A0A1D8PF57,861
A0A1D8PHH4,A0A1D8PTY4,921
A0A1D8PHH4,A0A1D8PGY8,925
A0A1D8PHH4,O42817,925
A0A1D8PHH4,A0A1D8PK40,925
A0A1D8PHH4,Q5A109,925
A0A1D8PHH4,Q5A6R1,925
A0A1D8PHH4,A0A1D8PPE0,925
A0A1D8PHH4,A0A1D8PTR4,925
A0A1D8PHH4,A0A1D8PK30,925
A0A1D8PHH4,A0A1D8PNQ6,925
A0A1D8PHH4,A0A1D8PK71,816
A0A1D8PHH4,A0A1D8PFL9,925
A0A1D8PHH4,P0CU35,861
A0A1D8PHH4,A0A1D8PL99,925
A0A1D8PHH4,A0A1D8PL68,861
A0A1D8PHH4,A0A1D8PEV4,833
A0A1D8PHH4,Q5AJF7,832
A0A1D8PHH4,Q59L13,832
A0A1D8PHH4,A0A1D8PCX8,925
A0A1D8PHH4,Q5AB87,925
A0A1D8PHH4,Q5ALV6,925
A0A1D8PHH4,Q96W54,861
A0A1D8PHH4,A0A1D8PCQ5,925
A0A1D8PHH4,A0A1D8PH21,925
A0A1D8PHH4,A0A1D8PM41,925
A0A1D8PHH4,Q5ANA1,861
A0A1D8PHH4,A0A1D8PPT5,925
A0A1D8PHH4,Q5A900,925
A0A1D8PHH4,Q59T44,925
A0A1D8PHH4,A0A1D8PK61,861
A0A1D8PHH4,A0A1D8PDL6,925
A0A1D8PHH4,A0A1D8PG16,925
A0A1D8PHH4,A0A1D8PM75,925
A0A1D8PHH4,A0A1D8PHF5,925
A0A1D8PHH4,Q59LS1,925
A0A1D8PHH4,Q5AEN2,925
A0A1D8PHH4,Q59SI1,786
A0A1D8PHH4,A0A1D8PPS1,925
A0A1D8PHH4,A0A1D8PSC5,925
A0A1D8PHH4,A0A1D8PDU3,925
A0A1D8PHH4,A0A1D8PQQ5,925
A0A1D8PHH4,Q5A7K0,925
A0A1D8PHH4,Q5A0M4,832
A0A1D8PHH4,Q9UVJ4,832
A0A1D8PHH4,Q59TE0,925
A0A1D8PHH4,Q5A389,925
A0A1D8PHH4,Q5AGZ7,925
A0A1D8PHH4,A0A1D8PFV1,925
A0A1D8PHH4,A0A1D8PGY0,925
A0A1D8PHH4,A0A1D8PF08,925
A0A1D8PHH4,A0A1D8PDT4,925
A0A1D8PHI0,A0A1D8PQP2,806
A0A1D8PHI0,Q5AMN0,832
A0A1D8PHI0,A0A1D8PNV1,832
A0A1D8PHI0,A0A1D8PU93,832
A0A1D8PHJ3,P0C8K9,785
A0A1D8PHJ3,Q9B8D8,832
A0A1D8PHJ3,P83782,808
A0A1D8PHJ3,A0A1D8PJX3,798
A0A1D8PHJ3,Q9B1P9,780
A0A1D8PHJ3,Q5ALV5,799
A0A1D8PHJ3,A0A1D8PQD5,782
A0A1D8PHK4,A0A1D8PIG5,921
A0A1D8PHP3,A0A1D8PPC8,832
A0A1D8PHP3,Q5APB0,822
A0A1D8PHP3,A0A1D8PH20,832
A0A1D8PHP3,A0A1D8PNM3,832
A0A1D8PHP3,Q5ADV1,815
A0A1D8PHP3,A0A1D8PNL9,764
A0A1D8PHP3,A0A1D8PMR5,805
A0A1D8PHP3,A0A1D8PUC1,832
A0A1D8PHP3,A0A1D8PFH7,734
A0A1D8PHP3,A0A1D8PTI0,819
A0A1D8PHP3,Q5AED6,783
A0A1D8PHP3,A0A1D8PH71,832
A0A1D8PHP3,Q5A449,832
A0A1D8PHP3,Q5A7Q3,785
A0A1D8PHP3,A0A1D8PHF1,803
A0A1D8PHP3,Q5A322,832
A0A1D8PHP3,Q5APG6,826
A0A1D8PHP3,A0A1D8PRP0,722
A0A1D8PHQ0,Q59TN2,832
A0A1D8PHQ0,A0A1D8PDF4,800
A0A1D8PHQ0,A0A1D8PCE7,832
A0A1D8PHQ0,A0A1D8PD51,832
A0A1D8PHQ0,A0A1D8PDW1,832
A0A1D8PHQ0,Q59X53,832
A0A1D8PHQ5,Q5A322,788
A0A1D8PHQ5,A0A1D8PFI2,832
A0A1D8PHV8,A0A1D8PHD8,832
A0A1D8PHV8,Q59QT0,832
A0A1D8PHV8,A0A1D8PS34,824
A0A1D8PHV8,A0A1D8PEX3,832
A0A1D8PHV8,A0A1D8PFJ8,832
A0A1D8PHV8,A0A1D8PQM4,832
A0A1D8PHV8,Q59MZ8,832
A0A1D8PHV8,Q5AD50,818
A0A1D8PHV8,A0A1D8PLR5,832
A0A1D8PHV8,A0A1D8PFX2,782
A0A1D8PHV8,Q59LT9,832
A0A1D8PHW1,Q5AIB8,925
A0A1D8PHW1,P40910,925
A0A1D8PHW1,A0A1D8PCW6,925
A0A1D8PHW1,A0A1D8PF45,925
A0A1D8PHW1,A0A1D8PTY4,921
A0A1D8PHW1,Q5AG43,925
A0A1D8PHW1,A0A1D8PHH4,925
A0A1D8PHW1,A0A1D8PQS0,832
A0A1D8PHW1,O42817,925
A0A1D8PHW1,A0A1D8PNQ6,925
A0A1D8PHW1,A0A1D8PFL9,925
A0A1D8PHW1,A0A1D8PTR4,925
A0A1D8PHW1,A0A1D8PK30,925
A0A1D8PHW1,Q5A6A1,925
A0A1D8PHW1,A0A1D8PP14,925
A0A1D8PHW1,A0A1D8PK22,925
A0A1D8PHW1,A0A1D8PSV5,925
A0A1D8PHW1,A0A1D8PQN0,925
A0A1D8PHW1,A0A1D8PDZ1,925
A0A1D8PHW1,A0A1D8PI15,925
A0A1D8PHW1,Q59SI1,783
A0A1D8PHW1,A0A1D8PSC5,925
A0A1D8PHW1,A0A1D8PPS1,925
A0A1D8PHW1,Q5A7K0,925
A0A1D8PHW1,Q9UVJ4,832
A0A1D8PHW1,Q5A0M4,832
A0A1D8PHW1,Q5A389,925
A0A1D8PHW1,P0CU35,861
A0A1D8PHW1,A0A1D8PL99,925
A0A1D8PHW1,Q5AB87,925
A0A1D8PHW1,Q96W54,861
A0A1D8PHW1,Q5ALV6,925
A0A1D8PHW1,Q5A900,925
A0A1D8PHW1,A0A1D8PM41,925
A0A1D8PHW1,A0A1D8PCQ5,925
A0A1D8PHW1,A0A1D8PG16,925
A0A1D8PHW1,A0A1D8PK43,925
A0A1D8PHW1,A0A1D8PTI7,861
A0A1D8PHW1,A0A1D8PPN6,925
A0A1D8PHW1,A0A1D8PF57,861
A0A1D8PHW1,A0A1D8PDT3,925
A0A1D8PHW1,Q5A6R1,925
A0A1D8PHW1,A0A1D8PPE0,925
A0A1D8PHW1,A0A1D8PGY8,925
A0A1D8PHW1,Q5A109,925
A0A1D8PHW1,A0A1D8PK40,925
A0A1D8PHW1,A0A1D8PK71,816
A0A1D8PHW1,P25997,921
A0A1D8PHW1,P83774,925
A0A1D8PHW1,A0A1D8PEY9,925
A0A1D8PHW1,A0A1D8PFG4,925
A0A1D8PHW1,Q5ADQ6,925
A0A1D8PHW1,A0A1D8PSK2,925
A0A1D8PHW1,Q5AJ93,925
A0A1D8PHW1,A0A1D8PCI6,861
A0A1D8PHW1,A0A1D8PLC9,925
A0A1D8PHW1,A0A1D8PN83,920
A0A1D8PHW1,O59931,925
A0A1D8PHW1,A0A1D8PCG7,925
A0A1D8PHW1,Q5AEN2,925
A0A1D8PHW1,Q59LS1,925
A0A1D8PHW1,A0A1D8PDU3,925
A0A1D8PHW1,A0A1D8PHF5,925
A0A1D8PHW1,A0A1D8PQQ5,925
A0A1D8PHW1,A0A1D8PF08,925
A0A1D8PHW1,A0A1D8PDT4,925
A0A1D8PHW1,Q59TE0,925
A0A1D8PHW1,A0A1D8PGY0,925
A0A1D8PHW1,Q5AGZ7,925
A0A1D8PHW1,A0A1D8PFV1,925
A0A1D8PHW1,A0A1D8PEV4,833
A0A1D8PHW1,A0A1D8PL68,861
A0A1D8PHW1,Q5AJF7,832
A0A1D8PHW1,A0A1D8PCX8,925
A0A1D8PHW1,Q5ANA1,861
A0A1D8PHW1,A0A1D8PPT5,925
A0A1D8PHW1,A0A1D8PDL6,925
A0A1D8PHW1,A0A1D8PK61,861
A0A1D8PHW1,Q59T44,925
A0A1D8PHW1,A0A1D8PH21,925
A0A1D8PHW1,A0A1D8PM75,925
A0A1D8PHW4,A0A1D8PTJ5,832
A0A1D8PHW4,A0A1D8PIE7,832
A0A1D8PHW4,A0A1D8PU96,801
A0A1D8PHW4,Q59MA3,785
A0A1D8PHW4,Q59P49,832
A0A1D8PHW4,A0A1D8PS48,832
A0A1D8PHW4,Q59S42,815
A0A1D8PHW4,Q5AFK3,832
A0A1D8PHW4,A0A1D8PFE6,832
A0A1D8PHW4,Q5A034,832
A0A1D8PHX2,Q59S06,717
A0A1D8PHX2,A0A1D8PGP2,762
A0A1D8PHX2,A0A1D8PI20,702
A0A1D8PHX2,Q5A213,747
A0A1D8PHX2,A0A1D8PJ43,832
A0A1D8PHX2,A0A1D8PJ54,747
A0A1D8PHX2,Q5ACL9,772
A0A1D8PHX2,Q59ZX6,747
A0A1D8PHX3,Q5A2C3,778
A0A1D8PHX3,Q59V90,832
A0A1D8PHX3,A0A1D8PFD7,832
A0A1D8PHX6,A0A1D8PNA1,783
A0A1D8PHX6,A0A1D8PU52,832
A0A1D8PHX6,Q5A7S5,764
A0A1D8PHX6,Q5APP1,802
A0A1D8PHY0,Q9B8C8,832
A0A1D8PHY0,A0A1D8PRX9,832
A0A1D8PHY0,A0A1D8PCD3,832
A0A1D8PHY0,Q9B8D1,786
A0A1D8PHY0,A0A1D8PEJ9,822
A0A1D8PHY0,Q9B8D6,709
A0A1D8PHY0,Q5AH07,786
A0A1D8PHY0,Q5ABD5,832
A0A1D8PHY0,Q5A222,832
A0A1D8PHY0,A0A1D8PPZ0,832
A0A1D8PHY0,A0A1D8PE69,709
A0A1D8PHY0,A0A1D8PJA6,832
A0A1D8PHY0,A0A1D8PJ73,832
A0A1D8PHY0,Q59TD5,799
A0A1D8PHY0,Q59Y38,803
A0A1D8PHY0,A0A1D8PG37,820
A0A1D8PHY0,A0A1D8PU51,786
A0A1D8PHY0,A0A1D8PDI3,832
A0A1D8PHY0,A0A1D8PQU3,832
A0A1D8PHY0,A0A1D8PEH4,796
A0A1D8PHY0,Q5ADP7,783
A0A1D8PHY0,Q5AJG7,832
A0A1D8PHY2,A0A1D8PTY4,921
A0A1D8PHY2,Q59ZI7,832
A0A1D8PHY2,A0A1D8PRP9,796
A0A1D8PHY2,Q59SJ6,785
A0A1D8PHY2,P25997,921
A0A1D8PHY2,A0A1D8PRY0,785
A0A1D8PHY2,Q5AJZ7,785
A0A1D8PHY2,A0A1D8PRG0,747
A0A1D8PHZ6,A0A1D8PU88,788
A0A1D8PI01,A0A1D8PI59,791
A0A1D8PI01,Q5A4Y2,832
A0A1D8PI01,A0A1D8PMC8,832
A0A1D8PI15,A0A1D8PCG7,925
A0A1D8PI15,O59931,925
A0A1D8PI15,A0A1D8PDZ1,925
A0A1D8PI15,A0A1D8PHW1,925
A0A1D8PI15,A0A1D8PN83,921
A0A1D8PI15,A0A1D8PLC9,925
A0A1D8PI15,A0A1D8PQN0,925
A0A1D8PI15,A0A1D8PSV5,925
A0A1D8PI15,A0A1D8PK22,925
A0A1D8PI15,A0A1D8PP14,925
A0A1D8PI15,A0A1D8PCI6,861
A0A1D8PI15,Q5AJ93,925
A0A1D8PI15,A0A1D8PSK2,925
A0A1D8PI15,Q5ADQ6,925
A0A1D8PI15,A0A1D8PFG4,925
A0A1D8PI15,A0A1D8PEY9,925
A0A1D8PI15,P83774,925
A0A1D8PI15,Q5A6A1,925
A0A1D8PI15,P25997,921
A0A1D8PI15,A0A1D8PK30,925
A0A1D8PI15,A0A1D8PTR4,925
A0A1D8PI15,A0A1D8PFL9,925
A0A1D8PI15,A0A1D8PK71,816
A0A1D8PI15,A0A1D8PNQ6,925
A0A1D8PI15,A0A1D8PK40,925
A0A1D8PI15,Q5A109,925
A0A1D8PI15,A0A1D8PGY8,925
A0A1D8PI15,O42817,925
A0A1D8PI15,A0A1D8PPE0,925
A0A1D8PI15,Q5A6R1,925
A0A1D8PI15,A0A1D8PDT3,925
A0A1D8PI15,A0A1D8PHH4,925
A0A1D8PI15,Q5AG43,925
A0A1D8PI15,A0A1D8PQS0,832
A0A1D8PI15,A0A1D8PTY4,921
A0A1D8PI15,A0A1D8PF45,925
A0A1D8PI15,A0A1D8PF57,861
A0A1D8PI15,A0A1D8PCW6,925
A0A1D8PI15,A0A1D8PPN6,925
A0A1D8PI15,A0A1D8PTI7,861
A0A1D8PI15,Q5AIB8,925
A0A1D8PI15,P40910,925
A0A1D8PI15,A0A1D8PK43,925
A0A1D8PI15,A0A1D8PG16,925
A0A1D8PI15,A0A1D8PM75,925
A0A1D8PI15,A0A1D8PCQ5,925
A0A1D8PI15,A0A1D8PH21,925
A0A1D8PI15,Q5A5P8,832
A0A1D8PI15,Q59T44,925
A0A1D8PI15,A0A1D8PDL6,925
A0A1D8PI15,A0A1D8PK61,861
A0A1D8PI15,Q5ANA1,861
A0A1D8PI15,A0A1D8PPT5,925
A0A1D8PI15,A0A1D8PM41,925
A0A1D8PI15,Q5A900,925
A0A1D8PI15,Q5AJF7,832
A0A1D8PI15,A0A1D8PCX8,925
A0A1D8PI15,Q5ALV6,925
A0A1D8PI15,Q96W54,861
A0A1D8PI15,Q5AB87,925
A0A1D8PI15,A0A1D8PL68,861
A0A1D8PI15,A0A1D8PL99,925
A0A1D8PI15,P0CU35,861
A0A1D8PI15,A0A1D8PEV4,833
A0A1D8PI15,A0A1D8PFV1,925
A0A1D8PI15,Q5AGZ7,925
A0A1D8PI15,Q5A389,925
A0A1D8PI15,A0A1D8PGY0,925
A0A1D8PI15,Q59TE0,925
A0A1D8PI15,A0A1D8PDT4,925
A0A1D8PI15,A0A1D8PF08,925
A0A1D8PI15,Q5A0M4,832
A0A1D8PI15,Q9UVJ4,832
A0A1D8PI15,A0A1D8PQQ5,925
A0A1D8PI15,Q5A7K0,925
A0A1D8PI15,A0A1D8PHF5,925
A0A1D8PI15,A0A1D8PPS1,925
A0A1D8PI15,A0A1D8PDU3,925
A0A1D8PI15,A0A1D8PSC5,925
A0A1D8PI15,Q59LS1,925
A0A1D8PI15,Q5AEN2,925
A0A1D8PI20,A0A1D8PKG5,747
A0A1D8PI20,A0A1D8PPE0,747
A0A1D8PI20,A0A1D8PRJ5,702
A0A1D8PI20,Q5A756,747
A0A1D8PI20,Q5ACL9,747
A0A1D8PI20,A0A1D8PJ54,747
A0A1D8PI20,Q5AFB9,747
A0A1D8PI20,Q59W63,821
A0A1D8PI20,Q59ZX6,747
A0A1D8PI20,Q5APD0,702
A0A1D8PI20,Q59X74,702
A0A1D8PI20,Q5ANL6,702
A0A1D8PI20,Q5A213,747
A0A1D8PI20,A0A1D8PJ43,747
A0A1D8PI20,A0A1D8PLN1,747
A0A1D8PI20,Q5A0H6,702
A0A1D8PI20,A0A1D8PGM4,747
A0A1D8PI20,A0A1D8PHX2,702
A0A1D8PI20,A0A1D8PGP2,702
A0A1D8PI20,Q5A6P2,747
A0A1D8PI20,A0A1D8PF50,808
A0A1D8PI20,Q59Y40,747
A0A1D8PI20,A0A1D8PRE0,797
A0A1D8PI20,A0A1D8PFZ9,702
A0A1D8PI20,A0A1D8PF14,747
A0A1D8PI20,A0A1D8PRE8,747
A0A1D8PI20,A0A1D8PNG5,747
A0A1D8PI20,Q59S06,806
A0A1D8PI20,A0A1D8PU59,702
A0A1D8PI20,Q59UH8,702
A0A1D8PI20,A0A1D8PJD3,747
A0A1D8PI20,Q5A7Q9,785
A0A1D8PI44,A0A1D8PNH8,807
A0A1D8PI59,A0A1D8PI01,791
A0A1D8PI59,A0A1D8PJE8,725
A0A1D8PI59,Q5A4Y2,832
A0A1D8PI64,A0A1D8PSF4,832
A0A1D8PI73,Q9P975,832
A0A1D8PI83,Q5A873,921
A0A1D8PI93,Q5AEB8,832
A0A1D8PI93,A0A1D8PMQ4,832
A0A1D8PI93,A0A1D8PFZ8,832
A0A1D8PI93,A0A1D8PFL7,832
A0A1D8PI93,A0A1D8PIV7,832
A0A1D8PI93,A0A1D8PTV0,832
A0A1D8PI93,Q5A0L8,832
A0A1D8PI93,A0A1D8PGA6,785
A0A1D8PI93,A0A1D8PD15,832
A0A1D8PI93,A0A1D8PTY6,832
A0A1D8PI93,A0A1D8PNA8,832
A0A1D8PI93,Q59X29,832
A0A1D8PI93,Q5A2A0,832
A0A1D8PI93,Q5A6S2,832
A0A1D8PI93,A0A1D8PP77,802
A0A1D8PI93,Q5A3L0,832
A0A1D8PI93,A0A1D8PLW8,832
A0A1D8PI93,Q59SD0,832
A0A1D8PIE7,A0A1D8PS48,832
A0A1D8PIE7,Q59P49,832
A0A1D8PIE7,Q59MA3,805
A0A1D8PIE7,A0A1D8PU96,822
A0A1D8PIE7,A0A1D8PHW4,832
A0A1D8PIE7,A0A1D8PTJ5,832
A0A1D8PIE7,Q5A034,832
A0A1D8PIE7,A0A1D8PFE6,832
A0A1D8PIE7,Q5AFK3,797
A0A1D8PIE7,Q59S42,801
A0A1D8PIE9,Q5APS5,820
A0A1D8PIE9,Q59RI7,773
A0A1D8PIG5,P46598,944
A0A1D8PIG5,A0A1D8PHK4,921
A0A1D8PIG5,A0A1D8PG03,921
A0A1D8PIN6,A0A1D8PK87,782
A0A1D8PIN6,Q5AHZ2,798
A0A1D8PIN6,A0A1D8PF22,826
A0A1D8PIP5,Q5AA15,792
A0A1D8PIP6,Q5ADP6,787
A0A1D8PIP6,A0A1D8PPU7,778
A0A1D8PIR7,P84149,960
A0A1D8PIV7,A0A1D8PFZ8,832
A0A1D8PIV7,A0A1D8PFL7,832
A0A1D8PIV7,Q5A2A0,832
A0A1D8PIV7,A0A1D8PMQ4,832
A0A1D8PIV7,Q5AEB8,832
A0A1D8PIV7,Q59X29,832
A0A1D8PIV7,A0A1D8PC77,832
A0A1D8PIV7,A0A1D8PNA8,832
A0A1D8PIV7,A0A1D8PTY6,812
A0A1D8PIV7,Q5AJZ5,788
A0A1D8PIV7,Q59SD0,832
A0A1D8PIV7,A0A1D8PGA6,792
A0A1D8PIV7,A0A1D8PD15,832
A0A1D8PIV7,A0A1D8PSS4,784
A0A1D8PIV7,Q5A0L8,832
A0A1D8PIV7,A0A1D8PTV0,832
A0A1D8PIV7,A0A1D8PRH6,819
A0A1D8PIV7,A0A1D8PLW8,832
A0A1D8PIV7,A0A1D8PP77,817
A0A1D8PIV7,Q5A3L0,832
A0A1D8PIV7,Q5A6S2,832
A0A1D8PIV7,A0A1D8PI93,832
A0A1D8PIX3,Q5A0V9,753
A0A1D8PJ08,Q5AMN0,832
A0A1D8PJ20,Q5A6S2,832
A0A1D8PJ20,A0A1D8PP77,832
A0A1D8PJ20,A0A1D8PRH6,832
A0A1D8PJ20,A0A1D8PNC8,832
A0A1D8PJ20,Q5A0L8,832
A0A1D8PJ20,A0A1D8PSS4,832
A0A1D8PJ20,A0A1D8PK85,832
A0A1D8PJ20,Q5AJZ5,832
A0A1D8PJ20,A0A1D8PTY6,832
A0A1D8PJ20,Q59X29,814
A0A1D8PJ20,Q59PZ1,832
A0A1D8PJ20,Q59Z65,832
A0A1D8PJ20,Q5AEB8,832
A0A1D8PJ20,A0A1D8PRB6,832
A0A1D8PJ20,A0A1D8PQW1,832
A0A1D8PJ20,A0A1D8PLK1,832
A0A1D8PJ20,A0A1D8PFZ8,769
A0A1D8PJ20,A0A1D8PU67,832
A0A1D8PJ23,A0A1D8PG94,812
A0A1D8PJ23,Q5A6K5,729
A0A1D8PJ23,A0A1D8PCJ1,797
A0A1D8PJ23,Q5A3J1,732
A0A1D8PJ23,A0A1D8PRP6,729
A0A1D8PJ23,A0A1D8PN49,827
A0A1D8PJ23,A0A1D8PQQ9,782
A0A1D8PJ23,Q5AHY8,785
A0A1D8PJ23,Q59QC1,729
A0A1D8PJ23,A0A1D8PLT6,729
A0A1D8PJ23,Q59RP7,798
A0A1D8PJ23,A0A1D8PRG0,729
A0A1D8PJ23,Q59X93,732
A0A1D8PJ23,Q5A8Y6,729
A0A1D8PJ23,A0A1D8PM86,785
A0A1D8PJ23,Q59RQ4,794
A0A1D8PJ23,A0A1D8PKF3,736
A0A1D8PJ23,Q5A798,729
A0A1D8PJ43,A0A1D8PF50,747
A0A1D8PJ43,Q59Y40,747
A0A1D8PJ43,A0A1D8PRE0,747
A0A1D8PJ43,A0A1D8PI20,747
A0A1D8PJ43,A0A1D8PHX2,832
A0A1D8PJ43,A0A1D8PGP2,747
A0A1D8PJ43,Q5A6P2,747
A0A1D8PJ43,A0A1D8PU59,747
A0A1D8PJ43,Q59UH8,747
A0A1D8PJ43,A0A1D8PJD3,780
A0A1D8PJ43,Q5A7Q9,747
A0A1D8PJ43,A0A1D8PFZ9,747
A0A1D8PJ43,A0A1D8PF14,747
A0A1D8PJ43,A0A1D8PRE8,747
A0A1D8PJ43,A0A1D8PNG5,747
A0A1D8PJ43,Q59S06,747
A0A1D8PJ43,Q59MK3,747
A0A1D8PJ43,A0A1D8PL04,747
A0A1D8PJ43,Q5ACL9,747
A0A1D8PJ43,A0A1D8PJ54,747
A0A1D8PJ43,Q5AFB9,747
A0A1D8PJ43,Q59W63,781
A0A1D8PJ43,Q59ZX6,747
A0A1D8PJ43,Q5APD0,747
A0A1D8PJ43,Q59X74,747
A0A1D8PJ43,A0A1D8PRP4,747
A0A1D8PJ43,A0A1D8PKG5,747
A0A1D8PJ43,A0A1D8PPE0,786
A0A1D8PJ43,A0A1D8PRJ5,747
A0A1D8PJ43,Q5A756,747
A0A1D8PJ43,A0A1D8PU46,780
A0A1D8PJ43,Q5A0H6,747
A0A1D8PJ43,A0A1D8PGM4,747
A0A1D8PJ43,Q5AG43,747
A0A1D8PJ43,Q5ANL6,747
A0A1D8PJ43,A0A1D8PDU3,792
A0A1D8PJ43,Q5A213,747
A0A1D8PJ43,A0A1D8PLN1,747
A0A1D8PJ54,A0A1D8PRE0,747
A0A1D8PJ54,A0A1D8PHX2,747
A0A1D8PJ54,A0A1D8PGP2,747
A0A1D8PJ54,Q5A6P2,783
A0A1D8PJ54,A0A1D8PI20,747
A0A1D8PJ54,A0A1D8PJD3,780
A0A1D8PJ54,A0A1D8PF14,747
A0A1D8PJ54,A0A1D8PNG5,747
A0A1D8PJ54,Q59S06,799
A0A1D8PJ54,Q5APD0,747
A0A1D8PJ54,Q59X74,747
A0A1D8PJ54,Q5ACL9,747
A0A1D8PJ54,Q5AFB9,747
A0A1D8PJ54,Q59W63,747
A0A1D8PJ54,Q59ZX6,783
A0A1D8PJ54,Q5A756,747
A0A1D8PJ54,A0A1D8PGM4,802
A0A1D8PJ54,Q5A213,747
A0A1D8PJ54,A0A1D8PJ43,747
A0A1D8PJ73,Q9B8D6,832
A0A1D8PJ73,A0A1D8PRX9,832
A0A1D8PJ73,Q9B8C8,832
A0A1D8PJ73,Q9B8D1,832
A0A1D8PJ73,A0A1D8PEJ9,832
A0A1D8PJ73,Q9B8C9,832
A0A1D8PJ73,A0A1D8PJA6,832
A0A1D8PJ73,A0A1D8PE69,832
A0A1D8PJ73,A0A1D8PQU3,832
A0A1D8PJ73,A0A1D8PEH4,832
A0A1D8PJ73,Q9B8D2,809
A0A1D8PJ73,Q59TD5,832
A0A1D8PJ73,Q5ABD5,832
A0A1D8PJ73,Q5AH07,832
A0A1D8PJ73,A0A1D8PCD3,832
A0A1D8PJ73,A0A1D8PHY0,832
A0A1D8PJ73,Q5A222,832
A0A1D8PJ73,A0A1D8PPZ0,832
A0A1D8PJ73,Q5ADP7,832
A0A1D8PJ73,A0A1D8PDI3,832
A0A1D8PJ73,Q5AJG7,832
A0A1D8PJ73,Q59Y38,832
A0A1D8PJ73,A0A1D8PG37,832
A0A1D8PJ73,A0A1D8PU51,832
A0A1D8PJ80,Q59Q44,719
A0A1D8PJ80,Q5ADN1,808
A0A1D8PJA6,A0A1D8PDI3,832
A0A1D8PJA6,Q5ADP7,832
A0A1D8PJA6,Q5AJG7,832
A0A1D8PJA6,Q59Y38,832
A0A1D8PJA6,A0A1D8PG37,832
A0A1D8PJA6,A0A1D8PU51,832
A0A1D8PJA6,A0A1D8PHA3,794
A0A1D8PJA6,A0A1D8PJX3,832
A0A1D8PJA6,Q5A222,832
A0A1D8PJA6,A0A1D8PPZ0,832
A0A1D8PJA6,Q5AH07,832
A0A1D8PJA6,Q5ABD5,832
A0A1D8PJA6,A0A1D8PCD3,832
A0A1D8PJA6,A0A1D8PHY0,832
A0A1D8PJA6,Q9B8D2,832
A0A1D8PJA6,A0A1D8PQU3,832
A0A1D8PJA6,A0A1D8PEH4,832
A0A1D8PJA6,Q59TD5,832
A0A1D8PJA6,A0A1D8PJ73,832
A0A1D8PJA6,A0A1D8PE69,832
A0A1D8PJA6,Q9B8C9,832
A0A1D8PJA6,Q9B8D6,832
A0A1D8PJA6,Q9B8C8,832
A0A1D8PJA6,A0A1D8PRX9,832
A0A1D8PJA6,Q9B8D1,832
A0A1D8PJA6,A0A1D8PEJ9,832
A0A1D8PJB0,A0A1D8PPV5,832
A0A1D8PJB0,A0A1D8PMT6,832
A0A1D8PJD1,A0A1D8PQT2,832
A0A1D8PJD3,Q5A6P2,715
A0A1D8PJD3,A0A1D8PGP2,780
A0A1D8PJD3,A0A1D8PI20,747
A0A1D8PJD3,Q59Y40,824
A0A1D8PJD3,A0A1D8PRE0,702
A0A1D8PJD3,Q59S06,747
A0A1D8PJD3,A0A1D8PF14,747
A0A1D8PJD3,A0A1D8PFZ9,780
A0A1D8PJD3,A0A1D8PRE8,715
A0A1D8PJD3,Q5A0V9,869
A0A1D8PJD3,A0A1D8PU59,832
A0A1D8PJD3,A0A1D8PRJ5,821
A0A1D8PJD3,Q5APD0,747
A0A1D8PJD3,Q59X74,702
A0A1D8PJD3,A0A1D8PJ54,780
A0A1D8PJD3,Q5ACL9,747
A0A1D8PJD3,Q59W63,747
A0A1D8PJD3,Q59ZX6,780
A0A1D8PJD3,Q5AFB9,832
A0A1D8PJD3,Q5A213,782
A0A1D8PJD3,A0A1D8PJ43,780
A0A1D8PJD3,A0A1D8PLN1,715
A0A1D8PJD3,Q5ANL6,799
A0A1D8PJD3,Q5A0H6,747
A0A1D8PJD3,A0A1D8PGM4,747
A0A1D8PJD3,A0A1D8PTY4,921
A0A1D8PJE3,Q5AMM9,832
A0A1D8PJE8,A0A1D8PI59,725
A0A1D8PJE8,A0A1D8PMC8,832
A0A1D8PJF9,A0A1D8PLB7,786
A0A1D8PJK7,A0A1D8PU88,832
A0A1D8PJK7,A0A1D8PSI8,832
A0A1D8PJK7,A0A1D8PMS8,832
A0A1D8PJM0,A0A1D8PKX2,781
A0A1D8PJM0,Q59P51,785
A0A1D8PJN1,Q59WJ4,821
A0A1D8PJN1,A0A1D8PQP8,779
A0A1D8PJN1,Q5AFT3,832
A0A1D8PJN1,Q59P50,801
A0A1D8PJP6,P25997,921
A0A1D8PJP6,A0A1D8PTY4,921
A0A1D8PJR5,Q5AIA4,820
A0A1D8PJR5,Q5A319,832
A0A1D8PJS2,A0A1D8PEH4,751
A0A1D8PJS2,Q5AH07,783
A0A1D8PJS2,Q9B8C8,832
A0A1D8PJS7,Q5AB94,832
A0A1D8PJS7,Q59T42,832
A0A1D8PJT8,A0A1D8PJX3,833
A0A1D8PJT8,Q5ABS1,814
A0A1D8PJT8,A0A1D8PP59,814
A0A1D8PJT8,A0A1D8PHA3,920
A0A1D8PJT8,P0C8L0,809
A0A1D8PJT8,A0A1D8PHA2,911
A0A1D8PJT8,A0A1D8PLP3,814
A0A1D8PJT8,P83782,824
A0A1D8PJX3,A0A1D8PP59,941
A0A1D8PJX3,Q5ABS1,925
A0A1D8PJX3,Q5ALV5,823
A0A1D8PJX3,Q5ALV9,826
A0A1D8PJX3,A0A1D8PJA6,832
A0A1D8PJX3,A0A1D8PHA3,953
A0A1D8PJX3,A0A1D8PU51,782
A0A1D8PJX3,A0A1D8PG37,727
A0A1D8PJX3,Q59TD5,801
A0A1D8PJX3,Q5AJG7,832
A0A1D8PJX3,Q9B8D8,832
A0A1D8PJX3,A0A1D8PEH4,779
A0A1D8PJX3,A0A1D8PQU3,784
A0A1D8PJX3,P83782,925
A0A1D8PJX3,A0A1D8PHJ3,798
A0A1D8PJX3,A0A1D8PLP3,953
A0A1D8PJX3,A0A1D8PH08,832
A0A1D8PJX3,Q9B1P9,832
A0A1D8PJX3,A0A1D8PCD3,794
A0A1D8PJX3,Q5ABD5,728
A0A1D8PJX3,A0A1D8PQD5,832
A0A1D8PJX3,P0C8L0,953
A0A1D8PJX3,Q5APK5,789
A0A1D8PJX3,P0C8K9,832
A0A1D8PJX3,A0A1D8PJT8,833
A0A1D8PJX3,A0A1D8PHA2,953
A0A1D8PK00,P87220,832
A0A1D8PK00,Q59U85,832
A0A1D8PK00,A0A1D8PFL8,832
A0A1D8PK00,A0A1D8PSX0,832
A0A1D8PK00,Q5AJB1,832
A0A1D8PK00,A0A1D8PKX3,832
A0A1D8PK00,Q5A2U9,832
A0A1D8PK00,A0A1D8PS38,832
A0A1D8PK22,Q5A5P8,832
A0A1D8PK22,A0A1D8PCQ5,925
A0A1D8PK22,A0A1D8PH21,925
A0A1D8PK22,A0A1D8PM41,925
A0A1D8PK22,A0A1D8PPT5,925
A0A1D8PK22,A0A1D8PQR2,832
A0A1D8PK22,Q5ANA1,861
A0A1D8PK22,Q5A900,925
A0A1D8PK22,Q59T44,925
A0A1D8PK22,A0A1D8PK61,861
A0A1D8PK22,A0A1D8PDL6,925
A0A1D8PK22,A0A1D8PG16,925
A0A1D8PK22,Q59RQ4,832
A0A1D8PK22,A0A1D8PM75,925
A0A1D8PK22,A0A1D8PKF3,832
A0A1D8PK22,P0CU35,861
A0A1D8PK22,A0A1D8PL99,925
A0A1D8PK22,A0A1D8PL68,861
A0A1D8PK22,A0A1D8PEV4,833
A0A1D8PK22,A0A1D8PCX8,925
A0A1D8PK22,Q5AJF7,832
A0A1D8PK22,Q5AGF6,832
A0A1D8PK22,Q5AB87,925
A0A1D8PK22,Q5ALV6,925
A0A1D8PK22,Q96W54,861
A0A1D8PK22,O94083,832
A0A1D8PK22,Q5A4Z9,832
A0A1D8PK22,Q5A0M4,832
A0A1D8PK22,Q9UVJ4,832
A0A1D8PK22,Q59TE0,925
A0A1D8PK22,Q5A389,925
A0A1D8PK22,A0A1D8PFV1,925
A0A1D8PK22,Q5AGZ7,925
A0A1D8PK22,A0A1D8PGY0,925
A0A1D8PK22,A0A1D8PRG0,832
A0A1D8PK22,A0A1D8PF08,925
A0A1D8PK22,A0A1D8PDT4,925
A0A1D8PK22,A0A1D8PHF5,925
A0A1D8PK22,Q59LS1,925
A0A1D8PK22,Q5AEN2,925
A0A1D8PK22,A0A1D8PPS1,925
A0A1D8PK22,A0A1D8PSC5,925
A0A1D8PK22,A0A1D8PDU3,925
A0A1D8PK22,A0A1D8PQQ5,925
A0A1D8PK22,Q5A7K0,925
A0A1D8PK22,A0A1D8PSV5,925
A0A1D8PK22,A0A1D8PCI6,861
A0A1D8PK22,A0A1D8PP14,925
A0A1D8PK22,O59931,925
A0A1D8PK22,A0A1D8PDZ1,925
A0A1D8PK22,A0A1D8PI15,925
A0A1D8PK22,A0A1D8PCG7,925
A0A1D8PK22,A0A1D8PQN0,925
A0A1D8PK22,A0A1D8PLC9,925
A0A1D8PK22,A0A1D8PHW1,925
A0A1D8PK22,A0A1D8PN83,925
A0A1D8PK22,P83774,925
A0A1D8PK22,A0A1D8PFG4,925
A0A1D8PK22,A0A1D8PEY9,925
A0A1D8PK22,P25997,921
A0A1D8PK22,Q5A6A1,925
A0A1D8PK22,Q5AJ93,925
A0A1D8PK22,Q59VH3,832
A0A1D8PK22,A0A1D8PSK2,925
A0A1D8PK22,Q5ADQ6,925
A0A1D8PK22,A0A1D8PGY8,925
A0A1D8PK22,O42817,925
A0A1D8PK22,A0A1D8PK40,925
A0A1D8PK22,Q5A109,925
A0A1D8PK22,Q5A6R1,925
A0A1D8PK22,Q5A6K5,832
A0A1D8PK22,A0A1D8PPE0,925
A0A1D8PK22,A0A1D8PTR4,925
A0A1D8PK22,A0A1D8PK30,925
A0A1D8PK22,A0A1D8PNQ6,925
A0A1D8PK22,O94150,832
A0A1D8PK22,A0A1D8PK71,816
A0A1D8PK22,A0A1D8PFL9,925
A0A1D8PK22,Q5ABC3,797
A0A1D8PK22,A0A1D8PTI7,861
A0A1D8PK22,Q5AHG8,832
A0A1D8PK22,A0A1D8PCW6,925
A0A1D8PK22,A0A1D8PPN6,925
A0A1D8PK22,A0A1D8PK43,925
A0A1D8PK22,P40910,925
A0A1D8PK22,Q5AIB8,925
A0A1D8PK22,A0A1D8PQS0,832
A0A1D8PK22,A0A1D8PHH4,925
A0A1D8PK22,Q5AG43,925
A0A1D8PK22,A0A1D8PDT3,925
A0A1D8PK22,A0A1D8PN49,832
A0A1D8PK22,A0A1D8PF45,925
A0A1D8PK22,A0A1D8PF57,861
A0A1D8PK22,A0A1D8PTY4,921
A0A1D8PK28,A0A1D8PP73,832
A0A1D8PK28,A0A1D8PE62,832
A0A1D8PK28,A0A1D8PML0,832
A0A1D8PK30,O94083,832
A0A1D8PK30,Q5A6S7,795
A0A1D8PK30,Q5A0M4,830
A0A1D8PK30,Q5A4Z9,832
A0A1D8PK30,Q9UVJ4,832
A0A1D8PK30,Q5A389,925
A0A1D8PK30,Q59SI1,797
A0A1D8PK30,A0A1D8PPS1,925
A0A1D8PK30,A0A1D8PSC5,925
A0A1D8PK30,Q5A7K0,925
A0A1D8PK30,Q59Z25,789
A0A1D8PK30,A0A1D8PCQ5,925
A0A1D8PK30,A0A1D8PM41,925
A0A1D8PK30,Q5A900,925
A0A1D8PK30,A0A1D8PG16,925
A0A1D8PK30,A0A1D8PKF3,832
A0A1D8PK30,P0CU35,861
A0A1D8PK30,A0A1D8PL99,925
A0A1D8PK30,Q59L13,832
A0A1D8PK30,Q5AB87,925
A0A1D8PK30,Q5ALV6,925
A0A1D8PK30,Q96W54,861
A0A1D8PK30,O42817,925
A0A1D8PK30,Q5A6K5,832
A0A1D8PK30,A0A1D8PTR4,925
A0A1D8PK30,A0A1D8PNQ6,925
A0A1D8PK30,A0A1D8PFL9,925
A0A1D8PK30,Q5ABC3,791
A0A1D8PK30,O94150,832
A0A1D8PK30,A0A1D8PCW6,925
A0A1D8PK30,Q5AIB8,925
A0A1D8PK30,P40910,925
A0A1D8PK30,A0A1D8PHH4,925
A0A1D8PK30,Q5AG43,925
A0A1D8PK30,A0A1D8PQS0,832
A0A1D8PK30,A0A1D8PN49,832
A0A1D8PK30,A0A1D8PF45,925
A0A1D8PK30,A0A1D8PTY4,921
A0A1D8PK30,A0A1D8PSV5,925
A0A1D8PK30,A0A1D8PP14,925
A0A1D8PK30,A0A1D8PK22,925
A0A1D8PK30,A0A1D8PDZ1,925
A0A1D8PK30,A0A1D8PI15,925
A0A1D8PK30,A0A1D8PQN0,925
A0A1D8PK30,A0A1D8PHW1,925
A0A1D8PK30,Q5A6A1,925
A0A1D8PK30,Q59VH3,832
A0A1D8PK30,Q5A885,822
A0A1D8PK30,Q59TE0,925
A0A1D8PK30,Q5AGZ7,925
A0A1D8PK30,A0A1D8PFV1,925
A0A1D8PK30,A0A1D8PRG0,832
A0A1D8PK30,A0A1D8PGY0,925
A0A1D8PK30,A0A1D8PF08,925
A0A1D8PK30,A0A1D8PDT4,925
A0A1D8PK30,A0A1D8PHF5,925
A0A1D8PK30,Q59LS1,925
A0A1D8PK30,Q5AEN2,925
A0A1D8PK30,A0A1D8PDU3,925
A0A1D8PK30,A0A1D8PQQ5,925
A0A1D8PK30,A0A1D8PH21,925
A0A1D8PK30,A0A1D8PPT5,925
A0A1D8PK30,A0A1D8PQR2,832
A0A1D8PK30,Q5ANA1,861
A0A1D8PK30,Q59T44,925
A0A1D8PK30,A0A1D8PDL6,925
A0A1D8PK30,A0A1D8PK61,861
A0A1D8PK30,Q59RQ4,832
A0A1D8PK30,A0A1D8PM75,925
A0A1D8PK30,A0A1D8PL68,861
A0A1D8PK30,A0A1D8PEV4,833
A0A1D8PK30,A0A1D8PCX8,925
A0A1D8PK30,Q5AJF7,832
A0A1D8PK30,A0A1D8PGY8,925
A0A1D8PK30,A0A1D8PK40,925
A0A1D8PK30,Q5A109,925
A0A1D8PK30,Q5A6R1,925
A0A1D8PK30,A0A1D8PPE0,925
A0A1D8PK30,A0A1D8PK71,800
A0A1D8PK30,A0A1D8PTI7,861
A0A1D8PK30,Q5AHG8,832
A0A1D8PK30,A0A1D8PPN6,925
A0A1D8PK30,A0A1D8PK43,925
A0A1D8PK30,A0A1D8PDT3,925
A0A1D8PK30,A0A1D8PF57,861
A0A1D8PK30,A0A1D8PCI6,861
A0A1D8PK30,O59931,925
A0A1D8PK30,A0A1D8PCG7,925
A0A1D8PK30,A0A1D8PLC9,925
A0A1D8PK30,A0A1D8PN83,890
A0A1D8PK30,P83774,925
A0A1D8PK30,A0A1D8PFG4,925
A0A1D8PK30,A0A1D8PEY9,925
A0A1D8PK30,P25997,921
A0A1D8PK30,Q5AJ93,925
A0A1D8PK30,A0A1D8PSK2,925
A0A1D8PK30,Q5ADQ6,925
A0A1D8PK40,A0A1D8PHF5,925
A0A1D8PK40,Q59SI1,783
A0A1D8PK40,Q5AEN2,925
A0A1D8PK40,Q59LS1,925
A0A1D8PK40,A0A1D8PDU3,925
A0A1D8PK40,A0A1D8PSC5,925
A0A1D8PK40,A0A1D8PPS1,925
A0A1D8PK40,A0A1D8PQQ5,925
A0A1D8PK40,Q5A7K0,925
A0A1D8PK40,Q9UVJ4,832
A0A1D8PK40,Q5A0M4,832
A0A1D8PK40,Q59TE0,925
A0A1D8PK40,A0A1D8PGY0,925
A0A1D8PK40,Q5AGZ7,925
A0A1D8PK40,A0A1D8PFV1,925
A0A1D8PK40,Q5A389,925
A0A1D8PK40,A0A1D8PF08,925
A0A1D8PK40,A0A1D8PDT4,925
A0A1D8PK40,P0CU35,861
A0A1D8PK40,A0A1D8PL68,861
A0A1D8PK40,A0A1D8PL99,925
A0A1D8PK40,A0A1D8PEV4,833
A0A1D8PK40,Q5AJF7,832
A0A1D8PK40,Q59L13,832
A0A1D8PK40,A0A1D8PCX8,925
A0A1D8PK40,Q5AB87,925
A0A1D8PK40,Q96W54,861
A0A1D8PK40,Q5ALV6,925
A0A1D8PK40,A0A1D8PH21,925
A0A1D8PK40,A0A1D8PCQ5,925
A0A1D8PK40,Q5A900,925
A0A1D8PK40,Q5ANA1,861
A0A1D8PK40,A0A1D8PPT5,925
A0A1D8PK40,A0A1D8PM41,925
A0A1D8PK40,A0A1D8PDL6,925
A0A1D8PK40,A0A1D8PK61,861
A0A1D8PK40,Q59T44,925
A0A1D8PK40,A0A1D8PG16,925
A0A1D8PK40,A0A1D8PM75,925
A0A1D8PK40,A0A1D8PTI7,861
A0A1D8PK40,A0A1D8PPN6,925
A0A1D8PK40,A0A1D8PCW6,925
A0A1D8PK40,Q5AIB8,925
A0A1D8PK40,P40910,925
A0A1D8PK40,A0A1D8PK43,925
A0A1D8PK40,A0A1D8PHH4,925
A0A1D8PK40,Q5AG43,925
A0A1D8PK40,A0A1D8PQS0,832
A0A1D8PK40,A0A1D8PDT3,925
A0A1D8PK40,A0A1D8PF57,861
A0A1D8PK40,A0A1D8PF45,925
A0A1D8PK40,A0A1D8PTY4,921
A0A1D8PK40,O42817,925
A0A1D8PK40,A0A1D8PGY8,925
A0A1D8PK40,Q5A109,925
A0A1D8PK40,Q5A6R1,925
A0A1D8PK40,A0A1D8PPE0,925
A0A1D8PK40,A0A1D8PTR4,925
A0A1D8PK40,A0A1D8PK30,925
A0A1D8PK40,A0A1D8PNQ6,925
A0A1D8PK40,A0A1D8PFL9,925
A0A1D8PK40,A0A1D8PK71,800
A0A1D8PK40,P83774,925
A0A1D8PK40,A0A1D8PEY9,925
A0A1D8PK40,A0A1D8PFG4,925
A0A1D8PK40,P25997,921
A0A1D8PK40,Q5A6A1,925
A0A1D8PK40,A0A1D8PSK2,925
A0A1D8PK40,Q5AJ93,925
A0A1D8PK40,Q5ADQ6,925
A0A1D8PK40,A0A1D8PSV5,925
A0A1D8PK40,A0A1D8PP14,925
A0A1D8PK40,A0A1D8PCI6,861
A0A1D8PK40,A0A1D8PK22,925
A0A1D8PK40,A0A1D8PDZ1,925
A0A1D8PK40,O59931,925
A0A1D8PK40,A0A1D8PCG7,925
A0A1D8PK40,A0A1D8PI15,925
A0A1D8PK40,A0A1D8PLC9,925
A0A1D8PK40,A0A1D8PQN0,925
A0A1D8PK40,A0A1D8PN83,890
A0A1D8PK40,A0A1D8PHW1,925
A0A1D8PK43,Q5A6A1,925
A0A1D8PK43,P25997,921
A0A1D8PK43,A0A1D8PFG4,925
A0A1D8PK43,A0A1D8PEY9,925
A0A1D8PK43,P83774,925
A0A1D8PK43,Q5ADQ6,925
A0A1D8PK43,Q5AJ93,925
A0A1D8PK43,A0A1D8PSK2,925
A0A1D8PK43,A0A1D8PK22,925
A0A1D8PK43,A0A1D8PCI6,861
A0A1D8PK43,A0A1D8PP14,925
A0A1D8PK43,A0A1D8PSV5,925
A0A1D8PK43,A0A1D8PHW1,925
A0A1D8PK43,A0A1D8PN83,890
A0A1D8PK43,A0A1D8PQN0,925
A0A1D8PK43,A0A1D8PLC9,925
A0A1D8PK43,A0A1D8PI15,925
A0A1D8PK43,A0A1D8PCG7,925
A0A1D8PK43,O59931,925
A0A1D8PK43,A0A1D8PDZ1,925
A0A1D8PK43,Q5AIB8,925
A0A1D8PK43,P40910,925
A0A1D8PK43,A0A1D8PCW6,925
A0A1D8PK43,A0A1D8PPN6,925
A0A1D8PK43,A0A1D8PTI7,861
A0A1D8PK43,A0A1D8PTY4,921
A0A1D8PK43,A0A1D8PF45,925
A0A1D8PK43,A0A1D8PF57,861
A0A1D8PK43,A0A1D8PDT3,925
A0A1D8PK43,A0A1D8PQS0,832
A0A1D8PK43,A0A1D8PHH4,925
A0A1D8PK43,Q5AG43,925
A0A1D8PK43,A0A1D8PPE0,925
A0A1D8PK43,Q5A6R1,925
A0A1D8PK43,A0A1D8PK40,925
A0A1D8PK43,Q5A109,925
A0A1D8PK43,A0A1D8PGY8,925
A0A1D8PK43,O42817,925
A0A1D8PK43,A0A1D8PK71,816
A0A1D8PK43,A0A1D8PFL9,925
A0A1D8PK43,A0A1D8PNQ6,925
A0A1D8PK43,A0A1D8PK30,925
A0A1D8PK43,A0A1D8PTR4,925
A0A1D8PK43,A0A1D8PEV4,833
A0A1D8PK43,A0A1D8PL99,925
A0A1D8PK43,A0A1D8PL68,861
A0A1D8PK43,P0CU35,861
A0A1D8PK43,Q5ALV6,925
A0A1D8PK43,Q96W54,861
A0A1D8PK43,Q5AB87,925
A0A1D8PK43,Q59L13,798
A0A1D8PK43,A0A1D8PCX8,925
A0A1D8PK43,Q5AJF7,832
A0A1D8PK43,Q59T44,925
A0A1D8PK43,A0A1D8PK61,861
A0A1D8PK43,A0A1D8PDL6,925
A0A1D8PK43,A0A1D8PM41,925
A0A1D8PK43,A0A1D8PPT5,925
A0A1D8PK43,Q5ANA1,861
A0A1D8PK43,Q5A900,925
A0A1D8PK43,A0A1D8PCQ5,925
A0A1D8PK43,A0A1D8PH21,925
A0A1D8PK43,A0A1D8PM75,925
A0A1D8PK43,A0A1D8PG16,925
A0A1D8PK43,A0A1D8PPS1,925
A0A1D8PK43,A0A1D8PSC5,925
A0A1D8PK43,A0A1D8PDU3,925
A0A1D8PK43,Q59LS1,925
A0A1D8PK43,Q5AEN2,925
A0A1D8PK43,Q59SI1,797
A0A1D8PK43,A0A1D8PHF5,925
A0A1D8PK43,Q5A7K0,925
A0A1D8PK43,A0A1D8PQQ5,925
A0A1D8PK43,Q5A0M4,832
A0A1D8PK43,Q9UVJ4,832
A0A1D8PK43,A0A1D8PDT4,925
A0A1D8PK43,A0A1D8PF08,925
A0A1D8PK43,Q5A389,925
A0A1D8PK43,Q5AGZ7,925
A0A1D8PK43,A0A1D8PFV1,925
A0A1D8PK43,A0A1D8PGY0,925
A0A1D8PK43,Q59TE0,925
A0A1D8PK48,Q59VX1,810
A0A1D8PK48,Q5A435,814
A0A1D8PK48,Q5AA13,824
A0A1D8PK48,A0A1D8PF30,801
A0A1D8PK61,Q59TE0,861
A0A1D8PK61,A0A1D8PFV1,861
A0A1D8PK61,Q5AGZ7,861
A0A1D8PK61,Q5A389,861
A0A1D8PK61,A0A1D8PGY0,861
A0A1D8PK61,A0A1D8PF08,861
A0A1D8PK61,A0A1D8PDT4,861
A0A1D8PK61,A0A1D8PQQ5,861
A0A1D8PK61,Q5A7K0,861
A0A1D8PK61,A0A1D8PHF5,861
A0A1D8PK61,Q59LS1,861
A0A1D8PK61,Q5AEN2,861
A0A1D8PK61,A0A1D8PPS1,861
A0A1D8PK61,A0A1D8PDU3,861
A0A1D8PK61,A0A1D8PSC5,861
A0A1D8PK61,A0A1D8PG16,861
A0A1D8PK61,A0A1D8PM75,861
A0A1D8PK61,A0A1D8PCQ5,861
A0A1D8PK61,A0A1D8PH21,861
A0A1D8PK61,Q5ANA1,831
A0A1D8PK61,A0A1D8PPT5,861
A0A1D8PK61,A0A1D8PM41,861
A0A1D8PK61,Q5A900,861
A0A1D8PK61,Q59T44,861
A0A1D8PK61,A0A1D8PDL6,861
A0A1D8PK61,A0A1D8PCX8,861
A0A1D8PK61,Q5AB87,861
A0A1D8PK61,Q5ALV6,861
A0A1D8PK61,Q96W54,831
A0A1D8PK61,P0CU35,831
A0A1D8PK61,A0A1D8PL68,831
A0A1D8PK61,A0A1D8PL99,861
A0A1D8PK61,A0A1D8PEV4,821
A0A1D8PK61,A0A1D8PTR4,861
A0A1D8PK61,A0A1D8PK30,861
A0A1D8PK61,A0A1D8PNQ6,861
A0A1D8PK61,A0A1D8PFL9,861
A0A1D8PK61,A0A1D8PK71,814
A0A1D8PK61,A0A1D8PGY8,861
A0A1D8PK61,O42817,861
A0A1D8PK61,A0A1D8PK40,861
A0A1D8PK61,Q5A109,861
A0A1D8PK61,Q5A6R1,861
A0A1D8PK61,A0A1D8PPE0,861
A0A1D8PK61,Q5AG43,861
A0A1D8PK61,A0A1D8PHH4,861
A0A1D8PK61,A0A1D8PDT3,861
A0A1D8PK61,A0A1D8PF45,861
A0A1D8PK61,A0A1D8PF57,831
A0A1D8PK61,A0A1D8PTY4,921
A0A1D8PK61,A0A1D8PTI7,831
A0A1D8PK61,A0A1D8PCW6,861
A0A1D8PK61,A0A1D8PPN6,861
A0A1D8PK61,Q5AIB8,861
A0A1D8PK61,P40910,861
A0A1D8PK61,A0A1D8PK43,861
A0A1D8PK61,O59931,861
A0A1D8PK61,A0A1D8PDZ1,861
A0A1D8PK61,A0A1D8PCG7,861
A0A1D8PK61,A0A1D8PI15,861
A0A1D8PK61,A0A1D8PLC9,861
A0A1D8PK61,A0A1D8PQN0,861
A0A1D8PK61,A0A1D8PHW1,861
A0A1D8PK61,A0A1D8PN83,861
A0A1D8PK61,A0A1D8PSV5,861
A0A1D8PK61,A0A1D8PP14,861
A0A1D8PK61,A0A1D8PCI6,831
A0A1D8PK61,A0A1D8PK22,861
A0A1D8PK61,Q5AJ93,861
A0A1D8PK61,A0A1D8PSK2,861
A0A1D8PK61,Q5ADQ6,861
A0A1D8PK61,P83774,861
A0A1D8PK61,A0A1D8PFG4,861
A0A1D8PK61,A0A1D8PEY9,861
A0A1D8PK61,P25997,921
A0A1D8PK61,Q5A6A1,861
A0A1D8PK65,Q5A4W7,950
A0A1D8PK71,A0A1D8PPS1,816
A0A1D8PK71,A0A1D8PDU3,816
A0A1D8PK71,A0A1D8PSC5,816
A0A1D8PK71,Q59LS1,816
A0A1D8PK71,P40910,816
A0A1D8PK71,Q5AIB8,816
A0A1D8PK71,Q5AEN2,816
A0A1D8PK71,A0A1D8PK43,816
A0A1D8PK71,A0A1D8PCW6,816
A0A1D8PK71,A0A1D8PPN6,816
A0A1D8PK71,A0A1D8PTI7,814
A0A1D8PK71,A0A1D8PHF5,816
A0A1D8PK71,Q5A7K0,816
A0A1D8PK71,A0A1D8PF45,816
A0A1D8PK71,A0A1D8PF57,800
A0A1D8PK71,A0A1D8PQQ5,816
A0A1D8PK71,A0A1D8PDT3,816
A0A1D8PK71,A0A1D8PHH4,816
A0A1D8PK71,Q5AG43,816
A0A1D8PK71,A0A1D8PPE0,816
A0A1D8PK71,Q5A6R1,816
A0A1D8PK71,A0A1D8PK40,800
A0A1D8PK71,Q5A109,816
A0A1D8PK71,A0A1D8PGY8,816
A0A1D8PK71,O42817,816
A0A1D8PK71,A0A1D8PFL9,816
A0A1D8PK71,A0A1D8PDT4,800
A0A1D8PK71,A0A1D8PNQ6,816
A0A1D8PK71,A0A1D8PF08,816
A0A1D8PK71,Q5AGZ7,816
A0A1D8PK71,A0A1D8PFV1,816
A0A1D8PK71,Q5A389,816
A0A1D8PK71,A0A1D8PK30,800
A0A1D8PK71,A0A1D8PGY0,816
A0A1D8PK71,Q59TE0,816
A0A1D8PK71,A0A1D8PTR4,800
A0A1D8PK71,Q5A6A1,816
A0A1D8PK71,A0A1D8PEV4,813
A0A1D8PK71,A0A1D8PFG4,816
A0A1D8PK71,A0A1D8PL68,814
A0A1D8PK71,A0A1D8PL99,816
A0A1D8PK71,A0A1D8PEY9,816
A0A1D8PK71,P0CU35,814
A0A1D8PK71,P83774,816
A0A1D8PK71,Q5ALV6,816
A0A1D8PK71,Q96W54,814
A0A1D8PK71,Q5ADQ6,816
A0A1D8PK71,Q5AB87,816
A0A1D8PK71,Q5AJ93,816
A0A1D8PK71,A0A1D8PCX8,816
A0A1D8PK71,A0A1D8PSK2,800
A0A1D8PK71,Q59T44,816
A0A1D8PK71,A0A1D8PDL6,816
A0A1D8PK71,A0A1D8PK22,816
A0A1D8PK71,A0A1D8PK61,814
A0A1D8PK71,A0A1D8PP14,816
A0A1D8PK71,Q5ANA1,814
A0A1D8PK71,A0A1D8PPT5,816
A0A1D8PK71,A0A1D8PCI6,814
A0A1D8PK71,A0A1D8PM41,816
A0A1D8PK71,Q5A900,816
A0A1D8PK71,A0A1D8PCQ5,816
A0A1D8PK71,A0A1D8PSV5,816
A0A1D8PK71,A0A1D8PH21,816
A0A1D8PK71,A0A1D8PHW1,816
A0A1D8PK71,A0A1D8PN83,816
A0A1D8PK71,A0A1D8PM75,816
A0A1D8PK71,A0A1D8PLC9,816
A0A1D8PK71,A0A1D8PQN0,816
A0A1D8PK71,A0A1D8PCG7,816
A0A1D8PK71,A0A1D8PI15,816
A0A1D8PK71,A0A1D8PG16,816
A0A1D8PK71,O59931,816
A0A1D8PK71,A0A1D8PDZ1,816
A0A1D8PK85,Q59Z65,832
A0A1D8PK85,Q59PZ1,832
A0A1D8PK85,A0A1D8PTY6,832
A0A1D8PK85,A0A1D8PLK1,832
A0A1D8PK85,A0A1D8PU67,832
A0A1D8PK85,A0A1D8PQW1,832
A0A1D8PK85,A0A1D8PRB6,832
A0A1D8PK85,A0A1D8PJ20,832
A0A1D8PK85,Q5AEB8,832
A0A1D8PK85,A0A1D8PRH6,832
A0A1D8PK85,Q5A6S2,781
A0A1D8PK85,Q5AJZ5,832
A0A1D8PK85,A0A1D8PSS4,832
A0A1D8PK85,A0A1D8PNC8,832
A0A1D8PK87,Q5AHZ2,828
A0A1D8PK87,A0A1D8PF22,832
A0A1D8PK87,A0A1D8PIN6,782
A0A1D8PK87,Q5ALU8,803
A0A1D8PK90,A0A1D8PGV7,921
A0A1D8PKC3,A0A1D8PTY4,921
A0A1D8PKC3,A0A1D8PM35,921
A0A1D8PKD3,Q59L13,832
A0A1D8PKD3,Q59LS1,770
A0A1D8PKD3,Q59SI1,832
A0A1D8PKD5,A0A1D8PMB2,832
A0A1D8PKE9,Q59YC0,832
A0A1D8PKF3,A0A1D8PRP9,760
A0A1D8PKF3,Q59ZI7,832
A0A1D8PKF3,A0A1D8PCQ5,832
A0A1D8PKF3,A0A1D8PM86,832
A0A1D8PKF3,A0A1D8PQR2,832
A0A1D8PKF3,Q59RQ4,832
A0A1D8PKF3,Q5A8Y6,832
A0A1D8PKF3,Q5AA46,824
A0A1D8PKF3,A0A1D8PPS1,832
A0A1D8PKF3,Q59Z25,832
A0A1D8PKF3,A0A1D8PLT6,832
A0A1D8PKF3,Q5AI30,820
A0A1D8PKF3,Q59KY7,814
A0A1D8PKF3,Q5A6S7,832
A0A1D8PKF3,Q59RP7,832
A0A1D8PKF3,Q5A4Z9,832
A0A1D8PKF3,Q5AGZ7,832
A0A1D8PKF3,A0A1D8PRG0,832
A0A1D8PKF3,Q59X93,832
A0A1D8PKF3,A0A1D8PQ89,818
A0A1D8PKF3,Q59VH3,832
A0A1D8PKF3,A0A1D8PSV5,832
A0A1D8PKF3,A0A1D8PK22,832
A0A1D8PKF3,Q5AHY8,832
A0A1D8PKF3,A0A1D8PQQ9,832
A0A1D8PKF3,Q5AHG8,832
A0A1D8PKF3,Q5AJZ7,820
A0A1D8PKF3,Q5AAS9,796
A0A1D8PKF3,A0A1D8PN49,832
A0A1D8PKF3,Q5A7P6,832
A0A1D8PKF3,Q5A3J1,832
A0A1D8PKF3,A0A1D8PCJ1,832
A0A1D8PKF3,A0A1D8PMX3,832
A0A1D8PKF3,A0A1D8PRP6,832
A0A1D8PKF3,A0A1D8PRY0,832
A0A1D8PKF3,A0A1D8PPW1,832
A0A1D8PKF3,A0A1D8PG94,832
A0A1D8PKF3,Q5A6K5,832
A0A1D8PKF3,A0A1D8PEV9,832
A0A1D8PKF3,A0A1D8PJ23,736
A0A1D8PKF3,A0A1D8PK30,832
A0A1D8PKF3,O94150,832
A0A1D8PKF3,Q5ABC3,832
A0A1D8PKG5,A0A1D8PU59,747
A0A1D8PKG5,A0A1D8PRE8,782
A0A1D8PKG5,A0A1D8PF14,747
A0A1D8PKG5,Q59S06,717
A0A1D8PKG5,A0A1D8PI20,747
A0A1D8PKG5,A0A1D8PJ43,747
A0A1D8PKG5,Q59ZX6,747
A0A1D8PKG5,Q5ACL9,832
A0A1D8PKG5,A0A1D8PRJ5,747
A0A1D8PKH4,A0A1D8PLF7,780
A0A1D8PKH4,A0A1D8PGV7,921
A0A1D8PKJ2,Q5A886,832
A0A1D8PKJ2,A0A1D8PPL1,811
A0A1D8PKJ2,A0A1D8PQF6,826
A0A1D8PKJ2,A0A1D8PPU7,832
A0A1D8PKJ2,A0A1D8PSS1,832
A0A1D8PKJ2,A0A1D8PNT2,832
A0A1D8PKJ2,Q59U67,785
A0A1D8PKJ2,A0A1D8PU74,832
A0A1D8PKJ3,Q5AH09,800
A0A1D8PKJ3,Q5ADS0,832
A0A1D8PKJ3,Q5A109,802
A0A1D8PKK1,Q9P8E3,815
A0A1D8PKK7,P25997,921
A0A1D8PKK7,A0A1D8PTY4,921
A0A1D8PKR9,A0A1D8PMF5,832
A0A1D8PKR9,P0C8L0,801
A0A1D8PKV6,A0A1D8PNP6,921
A0A1D8PKV6,A0A1D8PGV7,921
A0A1D8PKX2,A0A1D8PJM0,781
A0A1D8PKX2,Q59P51,832
A0A1D8PKX3,P87220,832
A0A1D8PKX3,Q59U85,832
A0A1D8PKX3,A0A1D8PSX0,832
A0A1D8PKX3,A0A1D8PFL8,832
A0A1D8PKX3,Q59PT0,832
A0A1D8PKX3,Q5AJB1,832
A0A1D8PKX3,A0A1D8PK00,832
A0A1D8PKX3,Q5A2U9,832
A0A1D8PKX3,A0A1D8PH17,832
A0A1D8PKX3,A0A1D8PS38,832
A0A1D8PKZ5,A0A1D8PMP5,832
A0A1D8PKZ9,Q9B8D4,832
A0A1D8PKZ9,A0A1D8PRY3,832
A0A1D8PKZ9,A0A1D8PDC4,832
A0A1D8PKZ9,Q59M30,728
A0A1D8PKZ9,Q5A7P7,832
A0A1D8PKZ9,A0A1D8PUD2,832
A0A1D8PKZ9,Q9B8D5,832
A0A1D8PKZ9,Q59ZE0,832
A0A1D8PKZ9,Q59PV8,832
A0A1D8PKZ9,A0A1D8PQ38,832
A0A1D8PL04,A0A1D8PJ43,747
A0A1D8PL04,Q5ACL9,747
A0A1D8PL04,Q59S06,717
A0A1D8PL51,A0A1D8PLR6,832
A0A1D8PL51,A0A1D8PP17,783
A0A1D8PL68,Q5ANA1,831
A0A1D8PL68,A0A1D8PPT5,861
A0A1D8PL68,Q59T44,861
A0A1D8PL68,A0A1D8PDL6,861
A0A1D8PL68,A0A1D8PK61,831
A0A1D8PL68,A0A1D8PH21,861
A0A1D8PL68,A0A1D8PM75,861
A0A1D8PL68,A0A1D8PEV4,833
A0A1D8PL68,A0A1D8PCX8,861
A0A1D8PL68,A0A1D8PF08,861
A0A1D8PL68,A0A1D8PDT4,861
A0A1D8PL68,Q59TE0,861
A0A1D8PL68,A0A1D8PFV1,861
A0A1D8PL68,Q5AGZ7,861
A0A1D8PL68,A0A1D8PGY0,861
A0A1D8PL68,Q59LS1,861
A0A1D8PL68,Q5AEN2,861
A0A1D8PL68,A0A1D8PDU3,861
A0A1D8PL68,A0A1D8PHF5,861
A0A1D8PL68,A0A1D8PQQ5,861
A0A1D8PL68,A0A1D8PCI6,831
A0A1D8PL68,A0A1D8PLC9,861
A0A1D8PL68,A0A1D8PN83,837
A0A1D8PL68,O59931,861
A0A1D8PL68,A0A1D8PCG7,861
A0A1D8PL68,P25997,921
A0A1D8PL68,P83774,861
A0A1D8PL68,A0A1D8PFG4,861
A0A1D8PL68,A0A1D8PEY9,861
A0A1D8PL68,Q5ADQ6,861
A0A1D8PL68,Q5AJ93,861
A0A1D8PL68,A0A1D8PSK2,861
A0A1D8PL68,Q5A6R1,861
A0A1D8PL68,A0A1D8PPE0,861
A0A1D8PL68,A0A1D8PGY8,861
A0A1D8PL68,A0A1D8PK40,861
A0A1D8PL68,Q5A109,925
A0A1D8PL68,A0A1D8PK71,814
A0A1D8PL68,A0A1D8PK43,861
A0A1D8PL68,A0A1D8PTI7,831
A0A1D8PL68,A0A1D8PPN6,861
A0A1D8PL68,A0A1D8PF57,831
A0A1D8PL68,A0A1D8PDT3,861
A0A1D8PL68,A0A1D8PM41,861
A0A1D8PL68,Q5A900,861
A0A1D8PL68,A0A1D8PCQ5,861
A0A1D8PL68,A0A1D8PG16,861
A0A1D8PL68,P0CU35,831
A0A1D8PL68,A0A1D8PL99,861
A0A1D8PL68,Q5AB87,861
A0A1D8PL68,Q5ALV6,861
A0A1D8PL68,Q96W54,831
A0A1D8PL68,Q5A389,861
A0A1D8PL68,A0A1D8PPS1,861
A0A1D8PL68,A0A1D8PSC5,861
A0A1D8PL68,Q5A7K0,861
A0A1D8PL68,A0A1D8PP14,861
A0A1D8PL68,A0A1D8PK22,861
A0A1D8PL68,A0A1D8PSV5,861
A0A1D8PL68,A0A1D8PQN0,861
A0A1D8PL68,A0A1D8PHW1,861
A0A1D8PL68,A0A1D8PDZ1,861
A0A1D8PL68,A0A1D8PI15,861
A0A1D8PL68,Q5A6A1,861
A0A1D8PL68,O42817,861
A0A1D8PL68,A0A1D8PNQ6,861
A0A1D8PL68,A0A1D8PFL9,861
A0A1D8PL68,A0A1D8PTR4,861
A0A1D8PL68,A0A1D8PK30,861
A0A1D8PL68,P40910,861
A0A1D8PL68,Q5AIB8,861
A0A1D8PL68,A0A1D8PCW6,861
A0A1D8PL68,A0A1D8PF45,861
A0A1D8PL68,A0A1D8PTY4,921
A0A1D8PL68,Q5AG43,861
A0A1D8PL68,A0A1D8PHH4,861
A0A1D8PL91,A0A1D8PNA1,832
A0A1D8PL91,Q5APG6,798
A0A1D8PL91,Q5APP1,832
A0A1D8PL91,Q5ADV1,796
A0A1D8PL99,A0A1D8PHW1,925
A0A1D8PL99,A0A1D8PQN0,925
A0A1D8PL99,A0A1D8PI15,925
A0A1D8PL99,A0A1D8PDZ1,925
A0A1D8PL99,A0A1D8PK22,925
A0A1D8PL99,A0A1D8PP14,925
A0A1D8PL99,A0A1D8PSV5,925
A0A1D8PL99,Q5A6A1,925
A0A1D8PL99,A0A1D8PFL9,925
A0A1D8PL99,A0A1D8PNQ6,925
A0A1D8PL99,A0A1D8PK30,925
A0A1D8PL99,A0A1D8PTR4,925
A0A1D8PL99,O42817,925
A0A1D8PL99,A0A1D8PTY4,921
A0A1D8PL99,A0A1D8PF45,925
A0A1D8PL99,A0A1D8PQS0,832
A0A1D8PL99,A0A1D8PHH4,925
A0A1D8PL99,Q5AG43,925
A0A1D8PL99,P40910,925
A0A1D8PL99,Q5AIB8,925
A0A1D8PL99,A0A1D8PCW6,925
A0A1D8PL99,A0A1D8PG16,925
A0A1D8PL99,Q5A900,925
A0A1D8PL99,A0A1D8PM41,925
A0A1D8PL99,A0A1D8PCQ5,925
A0A1D8PL99,Q96W54,861
A0A1D8PL99,Q5ALV6,925
A0A1D8PL99,Q5AB87,925
A0A1D8PL99,P0CU35,861
A0A1D8PL99,Q5A389,925
A0A1D8PL99,Q9UVJ4,832
A0A1D8PL99,Q5A0M4,832
A0A1D8PL99,Q5A7K0,925
A0A1D8PL99,A0A1D8PSC5,925
A0A1D8PL99,A0A1D8PPS1,925
A0A1D8PL99,A0A1D8PN83,921
A0A1D8PL99,A0A1D8PLC9,925
A0A1D8PL99,A0A1D8PCG7,925
A0A1D8PL99,O59931,925
A0A1D8PL99,A0A1D8PCI6,862
A0A1D8PL99,Q5ADQ6,925
A0A1D8PL99,A0A1D8PSK2,925
A0A1D8PL99,Q5AJ93,925
A0A1D8PL99,P25997,921
A0A1D8PL99,A0A1D8PEY9,925
A0A1D8PL99,A0A1D8PFG4,925
A0A1D8PL99,P83774,925
A0A1D8PL99,A0A1D8PK71,816
A0A1D8PL99,A0A1D8PPE0,925
A0A1D8PL99,Q5A6R1,925
A0A1D8PL99,Q5A109,925
A0A1D8PL99,A0A1D8PK40,925
A0A1D8PL99,A0A1D8PGY8,925
A0A1D8PL99,A0A1D8PF57,861
A0A1D8PL99,A0A1D8PDT3,925
A0A1D8PL99,A0A1D8PK43,925
A0A1D8PL99,A0A1D8PPN6,925
A0A1D8PL99,A0A1D8PTI7,861
A0A1D8PL99,A0A1D8PM75,925
A0A1D8PL99,A0A1D8PK61,861
A0A1D8PL99,A0A1D8PDL6,925
A0A1D8PL99,Q59T44,925
A0A1D8PL99,Q5ANA1,861
A0A1D8PL99,A0A1D8PPT5,925
A0A1D8PL99,A0A1D8PH21,925
A0A1D8PL99,Q5A5P8,832
A0A1D8PL99,Q5AJF7,832
A0A1D8PL99,A0A1D8PCX8,925
A0A1D8PL99,A0A1D8PEV4,833
A0A1D8PL99,A0A1D8PL68,861
A0A1D8PL99,A0A1D8PDT4,925
A0A1D8PL99,A0A1D8PF08,925
A0A1D8PL99,A0A1D8PGY0,925
A0A1D8PL99,A0A1D8PFV1,925
A0A1D8PL99,Q5AGZ7,925
A0A1D8PL99,Q59TE0,925
A0A1D8PL99,A0A1D8PQQ5,925
A0A1D8PL99,A0A1D8PDU3,925
A0A1D8PL99,Q5AEN2,925
A0A1D8PL99,Q59LS1,925
A0A1D8PL99,A0A1D8PHF5,925
A0A1D8PLB7,A0A1D8PJF9,786
A0A1D8PLC9,A0A1D8PPE0,925
A0A1D8PLC9,Q5A6R1,925
A0A1D8PLC9,Q5A109,925
A0A1D8PLC9,A0A1D8PK40,925
A0A1D8PLC9,O42817,925
A0A1D8PLC9,A0A1D8PGY8,925
A0A1D8PLC9,A0A1D8PFL9,925
A0A1D8PLC9,A0A1D8PK71,816
A0A1D8PLC9,A0A1D8PNQ6,925
A0A1D8PLC9,A0A1D8PK30,925
A0A1D8PLC9,A0A1D8PTR4,925
A0A1D8PLC9,Q5AIB8,925
A0A1D8PLC9,P40910,925
A0A1D8PLC9,A0A1D8PK43,925
A0A1D8PLC9,A0A1D8PPN6,925
A0A1D8PLC9,A0A1D8PCW6,925
A0A1D8PLC9,A0A1D8PTI7,861
A0A1D8PLC9,A0A1D8PTY4,921
A0A1D8PLC9,A0A1D8PF57,861
A0A1D8PLC9,A0A1D8PF45,925
A0A1D8PLC9,A0A1D8PDT3,925
A0A1D8PLC9,A0A1D8PHH4,925
A0A1D8PLC9,Q5AG43,925
A0A1D8PLC9,A0A1D8PQS0,832
A0A1D8PLC9,A0A1D8PK22,925
A0A1D8PLC9,A0A1D8PCI6,861
A0A1D8PLC9,A0A1D8PP14,925
A0A1D8PLC9,A0A1D8PSV5,925
A0A1D8PLC9,A0A1D8PN83,920
A0A1D8PLC9,A0A1D8PHW1,925
A0A1D8PLC9,A0A1D8PQN0,925
A0A1D8PLC9,A0A1D8PCG7,925
A0A1D8PLC9,A0A1D8PI15,925
A0A1D8PLC9,A0A1D8PDZ1,925
A0A1D8PLC9,O59931,925
A0A1D8PLC9,Q5A6A1,925
A0A1D8PLC9,P25997,921
A0A1D8PLC9,A0A1D8PEY9,925
A0A1D8PLC9,A0A1D8PFG4,925
A0A1D8PLC9,P83774,925
A0A1D8PLC9,Q5ADQ6,925
A0A1D8PLC9,A0A1D8PSK2,925
A0A1D8PLC9,Q5AJ93,925
A0A1D8PLC9,Q9UVJ4,832
A0A1D8PLC9,Q5A0M4,832
A0A1D8PLC9,A0A1D8PDT4,925
A0A1D8PLC9,A0A1D8PF08,925
A0A1D8PLC9,A0A1D8PGY0,925
A0A1D8PLC9,A0A1D8PFV1,925
A0A1D8PLC9,Q5AGZ7,925
A0A1D8PLC9,Q5A389,925
A0A1D8PLC9,Q59TE0,925
A0A1D8PLC9,A0A1D8PDU3,925
A0A1D8PLC9,A0A1D8PSC5,925
A0A1D8PLC9,A0A1D8PPS1,925
A0A1D8PLC9,Q5AEN2,925
A0A1D8PLC9,Q59LS1,925
A0A1D8PLC9,A0A1D8PHF5,925
A0A1D8PLC9,Q5A7K0,925
A0A1D8PLC9,A0A1D8PQQ5,925
A0A1D8PLC9,A0A1D8PDL6,925
A0A1D8PLC9,A0A1D8PK61,861
A0A1D8PLC9,Q59T44,925
A0A1D8PLC9,Q5A900,925
A0A1D8PLC9,A0A1D8PPT5,925
A0A1D8PLC9,Q5ANA1,861
A0A1D8PLC9,A0A1D8PM41,925
A0A1D8PLC9,A0A1D8PH21,925
A0A1D8PLC9,A0A1D8PCQ5,925
A0A1D8PLC9,A0A1D8PM75,925
A0A1D8PLC9,A0A1D8PG16,925
A0A1D8PLC9,A0A1D8PEV4,833
A0A1D8PLC9,A0A1D8PL68,861
A0A1D8PLC9,A0A1D8PL99,925
A0A1D8PLC9,P0CU35,861
A0A1D8PLC9,Q96W54,861
A0A1D8PLC9,Q5ALV6,925
A0A1D8PLC9,Q5AB87,925
A0A1D8PLC9,Q59L13,805
A0A1D8PLC9,A0A1D8PCX8,925
A0A1D8PLC9,Q5AJF7,832
A0A1D8PLF7,A0A1D8PKH4,780
A0A1D8PLK1,A0A1D8PU67,832
A0A1D8PLK1,A0A1D8PQW1,832
A0A1D8PLK1,A0A1D8PRB6,832
A0A1D8PLK1,A0A1D8PJ20,832
A0A1D8PLK1,Q5AEB8,832
A0A1D8PLK1,Q59Z65,832
A0A1D8PLK1,Q59PZ1,832
A0A1D8PLK1,Q59X29,814
A0A1D8PLK1,A0A1D8PTY6,832
A0A1D8PLK1,Q5AJZ5,832
A0A1D8PLK1,A0A1D8PK85,832
A0A1D8PLK1,A0A1D8PSS4,832
A0A1D8PLK1,A0A1D8PNC8,832
A0A1D8PLK1,A0A1D8PRH6,832
A0A1D8PLK1,A0A1D8PP77,738
A0A1D8PLK1,Q5A6S2,828
A0A1D8PLM0,A0A1D8PDV7,820
A0A1D8PLM0,A0A1D8PPK3,785
A0A1D8PLM5,Q5A0I6,832
A0A1D8PLN1,Q59ZX6,747
A0A1D8PLN1,Q59W63,782
A0A1D8PLN1,Q5ACL9,747
A0A1D8PLN1,A0A1D8PRP4,832
A0A1D8PLN1,Q5APD0,781
A0A1D8PLN1,A0A1D8PRJ5,747
A0A1D8PLN1,A0A1D8PGM4,747
A0A1D8PLN1,A0A1D8PJ43,747
A0A1D8PLN1,A0A1D8PRE0,747
A0A1D8PLN1,A0A1D8PI20,747
A0A1D8PLN1,A0A1D8PGP2,747
A0A1D8PLN1,A0A1D8PJD3,715
A0A1D8PLN1,Q59UH8,747
A0A1D8PLN1,Q59S06,747
A0A1D8PLN1,A0A1D8PFZ9,832
A0A1D8PLN1,A0A1D8PF14,747
A0A1D8PLN3,Q59YH4,799
A0A1D8PLN3,Q59QB7,832
A0A1D8PLN3,Q59YC4,832
A0A1D8PLN3,Q59Z12,832
A0A1D8PLP0,Q5A5N9,763
A0A1D8PLP0,Q59M52,832
A0A1D8PLP0,A0A1D8PMS1,786
A0A1D8PLP0,A0A1D8PQS2,832
A0A1D8PLP0,A0A1D8PFJ8,796
A0A1D8PLP3,A0A1D8PP59,874
A0A1D8PLP3,Q5ABS1,925
A0A1D8PLP3,A0A1D8PJX3,953
A0A1D8PLP3,Q5ALV5,797
A0A1D8PLP3,A0A1D8PQD5,832
A0A1D8PLP3,A0A1D8PHA3,953
A0A1D8PLP3,P0C8L0,925
A0A1D8PLP3,P83782,925
A0A1D8PLP3,A0A1D8PHA2,925
A0A1D8PLP3,A0A1D8PJT8,814
A0A1D8PLR5,Q59Z24,832
A0A1D8PLR5,Q5A298,832
A0A1D8PLR5,A0A1D8PCD0,832
A0A1D8PLR5,A0A1D8PHV8,832
A0A1D8PLR5,A0A1D8PEX3,832
A0A1D8PLR5,Q5A8Y5,832
A0A1D8PLR5,A0A1D8PS34,784
A0A1D8PLR5,Q59LT9,832
A0A1D8PLR5,A0A1D8PFX2,832
A0A1D8PLR5,A0A1D8PH80,832
A0A1D8PLR5,Q59MZ8,832
A0A1D8PLR5,A0A1D8PQM4,832
A0A1D8PLR5,A0A1D8PFJ8,832
A0A1D8PLR5,Q5A462,832
A0A1D8PLR5,Q5AP67,716
A0A1D8PLR5,Q59QT0,832
A0A1D8PLR5,A0A1D8PHD8,832
A0A1D8PLR5,A0A1D8PUA6,832
A0A1D8PLR5,Q5A8Y7,832
A0A1D8PLR5,Q59M52,807
A0A1D8PLR6,A0A1D8PP17,811
A0A1D8PLR6,A0A1D8PL51,832
A0A1D8PLT6,A0A1D8PQR2,832
A0A1D8PLT6,Q59RQ4,832
A0A1D8PLT6,Q59KY7,832
A0A1D8PLT6,Q5AI30,801
A0A1D8PLT6,Q59X93,832
A0A1D8PLT6,A0A1D8PRG0,832
A0A1D8PLT6,Q5AA46,832
A0A1D8PLT6,Q5A8Y6,832
A0A1D8PLT6,P25997,921
A0A1D8PLT6,A0A1D8PEV9,811
A0A1D8PLT6,A0A1D8PG94,832
A0A1D8PLT6,A0A1D8PJ23,729
A0A1D8PLT6,Q5AJZ7,832
A0A1D8PLT6,A0A1D8PRP6,832
A0A1D8PLT6,A0A1D8PRY0,832
A0A1D8PLT6,A0A1D8PMX3,832
A0A1D8PLT6,A0A1D8PRP9,822
A0A1D8PLT6,A0A1D8PKF3,832
A0A1D8PLT6,Q5A798,783
A0A1D8PLT6,Q59ZI7,832
A0A1D8PLT6,Q5A4Z9,811
A0A1D8PLT6,Q59RP7,832
A0A1D8PLT6,A0A1D8PPR6,832
A0A1D8PLT6,A0A1D8PQQ9,832
A0A1D8PLT6,Q5AHY8,832
A0A1D8PLT6,A0A1D8PQ89,832
A0A1D8PLT6,Q59VH3,832
A0A1D8PLT6,Q5A6K5,787
A0A1D8PLT6,A0A1D8PPW1,811
A0A1D8PLT6,O94150,832
A0A1D8PLT6,A0A1D8PTY4,921
A0A1D8PLT6,Q5A3J1,832
A0A1D8PLT6,A0A1D8PCJ1,832
A0A1D8PLT6,A0A1D8PN49,832
A0A1D8PLT6,Q5A7P6,832
A0A1D8PLW7,Q5AEF2,832
A0A1D8PLW7,Q5A2S9,785
A0A1D8PLW7,Q5ANL4,832
A0A1D8PLW7,A0A1D8PGV7,921
A0A1D8PLW7,A0A1D8PHC5,832
A0A1D8PLW7,A0A1D8PNP6,921
A0A1D8PLW8,A0A1D8PI93,832
A0A1D8PLW8,Q5A6S2,832
A0A1D8PLW8,Q5A3L0,832
A0A1D8PLW8,A0A1D8PP77,832
A0A1D8PLW8,A0A1D8PSS4,743
A0A1D8PLW8,Q59SD0,832
A0A1D8PLW8,A0A1D8PNA8,832
A0A1D8PLW8,A0A1D8PTY6,832
A0A1D8PLW8,Q59X29,832
A0A1D8PLW8,Q5A2A0,832
A0A1D8PLW8,A0A1D8PIV7,832
A0A1D8PLW8,A0A1D8PTV0,832
A0A1D8PLW8,A0A1D8PD15,832
A0A1D8PLW8,A0A1D8PGA6,832
A0A1D8PLW8,Q5A0L8,832
A0A1D8PLW8,A0A1D8PFL7,832
A0A1D8PLW8,A0A1D8PFZ8,832
A0A1D8PLW8,A0A1D8PMQ4,832
A0A1D8PLY1,A0A1D8PDW1,832
A0A1D8PLY1,A0A1D8PCE7,832
A0A1D8PLY1,A0A1D8PDF4,814
A0A1D8PLY1,A0A1D8PD51,832
A0A1D8PLY1,Q59TN2,832
A0A1D8PLY2,Q59TA2,827
A0A1D8PLY3,A0A1D8PEN1,953
A0A1D8PLZ6,A0A1D8PN00,798
A0A1D8PLZ6,A0A1D8PPE3,832
A0A1D8PLZ6,A0A1D8PGC3,792
A0A1D8PLZ6,Q59M53,832
A0A1D8PLZ6,Q5APB4,832
A0A1D8PLZ6,A0A1D8PQH0,832
A0A1D8PM02,Q5A5V6,832
A0A1D8PM35,Q59QS1,921
A0A1D8PM35,A0A1D8PNN8,921
A0A1D8PM35,A0A1D8PKC3,921
A0A1D8PM41,A0A1D8PQQ5,925
A0A1D8PM41,Q5A7K0,925
A0A1D8PM41,A0A1D8PHF5,925
A0A1D8PM41,Q59SI1,805
A0A1D8PM41,Q5AEN2,925
A0A1D8PM41,Q59LS1,925
A0A1D8PM41,A0A1D8PDU3,925
A0A1D8PM41,A0A1D8PSC5,925
A0A1D8PM41,A0A1D8PPS1,925
A0A1D8PM41,Q59TE0,925
A0A1D8PM41,A0A1D8PGY0,925
A0A1D8PM41,A0A1D8PFV1,925
A0A1D8PM41,Q5AGZ7,925
A0A1D8PM41,Q5A389,925
A0A1D8PM41,A0A1D8PF08,925
A0A1D8PM41,A0A1D8PDT4,925
A0A1D8PM41,Q9UVJ4,832
A0A1D8PM41,Q5A0M4,832
A0A1D8PM41,Q59L13,831
A0A1D8PM41,A0A1D8PCX8,925
A0A1D8PM41,Q5AJF7,832
A0A1D8PM41,Q5AB87,925
A0A1D8PM41,Q96W54,861
A0A1D8PM41,Q5ALV6,925
A0A1D8PM41,P0CU35,861
A0A1D8PM41,A0A1D8PL68,861
A0A1D8PM41,A0A1D8PL99,925
A0A1D8PM41,A0A1D8PEV4,833
A0A1D8PM41,A0A1D8PG16,925
A0A1D8PM41,A0A1D8PM75,925
A0A1D8PM41,A0A1D8PH21,925
A0A1D8PM41,A0A1D8PCQ5,925
A0A1D8PM41,Q5A900,925
A0A1D8PM41,A0A1D8PPT5,925
A0A1D8PM41,Q5ANA1,861
A0A1D8PM41,A0A1D8PDL6,925
A0A1D8PM41,A0A1D8PK61,861
A0A1D8PM41,Q59T44,925
A0A1D8PM41,A0A1D8PHH4,925
A0A1D8PM41,Q5AG43,925
A0A1D8PM41,A0A1D8PQS0,832
A0A1D8PM41,A0A1D8PDT3,925
A0A1D8PM41,A0A1D8PF57,861
A0A1D8PM41,A0A1D8PF45,925
A0A1D8PM41,A0A1D8PTY4,921
A0A1D8PM41,A0A1D8PTI7,861
A0A1D8PM41,A0A1D8PPN6,925
A0A1D8PM41,A0A1D8PCW6,925
A0A1D8PM41,Q5AIB8,925
A0A1D8PM41,P40910,925
A0A1D8PM41,A0A1D8PK43,925
A0A1D8PM41,A0A1D8PTR4,925
A0A1D8PM41,A0A1D8PK30,925
A0A1D8PM41,A0A1D8PNQ6,925
A0A1D8PM41,A0A1D8PFL9,925
A0A1D8PM41,A0A1D8PK71,816
A0A1D8PM41,O42817,925
A0A1D8PM41,A0A1D8PGY8,925
A0A1D8PM41,Q5A109,925
A0A1D8PM41,A0A1D8PK40,925
A0A1D8PM41,Q5A6R1,925
A0A1D8PM41,A0A1D8PPE0,925
A0A1D8PM41,A0A1D8PSK2,925
A0A1D8PM41,Q5AJ93,925
A0A1D8PM41,Q5ADQ6,925
A0A1D8PM41,P83774,925
A0A1D8PM41,A0A1D8PEY9,925
A0A1D8PM41,A0A1D8PFG4,925
A0A1D8PM41,P25997,921
A0A1D8PM41,Q5A6A1,925
A0A1D8PM41,A0A1D8PDZ1,925
A0A1D8PM41,O59931,925
A0A1D8PM41,A0A1D8PCG7,925
A0A1D8PM41,A0A1D8PI15,925
A0A1D8PM41,A0A1D8PQN0,925
A0A1D8PM41,A0A1D8PLC9,925
A0A1D8PM41,A0A1D8PN83,920
A0A1D8PM41,A0A1D8PHW1,925
A0A1D8PM41,A0A1D8PSV5,925
A0A1D8PM41,A0A1D8PCI6,861
A0A1D8PM41,A0A1D8PP14,925
A0A1D8PM41,A0A1D8PK22,925
A0A1D8PM60,Q5AAW3,784
A0A1D8PM68,Q5AGC6,797
A0A1D8PM75,A0A1D8PCW6,925
A0A1D8PM75,A0A1D8PPN6,925
A0A1D8PM75,A0A1D8PTI7,861
A0A1D8PM75,A0A1D8PK43,925
A0A1D8PM75,Q5AIB8,925
A0A1D8PM75,P40910,925
A0A1D8PM75,A0A1D8PDT3,925
A0A1D8PM75,A0A1D8PQS0,832
A0A1D8PM75,Q5AG43,925
A0A1D8PM75,A0A1D8PHH4,925
A0A1D8PM75,A0A1D8PTY4,921
A0A1D8PM75,A0A1D8PF45,925
A0A1D8PM75,A0A1D8PF57,861
A0A1D8PM75,A0A1D8PK40,925
A0A1D8PM75,Q5A109,925
A0A1D8PM75,A0A1D8PGY8,925
A0A1D8PM75,O42817,925
A0A1D8PM75,A0A1D8PPE0,925
A0A1D8PM75,Q5A6R1,925
A0A1D8PM75,A0A1D8PK30,925
A0A1D8PM75,A0A1D8PTR4,925
A0A1D8PM75,A0A1D8PK71,816
A0A1D8PM75,A0A1D8PFL9,925
A0A1D8PM75,A0A1D8PNQ6,925
A0A1D8PM75,A0A1D8PFG4,925
A0A1D8PM75,A0A1D8PEY9,925
A0A1D8PM75,P83774,925
A0A1D8PM75,Q5A6A1,925
A0A1D8PM75,P25997,921
A0A1D8PM75,Q5AJ93,925
A0A1D8PM75,A0A1D8PSK2,925
A0A1D8PM75,Q5ADQ6,925
A0A1D8PM75,A0A1D8PSV5,925
A0A1D8PM75,A0A1D8PK22,925
A0A1D8PM75,A0A1D8PCI6,861
A0A1D8PM75,A0A1D8PP14,925
A0A1D8PM75,A0A1D8PI15,925
A0A1D8PM75,A0A1D8PCG7,925
A0A1D8PM75,O59931,925
A0A1D8PM75,A0A1D8PDZ1,925
A0A1D8PM75,A0A1D8PHW1,925
A0A1D8PM75,A0A1D8PN83,921
A0A1D8PM75,A0A1D8PQN0,925
A0A1D8PM75,A0A1D8PLC9,925
A0A1D8PM75,A0A1D8PHF5,925
A0A1D8PM75,A0A1D8PPS1,925
A0A1D8PM75,A0A1D8PSC5,925
A0A1D8PM75,A0A1D8PDU3,925
A0A1D8PM75,Q59LS1,925
A0A1D8PM75,Q5AEN2,925
A0A1D8PM75,A0A1D8PQQ5,925
A0A1D8PM75,Q5A7K0,925
A0A1D8PM75,Q5A0M4,832
A0A1D8PM75,Q9UVJ4,832
A0A1D8PM75,Q5A389,925
A0A1D8PM75,Q5AGZ7,925
A0A1D8PM75,A0A1D8PFV1,925
A0A1D8PM75,A0A1D8PGY0,925
A0A1D8PM75,Q59TE0,925
A0A1D8PM75,A0A1D8PDT4,925
A0A1D8PM75,A0A1D8PF08,925
A0A1D8PM75,A0A1D8PL99,925
A0A1D8PM75,A0A1D8PL68,861
A0A1D8PM75,P0CU35,861
A0A1D8PM75,A0A1D8PEV4,833
A0A1D8PM75,A0A1D8PCX8,925
A0A1D8PM75,Q5AJF7,832
A0A1D8PM75,Q5ALV6,925
A0A1D8PM75,Q96W54,861
A0A1D8PM75,Q5AB87,925
A0A1D8PM75,A0A1D8PCQ5,925
A0A1D8PM75,A0A1D8PH21,925
A0A1D8PM75,Q59T44,925
A0A1D8PM75,A0A1D8PK61,861
A0A1D8PM75,A0A1D8PDL6,925
A0A1D8PM75,A0A1D8PM41,925
A0A1D8PM75,A0A1D8PPT5,925
A0A1D8PM75,Q5ANA1,861
A0A1D8PM75,Q5A900,925
A0A1D8PM75,A0A1D8PG16,925
A0A1D8PM82,A0A1D8PNL9,832
A0A1D8PM86,A0A1D8PKF3,832
A0A1D8PM86,Q5A798,812
A0A1D8PM86,Q59ZI7,832
A0A1D8PM86,A0A1D8PQR2,832
A0A1D8PM86,Q59RQ4,832
A0A1D8PM86,Q5A8Y6,832
A0A1D8PM86,Q59RP7,832
A0A1D8PM86,Q59X93,782
A0A1D8PM86,A0A1D8PRG0,832
A0A1D8PM86,Q59VH3,832
A0A1D8PM86,Q5AHY8,793
A0A1D8PM86,A0A1D8PQQ9,832
A0A1D8PM86,A0A1D8PN49,832
A0A1D8PM86,A0A1D8PRY0,832
A0A1D8PM86,A0A1D8PRP6,832
A0A1D8PM86,A0A1D8PCJ1,832
A0A1D8PM86,Q5A3J1,832
A0A1D8PM86,A0A1D8PEV9,832
A0A1D8PM86,A0A1D8PPW1,832
A0A1D8PM86,O94150,832
A0A1D8PM86,A0A1D8PJ23,785
A0A1D8PM92,A0A1D8PGV7,921
A0A1D8PM93,Q5AAW3,832
A0A1D8PM93,A0A1D8PTQ2,832
A0A1D8PM98,A0A1D8PRX3,832
A0A1D8PM98,Q5A326,832
A0A1D8PM98,A0A1D8PE86,782
A0A1D8PM98,A0A1D8PMT3,832
A0A1D8PM98,A0A1D8PMB5,806
A0A1D8PM98,Q5ADM0,793
A0A1D8PM98,A0A1D8PCA6,832
A0A1D8PMB0,A0A1D8PFC8,921
A0A1D8PMB2,A0A1D8PKD5,832
A0A1D8PMB5,A0A1D8PCA6,832
A0A1D8PMB5,Q5ADM0,832
A0A1D8PMB5,A0A1D8PM98,806
A0A1D8PMB5,A0A1D8PMT3,832
A0A1D8PMB5,A0A1D8PE86,798
A0A1D8PMB5,Q5A326,832
A0A1D8PMB5,A0A1D8PRX3,832
A0A1D8PMB7,P25997,921
A0A1D8PMC8,Q5A4Y2,832
A0A1D8PMC8,A0A1D8PJE8,832
A0A1D8PMC8,A0A1D8PI01,832
A0A1D8PMD4,A0A1D8PS42,953
A0A1D8PMD4,Q59PZ2,953
A0A1D8PMF5,P0C8L0,832
A0A1D8PMF5,A0A1D8PKR9,832
A0A1D8PMJ9,Q5AH42,783
A0A1D8PMJ9,A0A1D8PGS6,832
A0A1D8PMK6,Q5ADV1,832
A0A1D8PMK6,Q5A5N5,707
A0A1D8PMK6,A0A1D8PRK3,800
A0A1D8PMK6,A0A1D8PMR5,832
A0A1D8PMK6,Q5A322,832
A0A1D8PMK6,Q5APG6,832
A0A1D8PMK6,A0A1D8PFH7,832
A0A1D8PMK6,Q5A7K1,802
A0A1D8PMK6,Q5AED6,832
A0A1D8PMK6,A0A1D8PH71,832
A0A1D8PMK6,Q5AC37,832
A0A1D8PMK6,Q5APB0,832
A0A1D8PMK6,Q5A7Q3,832
A0A1D8PMK6,Q5A449,832
A0A1D8PMK6,Q59R35,822
A0A1D8PML0,A0A1D8PP73,832
A0A1D8PML0,A0A1D8PK28,832
A0A1D8PML0,A0A1D8PE62,832
A0A1D8PMN9,Q5AB74,719
A0A1D8PMN9,Q59Z12,729
A0A1D8PMN9,Q5AK16,800
A0A1D8PMN9,Q59YH4,799
A0A1D8PMN9,Q59QB7,828
A0A1D8PMP5,A0A1D8PKZ5,832
A0A1D8PMQ0,A0A1D8PD15,812
A0A1D8PMQ0,A0A1D8PTV0,718
A0A1D8PMQ4,Q5A2A0,832
A0A1D8PMQ4,A0A1D8PNA8,832
A0A1D8PMQ4,Q59X29,832
A0A1D8PMQ4,Q59SD0,832
A0A1D8PMQ4,Q5A6S2,832
A0A1D8PMQ4,A0A1D8PI93,832
A0A1D8PMQ4,A0A1D8PP77,801
A0A1D8PMQ4,Q5A3L0,832
A0A1D8PMQ4,A0A1D8PLW8,832
A0A1D8PMQ4,A0A1D8PQW1,809
A0A1D8PMQ4,A0A1D8PFZ8,832
A0A1D8PMQ4,A0A1D8PFL7,832
A0A1D8PMQ4,Q59PZ1,799
A0A1D8PMQ4,Q5A0L8,832
A0A1D8PMQ4,A0A1D8PGA6,832
A0A1D8PMQ4,A0A1D8PD15,832
A0A1D8PMQ4,A0A1D8PIV7,832
A0A1D8PMQ4,A0A1D8PTV0,832
A0A1D8PMQ4,A0A1D8PRH6,797
A0A1D8PMR5,Q5ADV1,832
A0A1D8PMR5,Q59XY0,780
A0A1D8PMR5,A0A1D8PNL9,796
A0A1D8PMR5,Q5A322,832
A0A1D8PMR5,Q5APG6,832
A0A1D8PMR5,A0A1D8PUC1,800
A0A1D8PMR5,A0A1D8PS92,785
A0A1D8PMR5,A0A1D8PFH7,832
A0A1D8PMR5,A0A1D8PMK6,832
A0A1D8PMR5,Q5AED6,797
A0A1D8PMR5,A0A1D8PH71,832
A0A1D8PMR5,Q5AC37,832
A0A1D8PMR5,Q5APB0,775
A0A1D8PMR5,A0A1D8PFI2,832
A0A1D8PMR5,Q5A7Q3,760
A0A1D8PMR5,Q5A449,789
A0A1D8PMR5,A0A1D8PHP3,805
A0A1D8PMS1,Q59QT0,815
A0A1D8PMS1,A0A1D8PHD8,832
A0A1D8PMS1,Q5AK30,832
A0A1D8PMS1,Q5A298,832
A0A1D8PMS1,Q5A246,832
A0A1D8PMS1,A0A1D8PQ44,832
A0A1D8PMS1,A0A1D8PFJ8,832
A0A1D8PMS1,Q59M52,832
A0A1D8PMS1,Q5A5N9,803
A0A1D8PMS1,Q59MZ8,832
A0A1D8PMS1,A0A1D8PLP0,786
A0A1D8PMS1,Q59LT9,830
A0A1D8PMS1,A0A1D8PQS2,730
A0A1D8PMS8,A0A1D8PSI8,832
A0A1D8PMS8,A0A1D8PJK7,832
A0A1D8PMS8,A0A1D8PU88,832
A0A1D8PMT3,A0A1D8PMB5,832
A0A1D8PMT3,A0A1D8PCA6,832
A0A1D8PMT3,Q5ADM0,832
A0A1D8PMT3,A0A1D8PM98,832
A0A1D8PMT3,A0A1D8PU99,781
A0A1D8PMT3,Q5A326,832
A0A1D8PMT3,A0A1D8PRX3,832
A0A1D8PMT3,A0A1D8PE86,832
A0A1D8PMT6,A0A1D8PJB0,832
A0A1D8PMT8,Q5AAS9,796
A0A1D8PMU5,A0A1D8PTY4,921
A0A1D8PMU5,P25997,921
A0A1D8PMU8,A0A1D8PNP6,921
A0A1D8PMX3,Q59ZI7,832
A0A1D8PMX3,A0A1D8PKF3,832
A0A1D8PMX3,Q59RQ4,832
A0A1D8PMX3,Q5A8Y6,832
A0A1D8PMX3,Q59X93,832
A0A1D8PMX3,A0A1D8PRG0,832
A0A1D8PMX3,Q59RP7,832
A0A1D8PMX3,A0A1D8PLT6,832
A0A1D8PMX3,Q5AHY8,801
A0A1D8PMX3,A0A1D8PQQ9,832
A0A1D8PMX3,A0A1D8PN49,832
A0A1D8PMX3,Q5A7P6,820
A0A1D8PMX3,A0A1D8PRP6,832
A0A1D8PMX3,A0A1D8PRY0,832
A0A1D8PMX3,Q5A3J1,832
A0A1D8PMX3,A0A1D8PCJ1,832
A0A1D8PMX3,A0A1D8PG94,832
A0A1D8PN00,Q5AP83,783
A0A1D8PN00,Q59M53,801
A0A1D8PN00,Q5APB4,783
A0A1D8PN00,A0A1D8PQH0,832
A0A1D8PN00,A0A1D8PSC6,832
A0A1D8PN00,Q59T89,832
A0A1D8PN00,A0A1D8PLZ6,798
A0A1D8PN00,Q5AAS1,832
A0A1D8PN26,A0A1D8PE35,832
A0A1D8PN49,Q5A8Y6,832
A0A1D8PN49,Q5AA46,832
A0A1D8PN49,A0A1D8PPS1,832
A0A1D8PN49,Q59Z25,832
A0A1D8PN49,Q5AI30,801
A0A1D8PN49,A0A1D8PLT6,832
A0A1D8PN49,Q59KY7,832
A0A1D8PN49,Q5A6S7,832
A0A1D8PN49,Q59RP7,832
A0A1D8PN49,Q5A4Z9,832
A0A1D8PN49,Q5AGZ7,832
A0A1D8PN49,A0A1D8PPR6,832
A0A1D8PN49,A0A1D8PRG0,832
A0A1D8PN49,Q59X93,832
A0A1D8PN49,A0A1D8PKF3,832
A0A1D8PN49,A0A1D8PRP9,832
A0A1D8PN49,Q59ZI7,832
A0A1D8PN49,Q5A798,832
A0A1D8PN49,A0A1D8PCQ5,832
A0A1D8PN49,A0A1D8PQR2,832
A0A1D8PN49,A0A1D8PM86,832
A0A1D8PN49,Q59RQ4,832
A0A1D8PN49,Q5AHG8,832
A0A1D8PN49,Q5AJZ7,832
A0A1D8PN49,Q5AAS9,798
A0A1D8PN49,Q5A7P6,832
A0A1D8PN49,A0A1D8PCJ1,832
A0A1D8PN49,A0A1D8PMX3,832
A0A1D8PN49,Q5A3J1,832
A0A1D8PN49,A0A1D8PRY0,832
A0A1D8PN49,A0A1D8PRP6,832
A0A1D8PN49,A0A1D8PPW1,811
A0A1D8PN49,A0A1D8PG94,832
A0A1D8PN49,Q5A6K5,832
A0A1D8PN49,A0A1D8PEV9,811
A0A1D8PN49,A0A1D8PJ23,827
A0A1D8PN49,A0A1D8PK30,832
A0A1D8PN49,Q5ABC3,832
A0A1D8PN49,O94150,832
A0A1D8PN49,A0A1D8PQ89,832
A0A1D8PN49,Q59VH3,832
A0A1D8PN49,Q59QC1,832
A0A1D8PN49,A0A1D8PSV5,832
A0A1D8PN49,A0A1D8PK22,832
A0A1D8PN49,Q5AHY8,832
A0A1D8PN49,A0A1D8PQQ9,832
A0A1D8PN56,A0A1D8PNZ8,808
A0A1D8PN56,A0A1D8PRI7,801
A0A1D8PN56,A0A1D8PR41,832
A0A1D8PN61,A0A1D8PQA6,782
A0A1D8PN83,A0A1D8PL68,837
A0A1D8PN83,A0A1D8PEV4,833
A0A1D8PN83,A0A1D8PCX8,920
A0A1D8PN83,A0A1D8PH21,920
A0A1D8PN83,Q59T44,925
A0A1D8PN83,A0A1D8PDL6,920
A0A1D8PN83,A0A1D8PK61,861
A0A1D8PN83,Q5ANA1,856
A0A1D8PN83,A0A1D8PPT5,920
A0A1D8PN83,A0A1D8PM75,921
A0A1D8PN83,A0A1D8PHF5,921
A0A1D8PN83,A0A1D8PDU3,925
A0A1D8PN83,Q59LS1,921
A0A1D8PN83,Q5AEN2,920
A0A1D8PN83,A0A1D8PQQ5,921
A0A1D8PN83,Q5AGZ7,921
A0A1D8PN83,A0A1D8PFV1,920
A0A1D8PN83,A0A1D8PGY0,920
A0A1D8PN83,Q59TE0,920
A0A1D8PN83,A0A1D8PDT4,864
A0A1D8PN83,A0A1D8PF08,920
A0A1D8PN83,A0A1D8PFG4,920
A0A1D8PN83,A0A1D8PEY9,921
A0A1D8PN83,P83774,916
A0A1D8PN83,P25997,921
A0A1D8PN83,Q5AJ93,921
A0A1D8PN83,A0A1D8PSK2,890
A0A1D8PN83,Q5ADQ6,925
A0A1D8PN83,A0A1D8PCI6,862
A0A1D8PN83,A0A1D8PCG7,898
A0A1D8PN83,O59931,920
A0A1D8PN83,A0A1D8PLC9,920
A0A1D8PN83,A0A1D8PPN6,921
A0A1D8PN83,A0A1D8PTI7,860
A0A1D8PN83,A0A1D8PK43,890
A0A1D8PN83,A0A1D8PDT3,921
A0A1D8PN83,A0A1D8PF57,839
A0A1D8PN83,A0A1D8PK40,890
A0A1D8PN83,Q5A109,861
A0A1D8PN83,A0A1D8PGY8,921
A0A1D8PN83,A0A1D8PPE0,925
A0A1D8PN83,Q5A6R1,920
A0A1D8PN83,A0A1D8PK71,816
A0A1D8PN83,A0A1D8PL99,921
A0A1D8PN83,P0CU35,862
A0A1D8PN83,Q5ALV6,920
A0A1D8PN83,Q96W54,862
A0A1D8PN83,Q5AB87,920
A0A1D8PN83,A0A1D8PCQ5,921
A0A1D8PN83,A0A1D8PM41,920
A0A1D8PN83,Q5A900,921
A0A1D8PN83,A0A1D8PG16,921
A0A1D8PN83,A0A1D8PPS1,925
A0A1D8PN83,A0A1D8PSC5,921
A0A1D8PN83,Q5A7K0,920
A0A1D8PN83,Q5A389,925
A0A1D8PN83,Q5A6A1,920
A0A1D8PN83,A0A1D8PSV5,921
A0A1D8PN83,A0A1D8PK22,925
A0A1D8PN83,A0A1D8PP14,920
A0A1D8PN83,A0A1D8PI15,921
A0A1D8PN83,A0A1D8PDZ1,920
A0A1D8PN83,A0A1D8PHW1,920
A0A1D8PN83,A0A1D8PQN0,920
A0A1D8PN83,A0A1D8PCW6,920
A0A1D8PN83,P40910,921
A0A1D8PN83,Q5AIB8,921
A0A1D8PN83,A0A1D8PHH4,920
A0A1D8PN83,Q5AG43,925
A0A1D8PN83,A0A1D8PTY4,921
A0A1D8PN83,A0A1D8PF45,920
A0A1D8PN83,O42817,922
A0A1D8PN83,A0A1D8PK30,890
A0A1D8PN83,A0A1D8PTR4,890
A0A1D8PN83,A0A1D8PFL9,920
A0A1D8PN83,A0A1D8PNQ6,920
A0A1D8PN92,Q59QT1,832
A0A1D8PNA1,Q5A7S5,800
A0A1D8PNA1,A0A1D8PL91,832
A0A1D8PNA1,Q5APP1,832
A0A1D8PNA1,A0A1D8PUC1,832
A0A1D8PNA1,A0A1D8PHX6,783
A0A1D8PNA1,Q5ADV1,785
A0A1D8PNA1,A0A1D8PU52,803
A0A1D8PNA3,A0A1D8PU80,832
A0A1D8PNA3,A0A1D8PSM5,832
A0A1D8PNA8,Q5AEB8,786
A0A1D8PNA8,A0A1D8PMQ4,832
A0A1D8PNA8,A0A1D8PFZ8,832
A0A1D8PNA8,A0A1D8PFL7,832
A0A1D8PNA8,A0A1D8PIV7,832
A0A1D8PNA8,A0A1D8PTV0,832
A0A1D8PNA8,A0A1D8PRH6,731
A0A1D8PNA8,Q5A0L8,832
A0A1D8PNA8,A0A1D8PNC8,710
A0A1D8PNA8,A0A1D8PGA6,832
A0A1D8PNA8,A0A1D8PD15,832
A0A1D8PNA8,Q59X29,832
A0A1D8PNA8,Q5A2A0,832
A0A1D8PNA8,Q5A6S2,832
A0A1D8PNA8,A0A1D8PI93,832
A0A1D8PNA8,A0A1D8PP77,832
A0A1D8PNA8,Q5A3L0,832
A0A1D8PNA8,A0A1D8PLW8,832
A0A1D8PNA8,Q59SD0,832
A0A1D8PNA8,A0A1D8PSS4,736
A0A1D8PNC0,Q59SS7,832
A0A1D8PNC0,Q59SM3,832
A0A1D8PNC0,A0A1D8PCY1,832
A0A1D8PNC0,Q5A5P1,832
A0A1D8PNC0,A0A1D8PFB8,832
A0A1D8PNC8,A0A1D8PNA8,710
A0A1D8PNC8,A0A1D8PTY6,832
A0A1D8PNC8,Q59Z65,832
A0A1D8PNC8,Q59PZ1,832
A0A1D8PNC8,Q59X29,813
A0A1D8PNC8,A0A1D8PJ20,832
A0A1D8PNC8,Q5AEB8,832
A0A1D8PNC8,A0A1D8PFZ8,784
A0A1D8PNC8,A0A1D8PU67,832
A0A1D8PNC8,A0A1D8PLK1,832
A0A1D8PNC8,A0A1D8PRB6,832
A0A1D8PNC8,A0A1D8PQW1,832
A0A1D8PNC8,Q5A6S2,809
A0A1D8PNC8,A0A1D8PRH6,832
A0A1D8PNC8,A0A1D8PSS4,832
A0A1D8PNC8,Q5AJZ5,832
A0A1D8PNC8,A0A1D8PK85,832
A0A1D8PND7,P0CB54,824
A0A1D8PND9,Q5A6M6,816
A0A1D8PNF5,Q5AAU7,832
A0A1D8PNF5,Q5AGF6,832
A0A1D8PNG5,Q5A756,832
A0A1D8PNG5,A0A1D8PRJ5,747
A0A1D8PNG5,Q59X74,747
A0A1D8PNG5,Q5APD0,747
A0A1D8PNG5,A0A1D8PJ54,747
A0A1D8PNG5,Q5ACL9,801
A0A1D8PNG5,Q59ZX6,747
A0A1D8PNG5,Q59W63,802
A0A1D8PNG5,Q5A213,803
A0A1D8PNG5,A0A1D8PJ43,747
A0A1D8PNG5,Q5A0H6,747
A0A1D8PNG5,A0A1D8PGM4,747
A0A1D8PNG5,A0A1D8PGP2,832
A0A1D8PNG5,A0A1D8PI20,747
A0A1D8PNG5,Q5A852,832
A0A1D8PNG5,Q59S06,802
A0A1D8PNG5,A0A1D8PF14,747
A0A1D8PNG5,A0A1D8PFZ9,801
A0A1D8PNG5,Q5A0V9,869
A0A1D8PNH8,A0A1D8PI44,807
A0A1D8PNJ4,Q5A3J5,780
A0A1D8PNJ4,Q5A7Q7,781
A0A1D8PNJ9,A0A1D8PNP9,832
A0A1D8PNJ9,A0A1D8PRP0,832
A0A1D8PNJ9,A0A1D8PSP7,832
A0A1D8PNJ9,A0A1D8PFX4,832
A0A1D8PNJ9,A0A1D8PR50,832
A0A1D8PNJ9,A0A1D8PTG5,832
A0A1D8PNL9,A0A1D8PM82,832
A0A1D8PNL9,Q5A322,821
A0A1D8PNL9,A0A1D8PFI2,832
A0A1D8PNL9,A0A1D8PMR5,796
A0A1D8PNL9,A0A1D8PHP3,764
A0A1D8PNM3,A0A1D8PUC1,832
A0A1D8PNM3,Q5APG6,731
A0A1D8PNM3,A0A1D8PHF1,785
A0A1D8PNM3,Q5A322,825
A0A1D8PNM3,Q5A5N5,783
A0A1D8PNM3,Q5ADV1,832
A0A1D8PNM3,A0A1D8PHP3,832
A0A1D8PNM3,Q5A449,832
A0A1D8PNM3,A0A1D8PH20,814
A0A1D8PNM3,Q5A7Q3,754
A0A1D8PNM3,A0A1D8PFI2,783
A0A1D8PNM3,Q5APB0,822
A0A1D8PNM3,Q5AED6,795
A0A1D8PNM3,A0A1D8PH71,832
A0A1D8PNM3,A0A1D8PPC8,832
A0A1D8PNM3,A0A1D8PFH7,795
A0A1D8PNM3,A0A1D8PTI0,823
A0A1D8PNN8,A0A1D8PTY4,921
A0A1D8PNN8,A0A1D8PM35,921
A0A1D8PNP6,Q59P43,921
A0A1D8PNP6,Q59W54,921
A0A1D8PNP6,A0A1D8PS91,921
A0A1D8PNP6,Q5AEF2,921
A0A1D8PNP6,Q5ANL4,921
A0A1D8PNP6,A0A1D8PHC5,921
A0A1D8PNP6,A0A1D8PKV6,921
A0A1D8PNP6,A0A1D8PDK7,921
A0A1D8PNP6,Q59VX7,921
A0A1D8PNP6,A0A1D8PMU8,921
A0A1D8PNP6,A0A1D8PGB0,921
A0A1D8PNP6,A0A1D8PRM4,921
A0A1D8PNP6,A0A1D8PLW7,921
A0A1D8PNP6,Q5A2S9,921
A0A1D8PNP6,A0A1D8PGV7,921
A0A1D8PNP9,A0A1D8PSP7,832
A0A1D8PNP9,A0A1D8PNJ9,832
A0A1D8PNP9,A0A1D8PTG5,832
A0A1D8PNP9,A0A1D8PFX4,832
A0A1D8PNP9,A0A1D8PR50,832
A0A1D8PNP9,A0A1D8PRP0,832
A0A1D8PNP9,A0A1D8PTV1,832
A0A1D8PNQ6,P0CU35,861
A0A1D8PNQ6,A0A1D8PL99,925
A0A1D8PNQ6,A0A1D8PL68,861
A0A1D8PNQ6,A0A1D8PEV4,833
A0A1D8PNQ6,A0A1D8PCX8,925
A0A1D8PNQ6,Q5AJF7,832
A0A1D8PNQ6,Q5AB87,925
A0A1D8PNQ6,Q96W54,861
A0A1D8PNQ6,Q5ALV6,925
A0A1D8PNQ6,Q5A5P8,832
A0A1D8PNQ6,A0A1D8PH21,925
A0A1D8PNQ6,A0A1D8PCQ5,925
A0A1D8PNQ6,Q5A900,925
A0A1D8PNQ6,A0A1D8PM41,925
A0A1D8PNQ6,A0A1D8PPT5,925
A0A1D8PNQ6,Q5ANA1,861
A0A1D8PNQ6,A0A1D8PK61,861
A0A1D8PNQ6,A0A1D8PDL6,925
A0A1D8PNQ6,Q59T44,925
A0A1D8PNQ6,A0A1D8PG16,925
A0A1D8PNQ6,A0A1D8PM75,925
A0A1D8PNQ6,A0A1D8PHF5,925
A0A1D8PNQ6,Q5AEN2,925
A0A1D8PNQ6,Q59LS1,925
A0A1D8PNQ6,A0A1D8PSC5,925
A0A1D8PNQ6,A0A1D8PDU3,925
A0A1D8PNQ6,A0A1D8PPS1,925
A0A1D8PNQ6,A0A1D8PQQ5,925
A0A1D8PNQ6,Q5A7K0,925
A0A1D8PNQ6,Q9UVJ4,832
A0A1D8PNQ6,Q5A0M4,832
A0A1D8PNQ6,Q59TE0,925
A0A1D8PNQ6,A0A1D8PGY0,925
A0A1D8PNQ6,Q5A389,925
A0A1D8PNQ6,Q5AGZ7,925
A0A1D8PNQ6,A0A1D8PFV1,925
A0A1D8PNQ6,A0A1D8PF08,925
A0A1D8PNQ6,A0A1D8PDT4,925
A0A1D8PNQ6,P83774,925
A0A1D8PNQ6,A0A1D8PEY9,925
A0A1D8PNQ6,A0A1D8PFG4,925
A0A1D8PNQ6,P25997,921
A0A1D8PNQ6,Q5A6A1,925
A0A1D8PNQ6,A0A1D8PSK2,925
A0A1D8PNQ6,Q5AJ93,925
A0A1D8PNQ6,Q5ADQ6,925
A0A1D8PNQ6,A0A1D8PSV5,925
A0A1D8PNQ6,A0A1D8PCI6,861
A0A1D8PNQ6,A0A1D8PP14,925
A0A1D8PNQ6,A0A1D8PK22,925
A0A1D8PNQ6,A0A1D8PDZ1,925
A0A1D8PNQ6,O59931,925
A0A1D8PNQ6,A0A1D8PI15,925
A0A1D8PNQ6,A0A1D8PCG7,925
A0A1D8PNQ6,A0A1D8PQN0,925
A0A1D8PNQ6,A0A1D8PLC9,925
A0A1D8PNQ6,A0A1D8PN83,920
A0A1D8PNQ6,A0A1D8PHW1,925
A0A1D8PNQ6,A0A1D8PTI7,861
A0A1D8PNQ6,A0A1D8PPN6,925
A0A1D8PNQ6,A0A1D8PCW6,925
A0A1D8PNQ6,A0A1D8PK43,925
A0A1D8PNQ6,P40910,925
A0A1D8PNQ6,Q5AIB8,925
A0A1D8PNQ6,A0A1D8PQS0,832
A0A1D8PNQ6,A0A1D8PHH4,925
A0A1D8PNQ6,Q5AG43,925
A0A1D8PNQ6,A0A1D8PDT3,925
A0A1D8PNQ6,A0A1D8PF57,861
A0A1D8PNQ6,A0A1D8PF45,925
A0A1D8PNQ6,A0A1D8PTY4,921
A0A1D8PNQ6,O42817,925
A0A1D8PNQ6,A0A1D8PGY8,925
A0A1D8PNQ6,Q5A109,925
A0A1D8PNQ6,A0A1D8PK40,925
A0A1D8PNQ6,Q5A6R1,925
A0A1D8PNQ6,A0A1D8PPE0,925
A0A1D8PNQ6,A0A1D8PTR4,925
A0A1D8PNQ6,A0A1D8PK30,925
A0A1D8PNQ6,A0A1D8PK71,816
A0A1D8PNQ6,A0A1D8PFL9,925
A0A1D8PNT2,A0A1D8PSS1,832
A0A1D8PNT2,A0A1D8PPU7,832
A0A1D8PNT2,Q59U67,782
A0A1D8PNT2,A0A1D8PU74,832
A0A1D8PNT2,A0A1D8PKJ2,832
A0A1D8PNT2,A0A1D8PPL1,832
A0A1D8PNT2,Q5A886,832
A0A1D8PNV1,Q5AMN0,811
A0A1D8PNV1,A0A1D8PQP2,832
A0A1D8PNV1,A0A1D8PHI0,832
A0A1D8PNV1,Q5AF80,813
A0A1D8PNV1,A0A1D8PU93,832
A0A1D8PNX3,Q5A7S8,832
A0A1D8PNX3,Q5AK56,832
A0A1D8PNZ8,A0A1D8PR41,832
A0A1D8PNZ8,A0A1D8PN56,808
A0A1D8PNZ8,A0A1D8PRI7,808
A0A1D8PNZ8,Q5AFA9,782
A0A1D8PP06,Q5A885,832
A0A1D8PP06,Q59N43,832
A0A1D8PP14,Q5AEN2,925
A0A1D8PP14,Q59SI1,802
A0A1D8PP14,Q59LS1,925
A0A1D8PP14,A0A1D8PSC5,925
A0A1D8PP14,A0A1D8PDU3,925
A0A1D8PP14,A0A1D8PPS1,925
A0A1D8PP14,A0A1D8PHF5,925
A0A1D8PP14,Q5A7K0,925
A0A1D8PP14,A0A1D8PQQ5,925
A0A1D8PP14,Q9UVJ4,832
A0A1D8PP14,Q5A0M4,832
A0A1D8PP14,A0A1D8PF08,925
A0A1D8PP14,A0A1D8PDT4,925
A0A1D8PP14,Q59TE0,925
A0A1D8PP14,A0A1D8PGY0,925
A0A1D8PP14,Q5A389,925
A0A1D8PP14,Q5AGZ7,925
A0A1D8PP14,A0A1D8PFV1,925
A0A1D8PP14,A0A1D8PEV4,833
A0A1D8PP14,P0CU35,861
A0A1D8PP14,A0A1D8PL99,925
A0A1D8PP14,A0A1D8PL68,861
A0A1D8PP14,Q5AB87,925
A0A1D8PP14,Q96W54,861
A0A1D8PP14,Q5ALV6,925
A0A1D8PP14,Q59L13,791
A0A1D8PP14,A0A1D8PCX8,925
A0A1D8PP14,Q5AJF7,832
A0A1D8PP14,Q5A900,925
A0A1D8PP14,A0A1D8PM41,925
A0A1D8PP14,A0A1D8PPT5,925
A0A1D8PP14,Q5ANA1,861
A0A1D8PP14,A0A1D8PK61,861
A0A1D8PP14,A0A1D8PDL6,925
A0A1D8PP14,Q59T44,925
A0A1D8PP14,A0A1D8PH21,925
A0A1D8PP14,A0A1D8PCQ5,925
A0A1D8PP14,A0A1D8PM75,925
A0A1D8PP14,A0A1D8PG16,925
A0A1D8PP14,A0A1D8PK43,925
A0A1D8PP14,Q5AIB8,925
A0A1D8PP14,P40910,925
A0A1D8PP14,A0A1D8PTI7,861
A0A1D8PP14,A0A1D8PPN6,925
A0A1D8PP14,A0A1D8PCW6,925
A0A1D8PP14,A0A1D8PF57,861
A0A1D8PP14,A0A1D8PF45,925
A0A1D8PP14,A0A1D8PTY4,921
A0A1D8PP14,A0A1D8PQS0,832
A0A1D8PP14,Q5AG43,925
A0A1D8PP14,A0A1D8PHH4,925
A0A1D8PP14,A0A1D8PDT3,925
A0A1D8PP14,Q5A6R1,925
A0A1D8PP14,A0A1D8PPE0,925
A0A1D8PP14,O42817,925
A0A1D8PP14,A0A1D8PGY8,925
A0A1D8PP14,Q5A109,925
A0A1D8PP14,A0A1D8PK40,925
A0A1D8PP14,A0A1D8PNQ6,925
A0A1D8PP14,A0A1D8PK71,816
A0A1D8PP14,A0A1D8PFL9,925
A0A1D8PP14,A0A1D8PTR4,925
A0A1D8PP14,A0A1D8PK30,925
A0A1D8PP14,P25997,921
A0A1D8PP14,Q5A6A1,925
A0A1D8PP14,P83774,925
A0A1D8PP14,A0A1D8PEY9,925
A0A1D8PP14,A0A1D8PFG4,925
A0A1D8PP14,Q5ADQ6,925
A0A1D8PP14,A0A1D8PSK2,925
A0A1D8PP14,Q5AJ93,925
A0A1D8PP14,A0A1D8PCI6,861
A0A1D8PP14,A0A1D8PK22,925
A0A1D8PP14,A0A1D8PSV5,925
A0A1D8PP14,A0A1D8PQN0,925
A0A1D8PP14,A0A1D8PLC9,925
A0A1D8PP14,A0A1D8PN83,920
A0A1D8PP14,A0A1D8PHW1,925
A0A1D8PP14,A0A1D8PDZ1,925
A0A1D8PP14,O59931,925
A0A1D8PP14,A0A1D8PI15,925
A0A1D8PP14,A0A1D8PCG7,925
A0A1D8PP17,A0A1D8PLR6,811
A0A1D8PP17,A0A1D8PL51,783
A0A1D8PP27,P25997,921
A0A1D8PP27,A0A1D8PTY4,921
A0A1D8PP58,P28870,953
A0A1D8PP58,A0A1D8PCA8,953
A0A1D8PP59,P0C8L0,935
A0A1D8PP59,A0A1D8PHA2,941
A0A1D8PP59,A0A1D8PJT8,814
A0A1D8PP59,A0A1D8PJX3,941
A0A1D8PP59,Q5ABS1,939
A0A1D8PP59,A0A1D8PHA3,935
A0A1D8PP59,P83782,939
A0A1D8PP59,A0A1D8PLP3,874
A0A1D8PP73,A0A1D8PE62,803
A0A1D8PP73,A0A1D8PK28,832
A0A1D8PP73,A0A1D8PML0,832
A0A1D8PP77,Q5AJZ5,779
A0A1D8PP77,Q59SD0,820
A0A1D8PP77,Q5A3L0,777
A0A1D8PP77,A0A1D8PLW8,832
A0A1D8PP77,A0A1D8PI93,802
A0A1D8PP77,Q5A6S2,832
A0A1D8PP77,Q5A2A0,795
A0A1D8PP77,A0A1D8PLK1,738
A0A1D8PP77,Q59X29,832
A0A1D8PP77,A0A1D8PNA8,832
A0A1D8PP77,Q5A0L8,832
A0A1D8PP77,A0A1D8PD15,816
A0A1D8PP77,A0A1D8PGA6,832
A0A1D8PP77,A0A1D8PRH6,763
A0A1D8PP77,A0A1D8PTV0,795
A0A1D8PP77,A0A1D8PIV7,817
A0A1D8PP77,A0A1D8PQW1,759
A0A1D8PP77,A0A1D8PMQ4,801
A0A1D8PP77,A0A1D8PFL7,816
A0A1D8PP77,A0A1D8PFZ8,832
A0A1D8PP77,A0A1D8PJ20,832
A0A1D8PP79,Q5AIB8,758
A0A1D8PPC8,Q5A322,824
A0A1D8PPC8,A0A1D8PHF1,781
A0A1D8PPC8,Q5APG6,780
A0A1D8PPC8,A0A1D8PUC1,832
A0A1D8PPC8,Q5ADV1,798
A0A1D8PPC8,Q5APB0,822
A0A1D8PPC8,A0A1D8PFI2,781
A0A1D8PPC8,A0A1D8PH20,832
A0A1D8PPC8,Q5A449,832
A0A1D8PPC8,A0A1D8PHP3,832
A0A1D8PPC8,A0A1D8PNM3,832
A0A1D8PPC8,A0A1D8PFH7,780
A0A1D8PPC8,A0A1D8PTI0,801
A0A1D8PPC8,A0A1D8PH71,832
A0A1D8PPC8,Q5AED6,786
A0A1D8PPE0,Q5A6R1,925
A0A1D8PPE0,A0A1D8PK40,925
A0A1D8PPE0,Q5A109,925
A0A1D8PPE0,A0A1D8PGY8,925
A0A1D8PPE0,A0A1D8PK71,816
A0A1D8PPE0,Q5ACL9,747
A0A1D8PPE0,A0A1D8PK43,925
A0A1D8PPE0,A0A1D8PPN6,925
A0A1D8PPE0,A0A1D8PTI7,861
A0A1D8PPE0,A0A1D8PF57,861
A0A1D8PPE0,A0A1D8PDT3,925
A0A1D8PPE0,A0A1D8PCI6,861
A0A1D8PPE0,A0A1D8PN83,925
A0A1D8PPE0,A0A1D8PLC9,925
A0A1D8PPE0,A0A1D8PCG7,925
A0A1D8PPE0,O59931,925
A0A1D8PPE0,P25997,921
A0A1D8PPE0,A0A1D8PFG4,925
A0A1D8PPE0,A0A1D8PEY9,925
A0A1D8PPE0,P83774,925
A0A1D8PPE0,Q5ADQ6,925
A0A1D8PPE0,Q5AJ93,925
A0A1D8PPE0,A0A1D8PSK2,925
A0A1D8PPE0,A0A1D8PDT4,925
A0A1D8PPE0,A0A1D8PF08,925
A0A1D8PPE0,Q5AGZ7,925
A0A1D8PPE0,A0A1D8PFV1,925
A0A1D8PPE0,A0A1D8PGY0,925
A0A1D8PPE0,Q59TE0,925
A0A1D8PPE0,A0A1D8PDU3,925
A0A1D8PPE0,Q59LS1,925
A0A1D8PPE0,Q5AEN2,925
A0A1D8PPE0,A0A1D8PHF5,925
A0A1D8PPE0,A0A1D8PQQ5,925
A0A1D8PPE0,A0A1D8PGM4,747
A0A1D8PPE0,Q59T44,925
A0A1D8PPE0,A0A1D8PK61,861
A0A1D8PPE0,A0A1D8PDL6,925
A0A1D8PPE0,Q5ANA1,861
A0A1D8PPE0,A0A1D8PPT5,925
A0A1D8PPE0,A0A1D8PH21,925
A0A1D8PPE0,Q5A5P8,832
A0A1D8PPE0,A0A1D8PM75,925
A0A1D8PPE0,A0A1D8PRE0,782
A0A1D8PPE0,A0A1D8PEV4,833
A0A1D8PPE0,A0A1D8PL68,861
A0A1D8PPE0,Q5AJF7,832
A0A1D8PPE0,A0A1D8PCX8,925
A0A1D8PPE0,O42817,925
A0A1D8PPE0,A0A1D8PFL9,925
A0A1D8PPE0,Q59ZX6,747
A0A1D8PPE0,A0A1D8PNQ6,925
A0A1D8PPE0,A0A1D8PK30,925
A0A1D8PPE0,A0A1D8PTR4,925
A0A1D8PPE0,P40910,925
A0A1D8PPE0,Q5AIB8,925
A0A1D8PPE0,A0A1D8PCW6,925
A0A1D8PPE0,Q5A213,747
A0A1D8PPE0,A0A1D8PJ43,786
A0A1D8PPE0,A0A1D8PTY4,921
A0A1D8PPE0,A0A1D8PF45,925
A0A1D8PPE0,A0A1D8PQS0,832
A0A1D8PPE0,Q5AG43,925
A0A1D8PPE0,A0A1D8PHH4,925
A0A1D8PPE0,A0A1D8PK22,925
A0A1D8PPE0,A0A1D8PI20,747
A0A1D8PPE0,A0A1D8PP14,925
A0A1D8PPE0,A0A1D8PSV5,925
A0A1D8PPE0,A0A1D8PHW1,925
A0A1D8PPE0,A0A1D8PQN0,925
A0A1D8PPE0,A0A1D8PI15,925
A0A1D8PPE0,A0A1D8PDZ1,925
A0A1D8PPE0,Q5A6A1,925
A0A1D8PPE0,Q59S06,783
A0A1D8PPE0,Q5A0M4,832
A0A1D8PPE0,Q9UVJ4,832
A0A1D8PPE0,Q5A389,925
A0A1D8PPE0,A0A1D8PPS1,925
A0A1D8PPE0,A0A1D8PSC5,925
A0A1D8PPE0,Q59PL9,728
A0A1D8PPE0,Q5A7K0,925
A0A1D8PPE0,A0A1D8PM41,925
A0A1D8PPE0,Q5A900,925
A0A1D8PPE0,A0A1D8PCQ5,925
A0A1D8PPE0,A0A1D8PG16,925
A0A1D8PPE0,A0A1D8PL99,925
A0A1D8PPE0,P0CU35,862
A0A1D8PPE0,Q5ALV6,925
A0A1D8PPE0,Q96W54,862
A0A1D8PPE0,Q5AB87,925
A0A1D8PPE3,Q59M53,832
A0A1D8PPE3,A0A1D8PGC3,832
A0A1D8PPE3,A0A1D8PQH0,784
A0A1D8PPE3,A0A1D8PSC6,777
A0A1D8PPE3,A0A1D8PLZ6,832
A0A1D8PPJ1,A0A1D8PQN7,781
A0A1D8PPJ1,Q5AK59,748
A0A1D8PPK3,A0A1D8PLM0,785
A0A1D8PPK3,A0A1D8PDV7,817
A0A1D8PPL1,Q5A886,827
A0A1D8PPL1,A0A1D8PKJ2,811
A0A1D8PPL1,A0A1D8PNT2,832
A0A1D8PPL1,A0A1D8PU74,832
A0A1D8PPL1,A0A1D8PPU7,784
A0A1D8PPL1,A0A1D8PSS1,832
A0A1D8PPM7,A0A1D8PGV7,921
A0A1D8PPN6,Q5A7K0,925
A0A1D8PPN6,A0A1D8PQQ5,925
A0A1D8PPN6,Q5AEN2,925
A0A1D8PPN6,Q59LS1,925
A0A1D8PPN6,A0A1D8PSC5,925
A0A1D8PPN6,A0A1D8PDU3,925
A0A1D8PPN6,A0A1D8PPS1,925
A0A1D8PPN6,A0A1D8PHF5,925
A0A1D8PPN6,A0A1D8PF08,925
A0A1D8PPN6,A0A1D8PDT4,925
A0A1D8PPN6,Q59TE0,925
A0A1D8PPN6,A0A1D8PGY0,925
A0A1D8PPN6,Q5A389,925
A0A1D8PPN6,Q5AGZ7,925
A0A1D8PPN6,A0A1D8PFV1,925
A0A1D8PPN6,Q9UVJ4,832
A0A1D8PPN6,Q5A0M4,832
A0A1D8PPN6,Q5AB87,925
A0A1D8PPN6,Q96W54,861
A0A1D8PPN6,Q5ALV6,925
A0A1D8PPN6,Q5AJF7,832
A0A1D8PPN6,Q59L13,827
A0A1D8PPN6,A0A1D8PCX8,925
A0A1D8PPN6,A0A1D8PEV4,833
A0A1D8PPN6,P0CU35,861
A0A1D8PPN6,A0A1D8PL99,925
A0A1D8PPN6,A0A1D8PL68,861
A0A1D8PPN6,A0A1D8PM75,925
A0A1D8PPN6,A0A1D8PG16,925
A0A1D8PPN6,Q5A900,925
A0A1D8PPN6,A0A1D8PM41,925
A0A1D8PPN6,Q5ANA1,861
A0A1D8PPN6,A0A1D8PPT5,925
A0A1D8PPN6,A0A1D8PK61,861
A0A1D8PPN6,A0A1D8PDL6,925
A0A1D8PPN6,Q59T44,925
A0A1D8PPN6,A0A1D8PH21,925
A0A1D8PPN6,A0A1D8PCQ5,925
A0A1D8PPN6,A0A1D8PF57,861
A0A1D8PPN6,A0A1D8PF45,925
A0A1D8PPN6,A0A1D8PTY4,921
A0A1D8PPN6,A0A1D8PQS0,832
A0A1D8PPN6,A0A1D8PHH4,925
A0A1D8PPN6,Q5AG43,925
A0A1D8PPN6,A0A1D8PDT3,925
A0A1D8PPN6,A0A1D8PK43,925
A0A1D8PPN6,P40910,925
A0A1D8PPN6,Q5AIB8,925
A0A1D8PPN6,A0A1D8PTI7,861
A0A1D8PPN6,A0A1D8PCW6,925
A0A1D8PPN6,A0A1D8PNQ6,925
A0A1D8PPN6,A0A1D8PK71,816
A0A1D8PPN6,A0A1D8PFL9,925
A0A1D8PPN6,A0A1D8PTR4,925
A0A1D8PPN6,A0A1D8PK30,925
A0A1D8PPN6,Q5A6R1,925
A0A1D8PPN6,A0A1D8PPE0,925
A0A1D8PPN6,O42817,925
A0A1D8PPN6,A0A1D8PGY8,925
A0A1D8PPN6,Q5A109,925
A0A1D8PPN6,A0A1D8PK40,925
A0A1D8PPN6,Q5ADQ6,925
A0A1D8PPN6,A0A1D8PSK2,925
A0A1D8PPN6,Q5AJ93,925
A0A1D8PPN6,P25997,921
A0A1D8PPN6,Q5A6A1,925
A0A1D8PPN6,P83774,925
A0A1D8PPN6,A0A1D8PEY9,925
A0A1D8PPN6,A0A1D8PFG4,925
A0A1D8PPN6,A0A1D8PLC9,925
A0A1D8PPN6,A0A1D8PQN0,925
A0A1D8PPN6,A0A1D8PN83,921
A0A1D8PPN6,A0A1D8PHW1,925
A0A1D8PPN6,A0A1D8PDZ1,925
A0A1D8PPN6,O59931,925
A0A1D8PPN6,A0A1D8PI15,925
A0A1D8PPN6,A0A1D8PCG7,925
A0A1D8PPN6,A0A1D8PP14,925
A0A1D8PPN6,A0A1D8PCI6,861
A0A1D8PPN6,A0A1D8PK22,925
A0A1D8PPN6,A0A1D8PSV5,925
A0A1D8PPP5,Q5AEN6,703
A0A1D8PPP5,Q5A3K2,795
A0A1D8PPR6,Q5ADT9,832
A0A1D8PPR6,Q5AJZ7,832
A0A1D8PPR6,A0A1D8PRY0,832
A0A1D8PPR6,A0A1D8PRP6,832
A0A1D8PPR6,A0A1D8PG94,832
A0A1D8PPR6,A0A1D8PEV9,832
A0A1D8PPR6,P25997,921
A0A1D8PPR6,Q5A8Y6,832
A0A1D8PPR6,Q5AA46,832
A0A1D8PPR6,Q59KY7,832
A0A1D8PPR6,A0A1D8PLT6,832
A0A1D8PPR6,Q5AI30,832
A0A1D8PPR6,A0A1D8PRG0,832
A0A1D8PPR6,A0A1D8PQR2,832
A0A1D8PPR6,Q59RQ4,832
A0A1D8PPR6,A0A1D8PTY4,921
A0A1D8PPR6,A0A1D8PN49,832
A0A1D8PPR6,Q5A7P6,817
A0A1D8PPR6,A0A1D8PPW1,832
A0A1D8PPR6,O94150,832
A0A1D8PPR6,A0A1D8PQ89,832
A0A1D8PPR6,Q59VH3,832
A0A1D8PPR6,A0A1D8PQQ9,832
A0A1D8PPR6,Q5A4Z9,832
A0A1D8PPR6,Q59ZI7,831
A0A1D8PPS1,A0A1D8PF57,861
A0A1D8PPS1,A0A1D8PDT3,925
A0A1D8PPS1,A0A1D8PK43,925
A0A1D8PPS1,A0A1D8PTI7,861
A0A1D8PPS1,Q5AHG8,832
A0A1D8PPS1,A0A1D8PPN6,925
A0A1D8PPS1,A0A1D8PK71,816
A0A1D8PPS1,Q5A6R1,925
A0A1D8PPS1,A0A1D8PPE0,925
A0A1D8PPS1,A0A1D8PGY8,925
A0A1D8PPS1,A0A1D8PK40,925
A0A1D8PPS1,Q5A109,925
A0A1D8PPS1,Q5ADQ6,925
A0A1D8PPS1,Q5AJ93,925
A0A1D8PPS1,A0A1D8PSK2,925
A0A1D8PPS1,P25997,921
A0A1D8PPS1,P83774,925
A0A1D8PPS1,A0A1D8PFG4,925
A0A1D8PPS1,A0A1D8PEY9,925
A0A1D8PPS1,A0A1D8PLC9,925
A0A1D8PPS1,A0A1D8PN83,925
A0A1D8PPS1,O59931,925
A0A1D8PPS1,A0A1D8PCG7,925
A0A1D8PPS1,A0A1D8PCI6,861
A0A1D8PPS1,A0A1D8PQQ5,925
A0A1D8PPS1,Q59LS1,925
A0A1D8PPS1,Q5AEN2,925
A0A1D8PPS1,A0A1D8PDU3,925
A0A1D8PPS1,A0A1D8PHF5,925
A0A1D8PPS1,A0A1D8PF08,925
A0A1D8PPS1,A0A1D8PDT4,925
A0A1D8PPS1,Q59TE0,925
A0A1D8PPS1,Q5AGZ7,925
A0A1D8PPS1,A0A1D8PFV1,925
A0A1D8PPS1,A0A1D8PRG0,832
A0A1D8PPS1,A0A1D8PGY0,925
A0A1D8PPS1,Q5A885,832
A0A1D8PPS1,A0A1D8PCX8,925
A0A1D8PPS1,Q5AJF7,832
A0A1D8PPS1,A0A1D8PEV4,833
A0A1D8PPS1,A0A1D8PL68,861
A0A1D8PPS1,A0A1D8PM75,925
A0A1D8PPS1,Q59RQ4,832
A0A1D8PPS1,A0A1D8PPT5,925
A0A1D8PPS1,A0A1D8PQR2,832
A0A1D8PPS1,Q5ANA1,861
A0A1D8PPS1,Q59T44,925
A0A1D8PPS1,A0A1D8PDL6,925
A0A1D8PPS1,A0A1D8PK61,861
A0A1D8PPS1,A0A1D8PH21,925
A0A1D8PPS1,A0A1D8PN49,832
A0A1D8PPS1,A0A1D8PF45,925
A0A1D8PPS1,A0A1D8PTY4,921
A0A1D8PPS1,A0A1D8PHH4,925
A0A1D8PPS1,Q5AG43,925
A0A1D8PPS1,A0A1D8PQS0,832
A0A1D8PPS1,Q5AIB8,925
A0A1D8PPS1,P40910,925
A0A1D8PPS1,A0A1D8PCW6,925
A0A1D8PPS1,A0A1D8PNQ6,925
A0A1D8PPS1,A0A1D8PFL9,925
A0A1D8PPS1,Q5ABC3,805
A0A1D8PPS1,O94150,832
A0A1D8PPS1,A0A1D8PTR4,925
A0A1D8PPS1,A0A1D8PK30,925
A0A1D8PPS1,Q5A6K5,832
A0A1D8PPS1,O42817,925
A0A1D8PPS1,Q59VH3,832
A0A1D8PPS1,Q5A6A1,925
A0A1D8PPS1,A0A1D8PQN0,925
A0A1D8PPS1,A0A1D8PHW1,925
A0A1D8PPS1,A0A1D8PDZ1,925
A0A1D8PPS1,A0A1D8PI15,925
A0A1D8PPS1,A0A1D8PP14,925
A0A1D8PPS1,A0A1D8PK22,925
A0A1D8PPS1,A0A1D8PSV5,925
A0A1D8PPS1,Q5A7K0,925
A0A1D8PPS1,Q59Z25,792
A0A1D8PPS1,Q59SI1,796
A0A1D8PPS1,A0A1D8PSC5,925
A0A1D8PPS1,Q5A389,925
A0A1D8PPS1,Q5A6S7,795
A0A1D8PPS1,Q5A4Z9,832
A0A1D8PPS1,Q5A0M4,832
A0A1D8PPS1,Q9UVJ4,832
A0A1D8PPS1,O94083,832
A0A1D8PPS1,Q5AB87,925
A0A1D8PPS1,Q5ALV6,925
A0A1D8PPS1,Q96W54,861
A0A1D8PPS1,Q59L13,832
A0A1D8PPS1,A0A1D8PKF3,832
A0A1D8PPS1,P0CU35,861
A0A1D8PPS1,A0A1D8PL99,925
A0A1D8PPS1,A0A1D8PG16,925
A0A1D8PPS1,A0A1D8PM41,925
A0A1D8PPS1,Q5A900,925
A0A1D8PPS1,A0A1D8PCQ5,925
A0A1D8PPS9,A0A1D8PTM6,921
A0A1D8PPT5,Q5ALV6,925
A0A1D8PPT5,Q96W54,861
A0A1D8PPT5,Q5AB87,925
A0A1D8PPT5,Q59L13,782
A0A1D8PPT5,A0A1D8PL99,925
A0A1D8PPT5,P0CU35,861
A0A1D8PPT5,A0A1D8PG16,925
A0A1D8PPT5,A0A1D8PM41,925
A0A1D8PPT5,Q5A900,925
A0A1D8PPT5,A0A1D8PCQ5,925
A0A1D8PPT5,Q5A7K0,925
A0A1D8PPT5,A0A1D8PPS1,925
A0A1D8PPT5,A0A1D8PSC5,925
A0A1D8PPT5,Q5A389,925
A0A1D8PPT5,Q5A0M4,832
A0A1D8PPT5,Q9UVJ4,832
A0A1D8PPT5,Q5A6A1,925
A0A1D8PPT5,A0A1D8PHW1,925
A0A1D8PPT5,A0A1D8PQN0,925
A0A1D8PPT5,A0A1D8PI15,925
A0A1D8PPT5,A0A1D8PDZ1,925
A0A1D8PPT5,A0A1D8PK22,925
A0A1D8PPT5,A0A1D8PP14,925
A0A1D8PPT5,A0A1D8PSV5,925
A0A1D8PPT5,A0A1D8PTY4,921
A0A1D8PPT5,A0A1D8PF45,925
A0A1D8PPT5,A0A1D8PQS0,832
A0A1D8PPT5,Q5AG43,925
A0A1D8PPT5,A0A1D8PHH4,925
A0A1D8PPT5,P40910,925
A0A1D8PPT5,Q5AIB8,925
A0A1D8PPT5,A0A1D8PCW6,925
A0A1D8PPT5,A0A1D8PFL9,925
A0A1D8PPT5,A0A1D8PNQ6,925
A0A1D8PPT5,A0A1D8PK30,925
A0A1D8PPT5,A0A1D8PTR4,925
A0A1D8PPT5,O42817,925
A0A1D8PPT5,Q5AJF7,832
A0A1D8PPT5,A0A1D8PCX8,925
A0A1D8PPT5,A0A1D8PEV4,833
A0A1D8PPT5,A0A1D8PL68,861
A0A1D8PPT5,A0A1D8PM75,925
A0A1D8PPT5,Q59T44,925
A0A1D8PPT5,A0A1D8PK61,861
A0A1D8PPT5,A0A1D8PDL6,925
A0A1D8PPT5,Q5ANA1,861
A0A1D8PPT5,A0A1D8PH21,925
A0A1D8PPT5,A0A1D8PQQ5,925
A0A1D8PPT5,A0A1D8PDU3,925
A0A1D8PPT5,Q59LS1,925
A0A1D8PPT5,Q5AEN2,925
A0A1D8PPT5,A0A1D8PHF5,925
A0A1D8PPT5,A0A1D8PDT4,925
A0A1D8PPT5,A0A1D8PF08,925
A0A1D8PPT5,A0A1D8PFV1,925
A0A1D8PPT5,Q5AGZ7,925
A0A1D8PPT5,A0A1D8PGY0,925
A0A1D8PPT5,Q59TE0,925
A0A1D8PPT5,Q5ADQ6,925
A0A1D8PPT5,Q5AJ93,925
A0A1D8PPT5,A0A1D8PSK2,925
A0A1D8PPT5,P25997,921
A0A1D8PPT5,A0A1D8PFG4,925
A0A1D8PPT5,A0A1D8PEY9,925
A0A1D8PPT5,P83774,925
A0A1D8PPT5,A0A1D8PN83,920
A0A1D8PPT5,A0A1D8PLC9,925
A0A1D8PPT5,A0A1D8PCG7,925
A0A1D8PPT5,O59931,925
A0A1D8PPT5,A0A1D8PCI6,861
A0A1D8PPT5,A0A1D8PF57,861
A0A1D8PPT5,A0A1D8PDT3,925
A0A1D8PPT5,A0A1D8PK43,925
A0A1D8PPT5,A0A1D8PPN6,925
A0A1D8PPT5,A0A1D8PTI7,861
A0A1D8PPT5,A0A1D8PK71,816
A0A1D8PPT5,A0A1D8PPE0,925
A0A1D8PPT5,Q5A6R1,925
A0A1D8PPT5,A0A1D8PK40,925
A0A1D8PPT5,Q5A109,925
A0A1D8PPT5,A0A1D8PGY8,925
A0A1D8PPU7,A0A1D8PSS1,709
A0A1D8PPU7,A0A1D8PIP6,778
A0A1D8PPU7,A0A1D8PKJ2,832
A0A1D8PPU7,A0A1D8PU74,765
A0A1D8PPU7,A0A1D8PPL1,784
A0A1D8PPU7,Q5A886,723
A0A1D8PPU7,A0A1D8PNT2,832
A0A1D8PPV5,A0A1D8PJB0,832
A0A1D8PPW1,A0A1D8PM86,832
A0A1D8PPW1,A0A1D8PQR2,832
A0A1D8PPW1,A0A1D8PCQ5,751
A0A1D8PPW1,Q59RQ4,832
A0A1D8PPW1,Q5AK02,832
A0A1D8PPW1,A0A1D8PKF3,832
A0A1D8PPW1,Q59ZI7,832
A0A1D8PPW1,Q5A4Z9,832
A0A1D8PPW1,Q59RP7,832
A0A1D8PPW1,Q59KY7,832
A0A1D8PPW1,A0A1D8PLT6,811
A0A1D8PPW1,Q5AI30,832
A0A1D8PPW1,Q59X93,832
A0A1D8PPW1,A0A1D8PRG0,832
A0A1D8PPW1,A0A1D8PPR6,832
A0A1D8PPW1,Q5AA46,832
A0A1D8PPW1,Q5A8Y6,832
A0A1D8PPW1,Q59SJ6,832
A0A1D8PPW1,A0A1D8PQQ9,832
A0A1D8PPW1,Q5AHY8,832
A0A1D8PPW1,A0A1D8PQ89,832
A0A1D8PPW1,Q59VH3,832
A0A1D8PPW1,A0A1D8PEV9,832
A0A1D8PPW1,A0A1D8PG94,811
A0A1D8PPW1,O94150,832
A0A1D8PPW1,Q5AAS9,832
A0A1D8PPW1,Q5AJZ7,832
A0A1D8PPW1,Q5ADT9,832
A0A1D8PPW1,A0A1D8PRP6,832
A0A1D8PPW1,A0A1D8PRY0,832
A0A1D8PPW1,Q5A3J1,832
A0A1D8PPW1,A0A1D8PCJ1,832
A0A1D8PPW1,A0A1D8PN49,811
A0A1D8PPW1,Q5A7P6,832
A0A1D8PPW6,A0A1D8PSN8,780
A0A1D8PPX2,Q5A885,714
A0A1D8PPX2,Q5ADN7,858
A0A1D8PPZ0,A0A1D8PHY0,832
A0A1D8PPZ0,Q9B8D1,832
A0A1D8PPZ0,A0A1D8PEJ9,832
A0A1D8PPZ0,Q9B8C8,832
A0A1D8PPZ0,A0A1D8PCD3,832
A0A1D8PPZ0,A0A1D8PRX9,832
A0A1D8PPZ0,Q5AH07,832
A0A1D8PPZ0,Q5ABD5,832
A0A1D8PPZ0,Q9B8D6,832
A0A1D8PPZ0,Q5A222,832
A0A1D8PPZ0,Q9B8C9,832
A0A1D8PPZ0,A0A1D8PE69,832
A0A1D8PPZ0,A0A1D8PJ73,832
A0A1D8PPZ0,A0A1D8PJA6,832
A0A1D8PPZ0,A0A1D8PU51,832
A0A1D8PPZ0,A0A1D8PG37,832
A0A1D8PPZ0,Q59TD5,832
A0A1D8PPZ0,Q59Y38,832
A0A1D8PPZ0,Q5AJG7,832
A0A1D8PPZ0,Q9B8D2,786
A0A1D8PPZ0,A0A1D8PDI3,832
A0A1D8PPZ0,Q5ADP7,832
A0A1D8PPZ0,A0A1D8PQU3,832
A0A1D8PPZ0,A0A1D8PEH4,832
A0A1D8PQ05,A0A1D8PSF2,731
A0A1D8PQ05,Q5A6L0,818
A0A1D8PQ05,A0A1D8PD31,818
A0A1D8PQ38,A0A1D8PRY3,832
A0A1D8PQ38,Q59PV8,832
A0A1D8PQ38,Q59ZE0,832
A0A1D8PQ38,Q5A7P7,832
A0A1D8PQ38,A0A1D8PUD2,832
A0A1D8PQ38,Q9B8D5,832
A0A1D8PQ38,A0A1D8PDC4,832
A0A1D8PQ38,Q9B8D4,792
A0A1D8PQ38,A0A1D8PKZ9,832
A0A1D8PQ44,Q59M52,802
A0A1D8PQ44,A0A1D8PMS1,832
A0A1D8PQ44,Q5A298,720
A0A1D8PQ44,Q5A246,832
A0A1D8PQ44,A0A1D8PHD8,740
A0A1D8PQ44,A0A1D8PQS2,803
A0A1D8PQ44,A0A1D8PS98,797
A0A1D8PQ45,A0A1D8PGJ1,783
A0A1D8PQ89,A0A1D8PTL2,800
A0A1D8PQ89,A0A1D8PPR6,832
A0A1D8PQ89,Q5A4Z9,832
A0A1D8PQ89,Q59RP7,818
A0A1D8PQ89,Q59ZI7,832
A0A1D8PQ89,A0A1D8PKF3,818
A0A1D8PQ89,Q5AK02,832
A0A1D8PQ89,Q5A3J1,832
A0A1D8PQ89,A0A1D8PCJ1,798
A0A1D8PQ89,A0A1D8PTY4,921
A0A1D8PQ89,A0A1D8PN49,832
A0A1D8PQ89,Q5A7P6,832
A0A1D8PQ89,O94150,832
A0A1D8PQ89,A0A1D8PPW1,832
A0A1D8PQ89,Q59VH3,832
A0A1D8PQ89,A0A1D8PQQ9,832
A0A1D8PQ89,Q5AHY8,832
A0A1D8PQ89,Q5AA46,832
A0A1D8PQ89,Q5A8Y6,832
A0A1D8PQ89,Q59X93,832
A0A1D8PQ89,A0A1D8PRG0,832
A0A1D8PQ89,Q59KY7,832
A0A1D8PQ89,A0A1D8PLT6,832
A0A1D8PQ89,Q5AI30,832
A0A1D8PQ89,Q59RQ4,832
A0A1D8PQ89,A0A1D8PQR2,832
A0A1D8PQ89,A0A1D8PRP6,832
A0A1D8PQ89,A0A1D8PRY0,832
A0A1D8PQ89,Q5ADT9,832
A0A1D8PQ89,Q5AJZ7,832
A0A1D8PQ89,A0A1D8PEV9,832
A0A1D8PQ89,A0A1D8PG94,832
A0A1D8PQ89,P25997,921
A0A1D8PQ89,Q59SJ6,798
A0A1D8PQA6,Q59X47,726
A0A1D8PQA6,A0A1D8PN61,782
A0A1D8PQD2,Q5A8L5,832
A0A1D8PQD2,A0A1D8PRG1,817
A0A1D8PQD5,P83782,832
A0A1D8PQD5,A0A1D8PHJ3,782
A0A1D8PQD5,A0A1D8PLP3,832
A0A1D8PQD5,Q9B8D8,832
A0A1D8PQD5,A0A1D8PHA3,832
A0A1D8PQD5,P0C8L0,795
A0A1D8PQD5,P0C8K9,782
A0A1D8PQD5,Q5ALV9,832
A0A1D8PQD5,Q5ABS1,722
A0A1D8PQD5,A0A1D8PJX3,832
A0A1D8PQD5,A0A1D8PH08,832
A0A1D8PQD5,Q5ALV5,832
A0A1D8PQD5,Q9B1P9,832
A0A1D8PQF6,A0A1D8PKJ2,826
A0A1D8PQF9,A0A1D8PTZ6,832
A0A1D8PQH0,A0A1D8PGC3,781
A0A1D8PQH0,Q5APB4,785
A0A1D8PQH0,A0A1D8PSC6,832
A0A1D8PQH0,A0A1D8PLZ6,832
A0A1D8PQH0,A0A1D8PPE3,784
A0A1D8PQH0,A0A1D8PN00,832
A0A1D8PQH1,A0A1D8PQN1,798
A0A1D8PQH1,Q59Y36,832
A0A1D8PQM4,A0A1D8PEX3,832
A0A1D8PQM4,A0A1D8PS34,832
A0A1D8PQM4,A0A1D8PHV8,832
A0A1D8PQM4,Q59MZ8,782
A0A1D8PQM4,Q5AD50,814
A0A1D8PQM4,Q59LT9,832
A0A1D8PQM4,A0A1D8PFX2,832
A0A1D8PQM4,A0A1D8PHD8,832
A0A1D8PQM4,Q59QT0,832
A0A1D8PQM4,Q59L42,817
A0A1D8PQM4,Q5AP67,812
A0A1D8PQM4,A0A1D8PFJ8,808
A0A1D8PQM4,A0A1D8PLR5,832
A0A1D8PQM5,Q59Y36,832
A0A1D8PQM5,A0A1D8PCW7,832
A0A1D8PQM5,A0A1D8PQN1,832
A0A1D8PQN0,P83774,925
A0A1D8PQN0,A0A1D8PFG4,925
A0A1D8PQN0,A0A1D8PEY9,925
A0A1D8PQN0,P25997,921
A0A1D8PQN0,Q5A6A1,925
A0A1D8PQN0,Q5AJ93,925
A0A1D8PQN0,A0A1D8PSK2,925
A0A1D8PQN0,Q5ADQ6,925
A0A1D8PQN0,A0A1D8PSV5,925
A0A1D8PQN0,A0A1D8PCI6,861
A0A1D8PQN0,A0A1D8PP14,925
A0A1D8PQN0,A0A1D8PK22,925
A0A1D8PQN0,O59931,925
A0A1D8PQN0,A0A1D8PDZ1,925
A0A1D8PQN0,A0A1D8PCG7,925
A0A1D8PQN0,A0A1D8PI15,925
A0A1D8PQN0,A0A1D8PLC9,925
A0A1D8PQN0,A0A1D8PHW1,925
A0A1D8PQN0,A0A1D8PN83,920
A0A1D8PQN0,A0A1D8PTI7,861
A0A1D8PQN0,A0A1D8PCW6,925
A0A1D8PQN0,A0A1D8PPN6,925
A0A1D8PQN0,Q5AIB8,925
A0A1D8PQN0,P40910,925
A0A1D8PQN0,A0A1D8PK43,925
A0A1D8PQN0,Q5AG43,925
A0A1D8PQN0,A0A1D8PHH4,925
A0A1D8PQN0,A0A1D8PQS0,832
A0A1D8PQN0,A0A1D8PDT3,925
A0A1D8PQN0,A0A1D8PF45,925
A0A1D8PQN0,A0A1D8PF57,861
A0A1D8PQN0,A0A1D8PTY4,921
A0A1D8PQN0,A0A1D8PGY8,925
A0A1D8PQN0,O42817,925
A0A1D8PQN0,A0A1D8PK40,925
A0A1D8PQN0,Q5A109,925
A0A1D8PQN0,Q5A6R1,925
A0A1D8PQN0,A0A1D8PPE0,925
A0A1D8PQN0,A0A1D8PTR4,925
A0A1D8PQN0,A0A1D8PK30,925
A0A1D8PQN0,A0A1D8PNQ6,925
A0A1D8PQN0,A0A1D8PFL9,925
A0A1D8PQN0,A0A1D8PK71,816
A0A1D8PQN0,P0CU35,861
A0A1D8PQN0,A0A1D8PL68,861
A0A1D8PQN0,A0A1D8PL99,925
A0A1D8PQN0,A0A1D8PEV4,833
A0A1D8PQN0,A0A1D8PCX8,925
A0A1D8PQN0,Q5AJF7,832
A0A1D8PQN0,Q5AB87,925
A0A1D8PQN0,Q5ALV6,925
A0A1D8PQN0,Q96W54,861
A0A1D8PQN0,A0A1D8PCQ5,925
A0A1D8PQN0,A0A1D8PH21,925
A0A1D8PQN0,A0A1D8PPT5,925
A0A1D8PQN0,Q5ANA1,861
A0A1D8PQN0,A0A1D8PM41,925
A0A1D8PQN0,Q5A900,925
A0A1D8PQN0,Q59T44,925
A0A1D8PQN0,A0A1D8PDL6,925
A0A1D8PQN0,A0A1D8PK61,861
A0A1D8PQN0,A0A1D8PG16,925
A0A1D8PQN0,A0A1D8PM75,925
A0A1D8PQN0,A0A1D8PHF5,925
A0A1D8PQN0,Q59LS1,925
A0A1D8PQN0,Q5AEN2,925
A0A1D8PQN0,A0A1D8PPS1,925
A0A1D8PQN0,A0A1D8PDU3,925
A0A1D8PQN0,A0A1D8PSC5,925
A0A1D8PQN0,A0A1D8PQQ5,925
A0A1D8PQN0,Q5A7K0,925
A0A1D8PQN0,Q5A0M4,832
A0A1D8PQN0,Q9UVJ4,832
A0A1D8PQN0,Q59TE0,925
A0A1D8PQN0,A0A1D8PFV1,925
A0A1D8PQN0,Q5AGZ7,925
A0A1D8PQN0,Q5A389,925
A0A1D8PQN0,A0A1D8PGY0,925
A0A1D8PQN0,A0A1D8PF08,925
A0A1D8PQN0,A0A1D8PDT4,925
A0A1D8PQN1,A0A1D8PQM5,832
A0A1D8PQN1,A0A1D8PQH1,798
A0A1D8PQN1,Q59Y36,832
A0A1D8PQN1,A0A1D8PCW7,791
A0A1D8PQN7,A0A1D8PPJ1,781
A0A1D8PQP2,Q5AF80,781
A0A1D8PQP2,A0A1D8PNV1,832
A0A1D8PQP2,Q5AMN0,781
A0A1D8PQP2,A0A1D8PHI0,806
A0A1D8PQP2,A0A1D8PU93,832
A0A1D8PQP8,Q59UG2,784
A0A1D8PQP8,A0A1D8PJN1,779
A0A1D8PQQ5,A0A1D8PH21,925
A0A1D8PQQ5,A0A1D8PPT5,925
A0A1D8PQQ5,Q5ANA1,861
A0A1D8PQQ5,A0A1D8PK61,861
A0A1D8PQQ5,A0A1D8PDL6,925
A0A1D8PQQ5,Q59T44,925
A0A1D8PQQ5,A0A1D8PM75,925
A0A1D8PQQ5,A0A1D8PL68,861
A0A1D8PQQ5,A0A1D8PEV4,833
A0A1D8PQQ5,A0A1D8PCX8,925
A0A1D8PQQ5,Q5AJF7,832
A0A1D8PQQ5,Q59TE0,925
A0A1D8PQQ5,A0A1D8PGY0,925
A0A1D8PQQ5,Q5AGZ7,925
A0A1D8PQQ5,A0A1D8PFV1,925
A0A1D8PQQ5,A0A1D8PF08,925
A0A1D8PQQ5,A0A1D8PDT4,925
A0A1D8PQQ5,A0A1D8PHF5,925
A0A1D8PQQ5,Q5AEN2,925
A0A1D8PQQ5,Q59LS1,925
A0A1D8PQQ5,A0A1D8PDU3,925
A0A1D8PQQ5,A0A1D8PCI6,861
A0A1D8PQQ5,O59931,925
A0A1D8PQQ5,A0A1D8PCG7,925
A0A1D8PQQ5,A0A1D8PLC9,925
A0A1D8PQQ5,A0A1D8PN83,921
A0A1D8PQQ5,P83774,925
A0A1D8PQQ5,A0A1D8PEY9,925
A0A1D8PQQ5,A0A1D8PFG4,925
A0A1D8PQQ5,P25997,921
A0A1D8PQQ5,A0A1D8PSK2,925
A0A1D8PQQ5,Q5AJ93,925
A0A1D8PQQ5,Q5ADQ6,925
A0A1D8PQQ5,A0A1D8PGY8,925
A0A1D8PQQ5,Q5A109,925
A0A1D8PQQ5,A0A1D8PK40,925
A0A1D8PQQ5,Q5A6R1,925
A0A1D8PQQ5,A0A1D8PPE0,925
A0A1D8PQQ5,A0A1D8PK71,816
A0A1D8PQQ5,A0A1D8PTI7,861
A0A1D8PQQ5,A0A1D8PPN6,925
A0A1D8PQQ5,A0A1D8PK43,925
A0A1D8PQQ5,A0A1D8PDT3,925
A0A1D8PQQ5,A0A1D8PF57,861
A0A1D8PQQ5,A0A1D8PCQ5,925
A0A1D8PQQ5,Q5A900,925
A0A1D8PQQ5,A0A1D8PM41,925
A0A1D8PQQ5,A0A1D8PG16,925
A0A1D8PQQ5,P0CU35,861
A0A1D8PQQ5,A0A1D8PL99,925
A0A1D8PQQ5,Q5AB87,925
A0A1D8PQQ5,Q96W54,861
A0A1D8PQQ5,Q5ALV6,925
A0A1D8PQQ5,Q9UVJ4,832
A0A1D8PQQ5,Q5A0M4,832
A0A1D8PQQ5,Q5A389,925
A0A1D8PQQ5,A0A1D8PSC5,925
A0A1D8PQQ5,A0A1D8PPS1,925
A0A1D8PQQ5,Q5A7K0,925
A0A1D8PQQ5,A0A1D8PSV5,925
A0A1D8PQQ5,A0A1D8PP14,925
A0A1D8PQQ5,A0A1D8PK22,925
A0A1D8PQQ5,A0A1D8PDZ1,925
A0A1D8PQQ5,A0A1D8PI15,925
A0A1D8PQQ5,A0A1D8PQN0,925
A0A1D8PQQ5,A0A1D8PHW1,925
A0A1D8PQQ5,Q5A6A1,925
A0A1D8PQQ5,O42817,925
A0A1D8PQQ5,A0A1D8PTR4,925
A0A1D8PQQ5,A0A1D8PK30,925
A0A1D8PQQ5,A0A1D8PNQ6,925
A0A1D8PQQ5,A0A1D8PFL9,925
A0A1D8PQQ5,A0A1D8PCW6,925
A0A1D8PQQ5,Q5AIB8,925
A0A1D8PQQ5,P40910,925
A0A1D8PQQ5,A0A1D8PQS0,832
A0A1D8PQQ5,Q5AG43,925
A0A1D8PQQ5,A0A1D8PHH4,925
A0A1D8PQQ5,A0A1D8PF45,925
A0A1D8PQQ5,A0A1D8PTY4,921
A0A1D8PQQ9,A0A1D8PRP9,832
A0A1D8PQQ9,A0A1D8PKF3,832
A0A1D8PQQ9,Q5A798,832
A0A1D8PQQ9,Q59ZI7,832
A0A1D8PQQ9,Q59RP7,832
A0A1D8PQQ9,Q5A4Z9,820
A0A1D8PQQ9,A0A1D8PPR6,832
A0A1D8PQQ9,A0A1D8PQ89,832
A0A1D8PQQ9,Q59QC1,785
A0A1D8PQQ9,Q59VH3,832
A0A1D8PQQ9,Q5AHY8,832
A0A1D8PQQ9,Q5AAS9,832
A0A1D8PQQ9,Q5A3J1,832
A0A1D8PQQ9,A0A1D8PCJ1,832
A0A1D8PQQ9,A0A1D8PTY4,921
A0A1D8PQQ9,A0A1D8PN49,832
A0A1D8PQQ9,Q5A7P6,832
A0A1D8PQQ9,Q5A6K5,781
A0A1D8PQQ9,A0A1D8PPW1,832
A0A1D8PQQ9,O94150,832
A0A1D8PQQ9,A0A1D8PM86,832
A0A1D8PQQ9,A0A1D8PQR2,832
A0A1D8PQQ9,Q59RQ4,832
A0A1D8PQQ9,Q5AA46,832
A0A1D8PQQ9,Q5A8Y6,832
A0A1D8PQQ9,Q59KY7,832
A0A1D8PQQ9,A0A1D8PLT6,832
A0A1D8PQQ9,Q5AI30,806
A0A1D8PQQ9,Q59X93,832
A0A1D8PQQ9,A0A1D8PRG0,832
A0A1D8PQQ9,P25997,921
A0A1D8PQQ9,Q5AHG8,832
A0A1D8PQQ9,Q5AJZ7,832
A0A1D8PQQ9,A0A1D8PMX3,832
A0A1D8PQQ9,A0A1D8PRY0,832
A0A1D8PQQ9,A0A1D8PRP6,832
A0A1D8PQQ9,A0A1D8PEV9,832
A0A1D8PQQ9,A0A1D8PG94,832
A0A1D8PQQ9,A0A1D8PJ23,782
A0A1D8PQR2,Q5ABC3,832
A0A1D8PQR2,O94150,832
A0A1D8PQR2,A0A1D8PK30,832
A0A1D8PQR2,A0A1D8PEV9,832
A0A1D8PQR2,Q5A6K5,832
A0A1D8PQR2,A0A1D8PG94,832
A0A1D8PQR2,A0A1D8PPW1,832
A0A1D8PQR2,A0A1D8PCJ1,820
A0A1D8PQR2,Q5A3J1,832
A0A1D8PQR2,A0A1D8PRP6,832
A0A1D8PQR2,A0A1D8PRY0,832
A0A1D8PQR2,Q5A7P6,832
A0A1D8PQR2,A0A1D8PN49,832
A0A1D8PQR2,Q5AAS9,832
A0A1D8PQR2,Q5ADT9,832
A0A1D8PQR2,Q5AHG8,832
A0A1D8PQR2,Q5AJZ7,832
A0A1D8PQR2,A0A1D8PQQ9,832
A0A1D8PQR2,Q5AHY8,820
A0A1D8PQR2,A0A1D8PK22,832
A0A1D8PQR2,Q59SJ6,785
A0A1D8PQR2,A0A1D8PSV5,832
A0A1D8PQR2,Q59VH3,832
A0A1D8PQR2,A0A1D8PQ89,832
A0A1D8PQR2,Q59X93,820
A0A1D8PQR2,A0A1D8PPR6,832
A0A1D8PQR2,Q5AGZ7,832
A0A1D8PQR2,A0A1D8PRG0,832
A0A1D8PQR2,Q5A4Z9,832
A0A1D8PQR2,Q59RP7,832
A0A1D8PQR2,Q5A6S7,832
A0A1D8PQR2,Q59KY7,832
A0A1D8PQR2,Q5AI30,832
A0A1D8PQR2,A0A1D8PLT6,832
A0A1D8PQR2,Q59Z25,832
A0A1D8PQR2,A0A1D8PPS1,832
A0A1D8PQR2,Q5AA46,832
A0A1D8PQR2,Q5A8Y6,832
A0A1D8PQR2,Q59RQ4,832
A0A1D8PQR2,Q5AH35,785
A0A1D8PQR2,A0A1D8PM86,832
A0A1D8PQR2,A0A1D8PCQ5,832
A0A1D8PQR2,Q59ZI7,832
A0A1D8PQR2,A0A1D8PKF3,832
A0A1D8PQR2,Q5AK02,832
A0A1D8PQS0,A0A1D8PFG4,832
A0A1D8PQS0,A0A1D8PEY9,832
A0A1D8PQS0,P83774,832
A0A1D8PQS0,Q5A6A1,832
A0A1D8PQS0,Q5AJ93,832
A0A1D8PQS0,A0A1D8PSK2,832
A0A1D8PQS0,Q5ADQ6,832
A0A1D8PQS0,A0A1D8PSV5,832
A0A1D8PQS0,A0A1D8PK22,832
A0A1D8PQS0,A0A1D8PP14,832
A0A1D8PQS0,A0A1D8PI15,832
A0A1D8PQS0,A0A1D8PCG7,832
A0A1D8PQS0,O59931,832
A0A1D8PQS0,A0A1D8PDZ1,832
A0A1D8PQS0,A0A1D8PHW1,832
A0A1D8PQS0,A0A1D8PQN0,832
A0A1D8PQS0,A0A1D8PLC9,832
A0A1D8PQS0,A0A1D8PCW6,832
A0A1D8PQS0,A0A1D8PPN6,832
A0A1D8PQS0,A0A1D8PK43,832
A0A1D8PQS0,Q5AIB8,832
A0A1D8PQS0,P40910,832
A0A1D8PQS0,A0A1D8PDT3,832
A0A1D8PQS0,Q5AG43,832
A0A1D8PQS0,A0A1D8PHH4,832
A0A1D8PQS0,A0A1D8PF45,832
A0A1D8PQS0,A0A1D8PK40,832
A0A1D8PQS0,Q5A109,832
A0A1D8PQS0,A0A1D8PGY8,832
A0A1D8PQS0,O42817,832
A0A1D8PQS0,A0A1D8PPE0,832
A0A1D8PQS0,Q5A6R1,832
A0A1D8PQS0,A0A1D8PK30,832
A0A1D8PQS0,A0A1D8PTR4,832
A0A1D8PQS0,A0A1D8PFL9,832
A0A1D8PQS0,A0A1D8PNQ6,832
A0A1D8PQS0,A0A1D8PL99,832
A0A1D8PQS0,A0A1D8PCX8,832
A0A1D8PQS0,Q5AJF7,832
A0A1D8PQS0,Q5ALV6,832
A0A1D8PQS0,Q5AB87,832
A0A1D8PQS0,A0A1D8PCQ5,832
A0A1D8PQS0,A0A1D8PH21,832
A0A1D8PQS0,Q59T44,832
A0A1D8PQS0,A0A1D8PDL6,832
A0A1D8PQS0,A0A1D8PM41,832
A0A1D8PQS0,A0A1D8PPT5,832
A0A1D8PQS0,Q5A900,832
A0A1D8PQS0,A0A1D8PG16,832
A0A1D8PQS0,A0A1D8PM75,832
A0A1D8PQS0,A0A1D8PHF5,832
A0A1D8PQS0,A0A1D8PPS1,832
A0A1D8PQS0,A0A1D8PSC5,832
A0A1D8PQS0,A0A1D8PDU3,832
A0A1D8PQS0,Q59LS1,832
A0A1D8PQS0,Q5AEN2,832
A0A1D8PQS0,A0A1D8PQQ5,832
A0A1D8PQS0,Q5A7K0,832
A0A1D8PQS0,Q5A0M4,783
A0A1D8PQS0,Q9UVJ4,832
A0A1D8PQS0,Q5A389,832
A0A1D8PQS0,A0A1D8PFV1,832
A0A1D8PQS0,Q5AGZ7,832
A0A1D8PQS0,A0A1D8PGY0,832
A0A1D8PQS0,Q59TE0,832
A0A1D8PQS0,A0A1D8PDT4,832
A0A1D8PQS0,A0A1D8PF08,832
A0A1D8PQS2,A0A1D8PLP0,832
A0A1D8PQS2,Q59M52,832
A0A1D8PQS2,A0A1D8PMS1,730
A0A1D8PQS2,A0A1D8PHD8,785
A0A1D8PQS2,A0A1D8PQ44,803
A0A1D8PQT2,A0A1D8PJD1,832
A0A1D8PQT4,A0A1D8PH13,832
A0A1D8PQT4,P87163,832
A0A1D8PQT4,Q5AAU7,818
A0A1D8PQT4,Q5A6S3,832
A0A1D8PQT4,Q5ADR6,832
A0A1D8PQU3,Q5A222,832
A0A1D8PQU3,A0A1D8PPZ0,832
A0A1D8PQU3,A0A1D8PCD3,832
A0A1D8PQU3,A0A1D8PHY0,832
A0A1D8PQU3,Q5ABD5,832
A0A1D8PQU3,Q5AH07,832
A0A1D8PQU3,Q59Y38,832
A0A1D8PQU3,A0A1D8PU51,832
A0A1D8PQU3,A0A1D8PG37,832
A0A1D8PQU3,A0A1D8PHA3,784
A0A1D8PQU3,Q5ADP7,832
A0A1D8PQU3,A0A1D8PDI3,832
A0A1D8PQU3,Q5AJG7,832
A0A1D8PQU3,A0A1D8PJX3,784
A0A1D8PQU3,Q9B8C9,786
A0A1D8PQU3,A0A1D8PRX9,832
A0A1D8PQU3,Q9B8C8,832
A0A1D8PQU3,Q9B8D1,832
A0A1D8PQU3,A0A1D8PEJ9,832
A0A1D8PQU3,Q9B8D6,832
A0A1D8PQU3,Q59TD5,832
A0A1D8PQU3,A0A1D8PEH4,832
A0A1D8PQU3,Q9B8D2,786
A0A1D8PQU3,A0A1D8PE69,832
A0A1D8PQU3,A0A1D8PJA6,832
A0A1D8PQU3,A0A1D8PJ73,832
A0A1D8PQW1,A0A1D8PRH6,832
A0A1D8PQW1,A0A1D8PP77,759
A0A1D8PQW1,Q5A6S2,832
A0A1D8PQW1,Q5AJZ5,832
A0A1D8PQW1,A0A1D8PK85,832
A0A1D8PQW1,A0A1D8PSS4,832
A0A1D8PQW1,A0A1D8PNC8,832
A0A1D8PQW1,Q59Z65,832
A0A1D8PQW1,Q59PZ1,832
A0A1D8PQW1,Q59X29,727
A0A1D8PQW1,A0A1D8PTY6,832
A0A1D8PQW1,A0A1D8PFL7,741
A0A1D8PQW1,A0A1D8PLK1,832
A0A1D8PQW1,A0A1D8PU67,832
A0A1D8PQW1,A0A1D8PFZ8,783
A0A1D8PQW1,A0A1D8PRB6,832
A0A1D8PQW1,A0A1D8PMQ4,809
A0A1D8PQW1,A0A1D8PJ20,832
A0A1D8PQW1,Q5AEB8,832
A0A1D8PQY9,Q59LZ9,781
A0A1D8PR41,A0A1D8PRI7,816
A0A1D8PR41,A0A1D8PN56,832
A0A1D8PR41,A0A1D8PNZ8,832
A0A1D8PR50,A0A1D8PNP9,832
A0A1D8PR50,A0A1D8PSP7,832
A0A1D8PR50,A0A1D8PTG5,832
A0A1D8PR50,A0A1D8PNJ9,832
A0A1D8PR50,A0A1D8PRP0,832
A0A1D8PR50,A0A1D8PTV1,832
A0A1D8PR50,A0A1D8PFX4,832
A0A1D8PR64,Q5AK60,832
A0A1D8PR64,Q5AMN0,781
A0A1D8PR78,Q59SU6,790
A0A1D8PRB6,A0A1D8PRH6,832
A0A1D8PRB6,Q5A6S2,800
A0A1D8PRB6,A0A1D8PK85,832
A0A1D8PRB6,Q5AJZ5,832
A0A1D8PRB6,A0A1D8PSS4,832
A0A1D8PRB6,A0A1D8PNC8,832
A0A1D8PRB6,Q59Z65,832
A0A1D8PRB6,Q59X29,786
A0A1D8PRB6,Q59PZ1,832
A0A1D8PRB6,A0A1D8PTY6,832
A0A1D8PRB6,A0A1D8PFZ8,782
A0A1D8PRB6,A0A1D8PU67,832
A0A1D8PRB6,A0A1D8PLK1,832
A0A1D8PRB6,A0A1D8PQW1,832
A0A1D8PRB6,A0A1D8PJ20,832
A0A1D8PRB6,Q5AEB8,832
A0A1D8PRE0,Q5A852,702
A0A1D8PRE0,A0A1D8PFZ9,771
A0A1D8PRE0,A0A1D8PF14,747
A0A1D8PRE0,Q59S06,717
A0A1D8PRE0,Q5A7Q9,747
A0A1D8PRE0,A0A1D8PUB0,832
A0A1D8PRE0,Q5A0V9,783
A0A1D8PRE0,A0A1D8PJD3,702
A0A1D8PRE0,A0A1D8PU59,747
A0A1D8PRE0,A0A1D8PGP2,747
A0A1D8PRE0,Q5A6P2,747
A0A1D8PRE0,A0A1D8PI20,797
A0A1D8PRE0,Q59Y40,747
A0A1D8PRE0,A0A1D8PF50,802
A0A1D8PRE0,A0A1D8PLN1,747
A0A1D8PRE0,A0A1D8PJ43,747
A0A1D8PRE0,A0A1D8PCW6,800
A0A1D8PRE0,Q5A213,747
A0A1D8PRE0,A0A1D8PGM4,747
A0A1D8PRE0,Q5AG43,782
A0A1D8PRE0,Q5A756,825
A0A1D8PRE0,A0A1D8PRJ5,747
A0A1D8PRE0,A0A1D8PPE0,782
A0A1D8PRE0,A0A1D8PRP4,747
A0A1D8PRE0,Q59X74,747
A0A1D8PRE0,Q5APD0,747
A0A1D8PRE0,Q59W63,781
A0A1D8PRE0,Q59ZX6,747
A0A1D8PRE0,A0A1D8PJ54,747
A0A1D8PRE8,A0A1D8PKG5,782
A0A1D8PRE8,Q5ACL9,832
A0A1D8PRE8,Q59W63,782
A0A1D8PRE8,A0A1D8PJ43,747
A0A1D8PRE8,Q5A0H6,747
A0A1D8PRE8,A0A1D8PGM4,802
A0A1D8PRE8,A0A1D8PGP2,782
A0A1D8PRE8,Q5A6P2,813
A0A1D8PRE8,A0A1D8PI20,747
A0A1D8PRE8,Q59S06,717
A0A1D8PRE8,A0A1D8PJD3,715
A0A1D8PRG0,A0A1D8PCQ5,832
A0A1D8PRG0,A0A1D8PM86,832
A0A1D8PRG0,A0A1D8PQR2,832
A0A1D8PRG0,Q59RQ4,832
A0A1D8PRG0,A0A1D8PKF3,832
A0A1D8PRG0,A0A1D8PRP9,807
A0A1D8PRG0,Q59ZI7,832
A0A1D8PRG0,Q5A798,785
A0A1D8PRG0,A0A1D8PLT6,832
A0A1D8PRG0,Q59KY7,832
A0A1D8PRG0,Q5A6S7,832
A0A1D8PRG0,Q5A4Z9,832
A0A1D8PRG0,Q59RP7,832
A0A1D8PRG0,Q5AGZ7,832
A0A1D8PRG0,A0A1D8PPR6,832
A0A1D8PRG0,Q59X93,832
A0A1D8PRG0,Q5A8Y6,832
A0A1D8PRG0,Q5AA46,832
A0A1D8PRG0,A0A1D8PPS1,832
A0A1D8PRG0,Q59Z25,832
A0A1D8PRG0,A0A1D8PSV5,832
A0A1D8PRG0,A0A1D8PK22,832
A0A1D8PRG0,Q5AHY8,785
A0A1D8PRG0,A0A1D8PQQ9,832
A0A1D8PRG0,A0A1D8PQ89,832
A0A1D8PRG0,A0A1D8PHY2,747
A0A1D8PRG0,Q59VH3,832
A0A1D8PRG0,Q59QC1,832
A0A1D8PRG0,A0A1D8PPW1,832
A0A1D8PRG0,A0A1D8PG94,832
A0A1D8PRG0,Q5A6K5,832
A0A1D8PRG0,A0A1D8PEV9,832
A0A1D8PRG0,A0A1D8PJ23,729
A0A1D8PRG0,A0A1D8PK30,832
A0A1D8PRG0,O94150,832
A0A1D8PRG0,Q5ABC3,832
A0A1D8PRG0,Q5AJZ7,832
A0A1D8PRG0,Q5AHG8,832
A0A1D8PRG0,Q5AAS9,832
A0A1D8PRG0,A0A1D8PN49,832
A0A1D8PRG0,Q5A7P6,832
A0A1D8PRG0,A0A1D8PRP6,832
A0A1D8PRG0,A0A1D8PRY0,832
A0A1D8PRG0,Q5A3J1,832
A0A1D8PRG0,A0A1D8PCJ1,832
A0A1D8PRG0,A0A1D8PMX3,832
A0A1D8PRG1,A0A1D8PQD2,817
A0A1D8PRH6,A0A1D8PTY6,832
A0A1D8PRH6,A0A1D8PNA8,731
A0A1D8PRH6,Q59PZ1,832
A0A1D8PRH6,Q59X29,830
A0A1D8PRH6,Q59Z65,832
A0A1D8PRH6,Q5AEB8,832
A0A1D8PRH6,A0A1D8PJ20,832
A0A1D8PRH6,A0A1D8PQW1,832
A0A1D8PRH6,A0A1D8PRB6,832
A0A1D8PRH6,Q5A2A0,795
A0A1D8PRH6,A0A1D8PMQ4,797
A0A1D8PRH6,A0A1D8PLK1,832
A0A1D8PRH6,A0A1D8PFZ8,782
A0A1D8PRH6,A0A1D8PU67,832
A0A1D8PRH6,Q5A6S2,818
A0A1D8PRH6,A0A1D8PIV7,819
A0A1D8PRH6,A0A1D8PP77,763
A0A1D8PRH6,A0A1D8PNC8,832
A0A1D8PRH6,A0A1D8PSS4,832
A0A1D8PRH6,Q59SD0,755
A0A1D8PRH6,Q5AJZ5,832
A0A1D8PRH6,A0A1D8PK85,832
A0A1D8PRI7,A0A1D8PN56,801
A0A1D8PRI7,A0A1D8PR41,816
A0A1D8PRI7,A0A1D8PNZ8,808
A0A1D8PRJ5,A0A1D8PU59,786
A0A1D8PRJ5,A0A1D8PJD3,821
A0A1D8PRJ5,Q5A0V9,869
A0A1D8PRJ5,Q59S06,813
A0A1D8PRJ5,A0A1D8PF14,810
A0A1D8PRJ5,A0A1D8PNG5,747
A0A1D8PRJ5,Q5A852,782
A0A1D8PRJ5,A0A1D8PRE0,747
A0A1D8PRJ5,Q59Y40,810
A0A1D8PRJ5,A0A1D8PI20,702
A0A1D8PRJ5,Q5A6P2,747
A0A1D8PRJ5,A0A1D8PGP2,810
A0A1D8PRJ5,Q5A0H6,747
A0A1D8PRJ5,A0A1D8PGM4,747
A0A1D8PRJ5,A0A1D8PLN1,747
A0A1D8PRJ5,A0A1D8PJ43,747
A0A1D8PRJ5,Q5ACL9,780
A0A1D8PRJ5,Q59W63,797
A0A1D8PRJ5,Q59ZX6,800
A0A1D8PRJ5,A0A1D8PRP4,747
A0A1D8PRJ5,A0A1D8PKG5,747
A0A1D8PRJ5,Q5A756,747
A0A1D8PRJ6,Q5AGF6,832
A0A1D8PRJ6,Q5AAU7,832
A0A1D8PRK3,Q5APB0,785
A0A1D8PRK3,Q5APG6,832
A0A1D8PRK3,Q5ADV1,803
A0A1D8PRK3,Q5AED6,811
A0A1D8PRK3,A0A1D8PMK6,800
A0A1D8PRL2,A0A1D8PSD0,832
A0A1D8PRM4,A0A1D8PGV7,921
A0A1D8PRM4,A0A1D8PGB0,832
A0A1D8PRM4,A0A1D8PS91,832
A0A1D8PRM4,A0A1D8PNP6,921
A0A1D8PRM4,A0A1D8PDK7,832
A0A1D8PRP0,A0A1D8PTG5,832
A0A1D8PRP0,A0A1D8PNJ9,832
A0A1D8PRP0,A0A1D8PTV1,832
A0A1D8PRP0,A0A1D8PR50,832
A0A1D8PRP0,A0A1D8PFX4,832
A0A1D8PRP0,A0A1D8PHP3,722
A0A1D8PRP0,A0A1D8PNP9,832
A0A1D8PRP0,A0A1D8PSP7,832
A0A1D8PRP4,Q59W63,781
A0A1D8PRP4,Q59S06,747
A0A1D8PRP4,A0A1D8PFZ9,832
A0A1D8PRP4,A0A1D8PRJ5,747
A0A1D8PRP4,Q59X74,831
A0A1D8PRP4,Q59ZX6,747
A0A1D8PRP4,A0A1D8PJ43,747
A0A1D8PRP4,A0A1D8PTY4,921
A0A1D8PRP4,A0A1D8PRE0,747
A0A1D8PRP4,Q5A852,823
A0A1D8PRP4,A0A1D8PF14,747
A0A1D8PRP4,A0A1D8PU59,780
A0A1D8PRP4,A0A1D8PGM4,747
A0A1D8PRP4,P25997,921
A0A1D8PRP4,Q5ACL9,774
A0A1D8PRP4,A0A1D8PLN1,832
A0A1D8PRP6,A0A1D8PPR6,832
A0A1D8PRP6,Q59RP7,832
A0A1D8PRP6,Q5A4Z9,820
A0A1D8PRP6,Q59ZI7,832
A0A1D8PRP6,A0A1D8PRP9,832
A0A1D8PRP6,A0A1D8PKF3,832
A0A1D8PRP6,Q5A7P6,832
A0A1D8PRP6,A0A1D8PN49,832
A0A1D8PRP6,A0A1D8PCJ1,832
A0A1D8PRP6,Q5A3J1,832
A0A1D8PRP6,A0A1D8PTY4,921
A0A1D8PRP6,Q5AAS9,832
A0A1D8PRP6,O94150,832
A0A1D8PRP6,A0A1D8PPW1,832
A0A1D8PRP6,Q5A6K5,797
A0A1D8PRP6,Q59VH3,832
A0A1D8PRP6,Q59QC1,798
A0A1D8PRP6,A0A1D8PQ89,832
A0A1D8PRP6,Q5AHY8,832
A0A1D8PRP6,A0A1D8PQQ9,832
A0A1D8PRP6,Q5A8Y6,832
A0A1D8PRP6,Q5AA46,832
A0A1D8PRP6,A0A1D8PRG0,832
A0A1D8PRP6,Q59X93,832
A0A1D8PRP6,Q5AI30,806
A0A1D8PRP6,A0A1D8PLT6,832
A0A1D8PRP6,Q59KY7,832
A0A1D8PRP6,Q59RQ4,832
A0A1D8PRP6,A0A1D8PQR2,832
A0A1D8PRP6,A0A1D8PM86,832
A0A1D8PRP6,A0A1D8PMX3,832
A0A1D8PRP6,A0A1D8PRY0,832
A0A1D8PRP6,Q5AHG8,832
A0A1D8PRP6,Q5AJZ7,832
A0A1D8PRP6,A0A1D8PJ23,729
A0A1D8PRP6,A0A1D8PG94,832
A0A1D8PRP6,A0A1D8PEV9,832
A0A1D8PRP6,P25997,921
A0A1D8PRP6,Q59SJ6,832
A0A1D8PRP9,Q5A7P6,822
A0A1D8PRP9,A0A1D8PN49,832
A0A1D8PRP9,A0A1D8PTY4,921
A0A1D8PRP9,A0A1D8PCJ1,760
A0A1D8PRP9,Q5A3J1,760
A0A1D8PRP9,A0A1D8PHY2,796
A0A1D8PRP9,Q59VH3,782
A0A1D8PRP9,A0A1D8PQQ9,832
A0A1D8PRP9,Q59RP7,760
A0A1D8PRP9,A0A1D8PKF3,760
A0A1D8PRP9,Q59ZI7,832
A0A1D8PRP9,Q5AJZ7,831
A0A1D8PRP9,A0A1D8PRY0,832
A0A1D8PRP9,A0A1D8PRP6,832
A0A1D8PRP9,A0A1D8PG94,806
A0A1D8PRP9,P25997,921
A0A1D8PRP9,Q59SJ6,832
A0A1D8PRP9,Q5A8Y6,832
A0A1D8PRP9,A0A1D8PLT6,822
A0A1D8PRP9,A0A1D8PRG0,807
A0A1D8PRP9,Q59X93,760
A0A1D8PRP9,Q59RQ4,822
A0A1D8PRS1,Q5A4X3,832
A0A1D8PRU4,Q5AA47,832
A0A1D8PRU4,A0A1D8PT60,832
A0A1D8PRU4,Q59WT0,831
A0A1D8PRU4,A0A1D8PTX1,832
A0A1D8PRU4,Q59RN2,832
A0A1D8PRU4,Q59Z11,832
A0A1D8PRW9,P25997,921
A0A1D8PRW9,A0A1D8PTY4,921
A0A1D8PRX3,Q5ADM0,832
A0A1D8PRX3,Q5A326,798
A0A1D8PRX3,A0A1D8PMB5,832
A0A1D8PRX3,A0A1D8PE86,832
A0A1D8PRX3,A0A1D8PMT3,832
A0A1D8PRX3,A0A1D8PM98,832
A0A1D8PRX3,A0A1D8PCA6,832
A0A1D8PRX9,A0A1D8PJA6,832
A0A1D8PRX9,A0A1D8PJ73,832
A0A1D8PRX9,A0A1D8PE69,832
A0A1D8PRX9,A0A1D8PQU3,832
A0A1D8PRX9,A0A1D8PEH4,832
A0A1D8PRX9,Q5ADP7,832
A0A1D8PRX9,A0A1D8PDI3,832
A0A1D8PRX9,Q5AJG7,832
A0A1D8PRX9,Q59Y38,832
A0A1D8PRX9,Q59TD5,832
A0A1D8PRX9,A0A1D8PU51,832
A0A1D8PRX9,A0A1D8PG37,832
A0A1D8PRX9,Q9B8D6,832
A0A1D8PRX9,Q5ABD5,832
A0A1D8PRX9,Q5AH07,832
A0A1D8PRX9,A0A1D8PCD3,832
A0A1D8PRX9,Q9B8C8,832
A0A1D8PRX9,Q9B8D1,832
A0A1D8PRX9,A0A1D8PEJ9,832
A0A1D8PRX9,A0A1D8PHY0,832
A0A1D8PRX9,Q5A222,832
A0A1D8PRX9,A0A1D8PPZ0,832
A0A1D8PRY0,Q59ZI7,832
A0A1D8PRY0,A0A1D8PRP9,832
A0A1D8PRY0,A0A1D8PKF3,832
A0A1D8PRY0,Q5AK02,832
A0A1D8PRY0,A0A1D8PPR6,832
A0A1D8PRY0,Q5A4Z9,832
A0A1D8PRY0,Q59RP7,832
A0A1D8PRY0,Q59VH3,832
A0A1D8PRY0,A0A1D8PHY2,785
A0A1D8PRY0,A0A1D8PQ89,832
A0A1D8PRY0,A0A1D8PQQ9,832
A0A1D8PRY0,Q5AHY8,820
A0A1D8PRY0,Q5A3J1,832
A0A1D8PRY0,A0A1D8PCJ1,832
A0A1D8PRY0,A0A1D8PTY4,921
A0A1D8PRY0,A0A1D8PN49,832
A0A1D8PRY0,Q5A7P6,832
A0A1D8PRY0,Q5AAS9,832
A0A1D8PRY0,O94150,832
A0A1D8PRY0,A0A1D8PPW1,832
A0A1D8PRY0,Q59RQ4,832
A0A1D8PRY0,A0A1D8PM86,832
A0A1D8PRY0,A0A1D8PQR2,832
A0A1D8PRY0,Q5AA46,832
A0A1D8PRY0,Q5A8Y6,832
A0A1D8PRY0,Q59X93,832
A0A1D8PRY0,A0A1D8PRG0,832
A0A1D8PRY0,Q59KY7,832
A0A1D8PRY0,A0A1D8PLT6,832
A0A1D8PRY0,Q5AI30,832
A0A1D8PRY0,P25997,921
A0A1D8PRY0,Q59SJ6,832
A0A1D8PRY0,A0A1D8PMX3,832
A0A1D8PRY0,A0A1D8PRP6,832
A0A1D8PRY0,Q5AHG8,786
A0A1D8PRY0,Q5ADT9,832
A0A1D8PRY0,Q5AJZ7,832
A0A1D8PRY0,A0A1D8PEV9,832
A0A1D8PRY0,A0A1D8PG94,832
A0A1D8PRY3,A0A1D8PQ38,832
A0A1D8PRY3,A0A1D8PKZ9,832
A0A1D8PRY3,Q9B8D4,832
A0A1D8PRY3,A0A1D8PDC4,832
A0A1D8PRY3,Q9B8D5,832
A0A1D8PRY3,A0A1D8PUD2,832
A0A1D8PRY3,Q5A7P7,832
A0A1D8PRY3,Q59ZE0,832
A0A1D8PRY3,Q59PV8,832
A0A1D8PRY9,Q9P8E3,832
A0A1D8PS03,A0A1D8PFC8,921
A0A1D8PS14,A0A1D8PTY4,921
A0A1D8PS14,P25997,921
A0A1D8PS16,A0A1D8PCT4,832
A0A1D8PS34,A0A1D8PFJ8,780
A0A1D8PS34,A0A1D8PEX3,832
A0A1D8PS34,A0A1D8PLR5,784
A0A1D8PS34,Q59L42,799
A0A1D8PS34,Q59LT9,811
A0A1D8PS34,A0A1D8PQM4,832
A0A1D8PS34,A0A1D8PHD8,825
A0A1D8PS34,A0A1D8PHV8,824
A0A1D8PS34,Q59QT0,832
A0A1D8PS34,A0A1D8PFX2,759
A0A1D8PS38,A0A1D8PKX3,832
A0A1D8PS38,Q59PT0,832
A0A1D8PS38,Q5AJB1,832
A0A1D8PS38,A0A1D8PK00,832
A0A1D8PS38,Q5A2U9,832
A0A1D8PS38,P87220,832
A0A1D8PS38,Q59U85,832
A0A1D8PS38,A0A1D8PSX0,832
A0A1D8PS38,A0A1D8PH17,832
A0A1D8PS38,A0A1D8PFL8,832
A0A1D8PS42,A0A1D8PMD4,953
A0A1D8PS42,Q59PZ2,953
A0A1D8PS48,Q5A034,832
A0A1D8PS48,A0A1D8PFE6,832
A0A1D8PS48,Q59MA3,786
A0A1D8PS48,Q59P49,832
A0A1D8PS48,A0A1D8PIE7,832
A0A1D8PS48,A0A1D8PU96,778
A0A1D8PS48,Q59Q35,783
A0A1D8PS48,A0A1D8PHW4,832
A0A1D8PS48,A0A1D8PTJ5,832
A0A1D8PS91,A0A1D8PGB0,832
A0A1D8PS91,A0A1D8PRM4,832
A0A1D8PS91,A0A1D8PNP6,921
A0A1D8PS91,A0A1D8PGV7,921
A0A1D8PS91,A0A1D8PDK7,801
A0A1D8PS92,A0A1D8PMR5,785
A0A1D8PS92,Q5A322,745
A0A1D8PS92,Q5APG6,724
A0A1D8PS98,A0A1D8PQ44,797
A0A1D8PSA4,A0A1D8PE77,729
A0A1D8PSB0,Q59KJ6,832
A0A1D8PSB0,Q5AJY4,823
A0A1D8PSC5,A0A1D8PF57,861
A0A1D8PSC5,A0A1D8PDT3,925
A0A1D8PSC5,A0A1D8PK43,925
A0A1D8PSC5,A0A1D8PTI7,861
A0A1D8PSC5,A0A1D8PPN6,925
A0A1D8PSC5,A0A1D8PK71,816
A0A1D8PSC5,Q5A6R1,925
A0A1D8PSC5,A0A1D8PPE0,925
A0A1D8PSC5,A0A1D8PGY8,925
A0A1D8PSC5,A0A1D8PK40,925
A0A1D8PSC5,Q5A109,925
A0A1D8PSC5,Q5ADQ6,925
A0A1D8PSC5,Q5AJ93,925
A0A1D8PSC5,A0A1D8PSK2,925
A0A1D8PSC5,P25997,921
A0A1D8PSC5,P83774,925
A0A1D8PSC5,A0A1D8PFG4,925
A0A1D8PSC5,A0A1D8PEY9,925
A0A1D8PSC5,A0A1D8PLC9,925
A0A1D8PSC5,A0A1D8PN83,921
A0A1D8PSC5,O59931,925
A0A1D8PSC5,A0A1D8PCG7,925
A0A1D8PSC5,A0A1D8PCI6,861
A0A1D8PSC5,A0A1D8PQQ5,925
A0A1D8PSC5,Q59LS1,925
A0A1D8PSC5,Q5AEN2,925
A0A1D8PSC5,A0A1D8PDU3,925
A0A1D8PSC5,A0A1D8PHF5,925
A0A1D8PSC5,A0A1D8PF08,925
A0A1D8PSC5,A0A1D8PDT4,925
A0A1D8PSC5,Q59TE0,925
A0A1D8PSC5,A0A1D8PFV1,925
A0A1D8PSC5,Q5AGZ7,925
A0A1D8PSC5,A0A1D8PGY0,925
A0A1D8PSC5,Q5AJF7,832
A0A1D8PSC5,A0A1D8PCX8,925
A0A1D8PSC5,A0A1D8PEV4,833
A0A1D8PSC5,A0A1D8PL68,861
A0A1D8PSC5,A0A1D8PM75,925
A0A1D8PSC5,Q5ANA1,861
A0A1D8PSC5,A0A1D8PPT5,925
A0A1D8PSC5,Q59T44,925
A0A1D8PSC5,A0A1D8PK61,861
A0A1D8PSC5,A0A1D8PDL6,925
A0A1D8PSC5,A0A1D8PH21,925
A0A1D8PSC5,A0A1D8PF45,925
A0A1D8PSC5,A0A1D8PTY4,921
A0A1D8PSC5,A0A1D8PQS0,832
A0A1D8PSC5,Q5AG43,925
A0A1D8PSC5,A0A1D8PHH4,925
A0A1D8PSC5,P40910,925
A0A1D8PSC5,Q5AIB8,925
A0A1D8PSC5,A0A1D8PCW6,925
A0A1D8PSC5,A0A1D8PNQ6,925
A0A1D8PSC5,A0A1D8PFL9,925
A0A1D8PSC5,A0A1D8PTR4,925
A0A1D8PSC5,A0A1D8PK30,925
A0A1D8PSC5,O42817,925
A0A1D8PSC5,Q5A6A1,925
A0A1D8PSC5,A0A1D8PQN0,925
A0A1D8PSC5,A0A1D8PHW1,925
A0A1D8PSC5,A0A1D8PDZ1,925
A0A1D8PSC5,A0A1D8PI15,925
A0A1D8PSC5,A0A1D8PP14,925
A0A1D8PSC5,A0A1D8PK22,925
A0A1D8PSC5,A0A1D8PSV5,925
A0A1D8PSC5,Q5A7K0,925
A0A1D8PSC5,Q59SI1,789
A0A1D8PSC5,A0A1D8PPS1,925
A0A1D8PSC5,Q5A389,925
A0A1D8PSC5,Q5A0M4,832
A0A1D8PSC5,Q9UVJ4,832
A0A1D8PSC5,Q5AB87,925
A0A1D8PSC5,Q5ALV6,925
A0A1D8PSC5,Q96W54,861
A0A1D8PSC5,Q59L13,794
A0A1D8PSC5,P0CU35,861
A0A1D8PSC5,A0A1D8PL99,925
A0A1D8PSC5,A0A1D8PG16,925
A0A1D8PSC5,A0A1D8PM41,925
A0A1D8PSC5,Q5A900,925
A0A1D8PSC5,A0A1D8PCQ5,925
A0A1D8PSC6,Q5APB4,820
A0A1D8PSC6,A0A1D8PQH0,832
A0A1D8PSC6,Q59M53,832
A0A1D8PSC6,A0A1D8PPE3,777
A0A1D8PSC6,A0A1D8PN00,832
A0A1D8PSD0,A0A1D8PRL2,832
A0A1D8PSF2,A0A1D8PQ05,731
A0A1D8PSF2,A0A1D8PD31,764
A0A1D8PSF2,Q5AEJ3,801
A0A1D8PSF4,A0A1D8PI64,832
A0A1D8PSH5,A0A1D8PF81,832
A0A1D8PSI8,A0A1D8PJK7,832
A0A1D8PSI8,A0A1D8PMS8,832
A0A1D8PSI8,A0A1D8PU88,832
A0A1D8PSK2,A0A1D8PHF5,925
A0A1D8PSK2,A0A1D8PSC5,925
A0A1D8PSK2,A0A1D8PDU3,925
A0A1D8PSK2,A0A1D8PPS1,925
A0A1D8PSK2,Q5AEN2,925
A0A1D8PSK2,Q59LS1,925
A0A1D8PSK2,A0A1D8PQQ5,925
A0A1D8PSK2,Q5A7K0,925
A0A1D8PSK2,Q9UVJ4,832
A0A1D8PSK2,Q5A0M4,832
A0A1D8PSK2,A0A1D8PGY0,925
A0A1D8PSK2,Q5A389,925
A0A1D8PSK2,Q5AGZ7,925
A0A1D8PSK2,A0A1D8PFV1,925
A0A1D8PSK2,Q59TE0,925
A0A1D8PSK2,A0A1D8PDT4,925
A0A1D8PSK2,A0A1D8PF08,925
A0A1D8PSK2,A0A1D8PL99,925
A0A1D8PSK2,A0A1D8PL68,861
A0A1D8PSK2,P0CU35,852
A0A1D8PSK2,A0A1D8PEV4,833
A0A1D8PSK2,Q5AJF7,832
A0A1D8PSK2,A0A1D8PCX8,925
A0A1D8PSK2,Q96W54,852
A0A1D8PSK2,Q5ALV6,925
A0A1D8PSK2,Q5AB87,925
A0A1D8PSK2,A0A1D8PH21,925
A0A1D8PSK2,A0A1D8PCQ5,925
A0A1D8PSK2,Q5A5P8,832
A0A1D8PSK2,A0A1D8PK61,861
A0A1D8PSK2,A0A1D8PDL6,925
A0A1D8PSK2,Q59T44,925
A0A1D8PSK2,Q5A900,925
A0A1D8PSK2,A0A1D8PM41,925
A0A1D8PSK2,Q5ANA1,861
A0A1D8PSK2,A0A1D8PPT5,925
A0A1D8PSK2,A0A1D8PG16,925
A0A1D8PSK2,A0A1D8PM75,925
A0A1D8PSK2,A0A1D8PPN6,925
A0A1D8PSK2,A0A1D8PCW6,925
A0A1D8PSK2,A0A1D8PTI7,861
A0A1D8PSK2,A0A1D8PK43,925
A0A1D8PSK2,P40910,925
A0A1D8PSK2,Q5AIB8,925
A0A1D8PSK2,A0A1D8PDT3,925
A0A1D8PSK2,A0A1D8PQS0,832
A0A1D8PSK2,A0A1D8PHH4,925
A0A1D8PSK2,Q5AG43,925
A0A1D8PSK2,A0A1D8PTY4,921
A0A1D8PSK2,A0A1D8PF57,861
A0A1D8PSK2,A0A1D8PF45,920
A0A1D8PSK2,Q5A109,925
A0A1D8PSK2,A0A1D8PK40,925
A0A1D8PSK2,O42817,925
A0A1D8PSK2,A0A1D8PGY8,925
A0A1D8PSK2,A0A1D8PPE0,925
A0A1D8PSK2,Q5A6R1,925
A0A1D8PSK2,A0A1D8PK30,925
A0A1D8PSK2,A0A1D8PTR4,925
A0A1D8PSK2,A0A1D8PK71,800
A0A1D8PSK2,A0A1D8PFL9,925
A0A1D8PSK2,A0A1D8PNQ6,925
A0A1D8PSK2,A0A1D8PEY9,925
A0A1D8PSK2,A0A1D8PFG4,925
A0A1D8PSK2,P83774,925
A0A1D8PSK2,Q5A6A1,925
A0A1D8PSK2,P25997,921
A0A1D8PSK2,Q5AJ93,925
A0A1D8PSK2,Q5ADQ6,925
A0A1D8PSK2,A0A1D8PSV5,925
A0A1D8PSK2,A0A1D8PK22,925
A0A1D8PSK2,A0A1D8PP14,925
A0A1D8PSK2,A0A1D8PCI6,861
A0A1D8PSK2,A0A1D8PI15,925
A0A1D8PSK2,A0A1D8PCG7,925
A0A1D8PSK2,A0A1D8PDZ1,925
A0A1D8PSK2,O59931,925
A0A1D8PSK2,A0A1D8PN83,890
A0A1D8PSK2,A0A1D8PHW1,925
A0A1D8PSK2,A0A1D8PLC9,925
A0A1D8PSK2,A0A1D8PQN0,925
A0A1D8PSM5,A0A1D8PU80,785
A0A1D8PSM5,A0A1D8PNA3,832
A0A1D8PSM8,A0A1D8PGL7,799
A0A1D8PSN8,A0A1D8PPW6,780
A0A1D8PSP7,A0A1D8PTV1,832
A0A1D8PSP7,A0A1D8PRP0,832
A0A1D8PSP7,A0A1D8PR50,832
A0A1D8PSP7,A0A1D8PFX4,832
A0A1D8PSP7,A0A1D8PTG5,832
A0A1D8PSP7,A0A1D8PNJ9,832
A0A1D8PSP7,A0A1D8PNP9,832
A0A1D8PSS1,A0A1D8PPU7,709
A0A1D8PSS1,O43133,704
A0A1D8PSS1,A0A1D8PU74,804
A0A1D8PSS1,A0A1D8PNT2,832
A0A1D8PSS1,A0A1D8PKJ2,832
A0A1D8PSS1,Q5A886,832
A0A1D8PSS1,Q59U67,779
A0A1D8PSS1,A0A1D8PPL1,832
A0A1D8PSS4,A0A1D8PTY6,832
A0A1D8PSS4,A0A1D8PNA8,736
A0A1D8PSS4,Q59PZ1,832
A0A1D8PSS4,Q59X29,788
A0A1D8PSS4,Q59Z65,832
A0A1D8PSS4,Q5AEB8,832
A0A1D8PSS4,A0A1D8PJ20,832
A0A1D8PSS4,A0A1D8PQW1,832
A0A1D8PSS4,A0A1D8PRB6,832
A0A1D8PSS4,Q5A2A0,819
A0A1D8PSS4,A0A1D8PLK1,832
A0A1D8PSS4,A0A1D8PU67,832
A0A1D8PSS4,Q5A6S2,787
A0A1D8PSS4,A0A1D8PIV7,784
A0A1D8PSS4,A0A1D8PLW8,743
A0A1D8PSS4,A0A1D8PRH6,832
A0A1D8PSS4,A0A1D8PTV0,761
A0A1D8PSS4,A0A1D8PNC8,832
A0A1D8PSS4,Q5AJZ5,832
A0A1D8PSS4,A0A1D8PK85,832
A0A1D8PSV5,A0A1D8PNQ6,925
A0A1D8PSV5,O94150,832
A0A1D8PSV5,Q5ABC3,804
A0A1D8PSV5,A0A1D8PFL9,925
A0A1D8PSV5,A0A1D8PTR4,925
A0A1D8PSV5,A0A1D8PK30,925
A0A1D8PSV5,Q5A6K5,832
A0A1D8PSV5,O42817,925
A0A1D8PSV5,A0A1D8PN49,832
A0A1D8PSV5,A0A1D8PF45,925
A0A1D8PSV5,A0A1D8PTY4,921
A0A1D8PSV5,A0A1D8PQS0,832
A0A1D8PSV5,Q5AG43,925
A0A1D8PSV5,A0A1D8PHH4,925
A0A1D8PSV5,P40910,925
A0A1D8PSV5,Q5AIB8,925
A0A1D8PSV5,A0A1D8PCW6,925
A0A1D8PSV5,A0A1D8PQN0,925
A0A1D8PSV5,A0A1D8PHW1,925
A0A1D8PSV5,A0A1D8PDZ1,925
A0A1D8PSV5,A0A1D8PI15,925
A0A1D8PSV5,A0A1D8PP14,925
A0A1D8PSV5,A0A1D8PK22,925
A0A1D8PSV5,Q59VH3,832
A0A1D8PSV5,Q5A6A1,925
A0A1D8PSV5,Q5A389,925
A0A1D8PSV5,Q5A0M4,832
A0A1D8PSV5,Q5A4Z9,832
A0A1D8PSV5,Q9UVJ4,832
A0A1D8PSV5,O94083,832
A0A1D8PSV5,Q5A7K0,925
A0A1D8PSV5,A0A1D8PPS1,925
A0A1D8PSV5,A0A1D8PSC5,925
A0A1D8PSV5,Q59PL9,782
A0A1D8PSV5,A0A1D8PG16,925
A0A1D8PSV5,A0A1D8PM41,925
A0A1D8PSV5,Q5A900,925
A0A1D8PSV5,A0A1D8PCQ5,925
A0A1D8PSV5,Q5AGF6,832
A0A1D8PSV5,Q5AB87,925
A0A1D8PSV5,Q5ALV6,925
A0A1D8PSV5,Q96W54,861
A0A1D8PSV5,A0A1D8PKF3,832
A0A1D8PSV5,P0CU35,861
A0A1D8PSV5,A0A1D8PL99,925
A0A1D8PSV5,A0A1D8PK71,816
A0A1D8PSV5,Q5A6R1,925
A0A1D8PSV5,A0A1D8PPE0,925
A0A1D8PSV5,A0A1D8PGY8,925
A0A1D8PSV5,A0A1D8PK40,925
A0A1D8PSV5,Q5A109,925
A0A1D8PSV5,A0A1D8PF57,861
A0A1D8PSV5,A0A1D8PDT3,925
A0A1D8PSV5,A0A1D8PK43,925
A0A1D8PSV5,A0A1D8PTI7,861
A0A1D8PSV5,Q5AHG8,832
A0A1D8PSV5,A0A1D8PPN6,925
A0A1D8PSV5,A0A1D8PLC9,925
A0A1D8PSV5,A0A1D8PN83,921
A0A1D8PSV5,O59931,925
A0A1D8PSV5,A0A1D8PCG7,925
A0A1D8PSV5,A0A1D8PCI6,861
A0A1D8PSV5,Q5ADQ6,925
A0A1D8PSV5,Q5AJ93,925
A0A1D8PSV5,A0A1D8PSK2,925
A0A1D8PSV5,A0A1D8PUB0,784
A0A1D8PSV5,P25997,921
A0A1D8PSV5,P83774,925
A0A1D8PSV5,A0A1D8PFG4,925
A0A1D8PSV5,A0A1D8PEY9,925
A0A1D8PSV5,A0A1D8PF08,925
A0A1D8PSV5,A0A1D8PDT4,925
A0A1D8PSV5,Q59TE0,925
A0A1D8PSV5,Q5AGZ7,925
A0A1D8PSV5,A0A1D8PFV1,925
A0A1D8PSV5,A0A1D8PGY0,925
A0A1D8PSV5,A0A1D8PRG0,832
A0A1D8PSV5,A0A1D8PQQ5,925
A0A1D8PSV5,Q59LS1,925
A0A1D8PSV5,Q5AEN2,925
A0A1D8PSV5,A0A1D8PDU3,925
A0A1D8PSV5,A0A1D8PHF5,925
A0A1D8PSV5,A0A1D8PM75,925
A0A1D8PSV5,Q59RQ4,832
A0A1D8PSV5,Q5ANA1,861
A0A1D8PSV5,A0A1D8PQR2,832
A0A1D8PSV5,A0A1D8PPT5,925
A0A1D8PSV5,Q59T44,925
A0A1D8PSV5,A0A1D8PK61,861
A0A1D8PSV5,A0A1D8PDL6,925
A0A1D8PSV5,Q5A5P8,832
A0A1D8PSV5,A0A1D8PH21,925
A0A1D8PSV5,Q5AJF7,832
A0A1D8PSV5,A0A1D8PCX8,925
A0A1D8PSV5,A0A1D8PEV4,833
A0A1D8PSV5,Q5AML1,781
A0A1D8PSV5,A0A1D8PL68,861
A0A1D8PSW8,A0A1D8PEN1,978
A0A1D8PSX0,A0A1D8PFL8,814
A0A1D8PSX0,A0A1D8PH17,832
A0A1D8PSX0,Q59U85,832
A0A1D8PSX0,P87220,832
A0A1D8PSX0,A0A1D8PK00,832
A0A1D8PSX0,Q5A2U9,832
A0A1D8PSX0,A0A1D8PS38,832
A0A1D8PSX0,Q5AJB1,832
A0A1D8PSX0,A0A1D8PKX3,832
A0A1D8PSX0,Q59PT0,832
A0A1D8PT60,Q59Z11,792
A0A1D8PT60,A0A1D8PTX1,832
A0A1D8PT60,Q59WT0,782
A0A1D8PT60,A0A1D8PRU4,832
A0A1D8PT60,Q59RN2,822
A0A1D8PTB5,Q5A8X6,832
A0A1D8PTC7,A0A1D8PTY4,921
A0A1D8PTC7,P25997,921
A0A1D8PTD0,A0A1D8PU38,832
A0A1D8PTG5,A0A1D8PNJ9,832
A0A1D8PTG5,A0A1D8PTV1,832
A0A1D8PTG5,A0A1D8PRP0,832
A0A1D8PTG5,A0A1D8PR50,832
A0A1D8PTG5,A0A1D8PFX4,832
A0A1D8PTG5,A0A1D8PNP9,832
A0A1D8PTG5,A0A1D8PSP7,832
A0A1D8PTI0,A0A1D8PHP3,819
A0A1D8PTI0,A0A1D8PH20,801
A0A1D8PTI0,Q5A449,832
A0A1D8PTI0,A0A1D8PNM3,823
A0A1D8PTI0,A0A1D8PFH7,714
A0A1D8PTI0,A0A1D8PH71,784
A0A1D8PTI0,A0A1D8PPC8,801
A0A1D8PTI0,A0A1D8PUC1,832
A0A1D8PTI0,Q5ADV1,780
A0A1D8PTI2,Q9UW24,832
A0A1D8PTI7,A0A1D8PGY0,861
A0A1D8PTI7,Q5A389,861
A0A1D8PTI7,A0A1D8PFV1,861
A0A1D8PTI7,Q5AGZ7,861
A0A1D8PTI7,Q59TE0,861
A0A1D8PTI7,A0A1D8PDT4,861
A0A1D8PTI7,A0A1D8PF08,861
A0A1D8PTI7,A0A1D8PHF5,861
A0A1D8PTI7,A0A1D8PSC5,861
A0A1D8PTI7,A0A1D8PDU3,861
A0A1D8PTI7,A0A1D8PPS1,861
A0A1D8PTI7,Q5AEN2,861
A0A1D8PTI7,Q59LS1,861
A0A1D8PTI7,A0A1D8PQQ5,861
A0A1D8PTI7,Q5A7K0,861
A0A1D8PTI7,A0A1D8PH21,861
A0A1D8PTI7,A0A1D8PCQ5,861
A0A1D8PTI7,A0A1D8PK61,831
A0A1D8PTI7,A0A1D8PDL6,861
A0A1D8PTI7,Q59T44,861
A0A1D8PTI7,Q5A900,861
A0A1D8PTI7,A0A1D8PM41,861
A0A1D8PTI7,A0A1D8PPT5,861
A0A1D8PTI7,Q5ANA1,831
A0A1D8PTI7,A0A1D8PG16,861
A0A1D8PTI7,A0A1D8PM75,861
A0A1D8PTI7,A0A1D8PL99,861
A0A1D8PTI7,A0A1D8PL68,831
A0A1D8PTI7,P0CU35,831
A0A1D8PTI7,A0A1D8PEV4,821
A0A1D8PTI7,A0A1D8PCX8,861
A0A1D8PTI7,Q96W54,831
A0A1D8PTI7,Q5ALV6,861
A0A1D8PTI7,Q5AB87,861
A0A1D8PTI7,Q5A109,861
A0A1D8PTI7,A0A1D8PK40,861
A0A1D8PTI7,O42817,861
A0A1D8PTI7,A0A1D8PGY8,861
A0A1D8PTI7,A0A1D8PPE0,861
A0A1D8PTI7,Q5A6R1,861
A0A1D8PTI7,A0A1D8PK30,861
A0A1D8PTI7,A0A1D8PTR4,861
A0A1D8PTI7,A0A1D8PK71,814
A0A1D8PTI7,A0A1D8PFL9,861
A0A1D8PTI7,A0A1D8PNQ6,861
A0A1D8PTI7,A0A1D8PPN6,861
A0A1D8PTI7,A0A1D8PCW6,861
A0A1D8PTI7,A0A1D8PK43,861
A0A1D8PTI7,Q5AIB8,861
A0A1D8PTI7,P40910,861
A0A1D8PTI7,A0A1D8PDT3,861
A0A1D8PTI7,A0A1D8PHH4,861
A0A1D8PTI7,Q5AG43,861
A0A1D8PTI7,A0A1D8PTY4,921
A0A1D8PTI7,A0A1D8PF57,831
A0A1D8PTI7,A0A1D8PF45,861
A0A1D8PTI7,A0A1D8PSV5,861
A0A1D8PTI7,A0A1D8PK22,861
A0A1D8PTI7,A0A1D8PCI6,831
A0A1D8PTI7,A0A1D8PP14,861
A0A1D8PTI7,A0A1D8PI15,861
A0A1D8PTI7,A0A1D8PCG7,861
A0A1D8PTI7,A0A1D8PDZ1,861
A0A1D8PTI7,O59931,861
A0A1D8PTI7,A0A1D8PN83,860
A0A1D8PTI7,A0A1D8PHW1,861
A0A1D8PTI7,A0A1D8PQN0,861
A0A1D8PTI7,A0A1D8PLC9,861
A0A1D8PTI7,A0A1D8PEY9,861
A0A1D8PTI7,A0A1D8PFG4,861
A0A1D8PTI7,P83774,861
A0A1D8PTI7,Q5A6A1,861
A0A1D8PTI7,P25997,921
A0A1D8PTI7,A0A1D8PSK2,861
A0A1D8PTI7,Q5AJ93,861
A0A1D8PTI7,Q5ADQ6,861
A0A1D8PTJ5,Q5A034,832
A0A1D8PTJ5,A0A1D8PFE6,832
A0A1D8PTJ5,Q5AFK3,832
A0A1D8PTJ5,Q59S42,832
A0A1D8PTJ5,Q59MA3,832
A0A1D8PTJ5,Q59P49,832
A0A1D8PTJ5,A0A1D8PS48,832
A0A1D8PTJ5,A0A1D8PIE7,832
A0A1D8PTJ5,A0A1D8PU96,832
A0A1D8PTJ5,A0A1D8PHW4,832
A0A1D8PTL2,Q5AA46,800
A0A1D8PTL2,A0A1D8PQ89,800
A0A1D8PTL2,Q5AJZ7,816
A0A1D8PTM6,A0A1D8PPS9,921
A0A1D8PTN4,O43101,832
A0A1D8PTN4,A0A1D8PF56,832
A0A1D8PTQ2,A0A1D8PM93,832
A0A1D8PTQ2,Q5A2B8,832
A0A1D8PTR4,Q59T44,925
A0A1D8PTR4,A0A1D8PK61,861
A0A1D8PTR4,A0A1D8PDL6,925
A0A1D8PTR4,Q5ANA1,861
A0A1D8PTR4,A0A1D8PPT5,925
A0A1D8PTR4,A0A1D8PH21,925
A0A1D8PTR4,Q5A5P8,832
A0A1D8PTR4,A0A1D8PM75,925
A0A1D8PTR4,A0A1D8PEV4,833
A0A1D8PTR4,A0A1D8PL68,861
A0A1D8PTR4,Q5AJF7,832
A0A1D8PTR4,A0A1D8PCX8,925
A0A1D8PTR4,A0A1D8PDT4,925
A0A1D8PTR4,A0A1D8PF08,925
A0A1D8PTR4,A0A1D8PFV1,925
A0A1D8PTR4,Q5AGZ7,925
A0A1D8PTR4,A0A1D8PGY0,925
A0A1D8PTR4,Q59TE0,925
A0A1D8PTR4,A0A1D8PDU3,925
A0A1D8PTR4,Q59LS1,925
A0A1D8PTR4,Q5AEN2,925
A0A1D8PTR4,A0A1D8PHF5,925
A0A1D8PTR4,A0A1D8PQQ5,925
A0A1D8PTR4,A0A1D8PCI6,861
A0A1D8PTR4,A0A1D8PN83,890
A0A1D8PTR4,A0A1D8PLC9,925
A0A1D8PTR4,A0A1D8PCG7,925
A0A1D8PTR4,O59931,925
A0A1D8PTR4,P25997,921
A0A1D8PTR4,A0A1D8PFG4,925
A0A1D8PTR4,A0A1D8PEY9,925
A0A1D8PTR4,P83774,925
A0A1D8PTR4,Q5ADQ6,925
A0A1D8PTR4,Q5AJ93,925
A0A1D8PTR4,A0A1D8PSK2,925
A0A1D8PTR4,A0A1D8PPE0,925
A0A1D8PTR4,Q5A6R1,925
A0A1D8PTR4,A0A1D8PK40,925
A0A1D8PTR4,Q5A109,925
A0A1D8PTR4,A0A1D8PGY8,925
A0A1D8PTR4,A0A1D8PK71,800
A0A1D8PTR4,A0A1D8PK43,925
A0A1D8PTR4,A0A1D8PPN6,925
A0A1D8PTR4,A0A1D8PTI7,861
A0A1D8PTR4,A0A1D8PF57,861
A0A1D8PTR4,A0A1D8PDT3,925
A0A1D8PTR4,A0A1D8PM41,925
A0A1D8PTR4,Q5A900,925
A0A1D8PTR4,A0A1D8PCQ5,925
A0A1D8PTR4,A0A1D8PG16,925
A0A1D8PTR4,A0A1D8PL99,925
A0A1D8PTR4,P0CU35,861
A0A1D8PTR4,Q5ALV6,925
A0A1D8PTR4,Q96W54,861
A0A1D8PTR4,Q5AB87,925
A0A1D8PTR4,Q5A0M4,829
A0A1D8PTR4,Q9UVJ4,832
A0A1D8PTR4,Q5A389,925
A0A1D8PTR4,A0A1D8PPS1,925
A0A1D8PTR4,A0A1D8PSC5,925
A0A1D8PTR4,Q5A7K0,925
A0A1D8PTR4,A0A1D8PK22,925
A0A1D8PTR4,A0A1D8PP14,925
A0A1D8PTR4,A0A1D8PSV5,925
A0A1D8PTR4,A0A1D8PHW1,925
A0A1D8PTR4,A0A1D8PQN0,925
A0A1D8PTR4,A0A1D8PI15,925
A0A1D8PTR4,A0A1D8PDZ1,925
A0A1D8PTR4,Q5A6A1,925
A0A1D8PTR4,O42817,925
A0A1D8PTR4,A0A1D8PFL9,925
A0A1D8PTR4,A0A1D8PNQ6,925
A0A1D8PTR4,A0A1D8PK30,925
A0A1D8PTR4,Q5AIB8,925
A0A1D8PTR4,P40910,925
A0A1D8PTR4,A0A1D8PCW6,925
A0A1D8PTR4,A0A1D8PTY4,921
A0A1D8PTR4,A0A1D8PF45,925
A0A1D8PTR4,A0A1D8PQS0,832
A0A1D8PTR4,Q5AG43,925
A0A1D8PTR4,A0A1D8PHH4,925
A0A1D8PTV0,Q5A2A0,832
A0A1D8PTV0,A0A1D8PMQ4,832
A0A1D8PTV0,A0A1D8PFZ8,832
A0A1D8PTV0,A0A1D8PFL7,832
A0A1D8PTV0,A0A1D8PNA8,832
A0A1D8PTV0,A0A1D8PMQ0,718
A0A1D8PTV0,Q59X29,832
A0A1D8PTV0,Q5A0L8,832
A0A1D8PTV0,Q59SD0,832
A0A1D8PTV0,A0A1D8PGA6,829
A0A1D8PTV0,A0A1D8PD15,832
A0A1D8PTV0,A0A1D8PSS4,761
A0A1D8PTV0,Q5A6S2,832
A0A1D8PTV0,A0A1D8PI93,832
A0A1D8PTV0,A0A1D8PIV7,832
A0A1D8PTV0,A0A1D8PP77,795
A0A1D8PTV0,Q5A3L0,832
A0A1D8PTV0,A0A1D8PLW8,832
A0A1D8PTV1,A0A1D8PTG5,832
A0A1D8PTV1,A0A1D8PR50,832
A0A1D8PTV1,A0A1D8PSP7,832
A0A1D8PTV1,A0A1D8PFX4,798
A0A1D8PTV1,A0A1D8PNP9,832
A0A1D8PTV1,A0A1D8PRP0,832
A0A1D8PTV4,A0A1D8PC97,832
A0A1D8PTX1,Q59Z11,832
A0A1D8PTX1,A0A1D8PRU4,832
A0A1D8PTX1,Q5AA47,828
A0A1D8PTX1,A0A1D8PT60,832
A0A1D8PTX1,Q59WT0,832
A0A1D8PTX1,Q59RN2,832
A0A1D8PTY4,A0A1D8PCI6,921
A0A1D8PTY4,Q59SJ6,921
A0A1D8PTY4,A0A1D8PCG7,921
A0A1D8PTY4,O59931,921
A0A1D8PTY4,A0A1D8PN83,921
A0A1D8PTY4,A0A1D8PLC9,921
A0A1D8PTY4,A0A1D8PFG4,921
A0A1D8PTY4,A0A1D8PEY9,921
A0A1D8PTY4,P83774,921
A0A1D8PTY4,P25997,921
A0A1D8PTY4,A0A1D8PKK7,921
A0A1D8PTY4,Q5ALN2,921
A0A1D8PTY4,Q5AJ93,921
A0A1D8PTY4,A0A1D8PSK2,921
A0A1D8PTY4,Q5ADQ6,921
A0A1D8PTY4,Q59QS1,921
A0A1D8PTY4,A0A1D8PG94,921
A0A1D8PTY4,A0A1D8PK40,921
A0A1D8PTY4,Q5A109,921
A0A1D8PTY4,Q5ACH7,921
A0A1D8PTY4,A0A1D8PGY8,921
A0A1D8PTY4,A0A1D8PPE0,921
A0A1D8PTY4,A0A1D8PEV9,921
A0A1D8PTY4,Q5A6R1,921
A0A1D8PTY4,Q5A5Q4,921
A0A1D8PTY4,Q5ADS0,921
A0A1D8PTY4,A0A1D8PRP4,921
A0A1D8PTY4,Q5ADT9,921
A0A1D8PTY4,Q5AJZ7,921
A0A1D8PTY4,A0A1D8PPN6,921
A0A1D8PTY4,A0A1D8PTI7,921
A0A1D8PTY4,A0A1D8PK43,921
A0A1D8PTY4,Q59V85,921
A0A1D8PTY4,A0A1D8PDT3,921
A0A1D8PTY4,Q5A360,921
A0A1D8PTY4,A0A1D8PRP6,921
A0A1D8PTY4,A0A1D8PRY0,921
A0A1D8PTY4,A0A1D8PF57,921
A0A1D8PTY4,A0A1D8PH21,921
A0A1D8PTY4,Q59T44,921
A0A1D8PTY4,A0A1D8PK61,921
A0A1D8PTY4,A0A1D8PDL6,921
A0A1D8PTY4,A0A1D8PPT5,921
A0A1D8PTY4,Q5ANA1,921
A0A1D8PTY4,A0A1D8PM75,921
A0A1D8PTY4,A0A1D8PL68,921
A0A1D8PTY4,A0A1D8PS14,921
A0A1D8PTY4,A0A1D8PKC3,921
A0A1D8PTY4,A0A1D8PEV4,921
A0A1D8PTY4,A0A1D8PCX8,921
A0A1D8PTY4,A0A1D8PJD3,921
A0A1D8PTY4,A0A1D8PLT6,921
A0A1D8PTY4,A0A1D8PFV1,921
A0A1D8PTY4,Q5AGZ7,921
A0A1D8PTY4,A0A1D8PGY0,921
A0A1D8PTY4,Q59TE0,921
A0A1D8PTY4,A0A1D8PDT4,921
A0A1D8PTY4,A0A1D8PF08,921
A0A1D8PTY4,A0A1D8PHF5,921
A0A1D8PTY4,Q5A8Y6,921
A0A1D8PTY4,Q5ANL6,921
A0A1D8PTY4,A0A1D8PDU3,921
A0A1D8PTY4,Q5AA46,921
A0A1D8PTY4,Q59LS1,921
A0A1D8PTY4,Q5AEN2,921
A0A1D8PTY4,A0A1D8PQQ5,921
A0A1D8PTY4,A0A1D8PSV5,921
A0A1D8PTY4,A0A1D8PGP2,921
A0A1D8PTY4,A0A1D8PK22,921
A0A1D8PTY4,A0A1D8PP14,921
A0A1D8PTY4,A0A1D8PI15,921
A0A1D8PTY4,A0A1D8PQQ9,921
A0A1D8PTY4,A0A1D8PDZ1,921
A0A1D8PTY4,A0A1D8PHW1,921
A0A1D8PTY4,A0A1D8PQN0,921
A0A1D8PTY4,A0A1D8PMU5,921
A0A1D8PTY4,Q5A6A1,921
A0A1D8PTY4,A0A1D8PQ89,921
A0A1D8PTY4,A0A1D8PP27,921
A0A1D8PTY4,A0A1D8PHY2,921
A0A1D8PTY4,A0A1D8PTC7,921
A0A1D8PTY4,A0A1D8PJP6,921
A0A1D8PTY4,A0A1D8PNN8,921
A0A1D8PTY4,Q5ANC3,921
A0A1D8PTY4,A0A1D8PC56,921
A0A1D8PTY4,O42817,921
A0A1D8PTY4,A0A1D8PRW9,921
A0A1D8PTY4,A0A1D8PF15,921
A0A1D8PTY4,A0A1D8PK30,921
A0A1D8PTY4,A0A1D8PTR4,921
A0A1D8PTY4,A0A1D8PFL9,921
A0A1D8PTY4,A0A1D8PNQ6,921
A0A1D8PTY4,A0A1D8PCW6,921
A0A1D8PTY4,A0A1D8PF11,921
A0A1D8PTY4,Q5AIB8,921
A0A1D8PTY4,P40910,921
A0A1D8PTY4,Q59NN8,921
A0A1D8PTY4,Q5AG43,921
A0A1D8PTY4,A0A1D8PHH4,921
A0A1D8PTY4,A0A1D8PF45,921
A0A1D8PTY4,Q5A7P6,921
A0A1D8PTY4,A0A1D8PCQ5,921
A0A1D8PTY4,Q5A6Q6,921
A0A1D8PTY4,A0A1D8PM41,921
A0A1D8PTY4,Q5A900,921
A0A1D8PTY4,A0A1D8PG16,921
A0A1D8PTY4,A0A1D8PL99,921
A0A1D8PTY4,A0A1D8PRP9,921
A0A1D8PTY4,Q5AK02,921
A0A1D8PTY4,P0CU35,921
A0A1D8PTY4,Q5A357,921
A0A1D8PTY4,A0A1D8PGQ5,921
A0A1D8PTY4,Q5A6M9,921
A0A1D8PTY4,A0A1D8PDP4,921
A0A1D8PTY4,Q59ZI7,921
A0A1D8PTY4,Q5ALV6,921
A0A1D8PTY4,Q96W54,921
A0A1D8PTY4,Q5AB87,921
A0A1D8PTY4,Q5ALI9,921
A0A1D8PTY4,Q5A389,921
A0A1D8PTY4,A0A1D8PPR6,921
A0A1D8PTY4,A0A1D8PGE3,921
A0A1D8PTY4,A0A1D8PPS1,921
A0A1D8PTY4,A0A1D8PSC5,921
A0A1D8PTY4,Q59P95,921
A0A1D8PTY4,Q5A5Q8,921
A0A1D8PTY4,Q5A7K0,921
A0A1D8PTY6,A0A1D8PIV7,812
A0A1D8PTY6,A0A1D8PI93,832
A0A1D8PTY6,Q5A6S2,832
A0A1D8PTY6,A0A1D8PLW8,832
A0A1D8PTY6,A0A1D8PRH6,832
A0A1D8PTY6,A0A1D8PSS4,832
A0A1D8PTY6,A0A1D8PNC8,832
A0A1D8PTY6,Q5A0L8,832
A0A1D8PTY6,A0A1D8PK85,832
A0A1D8PTY6,Q5AJZ5,832
A0A1D8PTY6,Q59Z65,832
A0A1D8PTY6,Q59X29,814
A0A1D8PTY6,Q59PZ1,832
A0A1D8PTY6,A0A1D8PJ20,832
A0A1D8PTY6,Q5AEB8,832
A0A1D8PTY6,A0A1D8PFL7,726
A0A1D8PTY6,A0A1D8PLK1,832
A0A1D8PTY6,A0A1D8PU67,832
A0A1D8PTY6,A0A1D8PQW1,832
A0A1D8PTY6,A0A1D8PRB6,832
A0A1D8PTY6,Q5A2T3,765
A0A1D8PTY6,Q5A2A0,749
A0A1D8PTZ6,A0A1D8PQF9,832
A0A1D8PU02,A0A1D8PFI2,832
A0A1D8PU06,Q5A435,812
A0A1D8PU06,Q5AA13,832
A0A1D8PU06,A0A1D8PF30,781
A0A1D8PU11,Q5AMH0,794
A0A1D8PU24,A0A1D8PD57,832
A0A1D8PU27,Q59S06,796
A0A1D8PU27,A0A1D8PFZ9,781
A0A1D8PU33,Q5AEG1,716
A0A1D8PU38,A0A1D8PTD0,832
A0A1D8PU46,A0A1D8PFZ9,799
A0A1D8PU46,Q59S06,832
A0A1D8PU46,Q5A0V9,869
A0A1D8PU46,A0A1D8PGP2,785
A0A1D8PU46,Q5A213,823
A0A1D8PU46,A0A1D8PJ43,780
A0A1D8PU46,Q5ACL9,781
A0A1D8PU46,Q59ZX6,781
A0A1D8PU46,Q5A7Q9,783
A0A1D8PU46,Q5ANL6,832
A0A1D8PU46,Q5APD0,747
A0A1D8PU46,Q59W63,796
A0A1D8PU51,A0A1D8PJA6,832
A0A1D8PU51,A0A1D8PJ73,832
A0A1D8PU51,A0A1D8PE69,832
A0A1D8PU51,Q9B8D2,786
A0A1D8PU51,A0A1D8PEH4,832
A0A1D8PU51,A0A1D8PQU3,832
A0A1D8PU51,Q59TD5,832
A0A1D8PU51,Q9B8D6,832
A0A1D8PU51,Q9B8C8,832
A0A1D8PU51,A0A1D8PRX9,832
A0A1D8PU51,Q9B8D1,832
A0A1D8PU51,A0A1D8PEJ9,819
A0A1D8PU51,Q9B8C9,786
A0A1D8PU51,A0A1D8PJX3,782
A0A1D8PU51,A0A1D8PDI3,832
A0A1D8PU51,Q5ADP7,832
A0A1D8PU51,Q5AJG7,832
A0A1D8PU51,Q59Y38,832
A0A1D8PU51,A0A1D8PG37,832
A0A1D8PU51,A0A1D8PHA3,794
A0A1D8PU51,Q5AH07,832
A0A1D8PU51,Q5ABD5,832
A0A1D8PU51,A0A1D8PCD3,832
A0A1D8PU51,A0A1D8PHY0,786
A0A1D8PU51,Q5A222,832
A0A1D8PU51,A0A1D8PPZ0,832
A0A1D8PU52,Q5AFD2,832
A0A1D8PU52,Q5A449,783
A0A1D8PU52,A0A1D8PNA1,803
A0A1D8PU52,A0A1D8PHX6,832
A0A1D8PU52,Q5APP1,832
A0A1D8PU52,Q5A7S5,832
A0A1D8PU59,Q59Y40,832
A0A1D8PU59,A0A1D8PRE0,747
A0A1D8PU59,A0A1D8PI20,702
A0A1D8PU59,A0A1D8PGP2,810
A0A1D8PU59,A0A1D8PJD3,832
A0A1D8PU59,Q5A0V9,867
A0A1D8PU59,Q59S06,780
A0A1D8PU59,A0A1D8PFZ9,747
A0A1D8PU59,Q59ZX6,747
A0A1D8PU59,Q5AFB9,832
A0A1D8PU59,Q5ACL9,776
A0A1D8PU59,A0A1D8PRP4,780
A0A1D8PU59,Q5APD0,783
A0A1D8PU59,A0A1D8PKG5,747
A0A1D8PU59,A0A1D8PRJ5,786
A0A1D8PU59,A0A1D8PGM4,747
A0A1D8PU59,A0A1D8PJ43,747
A0A1D8PU67,Q5AEB8,832
A0A1D8PU67,A0A1D8PJ20,832
A0A1D8PU67,A0A1D8PQW1,832
A0A1D8PU67,A0A1D8PRB6,832
A0A1D8PU67,A0A1D8PLK1,832
A0A1D8PU67,A0A1D8PTY6,832
A0A1D8PU67,Q59PZ1,832
A0A1D8PU67,Q59Z65,832
A0A1D8PU67,A0A1D8PNC8,832
A0A1D8PU67,A0A1D8PSS4,832
A0A1D8PU67,Q5AJZ5,832
A0A1D8PU67,A0A1D8PK85,832
A0A1D8PU67,Q5A6S2,763
A0A1D8PU67,A0A1D8PRH6,832
A0A1D8PU74,A0A1D8PNT2,832
A0A1D8PU74,Q5A886,832
A0A1D8PU74,A0A1D8PPL1,832
A0A1D8PU74,A0A1D8PKJ2,832
A0A1D8PU74,A0A1D8PSS1,804
A0A1D8PU74,A0A1D8PPU7,765
A0A1D8PU80,A0A1D8PSM5,785
A0A1D8PU80,A0A1D8PNA3,832
A0A1D8PU84,A0A1D8PFH1,721
A0A1D8PU84,Q5A920,832
A0A1D8PU84,A0A1D8PGS6,832
A0A1D8PU84,Q59VY5,824
A0A1D8PU88,A0A1D8PMS8,832
A0A1D8PU88,A0A1D8PHZ6,788
A0A1D8PU88,A0A1D8PSI8,832
A0A1D8PU88,A0A1D8PJK7,832
A0A1D8PU88,A0A1D8PFW4,832
A0A1D8PU93,Q5AF80,800
A0A1D8PU93,A0A1D8PNV1,832
A0A1D8PU93,A0A1D8PHI0,832
A0A1D8PU93,A0A1D8PQP2,832
A0A1D8PU93,Q5AMN0,804
A0A1D8PU96,A0A1D8PFE6,784
A0A1D8PU96,A0A1D8PIE7,822
A0A1D8PU96,A0A1D8PDU2,741
A0A1D8PU96,Q59P49,797
A0A1D8PU96,Q5A034,832
A0A1D8PU96,A0A1D8PS48,778
A0A1D8PU96,Q59MA3,832
A0A1D8PU96,A0A1D8PTJ5,832
A0A1D8PU96,Q59S42,832
A0A1D8PU96,Q5AFK3,832
A0A1D8PU96,A0A1D8PHW4,801
A0A1D8PU99,Q5ADM0,832
A0A1D8PU99,A0A1D8PMT3,781
A0A1D8PUA6,A0A1D8PFX2,832
A0A1D8PUA6,Q3MNT0,832
A0A1D8PUA6,A0A1D8PH80,832
A0A1D8PUA6,Q59MZ8,832
A0A1D8PUA6,Q5ALX3,832
A0A1D8PUA6,Q5AEN6,854
A0A1D8PUA6,Q59Z24,832
A0A1D8PUA6,A0A1D8PCD0,832
A0A1D8PUA6,Q5A8Y5,832
A0A1D8PUA6,Q5AG31,814
A0A1D8PUA6,Q5AK73,797
A0A1D8PUA6,A0A1D8PLR5,832
A0A1D8PUA6,Q59T94,832
A0A1D8PUA6,Q5A8Y7,832
A0A1D8PUA6,A0A1D8PFJ8,832
A0A1D8PUA6,Q5A462,832
A0A1D8PUA6,Q59QT0,832
A0A1D8PUA6,Q5APB4,803
A0A1D8PUB0,Q5A396,700
A0A1D8PUB0,Q5A346,782
A0A1D8PUB0,A0A1D8PSV5,784
A0A1D8PUB0,A0A1D8PRE0,832
A0A1D8PUC1,Q5APG6,819
A0A1D8PUC1,A0A1D8PMR5,800
A0A1D8PUC1,Q5A322,832
A0A1D8PUC1,A0A1D8PHF1,797
A0A1D8PUC1,Q5ADV1,832
A0A1D8PUC1,A0A1D8PNM3,832
A0A1D8PUC1,A0A1D8PNA1,832
A0A1D8PUC1,A0A1D8PHP3,832
A0A1D8PUC1,Q5A449,832
A0A1D8PUC1,A0A1D8PH20,832
A0A1D8PUC1,A0A1D8PFI2,798
A0A1D8PUC1,Q5APB0,749
A0A1D8PUC1,A0A1D8PH71,832
A0A1D8PUC1,Q5AED6,749
A0A1D8PUC1,A0A1D8PPC8,832
A0A1D8PUC1,A0A1D8PTI0,832
A0A1D8PUC1,A0A1D8PFH7,749
A0A1D8PUD2,Q5A7P7,832
A0A1D8PUD2,Q59ZE0,832
A0A1D8PUD2,Q59PV8,832
A0A1D8PUD2,A0A1D8PRY3,832
A0A1D8PUD2,A0A1D8PQ38,832
A0A1D8PUD2,A0A1D8PKZ9,832
A0A1D8PUD2,Q9B8D4,832
A0A1D8PUD2,A0A1D8PDC4,832
A0A1D8PUD2,Q9B8D5,832
O42817,Q5A6R1,925
O42817,A0A1D8PPE0,925
O42817,A0A1D8PGY8,925
O42817,Q5A109,925
O42817,A0A1D8PK40,925
O42817,A0A1D8PK71,816
O42817,A0A1D8PK43,925
O42817,A0A1D8PTI7,861
O42817,A0A1D8PPN6,925
O42817,A0A1D8PF57,861
O42817,A0A1D8PDT3,925
O42817,A0A1D8PCI6,861
O42817,A0A1D8PLC9,925
O42817,A0A1D8PN83,922
O42817,O59931,925
O42817,A0A1D8PCG7,925
O42817,P25997,921
O42817,P83774,925
O42817,A0A1D8PEY9,925
O42817,A0A1D8PFG4,925
O42817,Q5ADQ6,925
O42817,A0A1D8PSK2,925
O42817,Q5AJ93,925
O42817,A0A1D8PF08,925
O42817,A0A1D8PDT4,925
O42817,Q59TE0,925
O42817,A0A1D8PGY0,925
O42817,A0A1D8PFV1,925
O42817,Q5AGZ7,925
O42817,Q5AEN2,925
O42817,Q59LS1,925
O42817,A0A1D8PDU3,925
O42817,A0A1D8PHF5,925
O42817,A0A1D8PQQ5,925
O42817,A0A1D8PPT5,925
O42817,Q5ANA1,861
O42817,A0A1D8PDL6,925
O42817,A0A1D8PK61,861
O42817,Q59T44,925
O42817,Q5A5P8,829
O42817,A0A1D8PH21,925
O42817,A0A1D8PM75,925
O42817,A0A1D8PEV4,833
O42817,A0A1D8PL68,861
O42817,A0A1D8PCX8,925
O42817,Q5AJF7,832
O42817,A0A1D8PNQ6,925
O42817,A0A1D8PFL9,925
O42817,A0A1D8PTR4,925
O42817,A0A1D8PK30,925
O42817,P40910,925
O42817,Q5AIB8,925
O42817,A0A1D8PCW6,925
O42817,A0A1D8PF45,925
O42817,A0A1D8PTY4,921
O42817,Q5AG43,925
O42817,A0A1D8PHH4,925
O42817,A0A1D8PQS0,832
O42817,A0A1D8PP14,925
O42817,A0A1D8PK22,925
O42817,A0A1D8PSV5,925
O42817,A0A1D8PQN0,925
O42817,A0A1D8PHW1,925
O42817,A0A1D8PDZ1,925
O42817,A0A1D8PI15,925
O42817,Q5A6A1,925
O42817,Q9UVJ4,832
O42817,Q5A0M4,832
O42817,Q5A389,925
O42817,A0A1D8PSC5,925
O42817,A0A1D8PPS1,925
O42817,Q5A7K0,925
O42817,Q5A900,925
O42817,A0A1D8PM41,925
O42817,A0A1D8PCQ5,925
O42817,A0A1D8PG16,925
O42817,P0CU35,861
O42817,A0A1D8PL99,925
O42817,Q5AB87,925
O42817,Q96W54,861
O42817,Q5ALV6,925
O43101,A0A1D8PF56,832
O43101,A0A1D8PTN4,832
O43133,Q5AFC5,760
O43133,A0A1D8PSS1,704
O43133,P43072,785
O43133,Q5AMM1,798
O59931,A0A1D8PDZ1,925
O59931,A0A1D8PI15,925
O59931,A0A1D8PCG7,925
O59931,A0A1D8PLC9,925
O59931,A0A1D8PQN0,925
O59931,A0A1D8PN83,920
O59931,A0A1D8PHW1,925
O59931,A0A1D8PSV5,925
O59931,A0A1D8PP14,925
O59931,A0A1D8PCI6,861
O59931,A0A1D8PK22,925
O59931,A0A1D8PSK2,925
O59931,Q5AJ93,925
O59931,Q5ADQ6,925
O59931,P83774,925
O59931,A0A1D8PEY9,925
O59931,A0A1D8PFG4,925
O59931,P25997,921
O59931,Q5A6A1,925
O59931,A0A1D8PTR4,925
O59931,A0A1D8PK30,925
O59931,A0A1D8PNQ6,925
O59931,A0A1D8PK71,816
O59931,A0A1D8PFL9,925
O59931,O42817,925
O59931,A0A1D8PGY8,925
O59931,Q5A109,925
O59931,A0A1D8PK40,925
O59931,Q5A6R1,925
O59931,A0A1D8PPE0,925
O59931,A0A1D8PQS0,832
O59931,A0A1D8PHH4,925
O59931,Q5AG43,925
O59931,A0A1D8PDT3,925
O59931,A0A1D8PF57,861
O59931,A0A1D8PF45,925
O59931,A0A1D8PTY4,921
O59931,A0A1D8PTI7,861
O59931,A0A1D8PPN6,925
O59931,A0A1D8PCW6,925
O59931,A0A1D8PK43,925
O59931,Q5AIB8,925
O59931,P40910,925
O59931,A0A1D8PG16,925
O59931,A0A1D8PM75,925
O59931,A0A1D8PH21,925
O59931,A0A1D8PCQ5,925
O59931,Q5A900,925
O59931,A0A1D8PM41,925
O59931,Q5ANA1,861
O59931,A0A1D8PPT5,925
O59931,A0A1D8PK61,861
O59931,A0A1D8PDL6,925
O59931,Q59T44,925
O59931,Q5AJF7,832
O59931,Q59L13,832
O59931,A0A1D8PCX8,925
O59931,Q5AB87,925
O59931,Q96W54,861
O59931,Q5ALV6,925
O59931,P0CU35,861
O59931,A0A1D8PL99,925
O59931,A0A1D8PL68,861
O59931,A0A1D8PEV4,833
O59931,Q59TE0,925
O59931,A0A1D8PGY0,925
O59931,Q5A389,925
O59931,A0A1D8PFV1,925
O59931,Q5AGZ7,925
O59931,A0A1D8PF08,925
O59931,A0A1D8PDT4,925
O59931,Q9UVJ4,832
O59931,Q5A0M4,832
O59931,A0A1D8PQQ5,925
O59931,Q5A7K0,925
O59931,A0A1D8PHF5,925
O59931,Q5AEN2,925
O59931,Q59SI1,796
O59931,Q59LS1,925
O59931,A0A1D8PSC5,925
O59931,A0A1D8PDU3,925
O59931,A0A1D8PPS1,925
O74711,A0A1D8PCH9,921
O74711,Q5AJ84,921
O94083,A0A1D8PK22,832
O94083,A0A1D8PCQ5,832
O94083,A0A1D8PSV5,832
O94083,A0A1D8PPS1,832
O94083,Q5AGZ7,832
O94083,A0A1D8PK30,832
O94150,A0A1D8PK30,832
O94150,Q5ABC3,832
O94150,A0A1D8PPW1,832
O94150,A0A1D8PG94,832
O94150,Q5A6K5,832
O94150,A0A1D8PEV9,832
O94150,Q5A7P6,832
O94150,A0A1D8PN49,832
O94150,A0A1D8PCJ1,832
O94150,Q5A3J1,832
O94150,A0A1D8PRP6,832
O94150,A0A1D8PRY0,832
O94150,Q5ADT9,832
O94150,Q5AHG8,832
O94150,Q5AJZ7,832
O94150,Q5AAS9,832
O94150,Q5AHY8,832
O94150,A0A1D8PQQ9,832
O94150,A0A1D8PSV5,832
O94150,A0A1D8PK22,832
O94150,Q59VH3,832
O94150,A0A1D8PQ89,832
O94150,Q5AGZ7,832
O94150,A0A1D8PPR6,832
O94150,A0A1D8PRG0,832
O94150,Q59X93,820
O94150,Q5AI30,832
O94150,A0A1D8PLT6,832
O94150,Q59KY7,832
O94150,Q5A6S7,832
O94150,Q59RP7,832
O94150,Q5A4Z9,832
O94150,Q59Z25,832
O94150,Q5A8Y6,832
O94150,Q5AA46,832
O94150,A0A1D8PPS1,832
O94150,Q59RQ4,832
O94150,A0A1D8PCQ5,832
O94150,A0A1D8PQR2,832
O94150,A0A1D8PM86,832
O94150,Q59ZI7,832
O94150,A0A1D8PKF3,832
O94150,Q5AK02,832
P0C0X3,Q59M53,737
P0C8K9,Q9B8D8,832
P0C8K9,A0A1D8PHJ3,785
P0C8K9,P0C8L0,832
P0C8K9,A0A1D8PHA3,832
P0C8K9,Q5ALV9,783
P0C8K9,A0A1D8PQD5,782
P0C8K9,A0A1D8PH08,781
P0C8K9,A0A1D8PJX3,832
P0C8K9,Q9B1P9,832
P0C8K9,Q5ALV5,783
P0C8L0,A0A1D8PJT8,809
P0C8L0,P0C8K9,832
P0C8L0,Q9B1P9,832
P0C8L0,A0A1D8PLP3,925
P0C8L0,P83782,925
P0C8L0,Q9B8D8,832
P0C8L0,A0A1D8PHA3,953
P0C8L0,Q5ALV9,795
P0C8L0,A0A1D8PKR9,801
P0C8L0,Q5ABS1,953
P0C8L0,A0A1D8PJX3,953
P0C8L0,A0A1D8PMF5,832
P0C8L0,A0A1D8PHA2,953
P0C8L0,A0A1D8PQD5,795
P0C8L0,Q5ALV5,796
P0C8L0,A0A1D8PP59,935
P0CB54,A0A1D8PND7,824
P0CB54,Q5ACW6,772
P0CU35,Q5A6A1,861
P0CU35,A0A1D8PQN0,861
P0CU35,A0A1D8PHW1,861
P0CU35,A0A1D8PDZ1,861
P0CU35,A0A1D8PI15,861
P0CU35,A0A1D8PP14,861
P0CU35,A0A1D8PK22,861
P0CU35,A0A1D8PSV5,861
P0CU35,A0A1D8PF45,861
P0CU35,A0A1D8PTY4,921
P0CU35,Q5AG43,862
P0CU35,A0A1D8PHH4,861
P0CU35,P40910,861
P0CU35,Q5AIB8,861
P0CU35,A0A1D8PCW6,861
P0CU35,A0A1D8PNQ6,861
P0CU35,A0A1D8PFL9,861
P0CU35,A0A1D8PTR4,861
P0CU35,A0A1D8PK30,861
P0CU35,O42817,861
P0CU35,Q5AB87,861
P0CU35,Q96W54,800
P0CU35,Q5ALV6,861
P0CU35,A0A1D8PL99,861
P0CU35,A0A1D8PG16,861
P0CU35,Q5A900,862
P0CU35,A0A1D8PM41,861
P0CU35,A0A1D8PCQ5,861
P0CU35,Q5A7K0,861
P0CU35,A0A1D8PSC5,861
P0CU35,A0A1D8PPS1,861
P0CU35,Q5A389,861
P0CU35,Q5ADQ6,861
P0CU35,A0A1D8PSK2,852
P0CU35,Q5AJ93,862
P0CU35,P25997,921
P0CU35,P83774,861
P0CU35,A0A1D8PEY9,861
P0CU35,A0A1D8PFG4,861
P0CU35,A0A1D8PLC9,861
P0CU35,A0A1D8PN83,862
P0CU35,O59931,861
P0CU35,A0A1D8PCG7,861
P0CU35,A0A1D8PCI6,831
P0CU35,A0A1D8PF57,831
P0CU35,A0A1D8PDT3,861
P0CU35,A0A1D8PK43,861
P0CU35,A0A1D8PTI7,831
P0CU35,A0A1D8PPN6,861
P0CU35,A0A1D8PK71,814
P0CU35,Q5A6R1,861
P0CU35,A0A1D8PPE0,862
P0CU35,A0A1D8PGY8,862
P0CU35,Q5A109,861
P0CU35,A0A1D8PK40,861
P0CU35,A0A1D8PCX8,861
P0CU35,A0A1D8PEV4,821
P0CU35,A0A1D8PL68,831
P0CU35,A0A1D8PM75,861
P0CU35,A0A1D8PPT5,861
P0CU35,Q5ANA1,831
P0CU35,A0A1D8PK61,831
P0CU35,A0A1D8PDL6,861
P0CU35,Q59T44,861
P0CU35,A0A1D8PH21,861
P0CU35,A0A1D8PQQ5,861
P0CU35,Q5AEN2,861
P0CU35,Q59LS1,861
P0CU35,A0A1D8PDU3,862
P0CU35,A0A1D8PHF5,861
P0CU35,A0A1D8PF08,861
P0CU35,A0A1D8PDT4,861
P0CU35,Q59TE0,861
P0CU35,A0A1D8PGY0,861
P0CU35,A0A1D8PFV1,861
P0CU35,Q5AGZ7,861
P25997,A0A1D8PRY0,921
P25997,A0A1D8PRP6,921
P25997,A0A1D8PF57,921
P25997,A0A1D8PDT3,921
P25997,Q59V85,921
P25997,Q5A360,921
P25997,A0A1D8PK43,921
P25997,A0A1D8PPN6,921
P25997,Q5AJZ7,921
P25997,Q5ADT9,921
P25997,A0A1D8PTI7,921
P25997,Q5ADS0,921
P25997,A0A1D8PRP4,921
P25997,A0A1D8PPE0,921
P25997,A0A1D8PEV9,921
P25997,Q5A5Q4,921
P25997,Q5A6R1,921
P25997,Q5A109,921
P25997,A0A1D8PG31,921
P25997,A0A1D8PK40,921
P25997,A0A1D8PG94,921
P25997,Q5ACH7,921
P25997,A0A1D8PGY8,921
P25997,Q5ADQ6,921
P25997,Q5ALN2,921
P25997,A0A1D8PSK2,921
P25997,Q5AJ93,921
P25997,A0A1D8PKK7,921
P25997,A0A1D8PEY9,921
P25997,A0A1D8PFG4,921
P25997,P83774,921
P25997,A0A1D8PN83,921
P25997,A0A1D8PLC9,921
P25997,A0A1D8PCG7,921
P25997,O59931,921
P25997,Q59SJ6,921
P25997,A0A1D8PCI6,921
P25997,A0A1D8PQQ5,921
P25997,A0A1D8PDU3,921
P25997,Q5ANL6,921
P25997,Q5AEN2,921
P25997,Q59LS1,921
P25997,Q5AA46,921
P25997,A0A1D8PHF5,921
P25997,Q5A8Y6,921
P25997,A0A1D8PDT4,921
P25997,A0A1D8PF08,921
P25997,A0A1D8PGY0,921
P25997,Q5AGZ7,921
P25997,A0A1D8PFV1,921
P25997,Q59TE0,921
P25997,A0A1D8PLT6,921
P25997,A0A1D8PCX8,921
P25997,A0A1D8PEV4,921
P25997,A0A1D8PL68,921
P25997,A0A1D8PS14,921
P25997,A0A1D8PM75,921
P25997,A0A1D8PDL6,921
P25997,A0A1D8PK61,921
P25997,Q59T44,921
P25997,A0A1D8PPT5,921
P25997,Q5ANA1,921
P25997,A0A1D8PH21,921
P25997,A0A1D8PTY4,921
P25997,Q5A7P6,921
P25997,A0A1D8PF45,921
P25997,Q5AG43,921
P25997,A0A1D8PHH4,921
P25997,A0A1D8PF11,921
P25997,P40910,921
P25997,Q5AIB8,921
P25997,Q59NN8,921
P25997,A0A1D8PCW6,921
P25997,A0A1D8PFL9,921
P25997,A0A1D8PNQ6,921
P25997,A0A1D8PK30,921
P25997,A0A1D8PTR4,921
P25997,A0A1D8PRW9,921
P25997,A0A1D8PF15,921
P25997,A0A1D8PC56,921
P25997,O42817,921
P25997,Q5ANC3,921
P25997,A0A1D8PP27,921
P25997,A0A1D8PJP6,921
P25997,A0A1D8PHY2,921
P25997,A0A1D8PTC7,921
P25997,Q5A6A1,921
P25997,A0A1D8PQ89,921
P25997,A0A1D8PMU5,921
P25997,A0A1D8PHW1,921
P25997,A0A1D8PQN0,921
P25997,A0A1D8PQQ9,921
P25997,A0A1D8PI15,921
P25997,A0A1D8PDZ1,921
P25997,A0A1D8PK22,921
P25997,A0A1D8PP14,921
P25997,A0A1D8PSV5,921
P25997,Q5A7K0,921
P25997,Q5A5Q8,921
P25997,A0A1D8PSC5,921
P25997,A0A1D8PPS1,921
P25997,Q59P95,921
P25997,A0A1D8PGE3,921
P25997,A0A1D8PMB7,921
P25997,A0A1D8PPR6,921
P25997,Q5A389,921
P25997,Q5ALI9,921
P25997,Q96W54,921
P25997,Q5ALV6,921
P25997,Q5AB87,921
P25997,A0A1D8PDP4,921
P25997,Q59ZI7,921
P25997,A0A1D8PGQ5,921
P25997,Q5A357,921
P25997,Q5A6M9,921
P25997,A0A1D8PL99,921
P25997,P0CU35,921
P25997,Q5AK02,921
P25997,A0A1D8PRP9,921
P25997,A0A1D8PG16,921
P25997,Q5A6Q6,921
P25997,Q5A900,921
P25997,A0A1D8PM41,921
P25997,A0A1D8PCQ5,921
P28870,A0A1D8PP58,953
P28870,A0A1D8PCA8,953
P40910,A0A1D8PM75,925
P40910,A0A1D8PG16,925
P40910,Q59T44,925
P40910,A0A1D8PDL6,925
P40910,A0A1D8PK61,861
P40910,Q5ANA1,861
P40910,A0A1D8PPT5,925
P40910,A0A1D8PM41,925
P40910,Q5A900,925
P40910,A0A1D8PCQ5,925
P40910,A0A1D8PH21,925
P40910,Q5A5P8,832
P40910,Q5ALV6,925
P40910,Q96W54,861
P40910,Q5AB87,925
P40910,Q5AJF7,832
P40910,A0A1D8PCX8,925
P40910,A0A1D8PEV4,833
P40910,A0A1D8PL68,861
P40910,A0A1D8PL99,925
P40910,P0CU35,861
P40910,A0A1D8PDT4,925
P40910,A0A1D8PF08,925
P40910,A0A1D8PFV1,925
P40910,Q5AGZ7,925
P40910,Q5A389,925
P40910,A0A1D8PGY0,925
P40910,Q59TE0,925
P40910,Q5A0M4,832
P40910,Q9UVJ4,832
P40910,Q5A7K0,925
P40910,A0A1D8PQQ5,925
P40910,A0A1D8PPS1,925
P40910,A0A1D8PDU3,925
P40910,A0A1D8PSC5,925
P40910,Q59LS1,925
P40910,Q5AEN2,925
P40910,Q59PL9,740
P40910,A0A1D8PHF5,925
P40910,A0A1D8PHW1,925
P40910,A0A1D8PN83,921
P40910,A0A1D8PLC9,925
P40910,A0A1D8PQN0,925
P40910,A0A1D8PCG7,925
P40910,A0A1D8PI15,925
P40910,O59931,925
P40910,A0A1D8PDZ1,925
P40910,A0A1D8PK22,925
P40910,A0A1D8PP14,925
P40910,A0A1D8PCI6,861
P40910,A0A1D8PSV5,925
P40910,Q5ADQ6,925
P40910,Q5AJ93,925
P40910,A0A1D8PSK2,925
P40910,Q5A6A1,925
P40910,P25997,921
P40910,A0A1D8PFG4,925
P40910,A0A1D8PEY9,925
P40910,P83774,925
P40910,A0A1D8PFL9,925
P40910,A0A1D8PK71,816
P40910,A0A1D8PNQ6,925
P40910,A0A1D8PK30,925
P40910,A0A1D8PTR4,925
P40910,A0A1D8PPE0,925
P40910,Q5A6R1,925
P40910,A0A1D8PK40,925
P40910,Q5A109,925
P40910,A0A1D8PGY8,925
P40910,O42817,925
P40910,A0A1D8PTY4,921
P40910,A0A1D8PF45,925
P40910,A0A1D8PF57,861
P40910,A0A1D8PDT3,925
P40910,A0A1D8PHH4,925
P40910,Q5AG43,925
P40910,A0A1D8PQS0,832
P40910,Q5AIB8,925
P40910,A0A1D8PK43,925
P40910,A0A1D8PCW6,925
P40910,A0A1D8PPN6,925
P40910,A0A1D8PTI7,861
P43072,O43133,785
P46598,A0A1D8PIG5,944
P83774,A0A1D8PQS0,832
P83774,Q5AG43,925
P83774,A0A1D8PHH4,925
P83774,A0A1D8PTY4,921
P83774,A0A1D8PF45,925
P83774,A0A1D8PCW6,925
P83774,Q5AIB8,925
P83774,P40910,925
P83774,A0A1D8PK30,925
P83774,A0A1D8PTR4,925
P83774,A0A1D8PFL9,925
P83774,A0A1D8PNQ6,925
P83774,O42817,925
P83774,Q5A6A1,925
P83774,A0A1D8PI15,925
P83774,A0A1D8PDZ1,925
P83774,A0A1D8PHW1,925
P83774,A0A1D8PQN0,925
P83774,A0A1D8PSV5,925
P83774,A0A1D8PK22,925
P83774,A0A1D8PP14,925
P83774,Q5A7K0,925
P83774,Q59PL9,775
P83774,A0A1D8PPS1,925
P83774,A0A1D8PSC5,925
P83774,Q5A389,925
P83774,Q5A0M4,832
P83774,Q9UVJ4,832
P83774,Q5ALV6,925
P83774,Q96W54,861
P83774,Q5AB87,925
P83774,A0A1D8PL99,925
P83774,P0CU35,861
P83774,A0A1D8PG16,925
P83774,A0A1D8PCQ5,925
P83774,A0A1D8PM41,925
P83774,Q5A900,925
P83774,A0A1D8PDT3,925
P83774,A0A1D8PF57,861
P83774,A0A1D8PPN6,925
P83774,A0A1D8PTI7,861
P83774,A0A1D8PK43,925
P83774,A0A1D8PK71,816
P83774,A0A1D8PK40,925
P83774,Q5A109,925
P83774,A0A1D8PGY8,925
P83774,A0A1D8PPE0,925
P83774,Q5A6R1,925
P83774,Q5AJ93,925
P83774,A0A1D8PSK2,925
P83774,Q5ADQ6,925
P83774,A0A1D8PFG4,925
P83774,A0A1D8PEY9,925
P83774,P25997,921
P83774,A0A1D8PCG7,925
P83774,O59931,925
P83774,A0A1D8PN83,916
P83774,A0A1D8PLC9,925
P83774,A0A1D8PCI6,861
P83774,A0A1D8PQQ5,925
P83774,A0A1D8PHF5,925
P83774,A0A1D8PDU3,925
P83774,Q59LS1,925
P83774,Q5AEN2,925
P83774,A0A1D8PFV1,925
P83774,Q5AGZ7,925
P83774,A0A1D8PGY0,925
P83774,Q59TE0,925
P83774,A0A1D8PDT4,925
P83774,A0A1D8PF08,925
P83774,Q5AJF7,832
P83774,A0A1D8PCX8,925
P83774,Q5AML1,781
P83774,A0A1D8PL68,861
P83774,A0A1D8PEV4,833
P83774,A0A1D8PM75,925
P83774,A0A1D8PH21,925
P83774,Q5A5P8,832
P83774,Q59T44,925
P83774,A0A1D8PK61,861
P83774,A0A1D8PDL6,925
P83774,Q5ANA1,861
P83774,A0A1D8PPT5,925
P83782,A0A1D8PHA3,925
P83782,A0A1D8PHJ3,808
P83782,A0A1D8PLP3,925
P83782,A0A1D8PP59,939
P83782,A0A1D8PJX3,925
P83782,Q5ABS1,953
P83782,Q5ALV5,813
P83782,Q5ALV9,799
P83782,P0C8L0,925
P83782,A0A1D8PJT8,824
P83782,A0A1D8PHA2,925
P83782,A0A1D8PQD5,832
P84149,A0A1D8PIR7,960
P84149,A0A1D8PGV7,921
P87163,A0A1D8PH13,832
P87163,A0A1D8PQT4,832
P87163,Q5A6S3,832
P87163,Q5ADR6,832
P87220,Q59U85,832
P87220,Q5AJB1,832
P87220,A0A1D8PKX3,832
P87220,Q59PT0,832
P87220,A0A1D8PK00,832
P87220,Q5A2U9,832
P87220,A0A1D8PFL8,832
P87220,A0A1D8PSX0,832
P87220,A0A1D8PH17,832
P87220,A0A1D8PS38,832
Q3MNT0,A0A1D8PUA6,832
Q3MNT0,Q5AAR0,832
Q59KJ6,A0A1D8PSB0,832
Q59KJ6,Q5AJY4,784
Q59KY7,A0A1D8PPR6,832
Q59KY7,A0A1D8PRG0,832
Q59KY7,Q59X93,814
Q59KY7,A0A1D8PLT6,832
Q59KY7,Q5AI30,832
Q59KY7,Q5A4Z9,832
Q59KY7,Q59RP7,829
Q59KY7,Q5A8Y6,832
Q59KY7,Q5AA46,832
Q59KY7,Q59RQ4,832
Q59KY7,A0A1D8PQR2,832
Q59KY7,Q59ZI7,832
Q59KY7,A0A1D8PKF3,814
Q59KY7,O94150,832
Q59KY7,A0A1D8PG94,832
Q59KY7,A0A1D8PPW1,832
Q59KY7,A0A1D8PEV9,832
Q59KY7,Q5A3J1,812
Q59KY7,A0A1D8PCJ1,814
Q59KY7,A0A1D8PRY0,832
Q59KY7,A0A1D8PRP6,832
Q59KY7,A0A1D8PN49,832
Q59KY7,Q5A7P6,832
Q59KY7,Q5ADT9,807
Q59KY7,Q5AJZ7,832
Q59KY7,A0A1D8PQQ9,832
Q59KY7,Q5AHY8,823
Q59KY7,Q59VH3,832
Q59KY7,A0A1D8PQ89,832
Q59L13,A0A1D8PP14,791
Q59L13,A0A1D8PDZ1,800
Q59L13,O59931,832
Q59L13,A0A1D8PLC9,805
Q59L13,A0A1D8PFG4,788
Q59L13,Q5A6A1,832
Q59L13,A0A1D8PK40,832
Q59L13,A0A1D8PKD3,832
Q59L13,Q5A6R1,832
Q59L13,A0A1D8PK30,832
Q59L13,A0A1D8PFL9,832
Q59L13,A0A1D8PPN6,827
Q59L13,Q5AIB8,832
Q59L13,A0A1D8PK43,798
Q59L13,A0A1D8PHH4,832
Q59L13,A0A1D8PH21,832
Q59L13,A0A1D8PCQ5,832
Q59L13,A0A1D8PPT5,782
Q59L13,A0A1D8PM41,831
Q59L13,A0A1D8PG16,832
Q59L13,A0A1D8PCX8,832
Q59L13,Q5AB87,786
Q59L13,Q59TE0,780
Q59L13,A0A1D8PGY0,832
Q59L13,Q5AGZ7,798
Q59L13,A0A1D8PFV1,832
Q59L13,A0A1D8PDT4,832
Q59L13,A0A1D8PHF5,832
Q59L13,Q59SI1,822
Q59L13,Q5AEN2,832
Q59L13,Q59LS1,832
Q59L13,A0A1D8PSC5,794
Q59L13,A0A1D8PPS1,832
Q59L42,A0A1D8PEX3,797
Q59L42,A0A1D8PS34,799
Q59L42,A0A1D8PQM4,817
Q59LQ5,Q5APG6,764
Q59LS1,A0A1D8PCI6,861
Q59LS1,A0A1D8PCG7,925
Q59LS1,O59931,925
Q59LS1,A0A1D8PN83,921
Q59LS1,A0A1D8PLC9,925
Q59LS1,A0A1D8PFG4,925
Q59LS1,A0A1D8PEY9,925
Q59LS1,P83774,925
Q59LS1,P25997,921
Q59LS1,Q5AJ93,925
Q59LS1,A0A1D8PSK2,925
Q59LS1,Q5ADQ6,925
Q59LS1,A0A1D8PK40,925
Q59LS1,Q5A109,925
Q59LS1,A0A1D8PGY8,925
Q59LS1,A0A1D8PPE0,925
Q59LS1,Q5A6R1,925
Q59LS1,A0A1D8PK71,816
Q59LS1,A0A1D8PPN6,925
Q59LS1,A0A1D8PTI7,861
Q59LS1,A0A1D8PK43,925
Q59LS1,A0A1D8PDT3,925
Q59LS1,A0A1D8PF57,861
Q59LS1,A0A1D8PH21,925
Q59LS1,Q59T44,925
Q59LS1,A0A1D8PDL6,925
Q59LS1,A0A1D8PK61,861
Q59LS1,Q5ANA1,861
Q59LS1,A0A1D8PPT5,925
Q59LS1,A0A1D8PM75,925
Q59LS1,A0A1D8PL68,861
Q59LS1,A0A1D8PEV4,833
Q59LS1,Q5AJF7,832
Q59LS1,A0A1D8PCX8,925
Q59LS1,A0A1D8PFV1,925
Q59LS1,Q5AGZ7,925
Q59LS1,A0A1D8PGY0,925
Q59LS1,Q59TE0,925
Q59LS1,A0A1D8PDT4,925
Q59LS1,A0A1D8PF08,925
Q59LS1,A0A1D8PHF5,925
Q59LS1,A0A1D8PDU3,925
Q59LS1,Q5AEN2,925
Q59LS1,A0A1D8PQQ5,925
Q59LS1,A0A1D8PSV5,925
Q59LS1,A0A1D8PK22,925
Q59LS1,A0A1D8PP14,925
Q59LS1,A0A1D8PI15,925
Q59LS1,A0A1D8PDZ1,925
Q59LS1,A0A1D8PHW1,925
Q59LS1,A0A1D8PQN0,925
Q59LS1,Q5A6A1,925
Q59LS1,Q5A0V9,734
Q59LS1,O42817,925
Q59LS1,A0A1D8PKD3,770
Q59LS1,A0A1D8PK30,925
Q59LS1,A0A1D8PTR4,925
Q59LS1,A0A1D8PFL9,925
Q59LS1,A0A1D8PNQ6,925
Q59LS1,A0A1D8PCW6,925
Q59LS1,Q5AIB8,925
Q59LS1,P40910,925
Q59LS1,A0A1D8PHH4,925
Q59LS1,Q5AG43,925
Q59LS1,A0A1D8PQS0,832
Q59LS1,A0A1D8PTY4,921
Q59LS1,A0A1D8PF45,925
Q59LS1,A0A1D8PCQ5,925
Q59LS1,A0A1D8PM41,925
Q59LS1,Q5A900,925
Q59LS1,A0A1D8PG16,925
Q59LS1,A0A1D8PL99,925
Q59LS1,P0CU35,861
Q59LS1,Q59L13,832
Q59LS1,Q5ALV6,925
Q59LS1,Q96W54,861
Q59LS1,Q5AB87,925
Q59LS1,Q5A0M4,832
Q59LS1,Q9UVJ4,832
Q59LS1,Q5A389,925
Q59LS1,A0A1D8PPS1,925
Q59LS1,A0A1D8PSC5,925
Q59LS1,Q59SI1,832
Q59LS1,Q5A7K0,925
Q59LT9,A0A1D8PMS1,830
Q59LT9,Q59M52,832
Q59LT9,Q5A298,832
Q59LT9,A0A1D8PLR5,832
Q59LT9,A0A1D8PQM4,832
Q59LT9,Q59MZ8,832
Q59LT9,A0A1D8PHV8,832
Q59LT9,A0A1D8PHD8,832
Q59LT9,Q59QT0,832
Q59LT9,A0A1D8PEX3,832
Q59LT9,A0A1D8PFJ8,832
Q59LT9,A0A1D8PFX2,832
Q59LT9,A0A1D8PS34,811
Q59LZ9,A0A1D8PQY9,781
Q59M30,Q9B8D4,796
Q59M30,A0A1D8PKZ9,728
Q59M30,A0A1D8PDC4,785
Q59M30,Q59ZE0,832
Q59M52,Q59LT9,832
Q59M52,A0A1D8PFX2,784
Q59M52,Q5AK30,783
Q59M52,Q5A298,832
Q59M52,Q5A5N9,832
Q59M52,A0A1D8PLP0,832
Q59M52,A0A1D8PLR5,807
Q59M52,A0A1D8PQS2,832
Q59M52,Q59QT0,811
Q59M52,A0A1D8PHD8,832
Q59M52,A0A1D8PMS1,832
Q59M52,Q5A246,755
Q59M52,A0A1D8PQ44,802
Q59M53,A0A1D8PN00,801
Q59M53,A0A1D8PPE3,832
Q59M53,P0C0X3,737
Q59M53,A0A1D8PSC6,832
Q59M53,A0A1D8PLZ6,832
Q59M53,A0A1D8PGC3,780
Q59M53,Q5APB4,832
Q59MA3,A0A1D8PU96,832
Q59MA3,A0A1D8PFE6,802
Q59MA3,A0A1D8PDU2,705
Q59MA3,A0A1D8PIE7,805
Q59MA3,Q59P49,832
Q59MA3,Q5A034,821
Q59MA3,A0A1D8PS48,786
Q59MA3,A0A1D8PTJ5,832
Q59MA3,Q59S42,832
Q59MA3,Q5AFK3,832
Q59MA3,A0A1D8PHW4,785
Q59MF4,A0A1D8PDC9,832
Q59MK3,Q5ACL9,747
Q59MK3,Q5APD0,717
Q59MK3,A0A1D8PJ43,747
Q59MK3,A0A1D8PGM4,747
Q59MK3,Q59S06,717
Q59MV1,Q59VN4,832
Q59MZ8,A0A1D8PLR5,832
Q59MZ8,A0A1D8PUA6,832
Q59MZ8,Q5A8Y7,832
Q59MZ8,A0A1D8PFJ8,832
Q59MZ8,A0A1D8PMS1,832
Q59MZ8,Q5A462,832
Q59MZ8,Q59QT0,832
Q59MZ8,A0A1D8PHD8,832
Q59MZ8,Q59LT9,832
Q59MZ8,A0A1D8PFX2,832
Q59MZ8,A0A1D8PH80,832
Q59MZ8,Q5ALX3,715
Q59MZ8,A0A1D8PQM4,782
Q59MZ8,Q59Z24,832
Q59MZ8,A0A1D8PCD0,832
Q59MZ8,A0A1D8PHV8,832
Q59MZ8,A0A1D8PEX3,832
Q59MZ8,Q5A8Y5,832
Q59N31,Q5AK78,832
Q59N31,A0A1D8PH22,832
Q59N43,A0A1D8PP06,832
Q59NN8,P25997,921
Q59NN8,A0A1D8PTY4,921
Q59NW5,Q59X26,781
Q59P36,Q5A2T0,735
Q59P36,Q5AFD8,799
Q59P43,A0A1D8PNP6,921
Q59P43,A0A1D8PGV7,921
Q59P44,A0A1D8PH20,708
Q59P44,A0A1D8PHF1,800
Q59P49,Q5A034,832
Q59P49,A0A1D8PFE6,832
Q59P49,Q5AFK3,832
Q59P49,Q59S42,832
Q59P49,A0A1D8PS48,832
Q59P49,Q59MA3,832
Q59P49,A0A1D8PU96,797
Q59P49,A0A1D8PIE7,832
Q59P49,A0A1D8PHW4,832
Q59P49,A0A1D8PTJ5,832
Q59P50,A0A1D8PJN1,801
Q59P51,A0A1D8PJM0,785
Q59P51,A0A1D8PKX2,832
Q59P87,Q5A3K2,832
Q59P87,Q5AEN6,832
Q59P87,Q5AHZ7,832
Q59P87,Q5AG31,832
Q59P87,Q5A917,780
Q59P87,Q5ACU4,832
Q59P95,P25997,921
Q59P95,A0A1D8PTY4,921
Q59PD3,Q5A322,813
Q59PD3,Q5APG6,825
Q59PD3,Q5ADV1,832
Q59PD3,Q5AC37,832
Q59PD3,Q5APB0,822
Q59PD3,Q5A7Q3,832
Q59PD3,Q5A449,831
Q59PD3,A0A1D8PFH7,749
Q59PD3,A0A1D8PH71,832
Q59PD3,Q5AED6,780
Q59PD6,Q59VQ3,832
Q59PL9,Q5A900,780
Q59PL9,A0A1D8PSV5,782
Q59PL9,Q5AAU7,818
Q59PL9,P83774,775
Q59PL9,Q59ZV5,825
Q59PL9,Q5AML1,832
Q59PL9,Q5AGF6,785
Q59PL9,A0A1D8PPE0,728
Q59PL9,Q5ACM9,795
Q59PL9,Q5AGV4,832
Q59PL9,P40910,740
Q59PL9,Q5AI86,832
Q59PT0,A0A1D8PS38,832
Q59PT0,A0A1D8PKX3,832
Q59PT0,Q5AJB1,832
Q59PT0,A0A1D8PH17,832
Q59PT0,A0A1D8PSX0,832
Q59PT0,A0A1D8PFL8,832
Q59PT0,Q5A2U9,832
Q59PT0,Q59U85,832
Q59PT0,P87220,832
Q59PV8,Q9B8D4,832
Q59PV8,A0A1D8PQ38,832
Q59PV8,A0A1D8PKZ9,832
Q59PV8,Q9B8D5,832
Q59PV8,A0A1D8PUD2,832
Q59PV8,A0A1D8PDC4,832
Q59PV8,Q5A7P7,832
Q59PV8,A0A1D8PRY3,832
Q59PV8,Q59ZE0,832
Q59PZ1,A0A1D8PNC8,832
Q59PZ1,A0A1D8PSS4,832
Q59PZ1,A0A1D8PK85,832
Q59PZ1,Q5AJZ5,832
Q59PZ1,Q5A6S2,807
Q59PZ1,A0A1D8PRH6,832
Q59PZ1,Q5AEB8,832
Q59PZ1,A0A1D8PJ20,832
Q59PZ1,A0A1D8PRB6,832
Q59PZ1,A0A1D8PQW1,832
Q59PZ1,A0A1D8PMQ4,799
Q59PZ1,Q5A2A0,832
Q59PZ1,A0A1D8PLK1,832
Q59PZ1,A0A1D8PU67,832
Q59PZ1,A0A1D8PFZ8,782
Q59PZ1,A0A1D8PTY6,832
Q59PZ1,Q59Z65,832
Q59PZ2,A0A1D8PMD4,953
Q59PZ2,A0A1D8PS42,953
Q59PZ3,Q5ABQ7,832
Q59Q35,A0A1D8PS48,783
Q59Q44,A0A1D8PJ80,719
Q59Q44,Q5ADN1,832
Q59QB7,Q59YC4,832
Q59QB7,Q5AB74,816
Q59QB7,Q59Z12,832
Q59QB7,Q59YH4,832
Q59QB7,Q5AK16,832
Q59QB7,A0A1D8PLN3,832
Q59QB7,A0A1D8PMN9,828
Q59QC1,Q59ZI7,799
Q59QC1,Q5A8Y6,736
Q59QC1,Q59RP7,793
Q59QC1,Q59X93,832
Q59QC1,A0A1D8PRG0,832
Q59QC1,Q5AHY8,793
Q59QC1,A0A1D8PQQ9,785
Q59QC1,A0A1D8PN49,832
Q59QC1,A0A1D8PRP6,798
Q59QC1,A0A1D8PCJ1,754
Q59QC1,Q5A6K5,781
Q59QC1,A0A1D8PG94,832
Q59QC1,A0A1D8PJ23,729
Q59QN7,Q5ALU6,832
Q59QS1,A0A1D8PM35,921
Q59QS1,A0A1D8PTY4,921
Q59QT0,Q59LT9,832
Q59QT0,A0A1D8PFX2,832
Q59QT0,A0A1D8PH80,832
Q59QT0,Q5ALX3,816
Q59QT0,Q59MZ8,832
Q59QT0,A0A1D8PQM4,832
Q59QT0,Q59Z24,832
Q59QT0,A0A1D8PCD0,832
Q59QT0,Q5A298,832
Q59QT0,A0A1D8PHV8,832
Q59QT0,A0A1D8PEX3,832
Q59QT0,A0A1D8PS34,832
Q59QT0,Q5A8Y5,832
Q59QT0,A0A1D8PLR5,832
Q59QT0,Q5AK73,784
Q59QT0,A0A1D8PUA6,832
Q59QT0,Q5A8Y7,832
Q59QT0,Q59M52,811
Q59QT0,A0A1D8PFJ8,832
Q59QT0,Q5A462,832
Q59QT0,A0A1D8PMS1,815
Q59QT0,A0A1D8PHD8,832
Q59QT1,A0A1D8PN92,832
Q59R35,Q5A322,768
Q59R35,Q5APG6,826
Q59R35,Q5ADV1,832
Q59R35,A0A1D8PFH7,700
Q59R35,A0A1D8PMK6,822
Q59RI7,A0A1D8PIE9,773
Q59RI7,Q5APS5,802
Q59RN2,A0A1D8PRU4,832
Q59RN2,Q59WT0,782
Q59RN2,A0A1D8PT60,822
Q59RN2,A0A1D8PTX1,832
Q59RP7,A0A1D8PEV9,832
Q59RP7,Q5A6K5,788
Q59RP7,A0A1D8PG94,832
Q59RP7,A0A1D8PPW1,832
Q59RP7,O94150,832
Q59RP7,A0A1D8PJ23,798
Q59RP7,Q5AAS9,832
Q59RP7,Q5AHG8,786
Q59RP7,Q5AJZ7,820
Q59RP7,A0A1D8PMX3,832
Q59RP7,A0A1D8PCJ1,832
Q59RP7,Q5A3J1,832
Q59RP7,A0A1D8PRY0,832
Q59RP7,A0A1D8PRP6,832
Q59RP7,Q5A7P6,832
Q59RP7,A0A1D8PN49,832
Q59RP7,Q59SJ6,832
Q59RP7,A0A1D8PQQ9,832
Q59RP7,Q5AHY8,832
Q59RP7,A0A1D8PQ89,818
Q59RP7,Q59QC1,793
Q59RP7,Q59VH3,832
Q59RP7,Q5A4Z9,832
Q59RP7,Q59KY7,829
Q59RP7,Q5AI30,820
Q59RP7,A0A1D8PLT6,832
Q59RP7,Q59X93,832
Q59RP7,A0A1D8PRG0,832
Q59RP7,Q5AA46,820
Q59RP7,Q5A8Y6,832
Q59RP7,A0A1D8PQR2,832
Q59RP7,A0A1D8PM86,832
Q59RP7,A0A1D8PCQ5,832
Q59RP7,Q59RQ4,832
Q59RP7,A0A1D8PRP9,760
Q59RP7,A0A1D8PKF3,832
Q59RP7,Q5A798,785
Q59RP7,Q59ZI7,832
Q59RQ4,Q59VH3,832
Q59RQ4,A0A1D8PQ89,832
Q59RQ4,Q5AHY8,832
Q59RQ4,A0A1D8PQQ9,832
Q59RQ4,Q59SJ6,832
Q59RQ4,A0A1D8PK22,832
Q59RQ4,A0A1D8PSV5,832
Q59RQ4,Q5A7P6,832
Q59RQ4,A0A1D8PN49,832
Q59RQ4,A0A1D8PRP6,832
Q59RQ4,A0A1D8PRY0,832
Q59RQ4,A0A1D8PMX3,832
Q59RQ4,A0A1D8PCJ1,832
Q59RQ4,Q5A3J1,832
Q59RQ4,Q5AAS9,832
Q59RQ4,Q5AJZ7,832
Q59RQ4,Q5AHG8,832
Q59RQ4,Q5ABC3,832
Q59RQ4,O94150,832
Q59RQ4,A0A1D8PJ23,794
Q59RQ4,A0A1D8PK30,832
Q59RQ4,Q5A6K5,832
Q59RQ4,A0A1D8PEV9,832
Q59RQ4,A0A1D8PPW1,832
Q59RQ4,A0A1D8PG94,832
Q59RQ4,Q59ZI7,832
Q59RQ4,Q5AK02,797
Q59RQ4,A0A1D8PRP9,822
Q59RQ4,A0A1D8PKF3,832
Q59RQ4,A0A1D8PQR2,832
Q59RQ4,A0A1D8PM86,832
Q59RQ4,A0A1D8PCQ5,832
Q59RQ4,Q59Z25,832
Q59RQ4,Q5AA46,832
Q59RQ4,A0A1D8PPS1,832
Q59RQ4,Q5A8Y6,832
Q59RQ4,Q59X93,832
Q59RQ4,A0A1D8PRG0,832
Q59RQ4,Q5AGZ7,832
Q59RQ4,A0A1D8PPR6,832
Q59RQ4,Q5A6S7,832
Q59RQ4,Q5A4Z9,832
Q59RQ4,Q59RP7,832
Q59RQ4,Q5AI30,832
Q59RQ4,A0A1D8PLT6,832
Q59RQ4,Q59KY7,832
Q59S06,A0A1D8PLN1,747
Q59S06,A0A1D8PJ43,747
Q59S06,Q5A213,831
Q59S06,A0A1D8PRP4,747
Q59S06,Q59X74,747
Q59S06,Q59ZX6,832
Q59S06,Q5AFB9,747
Q59S06,Q5ACL9,775
Q59S06,A0A1D8PRJ5,813
Q59S06,A0A1D8PPE0,783
Q59S06,A0A1D8PKG5,717
Q59S06,Q5A0V9,869
Q59S06,A0A1D8PL04,717
Q59S06,A0A1D8PRE8,717
Q59S06,A0A1D8PNG5,802
Q59S06,A0A1D8PFZ9,796
Q59S06,A0A1D8PF50,747
Q59S06,Q5A6P2,800
Q59S06,A0A1D8PGP2,832
Q59S06,A0A1D8PHX2,717
Q59S06,A0A1D8PI20,806
Q59S06,A0A1D8PGM4,799
Q59S06,A0A1D8PU46,832
Q59S06,Q5ANL6,832
Q59S06,Q5APD0,747
Q59S06,A0A1D8PJ54,799
Q59S06,Q5A756,784
Q59S06,Q5A7Q9,832
Q59S06,A0A1D8PJD3,747
Q59S06,Q59UH8,780
Q59S06,A0A1D8PU59,780
Q59S06,Q59MK3,717
Q59S06,A0A1D8PF14,747
Q59S06,A0A1D8PRE0,717
Q59S06,Q59Y40,783
Q59S06,A0A1D8PU27,796
Q59S42,A0A1D8PHW4,815
Q59S42,Q5AFK3,832
Q59S42,A0A1D8PTJ5,832
Q59S42,Q59MA3,832
Q59S42,Q5A034,797
Q59S42,Q59P49,832
Q59S42,A0A1D8PIE7,801
Q59S42,A0A1D8PFE6,749
Q59S42,A0A1D8PU96,832
Q59SD0,Q5A6S2,832
Q59SD0,A0A1D8PI93,832
Q59SD0,A0A1D8PLW8,832
Q59SD0,A0A1D8PP77,820
Q59SD0,Q5A3L0,832
Q59SD0,A0A1D8PNA8,832
Q59SD0,Q59X29,832
Q59SD0,Q5A2A0,832
Q59SD0,A0A1D8PIV7,832
Q59SD0,A0A1D8PTV0,832
Q59SD0,A0A1D8PRH6,755
Q59SD0,A0A1D8PGA6,832
Q59SD0,A0A1D8PD15,832
Q59SD0,Q5A0L8,832
Q59SD0,A0A1D8PFZ8,832
Q59SD0,A0A1D8PFL7,832
Q59SD0,A0A1D8PMQ4,832
Q59SD1,Q59WF8,832
Q59SI1,A0A1D8PF08,782
Q59SI1,A0A1D8PDT4,785
Q59SI1,A0A1D8PGY0,772
Q59SI1,A0A1D8PFV1,744
Q59SI1,Q5AGZ7,803
Q59SI1,Q59LS1,832
Q59SI1,A0A1D8PSC5,789
Q59SI1,A0A1D8PPS1,796
Q59SI1,A0A1D8PHF5,797
Q59SI1,A0A1D8PM41,805
Q59SI1,A0A1D8PH21,785
Q59SI1,A0A1D8PCQ5,782
Q59SI1,Q59L13,822
Q59SI1,A0A1D8PCX8,786
Q59SI1,A0A1D8PK30,797
Q59SI1,A0A1D8PKD3,832
Q59SI1,Q5A6R1,784
Q59SI1,A0A1D8PK40,783
Q59SI1,A0A1D8PHH4,786
Q59SI1,A0A1D8PK43,797
Q59SI1,A0A1D8PHW1,783
Q59SI1,A0A1D8PDZ1,776
Q59SI1,O59931,796
Q59SI1,A0A1D8PP14,802
Q59SI1,A0A1D8PFG4,727
Q59SJ6,A0A1D8PRP9,832
Q59SJ6,Q59ZI7,832
Q59SJ6,Q59RP7,832
Q59SJ6,A0A1D8PQ89,798
Q59SJ6,A0A1D8PHY2,785
Q59SJ6,Q5AAS9,832
Q59SJ6,Q5A7P6,824
Q59SJ6,Q5A3J1,832
Q59SJ6,A0A1D8PTY4,921
Q59SJ6,A0A1D8PPW1,832
Q59SJ6,A0A1D8PQR2,785
Q59SJ6,Q59RQ4,832
Q59SJ6,Q5AA46,832
Q59SJ6,Q5A8Y6,832
Q59SJ6,Q59X93,832
Q59SJ6,P25997,921
Q59SJ6,Q5AJZ7,827
Q59SJ6,A0A1D8PRY0,832
Q59SJ6,A0A1D8PRP6,832
Q59SM3,A0A1D8PCY1,832
Q59SM3,A0A1D8PFB8,832
Q59SM3,Q59SS7,832
Q59SM3,A0A1D8PNC0,832
Q59SM3,Q5A5P1,832
Q59SS7,A0A1D8PFB8,832
Q59SS7,Q59SM3,832
Q59SS7,A0A1D8PCY1,832
Q59SS7,A0A1D8PNC0,832
Q59SS7,Q5A5P1,832
Q59SU6,A0A1D8PR78,790
Q59T36,Q5AFT3,829
Q59T36,Q59WJ4,818
Q59T42,Q5AB94,832
Q59T42,A0A1D8PJS7,832
Q59T44,A0A1D8PN83,925
Q59T44,A0A1D8PHW1,925
Q59T44,A0A1D8PLC9,925
Q59T44,A0A1D8PQN0,925
Q59T44,A0A1D8PI15,925
Q59T44,A0A1D8PCG7,925
Q59T44,A0A1D8PDZ1,925
Q59T44,O59931,925
Q59T44,A0A1D8PK22,925
Q59T44,A0A1D8PP14,925
Q59T44,A0A1D8PCI6,861
Q59T44,A0A1D8PSV5,925
Q59T44,Q5ADQ6,925
Q59T44,A0A1D8PSK2,925
Q59T44,Q5AJ93,925
Q59T44,Q5A6A1,925
Q59T44,P25997,921
Q59T44,A0A1D8PEY9,925
Q59T44,A0A1D8PFG4,925
Q59T44,P83774,925
Q59T44,A0A1D8PK71,816
Q59T44,A0A1D8PFL9,925
Q59T44,A0A1D8PNQ6,925
Q59T44,A0A1D8PK30,925
Q59T44,A0A1D8PTR4,925
Q59T44,A0A1D8PPE0,925
Q59T44,Q5A6R1,925
Q59T44,Q5A109,925
Q59T44,A0A1D8PK40,925
Q59T44,O42817,925
Q59T44,A0A1D8PGY8,925
Q59T44,A0A1D8PTY4,921
Q59T44,A0A1D8PF57,861
Q59T44,A0A1D8PF45,925
Q59T44,A0A1D8PDT3,925
Q59T44,A0A1D8PQS0,832
Q59T44,Q5AG43,925
Q59T44,A0A1D8PHH4,925
Q59T44,A0A1D8PK43,925
Q59T44,P40910,925
Q59T44,Q5AIB8,925
Q59T44,A0A1D8PPN6,925
Q59T44,A0A1D8PCW6,925
Q59T44,A0A1D8PTI7,861
Q59T44,A0A1D8PM75,925
Q59T44,A0A1D8PG16,925
Q59T44,A0A1D8PK61,861
Q59T44,A0A1D8PDL6,925
Q59T44,Q5A900,925
Q59T44,A0A1D8PM41,925
Q59T44,Q5ANA1,861
Q59T44,A0A1D8PPT5,925
Q59T44,A0A1D8PH21,925
Q59T44,A0A1D8PCQ5,925
Q59T44,Q5A5P8,832
Q59T44,Q96W54,861
Q59T44,Q5ALV6,925
Q59T44,Q5AB87,925
Q59T44,Q5AJF7,832
Q59T44,A0A1D8PCX8,925
Q59T44,A0A1D8PEV4,833
Q59T44,A0A1D8PL99,925
Q59T44,A0A1D8PL68,861
Q59T44,P0CU35,861
Q59T44,A0A1D8PDT4,925
Q59T44,A0A1D8PF08,925
Q59T44,A0A1D8PGY0,925
Q59T44,Q5A389,925
Q59T44,A0A1D8PFV1,925
Q59T44,Q5AGZ7,925
Q59T44,Q59TE0,925
Q59T44,Q9UVJ4,832
Q59T44,Q5A0M4,832
Q59T44,Q5A7K0,925
Q59T44,A0A1D8PQQ5,925
Q59T44,A0A1D8PSC5,925
Q59T44,A0A1D8PDU3,925
Q59T44,A0A1D8PPS1,925
Q59T44,Q5AEN2,925
Q59T44,Q59LS1,925
Q59T44,A0A1D8PHF5,925
Q59T89,Q5AAS1,832
Q59T89,A0A1D8PN00,832
Q59T94,Q5A8Y5,785
Q59T94,A0A1D8PUA6,832
Q59TA2,A0A1D8PLY2,827
Q59TD5,A0A1D8PJX3,801
Q59TD5,Q5AJG7,832
Q59TD5,Q5ADP7,832
Q59TD5,A0A1D8PDI3,832
Q59TD5,A0A1D8PHA3,801
Q59TD5,A0A1D8PU51,832
Q59TD5,A0A1D8PG37,832
Q59TD5,Q59Y38,832
Q59TD5,Q5ABD5,832
Q59TD5,Q5AH07,832
Q59TD5,A0A1D8PHY0,799
Q59TD5,A0A1D8PCD3,832
Q59TD5,A0A1D8PPZ0,832
Q59TD5,Q5A222,832
Q59TD5,A0A1D8PJ73,832
Q59TD5,A0A1D8PJA6,832
Q59TD5,A0A1D8PE69,832
Q59TD5,A0A1D8PEH4,832
Q59TD5,A0A1D8PQU3,832
Q59TD5,Q9B8D2,786
Q59TD5,Q9B8D6,832
Q59TD5,A0A1D8PEJ9,824
Q59TD5,Q9B8D1,832
Q59TD5,A0A1D8PRX9,832
Q59TD5,Q9B8C8,832
Q59TD5,Q9B8C9,832
Q59TE0,Q59L13,780
Q59TE0,Q96W54,861
Q59TE0,Q5ALV6,925
Q59TE0,Q5AB87,925
Q59TE0,A0A1D8PL99,925
Q59TE0,P0CU35,861
Q59TE0,A0A1D8PG16,925
Q59TE0,A0A1D8PCQ5,925
Q59TE0,Q5A900,925
Q59TE0,A0A1D8PM41,925
Q59TE0,Q5A7K0,925
Q59TE0,A0A1D8PSC5,925
Q59TE0,A0A1D8PPS1,925
Q59TE0,Q5A389,925
Q59TE0,Q9UVJ4,832
Q59TE0,Q5A0M4,832
Q59TE0,Q5A6A1,925
Q59TE0,A0A1D8PI15,925
Q59TE0,A0A1D8PDZ1,925
Q59TE0,A0A1D8PHW1,925
Q59TE0,A0A1D8PQN0,925
Q59TE0,A0A1D8PSV5,925
Q59TE0,A0A1D8PK22,925
Q59TE0,A0A1D8PP14,925
Q59TE0,Q5AG43,925
Q59TE0,A0A1D8PHH4,925
Q59TE0,A0A1D8PQS0,832
Q59TE0,A0A1D8PTY4,921
Q59TE0,A0A1D8PF45,925
Q59TE0,A0A1D8PCW6,925
Q59TE0,Q5AIB8,925
Q59TE0,P40910,925
Q59TE0,A0A1D8PK30,925
Q59TE0,A0A1D8PTR4,925
Q59TE0,A0A1D8PFL9,925
Q59TE0,A0A1D8PNQ6,925
Q59TE0,O42817,925
Q59TE0,Q5AJF7,832
Q59TE0,A0A1D8PCX8,925
Q59TE0,A0A1D8PL68,861
Q59TE0,A0A1D8PEV4,833
Q59TE0,A0A1D8PM75,925
Q59TE0,A0A1D8PH21,925
Q59TE0,A0A1D8PDL6,925
Q59TE0,A0A1D8PK61,861
Q59TE0,Q59T44,925
Q59TE0,Q5ANA1,861
Q59TE0,A0A1D8PPT5,925
Q59TE0,A0A1D8PQQ5,925
Q59TE0,A0A1D8PHF5,925
Q59TE0,A0A1D8PDU3,925
Q59TE0,Q5AEN2,925
Q59TE0,Q59LS1,925
Q59TE0,A0A1D8PGY0,925
Q59TE0,A0A1D8PFV1,925
Q59TE0,Q5AGZ7,925
Q59TE0,A0A1D8PDT4,925
Q59TE0,A0A1D8PF08,925
Q59TE0,A0A1D8PSK2,925
Q59TE0,Q5AJ93,925
Q59TE0,Q5ADQ6,925
Q59TE0,A0A1D8PEY9,925
Q59TE0,A0A1D8PFG4,925
Q59TE0,P83774,925
Q59TE0,P25997,921
Q59TE0,A0A1D8PCG7,925
Q59TE0,O59931,925
Q59TE0,A0A1D8PN83,920
Q59TE0,A0A1D8PLC9,925
Q59TE0,A0A1D8PCI6,861
Q59TE0,A0A1D8PDT3,925
Q59TE0,A0A1D8PF57,861
Q59TE0,A0A1D8PPN6,925
Q59TE0,A0A1D8PTI7,861
Q59TE0,A0A1D8PK43,925
Q59TE0,A0A1D8PK71,816
Q59TE0,Q5A109,925
Q59TE0,A0A1D8PK40,925
Q59TE0,A0A1D8PGY8,925
Q59TE0,A0A1D8PPE0,925
Q59TE0,Q5A6R1,925
Q59TN2,A0A1D8PLY1,832
Q59TN2,A0A1D8PDW1,832
Q59TN2,Q59X53,832
Q59TN2,A0A1D8PHQ0,832
Q59TN2,A0A1D8PCE7,832
Q59TN2,A0A1D8PDF4,832
Q59TN2,Q5AMR4,832
Q59TN2,A0A1D8PD51,832
Q59TV8,Q5A2L1,784
Q59U67,A0A1D8PNT2,782
Q59U67,A0A1D8PSS1,779
Q59U67,A0A1D8PKJ2,785
Q59U73,Q5AEN6,814
Q59U81,Q5AP59,783
Q59U81,Q5A0W7,784
Q59U85,A0A1D8PSX0,832
Q59U85,A0A1D8PS38,832
Q59U85,A0A1D8PH17,832
Q59U85,A0A1D8PFL8,832
Q59U85,A0A1D8PK00,832
Q59U85,Q59PT0,832
Q59U85,A0A1D8PKX3,832
Q59U85,Q5A2U9,832
Q59U85,Q5AJB1,832
Q59U85,P87220,832
Q59UE8,Q5AGX1,832
Q59UG2,A0A1D8PQP8,784
Q59UH8,A0A1D8PJ43,747
Q59UH8,A0A1D8PLN1,747
Q59UH8,Q5ACL9,780
Q59UH8,A0A1D8PFZ9,747
Q59UH8,Q59S06,780
Q59UH8,A0A1D8PI20,702
Q59V85,P25997,921
Q59V85,A0A1D8PTY4,921
Q59V90,A0A1D8PHX3,832
Q59V90,A0A1D8PFD7,802
Q59VH0,A0A1D8PEB4,832
Q59VH3,Q5ABC3,832
Q59VH3,O94150,832
Q59VH3,A0A1D8PK30,832
Q59VH3,Q5A6K5,832
Q59VH3,A0A1D8PEV9,832
Q59VH3,A0A1D8PPW1,832
Q59VH3,A0A1D8PG94,832
Q59VH3,Q5A7P6,832
Q59VH3,A0A1D8PN49,832
Q59VH3,A0A1D8PCJ1,832
Q59VH3,Q5A3J1,832
Q59VH3,A0A1D8PRY0,832
Q59VH3,A0A1D8PRP6,832
Q59VH3,Q5AAS9,832
Q59VH3,Q5AHG8,832
Q59VH3,Q5AJZ7,832
Q59VH3,Q5AHY8,832
Q59VH3,A0A1D8PQQ9,832
Q59VH3,A0A1D8PK22,832
Q59VH3,A0A1D8PSV5,832
Q59VH3,A0A1D8PQ89,832
Q59VH3,Q59X93,832
Q59VH3,A0A1D8PPR6,832
Q59VH3,Q5AGZ7,832
Q59VH3,A0A1D8PRG0,832
Q59VH3,Q5A6S7,832
Q59VH3,Q5A4Z9,832
Q59VH3,Q59RP7,832
Q59VH3,Q5AI30,820
Q59VH3,A0A1D8PLT6,832
Q59VH3,Q59KY7,832
Q59VH3,Q59Z25,832
Q59VH3,Q5AA46,832
Q59VH3,A0A1D8PPS1,832
Q59VH3,Q5A8Y6,832
Q59VH3,Q59RQ4,832
Q59VH3,A0A1D8PQR2,832
Q59VH3,A0A1D8PM86,832
Q59VH3,A0A1D8PCQ5,832
Q59VH3,Q59ZI7,832
Q59VH3,A0A1D8PRP9,782
Q59VH3,A0A1D8PKF3,832
Q59VN4,Q59MV1,832
Q59VP7,Q5APF0,832
Q59VP7,Q59X38,832
Q59VP9,Q5AL13,832
Q59VQ3,Q59PD6,832
Q59VX1,A0A1D8PF30,824
Q59VX1,A0A1D8PK48,810
Q59VX1,Q5AA13,832
Q59VX1,Q5A435,749
Q59VX7,A0A1D8PGV7,921
Q59VX7,A0A1D8PNP6,921
Q59VY1,Q5AKU4,832
Q59VY5,Q5AEG6,832
Q59VY5,Q5AH42,721
Q59VY5,A0A1D8PGS6,832
Q59VY5,A0A1D8PU84,824
Q59W50,Q5ADV1,785
Q59W50,Q5A5N5,818
Q59W50,Q5APB0,785
Q59W50,Q5A322,818
Q59W50,A0A1D8PFH7,818
Q59W54,A0A1D8PNP6,921
Q59W54,Q5A339,832
Q59W63,Q5ACL9,822
Q59W63,Q59ZX6,747
Q59W63,Q5AFB9,747
Q59W63,A0A1D8PRP4,781
Q59W63,A0A1D8PRJ5,797
Q59W63,A0A1D8PDT3,724
Q59W63,Q5AG43,797
Q59W63,Q5A213,780
Q59W63,A0A1D8PLN1,782
Q59W63,A0A1D8PJ43,781
Q59W63,A0A1D8PF50,747
Q59W63,A0A1D8PI20,821
Q59W63,Q5A6P2,782
Q59W63,A0A1D8PGP2,826
Q59W63,Q5A0V9,752
Q59W63,A0A1D8PFZ9,781
Q59W63,A0A1D8PRE8,782
Q59W63,A0A1D8PNG5,802
Q59W63,A0A1D8PJ54,747
Q59W63,Q5APD0,785
Q59W63,Q5A756,747
Q59W63,A0A1D8PU46,796
Q59W63,A0A1D8PGM4,747
Q59W63,A0A1D8PRE0,781
Q59W63,Q59Y40,783
Q59W63,A0A1D8PJD3,747
Q59W63,Q5A7Q9,785
Q59W63,A0A1D8PF14,747
Q59WE2,Q5A9A6,829
Q59WF8,Q59SD1,832
Q59WG3,Q5AA50,717
Q59WJ4,Q59T36,818
Q59WJ4,A0A1D8PJN1,821
Q59WJ4,Q5AFT3,832
Q59WJ8,A0A1D8PFJ7,832
Q59WT0,A0A1D8PT60,782
Q59WT0,A0A1D8PTX1,832
Q59WT0,Q59Z11,832
Q59WT0,Q5AA47,785
Q59WT0,Q59RN2,782
Q59WT0,A0A1D8PRU4,831
Q59X26,Q59NW5,781
Q59X29,A0A1D8PD15,832
Q59X29,A0A1D8PGA6,832
Q59X29,A0A1D8PNC8,813
Q59X29,Q5A0L8,832
Q59X29,A0A1D8PIV7,832
Q59X29,A0A1D8PRH6,830
Q59X29,A0A1D8PTV0,832
Q59X29,A0A1D8PJ20,814
Q59X29,Q5AEB8,813
Q59X29,A0A1D8PFL7,832
Q59X29,A0A1D8PFZ8,832
Q59X29,A0A1D8PQW1,727
Q59X29,A0A1D8PMQ4,832
Q59X29,A0A1D8PSS4,788
Q59X29,Q59SD0,832
Q59X29,Q5A109,757
Q59X29,Q5AJZ5,818
Q59X29,A0A1D8PI93,832
Q59X29,Q5A6S2,832
Q59X29,Q5ADS0,744
Q59X29,A0A1D8PLW8,832
Q59X29,Q5A3L0,832
Q59X29,A0A1D8PP77,832
Q59X29,A0A1D8PLK1,814
Q59X29,A0A1D8PRB6,786
Q59X29,Q5A2A0,832
Q59X29,A0A1D8PNA8,832
Q59X29,A0A1D8PTY6,814
Q59X29,Q59Z65,789
Q59X38,Q59VP7,832
Q59X47,A0A1D8PQA6,726
Q59X53,A0A1D8PDW1,832
Q59X53,A0A1D8PHQ0,832
Q59X53,Q59TN2,832
Q59X53,A0A1D8PD51,783
Q59X53,Q5AMR4,832
Q59X53,A0A1D8PDF4,803
Q59X53,A0A1D8PCE7,832
Q59X74,Q5ACL9,747
Q59X74,A0A1D8PJ54,747
Q59X74,Q59ZX6,747
Q59X74,A0A1D8PRP4,831
Q59X74,A0A1D8PGM4,747
Q59X74,Q5A213,747
Q59X74,A0A1D8PJ43,747
Q59X74,A0A1D8PRE0,747
Q59X74,A0A1D8PI20,702
Q59X74,A0A1D8PGP2,747
Q59X74,Q5A6P2,782
Q59X74,A0A1D8PJD3,702
Q59X74,A0A1D8PFZ9,832
Q59X74,A0A1D8PNG5,747
Q59X74,Q59S06,747
Q59X93,Q59SJ6,832
Q59X93,A0A1D8PQQ9,832
Q59X93,Q5AHY8,832
Q59X93,A0A1D8PQ89,832
Q59X93,Q59QC1,832
Q59X93,Q59VH3,832
Q59X93,A0A1D8PG94,832
Q59X93,A0A1D8PPW1,832
Q59X93,A0A1D8PEV9,832
Q59X93,Q5A6K5,781
Q59X93,A0A1D8PJ23,732
Q59X93,O94150,820
Q59X93,Q5AJZ7,820
Q59X93,Q5AAS9,832
Q59X93,Q5A3J1,832
Q59X93,A0A1D8PCJ1,832
Q59X93,A0A1D8PMX3,832
Q59X93,A0A1D8PRP6,832
Q59X93,A0A1D8PRY0,832
Q59X93,A0A1D8PN49,832
Q59X93,Q5A7P6,832
Q59X93,A0A1D8PM86,782
Q59X93,A0A1D8PQR2,820
Q59X93,Q59RQ4,832
Q59X93,A0A1D8PKF3,832
Q59X93,A0A1D8PRP9,760
Q59X93,Q59ZI7,832
Q59X93,Q5A798,743
Q59X93,Q59KY7,814
Q59X93,A0A1D8PLT6,832
Q59X93,Q5AI30,820
Q59X93,Q59RP7,832
Q59X93,Q5A4Z9,832
Q59X93,A0A1D8PRG0,832
Q59X93,Q5A8Y6,832
Q59X93,Q5AA46,828
Q59XP0,Q59YF0,832
Q59XP0,Q5A9E7,786
Q59XP0,A0A1D8PFS0,832
Q59XY0,Q5APG6,743
Q59XY0,A0A1D8PMR5,780
Q59XY0,Q5A322,822
Q59XY0,Q5ADV1,781
Q59XY0,A0A1D8PH71,823
Q59Y36,A0A1D8PQH1,832
Q59Y36,A0A1D8PQM5,832
Q59Y36,A0A1D8PQN1,832
Q59Y36,A0A1D8PCW7,832
Q59Y38,Q59TD5,832
Q59Y38,A0A1D8PU51,832
Q59Y38,A0A1D8PG37,832
Q59Y38,A0A1D8PHA3,722
Q59Y38,Q9B8D2,813
Q59Y38,A0A1D8PDI3,832
Q59Y38,Q5ADP7,832
Q59Y38,A0A1D8PEH4,832
Q59Y38,A0A1D8PQU3,832
Q59Y38,Q5AJG7,832
Q59Y38,A0A1D8PE69,832
Q59Y38,A0A1D8PJ73,832
Q59Y38,A0A1D8PJA6,832
Q59Y38,Q9B8C9,801
Q59Y38,A0A1D8PPZ0,832
Q59Y38,Q5A222,832
Q59Y38,Q9B8C8,832
Q59Y38,A0A1D8PCD3,832
Q59Y38,A0A1D8PRX9,832
Q59Y38,A0A1D8PHY0,803
Q59Y38,Q9B8D1,832
Q59Y38,A0A1D8PEJ9,802
Q59Y38,Q9B8D6,832
Q59Y38,Q5AH07,832
Q59Y38,Q5ABD5,832
Q59Y40,Q5APD0,747
Q59Y40,Q5AFB9,832
Q59Y40,Q59ZX6,782
Q59Y40,Q59W63,783
Q59Y40,Q5ACL9,747
Q59Y40,A0A1D8PRJ5,810
Q59Y40,A0A1D8PJ43,747
Q59Y40,Q5A213,782
Q59Y40,A0A1D8PRE0,747
Q59Y40,A0A1D8PGP2,799
Q59Y40,A0A1D8PI20,747
Q59Y40,Q5A0V9,866
Q59Y40,A0A1D8PJD3,824
Q59Y40,A0A1D8PU59,832
Q59Y40,A0A1D8PFZ9,799
Q59Y40,A0A1D8PF14,747
Q59Y40,Q59S06,783
Q59Y64,Q5A1M9,780
Q59YC0,A0A1D8PKE9,832
Q59YC4,Q59Z12,832
Q59YC4,A0A1D8PLN3,832
Q59YC4,Q59YH4,832
Q59YC4,Q59QB7,832
Q59YE8,Q59ZH8,832
Q59YF0,Q59XP0,832
Q59YF0,Q5AH58,832
Q59YF0,Q5A9E7,807
Q59YF0,A0A1D8PFS0,832
Q59YH4,Q5AK16,783
Q59YH4,A0A1D8PLN3,799
Q59YH4,Q59QB7,832
Q59YH4,A0A1D8PMN9,799
Q59YH4,Q59YC4,832
Q59YH4,Q5AB74,783
Q59YH4,Q59Z12,832
Q59Z11,Q5AA47,832
Q59Z11,A0A1D8PRU4,832
Q59Z11,A0A1D8PTX1,832
Q59Z11,A0A1D8PT60,792
Q59Z11,Q59WT0,832
Q59Z12,Q5AK16,823
Q59Z12,Q59YH4,832
Q59Z12,A0A1D8PLN3,832
Q59Z12,Q59QB7,832
Q59Z12,A0A1D8PMN9,729
Q59Z12,Q5AB74,739
Q59Z12,Q59YC4,832
Q59Z24,Q5ALX3,781
Q59Z24,Q59MZ8,832
Q59Z24,A0A1D8PH80,832
Q59Z24,A0A1D8PFX2,832
Q59Z24,Q5A8Y5,832
Q59Z24,A0A1D8PCD0,832
Q59Z24,A0A1D8PUA6,832
Q59Z24,Q5A8Y7,832
Q59Z24,A0A1D8PLR5,832
Q59Z24,Q5AMR1,782
Q59Z24,Q59QT0,832
Q59Z24,Q5A462,832
Q59Z24,A0A1D8PFJ8,832
Q59Z25,A0A1D8PKF3,832
Q59Z25,A0A1D8PCQ5,832
Q59Z25,A0A1D8PQR2,832
Q59Z25,Q59RQ4,832
Q59Z25,A0A1D8PPS1,792
Q59Z25,Q5A4Z9,819
Q59Z25,Q5AGZ7,789
Q59Z25,A0A1D8PRG0,832
Q59Z25,Q59VH3,832
Q59Z25,Q5AHG8,832
Q59Z25,A0A1D8PN49,832
Q59Z25,Q5A6K5,832
Q59Z25,A0A1D8PK30,789
Q59Z25,O94150,832
Q59Z33,Q5ACX4,858
Q59Z65,A0A1D8PRH6,832
Q59Z65,Q5A6S2,715
Q59Z65,Q5AJZ5,832
Q59Z65,A0A1D8PK85,832
Q59Z65,A0A1D8PNC8,832
Q59Z65,A0A1D8PSS4,832
Q59Z65,Q59PZ1,832
Q59Z65,Q59X29,789
Q59Z65,A0A1D8PTY6,832
Q59Z65,A0A1D8PQW1,832
Q59Z65,A0A1D8PRB6,832
Q59Z65,A0A1D8PU67,832
Q59Z65,A0A1D8PLK1,832
Q59Z65,Q5AEB8,832
Q59Z65,A0A1D8PJ20,832
Q59Z68,Q5AFD2,832
Q59Z68,Q5A7S5,832
Q59ZE0,A0A1D8PQ38,832
Q59ZE0,A0A1D8PKZ9,832
Q59ZE0,Q9B8D4,832
Q59ZE0,Q59M30,832
Q59ZE0,A0A1D8PDC4,832
Q59ZE0,A0A1D8PUD2,832
Q59ZE0,Q9B8D5,832
Q59ZE0,Q5A7P7,832
Q59ZE0,Q59PV8,832
Q59ZE0,A0A1D8PRY3,832
Q59ZG6,A0A1D8PCC8,832
Q59ZH8,Q59YE8,832
Q59ZI7,A0A1D8PPR6,831
Q59ZI7,Q59RP7,832
Q59ZI7,Q5A4Z9,814
Q59ZI7,Q5A798,783
Q59ZI7,A0A1D8PRP9,832
Q59ZI7,A0A1D8PKF3,832
Q59ZI7,A0A1D8PCJ1,832
Q59ZI7,Q5A3J1,832
Q59ZI7,A0A1D8PTY4,921
Q59ZI7,Q5A7P6,832
Q59ZI7,A0A1D8PN49,832
Q59ZI7,Q5AAS9,832
Q59ZI7,O94150,832
Q59ZI7,A0A1D8PPW1,832
Q59ZI7,Q59QC1,799
Q59ZI7,Q59VH3,832
Q59ZI7,A0A1D8PHY2,832
Q59ZI7,A0A1D8PQ89,832
Q59ZI7,A0A1D8PQQ9,832
Q59ZI7,Q5AHY8,832
Q59ZI7,Q5A8Y6,832
Q59ZI7,Q5AA46,832
Q59ZI7,A0A1D8PRG0,832
Q59ZI7,Q59X93,832
Q59ZI7,Q59KY7,832
Q59ZI7,Q5AI30,802
Q59ZI7,A0A1D8PLT6,832
Q59ZI7,Q59RQ4,832
Q59ZI7,A0A1D8PQR2,832
Q59ZI7,A0A1D8PM86,832
Q59ZI7,A0A1D8PMX3,832
Q59ZI7,A0A1D8PRY0,832
Q59ZI7,A0A1D8PRP6,832
Q59ZI7,Q5AHG8,832
Q59ZI7,Q5AJZ7,832
Q59ZI7,A0A1D8PG94,832
Q59ZI7,A0A1D8PEV9,832
Q59ZI7,P25997,921
Q59ZI7,Q59SJ6,832
Q59ZV5,Q5AI86,832
Q59ZV5,Q59PL9,825
Q59ZV5,Q5AGV4,830
Q59ZV5,Q5AML1,781
Q59ZX6,A0A1D8PU59,747
Q59ZX6,A0A1D8PJD3,780
Q59ZX6,Q5A7Q9,810
Q59ZX6,A0A1D8PF14,747
Q59ZX6,A0A1D8PRE0,747
Q59ZX6,Q59Y40,782
Q59ZX6,A0A1D8PU46,781
Q59ZX6,A0A1D8PGM4,747
Q59ZX6,A0A1D8PJ54,783
Q59ZX6,Q59W63,747
Q59ZX6,Q5APD0,810
Q59ZX6,Q59S06,832
Q59ZX6,A0A1D8PNG5,747
Q59ZX6,A0A1D8PFZ9,747
Q59ZX6,A0A1D8PF50,747
Q59ZX6,A0A1D8PI20,747
Q59ZX6,A0A1D8PGP2,810
Q59ZX6,A0A1D8PHX2,747
Q59ZX6,Q5A0H6,747
Q59ZX6,Q5A213,747
Q59ZX6,A0A1D8PLN1,747
Q59ZX6,A0A1D8PJ43,747
Q59ZX6,Q5ACL9,747
Q59ZX6,Q5AFB9,832
Q59ZX6,Q59X74,747
Q59ZX6,A0A1D8PRP4,747
Q59ZX6,A0A1D8PPE0,747
Q59ZX6,A0A1D8PKG5,747
Q59ZX6,A0A1D8PRJ5,800
Q5A034,Q5AFK3,832
Q5A034,Q59S42,797
Q5A034,A0A1D8PFE6,832
Q5A034,A0A1D8PHW4,832
Q5A034,A0A1D8PTJ5,832
Q5A034,Q59P49,832
Q5A034,A0A1D8PS48,832
Q5A034,Q59MA3,821
Q5A034,A0A1D8PU96,832
Q5A034,A0A1D8PIE7,832
Q5A0H6,A0A1D8PGP2,747
Q5A0H6,Q5A6P2,747
Q5A0H6,A0A1D8PI20,702
Q5A0H6,A0A1D8PNG5,747
Q5A0H6,A0A1D8PRE8,747
Q5A0H6,A0A1D8PJD3,747
Q5A0H6,A0A1D8PRJ5,747
Q5A0H6,Q5A756,747
Q5A0H6,Q5APD0,787
Q5A0H6,Q5ACL9,747
Q5A0H6,Q5AFB9,747
Q5A0H6,Q59ZX6,747
Q5A0H6,Q5A213,747
Q5A0H6,A0A1D8PJ43,747
Q5A0H6,A0A1D8PGM4,832
Q5A0H8,Q5AA50,832
Q5A0I6,A0A1D8PLM5,832
Q5A0L8,A0A1D8PJ20,832
Q5A0L8,A0A1D8PMQ4,832
Q5A0L8,A0A1D8PFZ8,832
Q5A0L8,A0A1D8PFL7,832
Q5A0L8,A0A1D8PGA6,832
Q5A0L8,A0A1D8PD15,832
Q5A0L8,A0A1D8PIV7,832
Q5A0L8,A0A1D8PTV0,832
Q5A0L8,Q5A2A0,832
Q5A0L8,A0A1D8PTY6,832
Q5A0L8,A0A1D8PNA8,832
Q5A0L8,Q59X29,832
Q5A0L8,Q59SD0,832
Q5A0L8,Q5ANE2,832
Q5A0L8,Q5A6S2,832
Q5A0L8,A0A1D8PI93,832
Q5A0L8,A0A1D8PP77,832
Q5A0L8,Q5A3L0,832
Q5A0L8,A0A1D8PLW8,832
Q5A0M4,Q5AJ93,832
Q5A0M4,A0A1D8PSK2,832
Q5A0M4,Q5ADQ6,832
Q5A0M4,P83774,832
Q5A0M4,A0A1D8PFG4,832
Q5A0M4,A0A1D8PEY9,814
Q5A0M4,Q5A6A1,832
Q5A0M4,O59931,832
Q5A0M4,A0A1D8PDZ1,832
Q5A0M4,A0A1D8PCG7,832
Q5A0M4,A0A1D8PI15,832
Q5A0M4,A0A1D8PLC9,832
Q5A0M4,A0A1D8PQN0,832
Q5A0M4,A0A1D8PHW1,832
Q5A0M4,A0A1D8PSV5,832
Q5A0M4,A0A1D8PP14,832
Q5A0M4,A0A1D8PK22,832
Q5A0M4,A0A1D8PHH4,832
Q5A0M4,Q5AG43,832
Q5A0M4,A0A1D8PQS0,783
Q5A0M4,A0A1D8PDT3,832
Q5A0M4,A0A1D8PF45,832
Q5A0M4,A0A1D8PCW6,832
Q5A0M4,A0A1D8PPN6,832
Q5A0M4,P40910,832
Q5A0M4,Q5AIB8,832
Q5A0M4,A0A1D8PK43,832
Q5A0M4,A0A1D8PTR4,829
Q5A0M4,A0A1D8PK30,830
Q5A0M4,A0A1D8PNQ6,832
Q5A0M4,A0A1D8PFL9,832
Q5A0M4,A0A1D8PGY8,832
Q5A0M4,O42817,832
Q5A0M4,A0A1D8PK40,832
Q5A0M4,Q5A109,832
Q5A0M4,Q5A6R1,832
Q5A0M4,A0A1D8PPE0,832
Q5A0M4,Q5AJF7,832
Q5A0M4,A0A1D8PCX8,832
Q5A0M4,Q5AB87,832
Q5A0M4,Q5ALV6,832
Q5A0M4,A0A1D8PL99,832
Q5A0M4,A0A1D8PG16,832
Q5A0M4,A0A1D8PM75,832
Q5A0M4,A0A1D8PCQ5,832
Q5A0M4,A0A1D8PH21,832
Q5A0M4,A0A1D8PPT5,832
Q5A0M4,A0A1D8PM41,832
Q5A0M4,Q5A900,832
Q5A0M4,Q59T44,832
Q5A0M4,A0A1D8PDL6,832
Q5A0M4,A0A1D8PQQ5,832
Q5A0M4,Q5A7K0,832
Q5A0M4,A0A1D8PHF5,832
Q5A0M4,Q59LS1,832
Q5A0M4,Q5AEN2,832
Q5A0M4,A0A1D8PPS1,832
Q5A0M4,A0A1D8PDU3,832
Q5A0M4,A0A1D8PSC5,832
Q5A0M4,Q59TE0,832
Q5A0M4,Q5AGZ7,832
Q5A0M4,A0A1D8PFV1,832
Q5A0M4,Q5A389,832
Q5A0M4,A0A1D8PGY0,832
Q5A0M4,A0A1D8PF08,832
Q5A0M4,A0A1D8PDT4,832
Q5A0V9,Q59S06,869
Q5A0V9,Q5ADY1,820
Q5A0V9,A0A1D8PNG5,869
Q5A0V9,A0A1D8PFZ9,740
Q5A0V9,A0A1D8PFG4,734
Q5A0V9,A0A1D8PIX3,753
Q5A0V9,A0A1D8PGP2,869
Q5A0V9,Q5A213,869
Q5A0V9,A0A1D8PRJ5,869
Q5A0V9,Q5AFB9,869
Q5A0V9,Q5A852,869
Q5A0V9,A0A1D8PU59,867
Q5A0V9,Q5AB87,734
Q5A0V9,A0A1D8PJD3,869
Q5A0V9,A0A1D8PRE0,783
Q5A0V9,Q59Y40,866
Q5A0V9,Q5A7N6,767
Q5A0V9,Q5ANL6,799
Q5A0V9,Q59LS1,734
Q5A0V9,A0A1D8PU46,869
Q5A0V9,A0A1D8PGM4,780
Q5A0V9,Q5A756,865
Q5A0V9,Q59W63,752
Q5A0W7,Q5AGZ9,832
Q5A0W7,Q5AP59,795
Q5A0W7,Q59U81,784
Q5A0W7,Q5A6Q0,832
Q5A109,A0A1D8PQN0,925
Q5A109,A0A1D8PHW1,925
Q5A109,Q5A513,799
Q5A109,A0A1D8PDZ1,925
Q5A109,A0A1D8PI15,925
Q5A109,A0A1D8PP14,925
Q5A109,A0A1D8PK22,925
Q5A109,A0A1D8PSV5,925
Q5A109,Q5A6A1,925
Q5A109,A0A1D8PNQ6,925
Q5A109,A0A1D8PFL9,925
Q5A109,A0A1D8PTR4,925
Q5A109,A0A1D8PK30,925
Q5A109,O42817,925
Q5A109,A0A1D8PF45,925
Q5A109,A0A1D8PTY4,921
Q5A109,Q59X29,757
Q5A109,A0A1D8PQS0,832
Q5A109,Q5AG43,925
Q5A109,A0A1D8PHH4,925
Q5A109,Q5AIB8,925
Q5A109,P40910,925
Q5A109,A0A1D8PCW6,925
Q5A109,A0A1D8PG16,925
Q5A109,A0A1D8PM41,925
Q5A109,Q5A900,925
Q5A109,A0A1D8PCQ5,925
Q5A109,Q5AB87,925
Q5A109,Q5ALV6,925
Q5A109,Q96W54,861
Q5A109,P0CU35,861
Q5A109,A0A1D8PL99,925
Q5A109,Q5A389,925
Q5A109,A0A1D8PDB0,800
Q5A109,Q5A0M4,832
Q5A109,Q9UVJ4,832
Q5A109,Q5A7K0,925
Q5A109,A0A1D8PPS1,925
Q5A109,A0A1D8PSC5,925
Q5A109,A0A1D8PLC9,925
Q5A109,A0A1D8PN83,861
Q5A109,O59931,925
Q5A109,A0A1D8PCG7,925
Q5A109,A0A1D8PCI6,861
Q5A109,Q5ADQ6,925
Q5A109,Q5AJ93,925
Q5A109,A0A1D8PSK2,925
Q5A109,P25997,921
Q5A109,P83774,925
Q5A109,A0A1D8PFG4,925
Q5A109,A0A1D8PEY9,925
Q5A109,A0A1D8PK71,816
Q5A109,Q5ADS0,832
Q5A109,Q5A6R1,925
Q5A109,A0A1D8PPE0,925
Q5A109,A0A1D8PGY8,925
Q5A109,A0A1D8PK40,925
Q5A109,A0A1D8PF57,861
Q5A109,A0A1D8PDT3,925
Q5A109,A0A1D8PK43,925
Q5A109,A0A1D8PTI7,861
Q5A109,A0A1D8PPN6,925
Q5A109,A0A1D8PM75,925
Q5A109,Q5ANA1,861
Q5A109,A0A1D8PPT5,925
Q5A109,Q59T44,925
Q5A109,A0A1D8PK61,861
Q5A109,A0A1D8PDL6,925
Q5A109,Q5A5P8,832
Q5A109,A0A1D8PKJ3,802
Q5A109,A0A1D8PH21,925
Q5A109,Q5AJF7,832
Q5A109,A0A1D8PCX8,925
Q5A109,A0A1D8PEV4,833
Q5A109,A0A1D8PL68,925
Q5A109,A0A1D8PF08,925
Q5A109,A0A1D8PDT4,925
Q5A109,Q59TE0,925
Q5A109,Q5AGZ7,925
Q5A109,A0A1D8PFV1,925
Q5A109,A0A1D8PGY0,925
Q5A109,A0A1D8PQQ5,925
Q5A109,Q59LS1,925
Q5A109,Q5AEN2,925
Q5A109,A0A1D8PDU3,925
Q5A109,A0A1D8PHF5,925
Q5A1D5,Q5ALL8,832
Q5A1M0,A0A1D8PFI2,813
Q5A1M9,Q59Y64,780
Q5A1Q5,Q5A216,832
Q5A213,Q5A0V9,869
Q5A213,Q5A7Q9,785
Q5A213,A0A1D8PJD3,782
Q5A213,Q5A852,796
Q5A213,Q59S06,831
Q5A213,A0A1D8PNG5,803
Q5A213,A0A1D8PF14,747
Q5A213,A0A1D8PFZ9,747
Q5A213,Q59Y40,782
Q5A213,A0A1D8PRE0,747
Q5A213,Q5A6P2,747
Q5A213,A0A1D8PHX2,747
Q5A213,A0A1D8PGP2,807
Q5A213,A0A1D8PI20,747
Q5A213,Q5A0H6,747
Q5A213,Q5AG43,747
Q5A213,A0A1D8PGM4,782
Q5A213,A0A1D8PU46,823
Q5A213,A0A1D8PJ43,747
Q5A213,Q5APD0,747
Q5A213,Q59X74,747
Q5A213,A0A1D8PJ54,747
Q5A213,Q5ACL9,747
Q5A213,Q59ZX6,747
Q5A213,Q59W63,780
Q5A213,Q5AFB9,787
Q5A213,A0A1D8PPE0,747
Q5A216,Q5A1Q5,832
Q5A222,Q59TD5,832
Q5A222,Q59Y38,832
Q5A222,A0A1D8PU51,832
Q5A222,A0A1D8PG37,832
Q5A222,A0A1D8PDI3,832
Q5A222,Q9B8D2,832
Q5A222,A0A1D8PQU3,832
Q5A222,A0A1D8PEH4,832
Q5A222,Q5ADP7,832
Q5A222,Q5AJG7,832
Q5A222,A0A1D8PE69,832
Q5A222,A0A1D8PJA6,832
Q5A222,A0A1D8PJ73,832
Q5A222,Q9B8C9,832
Q5A222,A0A1D8PPZ0,832
Q5A222,Q9B8C8,832
Q5A222,A0A1D8PRX9,832
Q5A222,A0A1D8PCD3,832
Q5A222,A0A1D8PHY0,832
Q5A222,A0A1D8PEJ9,832
Q5A222,Q9B8D1,832
Q5A222,Q9B8D6,832
Q5A222,Q5AH07,832
Q5A222,Q5ABD5,832
Q5A246,A0A1D8PQ44,832
Q5A246,A0A1D8PFJ8,796
Q5A246,A0A1D8PMS1,832
Q5A246,Q59M52,755
Q5A246,Q5A298,832
Q5A298,A0A1D8PLR5,832
Q5A298,A0A1D8PFJ8,832
Q5A298,A0A1D8PQ44,720
Q5A298,Q59LT9,832
Q5A298,Q59M52,832
Q5A298,A0A1D8PMS1,832
Q5A298,Q5AK30,832
Q5A298,Q59QT0,832
Q5A298,A0A1D8PFX2,832
Q5A298,Q5A246,832
Q5A298,A0A1D8PHD8,785
Q5A2A0,A0A1D8PNA8,832
Q5A2A0,A0A1D8PC77,832
Q5A2A0,A0A1D8PTY6,749
Q5A2A0,Q59PZ1,832
Q5A2A0,Q59X29,832
Q5A2A0,A0A1D8PFL7,832
Q5A2A0,A0A1D8PFZ8,832
Q5A2A0,A0A1D8PMQ4,832
Q5A2A0,A0A1D8PIV7,832
Q5A2A0,A0A1D8PI93,832
Q5A2A0,Q5A6S2,832
Q5A2A0,A0A1D8PLW8,832
Q5A2A0,A0A1D8PRH6,795
Q5A2A0,A0A1D8PTV0,832
Q5A2A0,Q5A3L0,832
Q5A2A0,A0A1D8PP77,795
Q5A2A0,A0A1D8PSS4,819
Q5A2A0,A0A1D8PD15,832
Q5A2A0,A0A1D8PGA6,783
Q5A2A0,Q59SD0,832
Q5A2A0,Q5A0L8,832
Q5A2B8,A0A1D8PTQ2,832
Q5A2C3,A0A1D8PHX3,778
Q5A2J1,A0A1D8PGV7,921
Q5A2L1,Q59TV8,784
Q5A2S9,Q5A887,799
Q5A2S9,A0A1D8PGV7,921
Q5A2S9,Q5ANL4,832
Q5A2S9,A0A1D8PLW7,785
Q5A2S9,Q5AEF2,727
Q5A2S9,Q5ACL4,810
Q5A2S9,A0A1D8PNP6,921
Q5A2S9,Q5ANK4,797
Q5A2T0,Q59P36,735
Q5A2T0,Q5AFD8,802
Q5A2T3,A0A1D8PTY6,765
Q5A2U9,A0A1D8PKX3,832
Q5A2U9,Q59PT0,832
Q5A2U9,Q5AJB1,832
Q5A2U9,A0A1D8PS38,832
Q5A2U9,A0A1D8PK00,832
Q5A2U9,Q59U85,832
Q5A2U9,P87220,832
Q5A2U9,A0A1D8PSX0,832
Q5A2U9,A0A1D8PH17,832
Q5A2U9,A0A1D8PFL8,832
Q5A319,A0A1D8PJR5,832
Q5A319,Q5AIA4,820
Q5A322,Q5AC37,832
Q5A322,A0A1D8PFI2,832
Q5A322,Q5A7Q3,832
Q5A322,Q5A449,832
Q5A322,A0A1D8PHP3,832
Q5A322,Q59W50,818
Q5A322,A0A1D8PFH7,832
Q5A322,Q5AED6,832
Q5A322,A0A1D8PH71,832
Q5A322,Q5APG6,832
Q5A322,Q5APB0,832
Q5A322,A0A1D8PHQ5,788
Q5A322,A0A1D8PNM3,825
Q5A322,A0A1D8PH20,832
Q5A322,Q59R35,768
Q5A322,A0A1D8PPC8,824
Q5A322,A0A1D8PMK6,832
Q5A322,A0A1D8PMR5,832
Q5A322,Q59XY0,822
Q5A322,A0A1D8PNL9,821
Q5A322,Q5ADL4,796
Q5A322,Q5AP89,781
Q5A322,A0A1D8PS92,745
Q5A322,A0A1D8PUC1,832
Q5A322,Q5ADV1,832
Q5A322,Q59PD3,813
Q5A322,Q5A5N5,832
Q5A326,A0A1D8PRX3,798
Q5A326,A0A1D8PE86,782
Q5A326,A0A1D8PMT3,832
Q5A326,A0A1D8PM98,832
Q5A326,A0A1D8PMB5,832
Q5A326,Q5ADM0,749
Q5A326,A0A1D8PCA6,832
Q5A337,Q5APB7,781
Q5A339,A0A1D8PE77,832
Q5A339,Q59W54,832
Q5A346,A0A1D8PUB0,782
Q5A346,Q5A396,801
Q5A357,A0A1D8PTY4,921
Q5A357,P25997,921
Q5A360,A0A1D8PTY4,921
Q5A360,P25997,921
Q5A389,Q5A6A1,925
Q5A389,A0A1D8PHW1,925
Q5A389,A0A1D8PQN0,925
Q5A389,A0A1D8PI15,925
Q5A389,A0A1D8PDZ1,925
Q5A389,A0A1D8PK22,925
Q5A389,A0A1D8PP14,925
Q5A389,A0A1D8PSV5,925
Q5A389,A0A1D8PTY4,921
Q5A389,A0A1D8PF45,925
Q5A389,A0A1D8PHH4,925
Q5A389,Q5AG43,925
Q5A389,A0A1D8PQS0,832
Q5A389,Q5AIB8,925
Q5A389,P40910,925
Q5A389,A0A1D8PCW6,925
Q5A389,A0A1D8PFL9,925
Q5A389,A0A1D8PNQ6,925
Q5A389,A0A1D8PK30,925
Q5A389,A0A1D8PTR4,925
Q5A389,O42817,925
Q5A389,Q96W54,861
Q5A389,Q5ALV6,925
Q5A389,Q5AB87,925
Q5A389,A0A1D8PL99,925
Q5A389,P0CU35,861
Q5A389,A0A1D8PG16,925
Q5A389,Q5A900,925
Q5A389,A0A1D8PM41,925
Q5A389,A0A1D8PCQ5,925
Q5A389,Q5A7K0,925
Q5A389,A0A1D8PSC5,925
Q5A389,A0A1D8PPS1,925
Q5A389,Q9UVJ4,832
Q5A389,Q5A0M4,832
Q5A389,Q5ADQ6,925
Q5A389,A0A1D8PSK2,925
Q5A389,Q5AJ93,925
Q5A389,P25997,921
Q5A389,A0A1D8PEY9,925
Q5A389,A0A1D8PFG4,925
Q5A389,P83774,925
Q5A389,A0A1D8PN83,925
Q5A389,A0A1D8PLC9,925
Q5A389,A0A1D8PCG7,925
Q5A389,O59931,925
Q5A389,A0A1D8PCI6,861
Q5A389,A0A1D8PF57,861
Q5A389,A0A1D8PDT3,925
Q5A389,A0A1D8PK43,925
Q5A389,A0A1D8PPN6,925
Q5A389,A0A1D8PTI7,861
Q5A389,A0A1D8PK71,816
Q5A389,A0A1D8PPE0,925
Q5A389,Q5A6R1,925
Q5A389,Q5A109,925
Q5A389,A0A1D8PK40,925
Q5A389,A0A1D8PGY8,925
Q5A389,A0A1D8PCX8,925
Q5A389,Q5AJF7,832
Q5A389,A0A1D8PEV4,833
Q5A389,A0A1D8PL68,861
Q5A389,A0A1D8PM75,925
Q5A389,A0A1D8PDL6,925
Q5A389,A0A1D8PK61,861
Q5A389,Q59T44,925
Q5A389,A0A1D8PPT5,925
Q5A389,Q5ANA1,861
Q5A389,A0A1D8PH21,925
Q5A389,Q5A5P8,832
Q5A389,A0A1D8PQQ5,925
Q5A389,A0A1D8PDU3,925
Q5A389,Q5AEN2,925
Q5A389,Q59LS1,925
Q5A389,A0A1D8PHF5,925
Q5A389,A0A1D8PDT4,925
Q5A389,A0A1D8PF08,925
Q5A389,A0A1D8PGY0,925
Q5A389,Q5AGZ7,925
Q5A389,A0A1D8PFV1,925
Q5A389,Q59TE0,925
Q5A396,A0A1D8PUB0,700
Q5A396,Q5AG43,710
Q5A396,Q5A346,801
Q5A3J1,Q59X93,832
Q5A3J1,A0A1D8PRG0,832
Q5A3J1,Q5A4Z9,832
Q5A3J1,Q59RP7,832
Q5A3J1,Q5AI30,820
Q5A3J1,A0A1D8PLT6,832
Q5A3J1,Q59KY7,812
Q5A3J1,Q5AA46,819
Q5A3J1,Q5A8Y6,832
Q5A3J1,Q59RQ4,832
Q5A3J1,A0A1D8PQR2,832
Q5A3J1,A0A1D8PM86,832
Q5A3J1,A0A1D8PCQ5,802
Q5A3J1,Q5A798,832
Q5A3J1,Q59ZI7,832
Q5A3J1,A0A1D8PRP9,760
Q5A3J1,A0A1D8PKF3,832
Q5A3J1,O94150,832
Q5A3J1,A0A1D8PJ23,732
Q5A3J1,A0A1D8PEV9,832
Q5A3J1,A0A1D8PPW1,832
Q5A3J1,A0A1D8PG94,832
Q5A3J1,Q5A7P6,832
Q5A3J1,A0A1D8PN49,832
Q5A3J1,A0A1D8PMX3,832
Q5A3J1,A0A1D8PCJ1,832
Q5A3J1,A0A1D8PRY0,832
Q5A3J1,A0A1D8PRP6,832
Q5A3J1,Q5AAS9,832
Q5A3J1,Q5AHG8,786
Q5A3J1,Q5AJZ7,820
Q5A3J1,Q5AHY8,832
Q5A3J1,A0A1D8PQQ9,832
Q5A3J1,Q59SJ6,832
Q5A3J1,Q59VH3,832
Q5A3J1,A0A1D8PQ89,832
Q5A3J5,A0A1D8PNJ4,780
Q5A3J5,Q5A4P1,830
Q5A3K2,Q59P87,832
Q5A3K2,Q5AEN6,858
Q5A3K2,Q5AHZ7,832
Q5A3K2,A0A1D8PPP5,795
Q5A3K2,Q5ACU4,832
Q5A3K2,Q5AG31,832
Q5A3L0,Q5A2A0,832
Q5A3L0,A0A1D8PMQ4,832
Q5A3L0,A0A1D8PFZ8,832
Q5A3L0,A0A1D8PFL7,832
Q5A3L0,A0A1D8PNA8,832
Q5A3L0,Q59X29,832
Q5A3L0,Q5A0L8,832
Q5A3L0,Q59SD0,832
Q5A3L0,A0A1D8PGA6,784
Q5A3L0,A0A1D8PD15,832
Q5A3L0,A0A1D8PDB0,789
Q5A3L0,Q5A6S2,832
Q5A3L0,A0A1D8PI93,832
Q5A3L0,A0A1D8PIV7,832
Q5A3L0,A0A1D8PP77,777
Q5A3L0,A0A1D8PTV0,832
Q5A3L0,A0A1D8PLW8,832
Q5A416,Q5A6Q4,832
Q5A435,Q59VX1,749
Q5A435,A0A1D8PU06,812
Q5A435,Q5AA13,832
Q5A435,A0A1D8PF30,781
Q5A435,A0A1D8PK48,814
Q5A449,A0A1D8PHP3,832
Q5A449,Q5A7Q3,832
Q5A449,Q5AC37,832
Q5A449,A0A1D8PH71,832
Q5A449,Q5AED6,832
Q5A449,A0A1D8PFH7,832
Q5A449,A0A1D8PTI0,832
Q5A449,Q5APG6,800
Q5A449,Q5A322,832
Q5A449,A0A1D8PH20,832
Q5A449,Q5AFD2,783
Q5A449,A0A1D8PNM3,832
Q5A449,Q5APB0,832
Q5A449,A0A1D8PMK6,832
Q5A449,A0A1D8PPC8,832
Q5A449,A0A1D8PU52,783
Q5A449,A0A1D8PUC1,832
Q5A449,Q5A7S5,780
Q5A449,A0A1D8PMR5,789
Q5A449,A0A1D8PEI3,784
Q5A449,Q5ADV1,832
Q5A449,Q59PD3,831
Q5A449,Q5A5N5,832
Q5A462,A0A1D8PFJ8,832
Q5A462,Q5AHZ7,742
Q5A462,A0A1D8PG13,712
Q5A462,Q59QT0,832
Q5A462,A0A1D8PLR5,832
Q5A462,Q5A8Y7,832
Q5A462,A0A1D8PUA6,832
Q5A462,Q59Z24,832
Q5A462,A0A1D8PCD0,832
Q5A462,Q5A8Y5,832
Q5A462,Q5AG31,780
Q5A462,A0A1D8PFX2,832
Q5A462,A0A1D8PH80,832
Q5A462,Q5ALX3,832
Q5A462,Q59MZ8,832
Q5A462,Q5AEN6,781
Q5A4H9,Q5AHK2,832
Q5A4P1,Q5A3J5,830
Q5A4W7,A0A1D8PK65,950
Q5A4X3,A0A1D8PRS1,832
Q5A4Y2,A0A1D8PI01,832
Q5A4Y2,A0A1D8PMC8,832
Q5A4Y2,A0A1D8PI59,832
Q5A4Z9,Q5A8Y6,820
Q5A4Z9,Q5AA46,832
Q5A4Z9,A0A1D8PPS1,832
Q5A4Z9,Q59Z25,819
Q5A4Z9,Q5AI30,832
Q5A4Z9,A0A1D8PLT6,811
Q5A4Z9,Q59KY7,832
Q5A4Z9,Q59RP7,832
Q5A4Z9,Q5AGZ7,832
Q5A4Z9,A0A1D8PPR6,832
Q5A4Z9,A0A1D8PRG0,832
Q5A4Z9,Q59X93,832
Q5A4Z9,A0A1D8PKF3,832
Q5A4Z9,Q59ZI7,814
Q5A4Z9,A0A1D8PCQ5,832
Q5A4Z9,A0A1D8PQR2,832
Q5A4Z9,Q59RQ4,832
Q5A4Z9,Q5ADT9,806
Q5A4Z9,Q5AHG8,832
Q5A4Z9,Q5AJZ7,832
Q5A4Z9,Q5A7P6,790
Q5A4Z9,A0A1D8PN49,832
Q5A4Z9,A0A1D8PCJ1,832
Q5A4Z9,Q5A3J1,832
Q5A4Z9,A0A1D8PRP6,820
Q5A4Z9,A0A1D8PRY0,832
Q5A4Z9,A0A1D8PPW1,832
Q5A4Z9,A0A1D8PG94,811
Q5A4Z9,Q5A6K5,832
Q5A4Z9,A0A1D8PEV9,832
Q5A4Z9,A0A1D8PK30,832
Q5A4Z9,Q5ABC3,832
Q5A4Z9,O94150,832
Q5A4Z9,A0A1D8PQ89,832
Q5A4Z9,Q59VH3,832
Q5A4Z9,A0A1D8PSV5,832
Q5A4Z9,A0A1D8PK22,832
Q5A4Z9,Q5AHY8,832
Q5A4Z9,A0A1D8PQQ9,820
Q5A513,Q5ADS0,832
Q5A513,Q5A109,799
Q5A513,A0A1D8PFF9,858
Q5A519,Q5AGC7,819
Q5A5N5,Q5A449,832
Q5A5N5,A0A1D8PNM3,783
Q5A5N5,Q5A7Q3,832
Q5A5N5,Q5APB0,832
Q5A5N5,Q5AC37,832
Q5A5N5,A0A1D8PH71,799
Q5A5N5,Q5AED6,749
Q5A5N5,A0A1D8PMK6,707
Q5A5N5,A0A1D8PFH7,832
Q5A5N5,Q59W50,818
Q5A5N5,Q5APG6,832
Q5A5N5,Q5A322,832
Q5A5N5,Q5ADV1,832
Q5A5N9,A0A1D8PMS1,803
Q5A5N9,A0A1D8PFJ8,796
Q5A5N9,Q59M52,832
Q5A5N9,A0A1D8PLP0,763
Q5A5P1,A0A1D8PNC0,832
Q5A5P1,Q59SS7,832
Q5A5P1,A0A1D8PFB8,832
Q5A5P1,A0A1D8PCY1,832
Q5A5P1,Q59SM3,832
Q5A5P8,Q5A389,832
Q5A5P8,A0A1D8PTR4,832
Q5A5P8,A0A1D8PNQ6,832
Q5A5P8,Q5A109,832
Q5A5P8,O42817,829
Q5A5P8,A0A1D8PPE0,832
Q5A5P8,A0A1D8PDT3,832
Q5A5P8,Q5A7K0,832
Q5A5P8,A0A1D8PCW6,832
Q5A5P8,A0A1D8PDU3,832
Q5A5P8,P40910,832
Q5A5P8,A0A1D8PI15,832
Q5A5P8,A0A1D8PSV5,832
Q5A5P8,Q59T44,832
Q5A5P8,A0A1D8PK22,832
Q5A5P8,Q5A900,832
Q5A5P8,Q5AJ93,832
Q5A5P8,A0A1D8PSK2,832
Q5A5P8,Q5ALV6,746
Q5A5P8,Q5ADQ6,832
Q5A5P8,A0A1D8PL99,832
Q5A5P8,A0A1D8PEY9,832
Q5A5P8,P83774,832
Q5A5Q4,A0A1D8PTY4,921
Q5A5Q4,P25997,921
Q5A5Q8,A0A1D8PTY4,921
Q5A5Q8,P25997,921
Q5A5V6,A0A1D8PM02,832
Q5A692,Q5AH60,805
Q5A6A1,A0A1D8PG16,925
Q5A6A1,A0A1D8PM75,925
Q5A6A1,A0A1D8PCQ5,925
Q5A6A1,A0A1D8PH21,925
Q5A6A1,Q5ANA1,861
Q5A6A1,A0A1D8PPT5,925
Q5A6A1,A0A1D8PM41,925
Q5A6A1,Q5A900,925
Q5A6A1,Q59T44,925
Q5A6A1,A0A1D8PDL6,925
Q5A6A1,A0A1D8PK61,861
Q5A6A1,Q5AJF7,832
Q5A6A1,Q59L13,832
Q5A6A1,A0A1D8PCX8,925
Q5A6A1,Q5AB87,925
Q5A6A1,Q5ALV6,925
Q5A6A1,Q96W54,861
Q5A6A1,P0CU35,861
Q5A6A1,A0A1D8PL68,861
Q5A6A1,A0A1D8PL99,925
Q5A6A1,A0A1D8PEV4,833
Q5A6A1,Q59TE0,925
Q5A6A1,A0A1D8PFV1,925
Q5A6A1,Q5AGZ7,925
Q5A6A1,Q5A389,925
Q5A6A1,A0A1D8PGY0,925
Q5A6A1,A0A1D8PF08,925
Q5A6A1,A0A1D8PDT4,925
Q5A6A1,Q5A0M4,832
Q5A6A1,Q9UVJ4,832
Q5A6A1,A0A1D8PQQ5,925
Q5A6A1,Q5A7K0,925
Q5A6A1,A0A1D8PHF5,925
Q5A6A1,Q59LS1,925
Q5A6A1,Q5AEN2,925
Q5A6A1,A0A1D8PPS1,925
Q5A6A1,A0A1D8PDU3,925
Q5A6A1,A0A1D8PSC5,925
Q5A6A1,O59931,925
Q5A6A1,A0A1D8PDZ1,925
Q5A6A1,A0A1D8PCG7,925
Q5A6A1,A0A1D8PI15,925
Q5A6A1,A0A1D8PLC9,925
Q5A6A1,A0A1D8PQN0,925
Q5A6A1,A0A1D8PHW1,925
Q5A6A1,A0A1D8PN83,920
Q5A6A1,A0A1D8PSV5,925
Q5A6A1,A0A1D8PP14,925
Q5A6A1,A0A1D8PCI6,861
Q5A6A1,A0A1D8PK22,925
Q5A6A1,Q5AJ93,925
Q5A6A1,A0A1D8PSK2,925
Q5A6A1,Q5ADQ6,925
Q5A6A1,P83774,925
Q5A6A1,A0A1D8PFG4,925
Q5A6A1,A0A1D8PEY9,925
Q5A6A1,P25997,921
Q5A6A1,A0A1D8PTR4,925
Q5A6A1,A0A1D8PK30,925
Q5A6A1,A0A1D8PNQ6,925
Q5A6A1,A0A1D8PFL9,925
Q5A6A1,A0A1D8PK71,816
Q5A6A1,A0A1D8PGY8,925
Q5A6A1,O42817,925
Q5A6A1,A0A1D8PK40,925
Q5A6A1,Q5A109,925
Q5A6A1,Q5A6R1,925
Q5A6A1,A0A1D8PPE0,925
Q5A6A1,A0A1D8PHH4,925
Q5A6A1,Q5AG43,925
Q5A6A1,A0A1D8PQS0,832
Q5A6A1,A0A1D8PDT3,925
Q5A6A1,A0A1D8PF45,925
Q5A6A1,A0A1D8PF57,861
Q5A6A1,A0A1D8PTY4,921
Q5A6A1,A0A1D8PTI7,861
Q5A6A1,A0A1D8PCW6,925
Q5A6A1,A0A1D8PPN6,925
Q5A6A1,Q5AIB8,925
Q5A6A1,P40910,925
Q5A6A1,A0A1D8PK43,925
Q5A6K5,Q59QC1,781
Q5A6K5,Q59VH3,832
Q5A6K5,A0A1D8PK22,832
Q5A6K5,A0A1D8PSV5,832
Q5A6K5,A0A1D8PQQ9,781
Q5A6K5,Q5AHY8,785
Q5A6K5,Q5AHG8,832
Q5A6K5,A0A1D8PRP6,797
Q5A6K5,A0A1D8PCJ1,732
Q5A6K5,A0A1D8PN49,832
Q5A6K5,O94150,832
Q5A6K5,Q5ABC3,832
Q5A6K5,A0A1D8PK30,832
Q5A6K5,A0A1D8PJ23,729
Q5A6K5,A0A1D8PKF3,832
Q5A6K5,Q5A798,729
Q5A6K5,A0A1D8PQR2,832
Q5A6K5,A0A1D8PCQ5,832
Q5A6K5,Q59RQ4,832
Q5A6K5,A0A1D8PPS1,832
Q5A6K5,Q5A8Y6,740
Q5A6K5,Q59Z25,832
Q5A6K5,Q59RP7,788
Q5A6K5,Q5A4Z9,832
Q5A6K5,Q5A6S7,832
Q5A6K5,A0A1D8PLT6,787
Q5A6K5,Q59X93,781
Q5A6K5,A0A1D8PRG0,832
Q5A6K5,Q5AGZ7,832
Q5A6L0,Q5AEJ3,832
Q5A6L0,A0A1D8PD31,796
Q5A6L0,A0A1D8PQ05,818
Q5A6M6,A0A1D8PND9,816
Q5A6M9,A0A1D8PTY4,921
Q5A6M9,P25997,921
Q5A6P2,A0A1D8PRJ5,747
Q5A6P2,Q59W63,782
Q5A6P2,Q5ACL9,799
Q5A6P2,A0A1D8PJ54,783
Q5A6P2,Q59X74,782
Q5A6P2,Q5APD0,747
Q5A6P2,A0A1D8PJ43,747
Q5A6P2,Q5A213,747
Q5A6P2,A0A1D8PGM4,747
Q5A6P2,Q5A0H6,747
Q5A6P2,A0A1D8PI20,747
Q5A6P2,A0A1D8PRE0,747
Q5A6P2,A0A1D8PRE8,813
Q5A6P2,Q59S06,800
Q5A6P2,A0A1D8PJD3,715
Q5A6Q0,Q5A0W7,832
Q5A6Q0,Q5AGZ9,832
Q5A6Q4,Q5A416,832
Q5A6Q6,P25997,921
Q5A6Q6,A0A1D8PTY4,921
Q5A6R1,Q5ADQ6,925
Q5A6R1,Q5AJ93,925
Q5A6R1,A0A1D8PSK2,925
Q5A6R1,P25997,921
Q5A6R1,Q5A6A1,925
Q5A6R1,P83774,925
Q5A6R1,A0A1D8PFG4,925
Q5A6R1,A0A1D8PEY9,925
Q5A6R1,A0A1D8PQN0,925
Q5A6R1,A0A1D8PLC9,925
Q5A6R1,A0A1D8PHW1,925
Q5A6R1,A0A1D8PN83,920
Q5A6R1,O59931,925
Q5A6R1,A0A1D8PDZ1,925
Q5A6R1,A0A1D8PI15,925
Q5A6R1,A0A1D8PCG7,925
Q5A6R1,A0A1D8PCI6,861
Q5A6R1,A0A1D8PP14,925
Q5A6R1,A0A1D8PK22,925
Q5A6R1,A0A1D8PSV5,925
Q5A6R1,A0A1D8PF45,925
Q5A6R1,A0A1D8PF57,861
Q5A6R1,A0A1D8PTY4,921
Q5A6R1,A0A1D8PQS0,832
Q5A6R1,A0A1D8PHH4,925
Q5A6R1,Q5AG43,925
Q5A6R1,A0A1D8PDT3,925
Q5A6R1,A0A1D8PK43,925
Q5A6R1,P40910,925
Q5A6R1,Q5AIB8,925
Q5A6R1,A0A1D8PTI7,861
Q5A6R1,A0A1D8PCW6,925
Q5A6R1,A0A1D8PPN6,925
Q5A6R1,A0A1D8PNQ6,925
Q5A6R1,A0A1D8PK71,816
Q5A6R1,A0A1D8PFL9,925
Q5A6R1,A0A1D8PTR4,925
Q5A6R1,A0A1D8PK30,925
Q5A6R1,A0A1D8PPE0,925
Q5A6R1,A0A1D8PGY8,925
Q5A6R1,O42817,925
Q5A6R1,A0A1D8PK40,925
Q5A6R1,Q5A109,925
Q5A6R1,Q5AB87,925
Q5A6R1,Q5ALV6,925
Q5A6R1,Q96W54,861
Q5A6R1,Q59L13,832
Q5A6R1,A0A1D8PCX8,925
Q5A6R1,Q5AJF7,832
Q5A6R1,A0A1D8PEV4,833
Q5A6R1,P0CU35,861
Q5A6R1,A0A1D8PL99,925
Q5A6R1,A0A1D8PL68,861
Q5A6R1,A0A1D8PM75,925
Q5A6R1,A0A1D8PG16,925
Q5A6R1,A0A1D8PM41,925
Q5A6R1,A0A1D8PPT5,925
Q5A6R1,Q5ANA1,861
Q5A6R1,Q5A900,925
Q5A6R1,Q59T44,925
Q5A6R1,A0A1D8PK61,861
Q5A6R1,A0A1D8PDL6,925
Q5A6R1,A0A1D8PCQ5,925
Q5A6R1,A0A1D8PH21,925
Q5A6R1,Q5A7K0,925
Q5A6R1,A0A1D8PQQ5,925
Q5A6R1,Q59LS1,925
Q5A6R1,Q5AEN2,925
Q5A6R1,Q59SI1,784
Q5A6R1,A0A1D8PPS1,925
Q5A6R1,A0A1D8PSC5,925
Q5A6R1,A0A1D8PDU3,925
Q5A6R1,A0A1D8PHF5,925
Q5A6R1,A0A1D8PF08,925
Q5A6R1,A0A1D8PDT4,925
Q5A6R1,Q59TE0,925
Q5A6R1,Q5A389,925
Q5A6R1,Q5AGZ7,925
Q5A6R1,A0A1D8PFV1,925
Q5A6R1,A0A1D8PGY0,925
Q5A6R1,Q5A0M4,832
Q5A6R1,Q9UVJ4,832
Q5A6S2,A0A1D8PJ20,832
Q5A6S2,Q5AEB8,817
Q5A6S2,A0A1D8PFL7,832
Q5A6S2,A0A1D8PU67,763
Q5A6S2,A0A1D8PFZ8,832
Q5A6S2,A0A1D8PQW1,832
Q5A6S2,A0A1D8PMQ4,832
Q5A6S2,Q59PZ1,807
Q5A6S2,A0A1D8PD15,832
Q5A6S2,A0A1D8PGA6,801
Q5A6S2,A0A1D8PNC8,809
Q5A6S2,Q5A0L8,832
Q5A6S2,A0A1D8PIV7,832
Q5A6S2,A0A1D8PRH6,818
Q5A6S2,A0A1D8PTV0,832
Q5A6S2,A0A1D8PLK1,828
Q5A6S2,A0A1D8PRB6,800
Q5A6S2,Q5A2A0,832
Q5A6S2,A0A1D8PNA8,832
Q5A6S2,A0A1D8PTY6,832
Q5A6S2,Q59Z65,715
Q5A6S2,Q59X29,832
Q5A6S2,A0A1D8PSS4,787
Q5A6S2,Q59SD0,832
Q5A6S2,A0A1D8PK85,781
Q5A6S2,Q5AJZ5,832
Q5A6S2,A0A1D8PI93,832
Q5A6S2,A0A1D8PLW8,832
Q5A6S2,Q5A3L0,832
Q5A6S2,A0A1D8PP77,832
Q5A6S3,Q5ADR6,832
Q5A6S3,P87163,832
Q5A6S3,A0A1D8PH13,832
Q5A6S3,A0A1D8PQT4,832
Q5A6S7,Q59RQ4,832
Q5A6S7,A0A1D8PQR2,832
Q5A6S7,A0A1D8PCQ5,832
Q5A6S7,Q59VH3,832
Q5A6S7,A0A1D8PKF3,832
Q5A6S7,O94150,832
Q5A6S7,A0A1D8PRG0,832
Q5A6S7,A0A1D8PK30,795
Q5A6S7,Q5A6K5,832
Q5A6S7,A0A1D8PN49,832
Q5A6S7,A0A1D8PPS1,795
Q5A6S7,Q5AHG8,795
Q5A756,A0A1D8PNG5,832
Q5A756,A0A1D8PF14,747
Q5A756,A0A1D8PFZ9,747
Q5A756,Q59S06,784
Q5A756,Q5A852,832
Q5A756,Q5A0V9,865
Q5A756,A0A1D8PI20,747
Q5A756,A0A1D8PGP2,832
Q5A756,A0A1D8PRE0,825
Q5A756,A0A1D8PJ43,747
Q5A756,A0A1D8PGM4,747
Q5A756,Q5A0H6,747
Q5A756,A0A1D8PRJ5,747
Q5A756,Q59W63,747
Q5A756,Q5ACL9,747
Q5A756,A0A1D8PJ54,747
Q5A756,Q5APD0,747
Q5A761,Q5A8L5,832
Q5A798,Q59ZI7,783
Q5A798,A0A1D8PM86,812
Q5A798,Q5A8Y6,832
Q5A798,Q59RP7,785
Q5A798,A0A1D8PLT6,783
Q5A798,Q59X93,743
Q5A798,A0A1D8PRG0,785
Q5A798,A0A1D8PQQ9,832
Q5A798,Q5AHY8,785
Q5A798,Q5A3J1,832
Q5A798,A0A1D8PCJ1,832
Q5A798,A0A1D8PN49,832
Q5A798,Q5A6K5,729
Q5A798,A0A1D8PG94,797
Q5A798,A0A1D8PJ23,729
Q5A7K0,A0A1D8PF45,925
Q5A7K0,A0A1D8PF57,861
Q5A7K0,A0A1D8PTY4,921
Q5A7K0,A0A1D8PQS0,832
Q5A7K0,A0A1D8PHH4,925
Q5A7K0,Q5AG43,925
Q5A7K0,A0A1D8PDT3,925
Q5A7K0,A0A1D8PK43,925
Q5A7K0,Q5AIB8,925
Q5A7K0,P40910,925
Q5A7K0,A0A1D8PTI7,861
Q5A7K0,A0A1D8PCW6,925
Q5A7K0,A0A1D8PPN6,925
Q5A7K0,A0A1D8PNQ6,925
Q5A7K0,A0A1D8PK71,816
Q5A7K0,A0A1D8PFL9,925
Q5A7K0,A0A1D8PTR4,925
Q5A7K0,A0A1D8PK30,925
Q5A7K0,Q5A6R1,925
Q5A7K0,A0A1D8PPE0,925
Q5A7K0,A0A1D8PGY8,925
Q5A7K0,O42817,925
Q5A7K0,A0A1D8PK40,925
Q5A7K0,Q5A109,925
Q5A7K0,Q5ADQ6,925
Q5A7K0,Q5AJ93,925
Q5A7K0,A0A1D8PSK2,925
Q5A7K0,P25997,921
Q5A7K0,Q5A6A1,925
Q5A7K0,P83774,925
Q5A7K0,A0A1D8PFG4,925
Q5A7K0,A0A1D8PEY9,925
Q5A7K0,A0A1D8PLC9,925
Q5A7K0,A0A1D8PQN0,925
Q5A7K0,A0A1D8PHW1,925
Q5A7K0,A0A1D8PN83,920
Q5A7K0,O59931,925
Q5A7K0,A0A1D8PDZ1,925
Q5A7K0,A0A1D8PI15,925
Q5A7K0,A0A1D8PCG7,925
Q5A7K0,A0A1D8PP14,925
Q5A7K0,A0A1D8PCI6,862
Q5A7K0,A0A1D8PK22,925
Q5A7K0,A0A1D8PSV5,925
Q5A7K0,A0A1D8PQQ5,925
Q5A7K0,Q59LS1,925
Q5A7K0,Q5AEN2,925
Q5A7K0,A0A1D8PPS1,925
Q5A7K0,A0A1D8PSC5,925
Q5A7K0,A0A1D8PDU3,925
Q5A7K0,A0A1D8PHF5,925
Q5A7K0,A0A1D8PF08,925
Q5A7K0,A0A1D8PDT4,925
Q5A7K0,Q59TE0,925
Q5A7K0,Q5A389,925
Q5A7K0,A0A1D8PFV1,925
Q5A7K0,Q5AGZ7,925
Q5A7K0,A0A1D8PGY0,925
Q5A7K0,Q5A0M4,832
Q5A7K0,Q9UVJ4,832
Q5A7K0,Q5AB87,925
Q5A7K0,Q5ALV6,925
Q5A7K0,Q96W54,861
Q5A7K0,Q5AJF7,832
Q5A7K0,A0A1D8PCX8,925
Q5A7K0,A0A1D8PEV4,833
Q5A7K0,P0CU35,861
Q5A7K0,A0A1D8PL99,925
Q5A7K0,A0A1D8PL68,861
Q5A7K0,A0A1D8PM75,925
Q5A7K0,A0A1D8PG16,925
Q5A7K0,A0A1D8PM41,925
Q5A7K0,Q5ANA1,861
Q5A7K0,A0A1D8PPT5,925
Q5A7K0,Q5A900,925
Q5A7K0,Q59T44,925
Q5A7K0,A0A1D8PK61,861
Q5A7K0,A0A1D8PDL6,925
Q5A7K0,Q5A5P8,832
Q5A7K0,A0A1D8PCQ5,925
Q5A7K0,A0A1D8PH21,925
Q5A7K1,Q5APG6,832
Q5A7K1,A0A1D8PMK6,802
Q5A7K1,Q5ADV1,803
Q5A7N6,Q5A0V9,767
Q5A7P6,A0A1D8PRG0,832
Q5A7P6,Q59X93,832
Q5A7P6,A0A1D8PLT6,832
Q5A7P6,Q5AI30,783
Q5A7P6,Q59KY7,832
Q5A7P6,Q5A8Y6,832
Q5A7P6,Q5AA46,832
Q5A7P6,Q59RQ4,832
Q5A7P6,A0A1D8PQR2,832
Q5A7P6,A0A1D8PG94,832
Q5A7P6,A0A1D8PEV9,792
Q5A7P6,A0A1D8PMX3,820
Q5A7P6,A0A1D8PRY0,832
Q5A7P6,A0A1D8PRP6,832
Q5A7P6,Q5AJZ7,832
Q5A7P6,Q59SJ6,824
Q5A7P6,P25997,921
Q5A7P6,A0A1D8PPR6,817
Q5A7P6,Q59RP7,832
Q5A7P6,Q5A4Z9,790
Q5A7P6,Q59ZI7,832
Q5A7P6,A0A1D8PKF3,832
Q5A7P6,A0A1D8PRP9,822
Q5A7P6,O94150,832
Q5A7P6,A0A1D8PPW1,832
Q5A7P6,A0A1D8PN49,832
Q5A7P6,Q5A3J1,832
Q5A7P6,A0A1D8PCJ1,832
Q5A7P6,A0A1D8PTY4,921
Q5A7P6,Q5AAS9,832
Q5A7P6,Q5AHY8,796
Q5A7P6,A0A1D8PQQ9,832
Q5A7P6,Q59VH3,832
Q5A7P6,A0A1D8PQ89,832
Q5A7P7,Q59PV8,832
Q5A7P7,A0A1D8PRY3,832
Q5A7P7,Q59ZE0,832
Q5A7P7,Q9B8D5,832
Q5A7P7,A0A1D8PUD2,832
Q5A7P7,A0A1D8PDC4,832
Q5A7P7,Q9B8D4,832
Q5A7P7,A0A1D8PQ38,832
Q5A7P7,A0A1D8PKZ9,832
Q5A7Q3,A0A1D8PMK6,832
Q5A7Q3,Q5AED6,832
Q5A7Q3,A0A1D8PH71,832
Q5A7Q3,A0A1D8PFH7,791
Q5A7Q3,Q5A449,832
Q5A7Q3,A0A1D8PHP3,785
Q5A7Q3,A0A1D8PNM3,754
Q5A7Q3,Q5APB0,822
Q5A7Q3,Q5AC37,832
Q5A7Q3,Q5ADV1,832
Q5A7Q3,Q59PD3,832
Q5A7Q3,Q5A5N5,832
Q5A7Q3,Q5APG6,832
Q5A7Q3,Q5A322,832
Q5A7Q3,A0A1D8PMR5,760
Q5A7Q7,A0A1D8PNJ4,781
Q5A7Q9,Q59W63,785
Q5A7Q9,Q59ZX6,810
Q5A7Q9,Q5ACL9,775
Q5A7Q9,Q5APD0,724
Q5A7Q9,A0A1D8PJ43,747
Q5A7Q9,Q5A213,785
Q5A7Q9,A0A1D8PU46,783
Q5A7Q9,A0A1D8PI20,785
Q5A7Q9,A0A1D8PGP2,796
Q5A7Q9,A0A1D8PRE0,747
Q5A7Q9,Q59S06,832
Q5A7Q9,A0A1D8PFZ9,747
Q5A7Q9,A0A1D8PF14,810
Q5A7Q9,Q5A852,779
Q5A7S5,Q59Z68,832
Q5A7S5,A0A1D8PHX6,764
Q5A7S5,Q5APG6,793
Q5A7S5,Q5ADV1,784
Q5A7S5,Q5A449,780
Q5A7S5,Q5AFD2,832
Q5A7S5,A0A1D8PNA1,800
Q5A7S5,A0A1D8PU52,832
Q5A7S8,Q5ABG1,783
Q5A7S8,Q5AK56,832
Q5A7S8,A0A1D8PNX3,832
Q5A852,Q5A756,832
Q5A852,A0A1D8PRJ5,782
Q5A852,Q5AFB9,773
Q5A852,Q5APD0,798
Q5A852,A0A1D8PRP4,823
Q5A852,Q5A213,796
Q5A852,A0A1D8PGP2,832
Q5A852,A0A1D8PRE0,702
Q5A852,A0A1D8PFZ9,832
Q5A852,A0A1D8PNG5,832
Q5A852,Q5A0V9,869
Q5A852,Q5A7Q9,779
Q5A873,A0A1D8PI83,921
Q5A885,A0A1D8PK30,822
Q5A885,Q5AGZ7,784
Q5A885,A0A1D8PP06,832
Q5A885,A0A1D8PPS1,832
Q5A885,Q5A9A9,832
Q5A885,A0A1D8PCQ5,812
Q5A885,A0A1D8PPX2,714
Q5A886,A0A1D8PNT2,832
Q5A886,A0A1D8PU74,832
Q5A886,A0A1D8PPU7,723
Q5A886,A0A1D8PSS1,832
Q5A886,A0A1D8PPL1,827
Q5A886,A0A1D8PKJ2,832
Q5A887,Q5A2S9,799
Q5A887,Q5ANK4,817
Q5A887,Q5ACL4,796
Q5A887,Q5AEF2,800
Q5A895,Q5ABD9,802
Q5A8I4,Q5APB7,832
Q5A8L5,Q5A761,832
Q5A8L5,A0A1D8PQD2,832
Q5A8P6,A0A1D8PGV7,921
Q5A8X6,A0A1D8PTB5,832
Q5A8Y5,Q5AG31,772
Q5A8Y5,Q59Z24,832
Q5A8Y5,A0A1D8PCD0,832
Q5A8Y5,A0A1D8PH80,832
Q5A8Y5,Q5AEN6,764
Q5A8Y5,Q59MZ8,832
Q5A8Y5,Q5ALX3,832
Q5A8Y5,A0A1D8PFX2,832
Q5A8Y5,Q59QT0,832
Q5A8Y5,A0A1D8PFJ8,832
Q5A8Y5,Q5A462,832
Q5A8Y5,A0A1D8PG13,830
Q5A8Y5,A0A1D8PUA6,832
Q5A8Y5,Q5A8Y7,832
Q5A8Y5,Q59T94,785
Q5A8Y5,A0A1D8PLR5,832
Q5A8Y5,Q5AMR1,823
Q5A8Y5,Q5AK73,801
Q5A8Y6,A0A1D8PQR2,832
Q5A8Y6,A0A1D8PM86,832
Q5A8Y6,Q59RQ4,832
Q5A8Y6,Q5AA46,832
Q5A8Y6,Q5AI30,806
Q5A8Y6,A0A1D8PLT6,832
Q5A8Y6,Q59KY7,832
Q5A8Y6,A0A1D8PRG0,832
Q5A8Y6,Q59X93,832
Q5A8Y6,P25997,921
Q5A8Y6,Q59SJ6,832
Q5A8Y6,Q5AJZ7,832
Q5A8Y6,Q5AHG8,786
Q5A8Y6,A0A1D8PRY0,832
Q5A8Y6,A0A1D8PRP6,832
Q5A8Y6,A0A1D8PMX3,832
Q5A8Y6,A0A1D8PG94,832
Q5A8Y6,A0A1D8PEV9,832
Q5A8Y6,A0A1D8PJ23,729
Q5A8Y6,A0A1D8PRP9,832
Q5A8Y6,A0A1D8PKF3,832
Q5A8Y6,Q59ZI7,832
Q5A8Y6,Q5A798,832
Q5A8Y6,Q5A4Z9,820
Q5A8Y6,Q59RP7,832
Q5A8Y6,A0A1D8PPR6,832
Q5A8Y6,A0A1D8PQ89,832
Q5A8Y6,Q59VH3,832
Q5A8Y6,Q59QC1,736
Q5A8Y6,Q5AHY8,832
Q5A8Y6,A0A1D8PQQ9,832
Q5A8Y6,Q5AAS9,832
Q5A8Y6,Q5A7P6,832
Q5A8Y6,A0A1D8PN49,832
Q5A8Y6,A0A1D8PTY4,921
Q5A8Y6,A0A1D8PCJ1,832
Q5A8Y6,Q5A3J1,832
Q5A8Y6,A0A1D8PPW1,832
Q5A8Y6,Q5A6K5,740
Q5A8Y6,O94150,832
Q5A8Y7,A0A1D8PFJ8,832
Q5A8Y7,Q5AHZ7,757
Q5A8Y7,Q5A462,832
Q5A8Y7,Q59QT0,832
Q5A8Y7,Q5AK73,733
Q5A8Y7,A0A1D8PLR5,832
Q5A8Y7,A0A1D8PUA6,832
Q5A8Y7,Q59Z24,832
Q5A8Y7,A0A1D8PCD0,832
Q5A8Y7,Q5A8Y5,832
Q5A8Y7,A0A1D8PFX2,832
Q5A8Y7,A0A1D8PH80,832
Q5A8Y7,Q59MZ8,832
Q5A8Y7,Q5ALX3,832
Q5A900,A0A1D8PDT4,925
Q5A900,A0A1D8PF08,925
Q5A900,Q5AGZ7,925
Q5A900,A0A1D8PFV1,925
Q5A900,A0A1D8PGY0,925
Q5A900,Q59TE0,925
Q5A900,A0A1D8PDU3,925
Q5A900,Q59LS1,925
Q5A900,Q5AEN2,925
Q5A900,A0A1D8PHF5,925
Q5A900,A0A1D8PQQ5,925
Q5A900,Q59T44,925
Q5A900,A0A1D8PK61,861
Q5A900,A0A1D8PDL6,925
Q5A900,A0A1D8PPT5,925
Q5A900,Q5ANA1,861
Q5A900,A0A1D8PH21,925
Q5A900,Q5A5P8,832
Q5A900,A0A1D8PM75,925
Q5A900,A0A1D8PEV4,833
Q5A900,A0A1D8PL68,861
Q5A900,A0A1D8PCX8,925
Q5A900,Q5AJF7,832
Q5A900,A0A1D8PPE0,925
Q5A900,Q5A6R1,925
Q5A900,A0A1D8PK40,925
Q5A900,Q5A109,925
Q5A900,A0A1D8PGY8,925
Q5A900,A0A1D8PK71,816
Q5A900,A0A1D8PK43,925
Q5A900,A0A1D8PPN6,925
Q5A900,A0A1D8PTI7,861
Q5A900,A0A1D8PF57,861
Q5A900,A0A1D8PDT3,925
Q5A900,A0A1D8PCI6,861
Q5A900,A0A1D8PN83,921
Q5A900,A0A1D8PLC9,925
Q5A900,A0A1D8PCG7,925
Q5A900,O59931,925
Q5A900,P25997,921
Q5A900,A0A1D8PFG4,925
Q5A900,A0A1D8PEY9,925
Q5A900,P83774,925
Q5A900,Q5ADQ6,925
Q5A900,Q5AJ93,925
Q5A900,A0A1D8PSK2,925
Q5A900,Q5A0M4,832
Q5A900,Q9UVJ4,832
Q5A900,Q5A389,925
Q5A900,A0A1D8PPS1,925
Q5A900,A0A1D8PSC5,925
Q5A900,Q59PL9,780
Q5A900,Q5A7K0,925
Q5A900,A0A1D8PM41,925
Q5A900,A0A1D8PCQ5,925
Q5A900,A0A1D8PG16,925
Q5A900,A0A1D8PL99,925
Q5A900,P0CU35,862
Q5A900,Q5ALV6,925
Q5A900,Q96W54,862
Q5A900,Q5AB87,925
Q5A900,O42817,925
Q5A900,A0A1D8PFL9,925
Q5A900,A0A1D8PNQ6,925
Q5A900,A0A1D8PK30,925
Q5A900,A0A1D8PTR4,925
Q5A900,P40910,925
Q5A900,Q5AIB8,925
Q5A900,A0A1D8PCW6,925
Q5A900,A0A1D8PTY4,921
Q5A900,A0A1D8PF45,925
Q5A900,A0A1D8PQS0,832
Q5A900,Q5AG43,925
Q5A900,A0A1D8PHH4,925
Q5A900,A0A1D8PK22,925
Q5A900,A0A1D8PP14,925
Q5A900,A0A1D8PSV5,925
Q5A900,A0A1D8PHW1,925
Q5A900,A0A1D8PQN0,925
Q5A900,A0A1D8PI15,925
Q5A900,A0A1D8PDZ1,925
Q5A900,Q5A6A1,925
Q5A917,Q5AHZ7,832
Q5A917,Q5ACU4,781
Q5A917,Q5AG31,776
Q5A917,Q59P87,780
Q5A917,Q5AEN6,849
Q5A920,A0A1D8PU84,832
Q5A920,A0A1D8PFH1,801
Q5A920,A0A1D8PGS6,832
Q5A9A6,Q59WE2,829
Q5A9A9,Q5A885,832
Q5A9E7,Q59YF0,807
Q5A9E7,Q59XP0,786
Q5AA13,Q5A435,832
Q5AA13,Q59VX1,832
Q5AA13,A0A1D8PU06,832
Q5AA13,A0A1D8PF30,832
Q5AA13,A0A1D8PK48,824
Q5AA15,A0A1D8PIP5,792
Q5AA46,Q5A8Y6,832
Q5AA46,Q5AI30,832
Q5AA46,A0A1D8PLT6,832
Q5AA46,Q59KY7,832
Q5AA46,Q59X93,828
Q5AA46,A0A1D8PRG0,832
Q5AA46,A0A1D8PQR2,832
Q5AA46,Q59RQ4,832
Q5AA46,Q5ADT9,832
Q5AA46,Q5AJZ7,832
Q5AA46,A0A1D8PRY0,832
Q5AA46,A0A1D8PRP6,832
Q5AA46,A0A1D8PEV9,832
Q5AA46,A0A1D8PG94,832
Q5AA46,P25997,921
Q5AA46,Q59SJ6,832
Q5AA46,A0A1D8PTL2,800
Q5AA46,Q5A4Z9,832
Q5AA46,Q59RP7,820
Q5AA46,A0A1D8PPR6,832
Q5AA46,A0A1D8PKF3,824
Q5AA46,Q5AK02,832
Q5AA46,Q59ZI7,832
Q5AA46,Q5A7P6,832
Q5AA46,A0A1D8PN49,832
Q5AA46,A0A1D8PCJ1,801
Q5AA46,Q5A3J1,819
Q5AA46,A0A1D8PTY4,921
Q5AA46,A0A1D8PPW1,832
Q5AA46,O94150,832
Q5AA46,A0A1D8PQ89,832
Q5AA46,Q59VH3,832
Q5AA46,Q5AHY8,819
Q5AA46,A0A1D8PQQ9,832
Q5AA47,Q59Z11,832
Q5AA47,Q59WT0,785
Q5AA47,A0A1D8PTX1,828
Q5AA47,A0A1D8PRU4,832
Q5AA50,Q59WG3,717
Q5AA50,Q5A0H8,832
Q5AAR0,Q3MNT0,832
Q5AAR6,Q5AB99,972
Q5AAS1,Q59T89,832
Q5AAS1,A0A1D8PN00,832
Q5AAS9,Q59SJ6,832
Q5AAS9,A0A1D8PMT8,796
Q5AAS9,A0A1D8PG94,792
Q5AAS9,A0A1D8PEV9,797
Q5AAS9,A0A1D8PRP6,832
Q5AAS9,A0A1D8PRY0,832
Q5AAS9,Q5AJZ7,832
Q5AAS9,Q59RQ4,832
Q5AAS9,A0A1D8PQR2,832
Q5AAS9,A0A1D8PRG0,832
Q5AAS9,Q59X93,832
Q5AAS9,Q5A8Y6,832
Q5AAS9,A0A1D8PQQ9,832
Q5AAS9,Q59VH3,832
Q5AAS9,O94150,832
Q5AAS9,A0A1D8PPW1,832
Q5AAS9,Q5A7P6,832
Q5AAS9,A0A1D8PN49,798
Q5AAS9,A0A1D8PCJ1,783
Q5AAS9,Q5A3J1,832
Q5AAS9,Q59ZI7,832
Q5AAS9,A0A1D8PKF3,796
Q5AAS9,Q59RP7,832
Q5AAT0,Q5AMG5,768
Q5AAU3,Q5AEF2,765
Q5AAU7,A0A1D8PH13,803
Q5AAU7,Q5ADR6,789
Q5AAU7,Q59PL9,818
Q5AAU7,A0A1D8PNF5,832
Q5AAU7,A0A1D8PQT4,818
Q5AAU7,Q5AGF6,832
Q5AAU7,A0A1D8PRJ6,832
Q5AAW3,A0A1D8PM60,784
Q5AAW3,A0A1D8PM93,832
Q5AB74,Q59YH4,783
Q5AB74,Q5AK16,829
Q5AB74,A0A1D8PMN9,719
Q5AB74,Q59Z12,739
Q5AB74,Q59QB7,816
Q5AB87,Q5A6R1,925
Q5AB87,A0A1D8PPE0,925
Q5AB87,A0A1D8PGY8,925
Q5AB87,A0A1D8PK40,925
Q5AB87,Q5A109,925
Q5AB87,A0A1D8PK71,816
Q5AB87,A0A1D8PK43,925
Q5AB87,A0A1D8PTI7,861
Q5AB87,A0A1D8PPN6,925
Q5AB87,A0A1D8PF57,861
Q5AB87,A0A1D8PDT3,925
Q5AB87,A0A1D8PCI6,861
Q5AB87,A0A1D8PLC9,925
Q5AB87,A0A1D8PN83,920
Q5AB87,O59931,925
Q5AB87,A0A1D8PCG7,925
Q5AB87,P25997,921
Q5AB87,P83774,925
Q5AB87,A0A1D8PFG4,925
Q5AB87,A0A1D8PEY9,925
Q5AB87,Q5ADQ6,925
Q5AB87,Q5AJ93,925
Q5AB87,A0A1D8PSK2,925
Q5AB87,A0A1D8PF08,925
Q5AB87,A0A1D8PDT4,925
Q5AB87,Q59TE0,925
Q5AB87,A0A1D8PFV1,925
Q5AB87,Q5AGZ7,925
Q5AB87,A0A1D8PGY0,925
Q5AB87,Q59LS1,925
Q5AB87,Q5AEN2,925
Q5AB87,A0A1D8PDU3,925
Q5AB87,A0A1D8PHF5,925
Q5AB87,A0A1D8PQQ5,925
Q5AB87,A0A1D8PPT5,925
Q5AB87,Q5ANA1,861
Q5AB87,Q59T44,925
Q5AB87,A0A1D8PDL6,925
Q5AB87,A0A1D8PK61,861
Q5AB87,A0A1D8PH21,925
Q5AB87,A0A1D8PM75,925
Q5AB87,A0A1D8PEV4,833
Q5AB87,A0A1D8PL68,861
Q5AB87,A0A1D8PCX8,925
Q5AB87,Q5AJF7,832
Q5AB87,O42817,925
Q5AB87,A0A1D8PNQ6,925
Q5AB87,A0A1D8PFL9,925
Q5AB87,A0A1D8PTR4,925
Q5AB87,A0A1D8PK30,925
Q5AB87,Q5AIB8,925
Q5AB87,P40910,925
Q5AB87,A0A1D8PCW6,925
Q5AB87,A0A1D8PF45,925
Q5AB87,A0A1D8PTY4,921
Q5AB87,Q5AG43,925
Q5AB87,A0A1D8PHH4,925
Q5AB87,A0A1D8PQS0,832
Q5AB87,A0A1D8PP14,925
Q5AB87,A0A1D8PK22,925
Q5AB87,A0A1D8PSV5,925
Q5AB87,A0A1D8PQN0,925
Q5AB87,A0A1D8PHW1,925
Q5AB87,A0A1D8PDZ1,925
Q5AB87,A0A1D8PI15,925
Q5AB87,Q5A6A1,925
Q5AB87,Q5A0V9,734
Q5AB87,Q5A0M4,832
Q5AB87,Q9UVJ4,832
Q5AB87,Q5A389,925
Q5AB87,A0A1D8PPS1,925
Q5AB87,A0A1D8PSC5,925
Q5AB87,Q5A7K0,925
Q5AB87,A0A1D8PM41,925
Q5AB87,Q5A900,925
Q5AB87,A0A1D8PCQ5,925
Q5AB87,A0A1D8PG16,925
Q5AB87,P0CU35,861
Q5AB87,A0A1D8PL99,925
Q5AB87,Q5ALV6,925
Q5AB87,Q96W54,861
Q5AB87,Q59L13,786
Q5AB94,A0A1D8PJS7,832
Q5AB94,Q59T42,832
Q5AB99,Q5AAR6,972
Q5ABC3,Q59VH3,832
Q5ABC3,A0A1D8PKF3,832
Q5ABC3,Q59RQ4,832
Q5ABC3,A0A1D8PSV5,804
Q5ABC3,A0A1D8PCQ5,832
Q5ABC3,A0A1D8PQR2,832
Q5ABC3,A0A1D8PK22,797
Q5ABC3,A0A1D8PN49,832
Q5ABC3,Q5AHG8,791
Q5ABC3,A0A1D8PPS1,805
Q5ABC3,Q5AGZ7,791
Q5ABC3,A0A1D8PK30,791
Q5ABC3,A0A1D8PRG0,832
Q5ABC3,O94150,832
Q5ABC3,Q5A6K5,832
Q5ABC3,Q5A4Z9,832
Q5ABD5,Q9B8D6,832
Q5ABD5,Q9B8D1,832
Q5ABD5,A0A1D8PEJ9,832
Q5ABD5,A0A1D8PRX9,832
Q5ABD5,Q9B8C8,832
Q5ABD5,Q9B8C9,832
Q5ABD5,A0A1D8PJA6,832
Q5ABD5,A0A1D8PJ73,832
Q5ABD5,A0A1D8PE69,832
Q5ABD5,A0A1D8PQU3,832
Q5ABD5,A0A1D8PEH4,832
Q5ABD5,Q9B8D2,832
Q5ABD5,Q59TD5,832
Q5ABD5,Q5AH07,832
Q5ABD5,A0A1D8PHY0,832
Q5ABD5,A0A1D8PCD3,832
Q5ABD5,Q5A222,832
Q5ABD5,A0A1D8PPZ0,832
Q5ABD5,A0A1D8PJX3,728
Q5ABD5,Q5AJG7,832
Q5ABD5,Q5ADP7,832
Q5ABD5,A0A1D8PDI3,832
Q5ABD5,A0A1D8PG37,832
Q5ABD5,A0A1D8PU51,832
Q5ABD5,A0A1D8PHA3,728
Q5ABD5,Q59Y38,832
Q5ABD9,Q5A895,802
Q5ABG1,Q5AK56,798
Q5ABG1,Q5A7S8,783
Q5ABQ7,Q59PZ3,832
Q5ABS1,A0A1D8PQD5,722
Q5ABS1,A0A1D8PP59,939
Q5ABS1,Q5ALV5,795
Q5ABS1,A0A1D8PJX3,925
Q5ABS1,A0A1D8PHA2,953
Q5ABS1,A0A1D8PJT8,814
Q5ABS1,P83782,953
Q5ABS1,A0A1D8PLP3,925
Q5ABS1,A0A1D8PHA3,953
Q5ABS1,P0C8L0,953
Q5AC37,Q5APG6,832
Q5AC37,A0A1D8PMR5,832
Q5AC37,Q5A322,832
Q5AC37,Q5ADV1,832
Q5AC37,Q59PD3,832
Q5AC37,Q5A5N5,832
Q5AC37,Q5A7Q3,832
Q5AC37,Q5A449,832
Q5AC37,Q5APB0,832
Q5AC37,A0A1D8PMK6,832
Q5AC37,A0A1D8PH71,832
Q5AC37,Q5AED6,832
Q5AC37,A0A1D8PFH7,832
Q5AC48,A0A1D8PCJ9,736
Q5ACH7,P25997,921
Q5ACH7,A0A1D8PTY4,921
Q5ACL4,Q5A887,796
Q5ACL4,Q5ANK4,810
Q5ACL4,Q5A2S9,810
Q5ACL9,Q5A213,747
Q5ACL9,A0A1D8PJ43,747
Q5ACL9,A0A1D8PLN1,747
Q5ACL9,Q5ANL6,747
Q5ACL9,Q5A0H6,747
Q5ACL9,Q5AG43,747
Q5ACL9,A0A1D8PGM4,802
Q5ACL9,A0A1D8PU46,781
Q5ACL9,A0A1D8PRJ5,780
Q5ACL9,Q5A756,747
Q5ACL9,A0A1D8PPE0,747
Q5ACL9,A0A1D8PKG5,832
Q5ACL9,Q5APD0,747
Q5ACL9,Q59X74,747
Q5ACL9,A0A1D8PRP4,774
Q5ACL9,A0A1D8PJ54,747
Q5ACL9,Q5AFB9,747
Q5ACL9,Q59ZX6,747
Q5ACL9,Q59W63,822
Q5ACL9,A0A1D8PL04,747
Q5ACL9,A0A1D8PNG5,801
Q5ACL9,A0A1D8PRE8,832
Q5ACL9,A0A1D8PFZ9,803
Q5ACL9,A0A1D8PF14,747
Q5ACL9,Q59S06,775
Q5ACL9,Q59MK3,747
Q5ACL9,Q5A7Q9,775
Q5ACL9,A0A1D8PU59,776
Q5ACL9,A0A1D8PJD3,747
Q5ACL9,Q59UH8,780
Q5ACL9,A0A1D8PHX2,772
Q5ACL9,A0A1D8PGP2,802
Q5ACL9,Q5A6P2,799
Q5ACL9,A0A1D8PI20,747
Q5ACL9,Q59Y40,747
Q5ACL9,A0A1D8PF50,747
Q5ACM9,Q59PL9,795
Q5ACU4,Q59P87,832
Q5ACU4,Q5A3K2,832
Q5ACU4,Q5AEN6,858
Q5ACU4,Q5AHZ7,832
Q5ACU4,Q5AG31,832
Q5ACU4,Q5A917,781
Q5ACW6,P0CB54,772
Q5ACX4,Q59Z33,858
Q5AD50,A0A1D8PQM4,814
Q5AD50,A0A1D8PHV8,818
Q5AD50,A0A1D8PEX3,807
Q5AD50,Q5AP67,832
Q5ADL4,Q5A322,796
Q5ADM0,A0A1D8PE86,832
Q5ADM0,A0A1D8PMT3,832
Q5ADM0,A0A1D8PRX3,832
Q5ADM0,Q5A326,749
Q5ADM0,A0A1D8PM98,793
Q5ADM0,A0A1D8PU99,832
Q5ADM0,A0A1D8PMB5,832
Q5ADM0,A0A1D8PCA6,832
Q5ADN1,Q59Q44,832
Q5ADN1,A0A1D8PJ80,808
Q5ADN7,A0A1D8PPX2,858
Q5ADP6,A0A1D8PGL7,796
Q5ADP6,A0A1D8PIP6,787
Q5ADP7,A0A1D8PHY0,783
Q5ADP7,A0A1D8PCD3,832
Q5ADP7,Q5ABD5,832
Q5ADP7,Q5AH07,832
Q5ADP7,A0A1D8PPZ0,832
Q5ADP7,Q5A222,832
Q5ADP7,A0A1D8PG37,832
Q5ADP7,A0A1D8PU51,832
Q5ADP7,Q59Y38,832
Q5ADP7,Q5AJG7,832
Q5ADP7,A0A1D8PDI3,832
Q5ADP7,Q9B8D1,832
Q5ADP7,A0A1D8PEJ9,784
Q5ADP7,A0A1D8PRX9,832
Q5ADP7,Q9B8C8,832
Q5ADP7,Q9B8D6,832
Q5ADP7,Q9B8C9,819
Q5ADP7,A0A1D8PE69,832
Q5ADP7,A0A1D8PJ73,832
Q5ADP7,A0A1D8PJA6,832
Q5ADP7,Q59TD5,832
Q5ADP7,A0A1D8PEH4,832
Q5ADP7,A0A1D8PQU3,832
Q5ADP7,Q9B8D2,786
Q5ADQ6,Q5A6A1,925
Q5ADQ6,A0A1D8PQN0,925
Q5ADQ6,A0A1D8PHW1,925
Q5ADQ6,A0A1D8PDZ1,925
Q5ADQ6,A0A1D8PI15,925
Q5ADQ6,A0A1D8PP14,925
Q5ADQ6,A0A1D8PK22,925
Q5ADQ6,A0A1D8PSV5,925
Q5ADQ6,A0A1D8PF45,925
Q5ADQ6,A0A1D8PTY4,921
Q5ADQ6,A0A1D8PQS0,832
Q5ADQ6,Q5AG43,925
Q5ADQ6,A0A1D8PHH4,925
Q5ADQ6,P40910,925
Q5ADQ6,Q5AIB8,925
Q5ADQ6,A0A1D8PCW6,925
Q5ADQ6,A0A1D8PNQ6,925
Q5ADQ6,A0A1D8PFL9,925
Q5ADQ6,A0A1D8PTR4,925
Q5ADQ6,A0A1D8PK30,925
Q5ADQ6,O42817,925
Q5ADQ6,Q5AB87,925
Q5ADQ6,Q96W54,861
Q5ADQ6,Q5ALV6,925
Q5ADQ6,P0CU35,861
Q5ADQ6,A0A1D8PL99,925
Q5ADQ6,A0A1D8PG16,925
Q5ADQ6,Q5A900,925
Q5ADQ6,A0A1D8PM41,925
Q5ADQ6,A0A1D8PCQ5,925
Q5ADQ6,Q5A7K0,925
Q5ADQ6,A0A1D8PSC5,925
Q5ADQ6,A0A1D8PPS1,925
Q5ADQ6,Q5A389,925
Q5ADQ6,Q9UVJ4,832
Q5ADQ6,Q5A0M4,832
Q5ADQ6,A0A1D8PSK2,925
Q5ADQ6,Q5AJ93,925
Q5ADQ6,P25997,921
Q5ADQ6,P83774,925
Q5ADQ6,A0A1D8PEY9,925
Q5ADQ6,A0A1D8PFG4,925
Q5ADQ6,A0A1D8PLC9,925
Q5ADQ6,A0A1D8PN83,925
Q5ADQ6,O59931,925
Q5ADQ6,A0A1D8PCG7,925
Q5ADQ6,A0A1D8PCI6,861
Q5ADQ6,A0A1D8PF57,861
Q5ADQ6,A0A1D8PDT3,925
Q5ADQ6,A0A1D8PK43,925
Q5ADQ6,A0A1D8PTI7,861
Q5ADQ6,A0A1D8PPN6,925
Q5ADQ6,A0A1D8PK71,816
Q5ADQ6,Q5A6R1,925
Q5ADQ6,A0A1D8PPE0,925
Q5ADQ6,A0A1D8PGY8,925
Q5ADQ6,Q5A109,925
Q5ADQ6,A0A1D8PK40,925
Q5ADQ6,A0A1D8PCX8,925
Q5ADQ6,Q5AJF7,832
Q5ADQ6,A0A1D8PEV4,833
Q5ADQ6,A0A1D8PL68,861
Q5ADQ6,A0A1D8PM75,925
Q5ADQ6,A0A1D8PPT5,925
Q5ADQ6,Q5ANA1,861
Q5ADQ6,A0A1D8PK61,861
Q5ADQ6,A0A1D8PDL6,925
Q5ADQ6,Q59T44,925
Q5ADQ6,Q5A5P8,832
Q5ADQ6,A0A1D8PH21,925
Q5ADQ6,A0A1D8PQQ5,925
Q5ADQ6,Q5AEN2,925
Q5ADQ6,Q59LS1,925
Q5ADQ6,A0A1D8PDU3,925
Q5ADQ6,A0A1D8PHF5,925
Q5ADQ6,A0A1D8PF08,925
Q5ADQ6,A0A1D8PDT4,925
Q5ADQ6,Q59TE0,925
Q5ADQ6,A0A1D8PGY0,925
Q5ADQ6,Q5AGZ7,925
Q5ADQ6,A0A1D8PFV1,925
Q5ADR6,Q5AAU7,789
Q5ADR6,A0A1D8PH13,832
Q5ADR6,A0A1D8PQT4,832
Q5ADR6,Q5A6S3,832
Q5ADR6,P87163,832
Q5ADS0,A0A1D8PKJ3,832
Q5ADS0,P25997,921
Q5ADS0,Q5A109,832
Q5ADS0,Q5A513,832
Q5ADS0,Q59X29,744
Q5ADS0,A0A1D8PTY4,921
Q5ADT9,Q5AJZ7,832
Q5ADT9,A0A1D8PRY0,832
Q5ADT9,A0A1D8PEV9,832
Q5ADT9,P25997,921
Q5ADT9,Q5AA46,832
Q5ADT9,Q59KY7,807
Q5ADT9,Q5AI30,832
Q5ADT9,A0A1D8PQR2,832
Q5ADT9,A0A1D8PTY4,921
Q5ADT9,A0A1D8PPW1,832
Q5ADT9,O94150,832
Q5ADT9,A0A1D8PQ89,832
Q5ADT9,Q5A4Z9,806
Q5ADT9,A0A1D8PPR6,832
Q5ADV1,Q5APB0,832
Q5ADV1,Q5AC37,832
Q5ADV1,Q5AFD2,783
Q5ADV1,Q5A449,832
Q5ADV1,A0A1D8PH20,826
Q5ADV1,Q59R35,832
Q5ADV1,A0A1D8PHP3,815
Q5ADV1,Q5A7Q3,832
Q5ADV1,A0A1D8PNA1,785
Q5ADV1,A0A1D8PNM3,832
Q5ADV1,A0A1D8PFH7,832
Q5ADV1,Q59W50,785
Q5ADV1,A0A1D8PTI0,780
Q5ADV1,A0A1D8PPC8,798
Q5ADV1,A0A1D8PMK6,832
Q5ADV1,Q5AED6,832
Q5ADV1,A0A1D8PH71,832
Q5ADV1,Q5A7K1,803
Q5ADV1,Q5A7S5,784
Q5ADV1,A0A1D8PL91,796
Q5ADV1,Q5A322,832
Q5ADV1,A0A1D8PRK3,803
Q5ADV1,A0A1D8PMR5,832
Q5ADV1,Q59XY0,781
Q5ADV1,Q5APG6,832
Q5ADV1,A0A1D8PUC1,832
Q5ADV1,Q5APP1,723
Q5ADV1,Q59PD3,832
Q5ADV1,Q5A5N5,832
Q5ADY1,Q5A0V9,820
Q5AEB8,A0A1D8PU67,832
Q5AEB8,A0A1D8PFZ8,782
Q5AEB8,A0A1D8PLK1,832
Q5AEB8,A0A1D8PRB6,832
Q5AEB8,A0A1D8PQW1,832
Q5AEB8,A0A1D8PJ20,832
Q5AEB8,Q59Z65,832
Q5AEB8,Q59PZ1,832
Q5AEB8,Q59X29,813
Q5AEB8,A0A1D8PNA8,786
Q5AEB8,A0A1D8PTY6,832
Q5AEB8,Q5AJZ5,832
Q5AEB8,A0A1D8PK85,832
Q5AEB8,A0A1D8PSS4,832
Q5AEB8,A0A1D8PNC8,832
Q5AEB8,A0A1D8PRH6,832
Q5AEB8,A0A1D8PIV7,832
Q5AEB8,Q5A6S2,817
Q5AEB8,A0A1D8PI93,832
Q5AED6,Q5ADV1,832
Q5AED6,Q59PD3,780
Q5AED6,Q5A5N5,749
Q5AED6,A0A1D8PMR5,797
Q5AED6,A0A1D8PRK3,811
Q5AED6,Q5A322,832
Q5AED6,Q5APG6,832
Q5AED6,A0A1D8PUC1,749
Q5AED6,A0A1D8PFH7,832
Q5AED6,A0A1D8PPC8,786
Q5AED6,A0A1D8PMK6,832
Q5AED6,A0A1D8PH71,832
Q5AED6,Q5AC37,832
Q5AED6,Q5APB0,832
Q5AED6,Q5A7Q3,832
Q5AED6,A0A1D8PNM3,795
Q5AED6,A0A1D8PH20,780
Q5AED6,Q5A449,832
Q5AED6,A0A1D8PHP3,783
Q5AED9,A0A1D8PGR8,824
Q5AEF2,A0A1D8PNP6,921
Q5AEF2,Q5ANK4,782
Q5AEF2,Q5A887,800
Q5AEF2,Q5ANL4,799
Q5AEF2,Q5AAU3,765
Q5AEF2,A0A1D8PHC5,781
Q5AEF2,A0A1D8PGV7,921
Q5AEF2,A0A1D8PLW7,832
Q5AEF2,Q5A2S9,727
Q5AEG1,A0A1D8PU33,716
Q5AEG6,Q5AH42,832
Q5AEG6,A0A1D8PGS6,832
Q5AEG6,Q59VY5,832
Q5AEJ3,Q5A6L0,832
Q5AEJ3,A0A1D8PSF2,801
Q5AEJ3,A0A1D8PD31,832
Q5AEN2,A0A1D8PM75,925
Q5AEN2,A0A1D8PH21,925
Q5AEN2,A0A1D8PDL6,925
Q5AEN2,A0A1D8PK61,861
Q5AEN2,Q59T44,925
Q5AEN2,Q5ANA1,861
Q5AEN2,A0A1D8PPT5,925
Q5AEN2,Q5AJF7,832
Q5AEN2,A0A1D8PCX8,925
Q5AEN2,A0A1D8PL68,861
Q5AEN2,A0A1D8PEV4,833
Q5AEN2,A0A1D8PGY0,925
Q5AEN2,Q5AGZ7,925
Q5AEN2,A0A1D8PFV1,925
Q5AEN2,Q59TE0,925
Q5AEN2,A0A1D8PDT4,925
Q5AEN2,A0A1D8PF08,925
Q5AEN2,A0A1D8PQQ5,925
Q5AEN2,A0A1D8PHF5,925
Q5AEN2,A0A1D8PDU3,925
Q5AEN2,Q59LS1,925
Q5AEN2,A0A1D8PCG7,925
Q5AEN2,O59931,925
Q5AEN2,A0A1D8PN83,920
Q5AEN2,A0A1D8PLC9,925
Q5AEN2,A0A1D8PCI6,861
Q5AEN2,A0A1D8PSK2,925
Q5AEN2,Q5AJ93,925
Q5AEN2,Q5ADQ6,925
Q5AEN2,A0A1D8PEY9,925
Q5AEN2,A0A1D8PFG4,925
Q5AEN2,P83774,925
Q5AEN2,P25997,921
Q5AEN2,A0A1D8PK71,816
Q5AEN2,Q5A109,925
Q5AEN2,A0A1D8PK40,925
Q5AEN2,A0A1D8PGY8,925
Q5AEN2,A0A1D8PPE0,925
Q5AEN2,Q5A6R1,925
Q5AEN2,A0A1D8PDT3,925
Q5AEN2,A0A1D8PF57,861
Q5AEN2,A0A1D8PPN6,925
Q5AEN2,A0A1D8PTI7,861
Q5AEN2,A0A1D8PK43,925
Q5AEN2,A0A1D8PG16,925
Q5AEN2,A0A1D8PCQ5,925
Q5AEN2,Q5A900,925
Q5AEN2,A0A1D8PM41,925
Q5AEN2,Q59L13,832
Q5AEN2,Q96W54,861
Q5AEN2,Q5ALV6,925
Q5AEN2,Q5AB87,925
Q5AEN2,A0A1D8PL99,925
Q5AEN2,P0CU35,861
Q5AEN2,Q5A389,925
Q5AEN2,Q9UVJ4,832
Q5AEN2,Q5A0M4,832
Q5AEN2,Q5A7K0,925
Q5AEN2,A0A1D8PSC5,925
Q5AEN2,A0A1D8PPS1,925
Q5AEN2,A0A1D8PI15,925
Q5AEN2,A0A1D8PDZ1,925
Q5AEN2,A0A1D8PHW1,925
Q5AEN2,A0A1D8PQN0,925
Q5AEN2,A0A1D8PSV5,925
Q5AEN2,A0A1D8PK22,925
Q5AEN2,A0A1D8PP14,925
Q5AEN2,Q5A6A1,925
Q5AEN2,A0A1D8PK30,925
Q5AEN2,A0A1D8PTR4,925
Q5AEN2,A0A1D8PFL9,925
Q5AEN2,A0A1D8PNQ6,925
Q5AEN2,O42817,925
Q5AEN2,Q5AG43,925
Q5AEN2,A0A1D8PHH4,925
Q5AEN2,A0A1D8PQS0,832
Q5AEN2,A0A1D8PTY4,921
Q5AEN2,A0A1D8PF45,925
Q5AEN2,A0A1D8PCW6,925
Q5AEN2,Q5AIB8,925
Q5AEN2,P40910,925
Q5AEN6,A0A1D8PUA6,854
Q5AEN6,Q59U73,814
Q5AEN6,A0A1D8PPP5,703
Q5AEN6,Q5A462,781
Q5AEN6,Q5AHZ7,858
Q5AEN6,Q5A3K2,858
Q5AEN6,Q59P87,832
Q5AEN6,Q5A8Y5,764
Q5AEN6,Q5AG31,858
Q5AEN6,Q5ACU4,858
Q5AEN6,Q5A917,849
Q5AF80,A0A1D8PU93,800
Q5AF80,A0A1D8PQP2,781
Q5AF80,A0A1D8PNV1,813
Q5AFA9,A0A1D8PNZ8,782
Q5AFB9,A0A1D8PI20,747
Q5AFB9,Q59Y40,832
Q5AFB9,A0A1D8PFZ9,747
Q5AFB9,A0A1D8PF14,747
Q5AFB9,Q59S06,747
Q5AFB9,Q5A852,773
Q5AFB9,A0A1D8PJD3,832
Q5AFB9,A0A1D8PU59,832
Q5AFB9,Q5A0V9,869
Q5AFB9,Q59ZX6,832
Q5AFB9,Q59W63,747
Q5AFB9,Q5ACL9,747
Q5AFB9,A0A1D8PJ54,747
Q5AFB9,Q5APD0,747
Q5AFB9,A0A1D8PJ43,747
Q5AFB9,Q5A213,787
Q5AFB9,A0A1D8PGM4,747
Q5AFB9,Q5A0H6,747
Q5AFC5,O43133,760
Q5AFC5,Q5AMM1,829
Q5AFD2,Q5A449,783
Q5AFD2,A0A1D8PU52,832
Q5AFD2,Q5APG6,832
Q5AFD2,Q5APP1,832
Q5AFD2,Q59Z68,832
Q5AFD2,Q5A7S5,832
Q5AFD2,Q5ADV1,783
Q5AFD8,Q59P36,799
Q5AFD8,Q5A2T0,802
Q5AFK3,A0A1D8PHW4,832
Q5AFK3,Q59S42,832
Q5AFK3,A0A1D8PTJ5,832
Q5AFK3,Q59MA3,832
Q5AFK3,Q5A034,832
Q5AFK3,Q59P49,832
Q5AFK3,A0A1D8PIE7,797
Q5AFK3,A0A1D8PU96,832
Q5AFT3,Q59WJ4,832
Q5AFT3,A0A1D8PJN1,832
Q5AFT3,Q59T36,829
Q5AG31,Q59P87,832
Q5AG31,A0A1D8PH80,781
Q5AG31,Q5A3K2,832
Q5AG31,Q5AEN6,858
Q5AG31,Q5A8Y5,772
Q5AG31,Q5ACU4,832
Q5AG31,Q5A917,776
Q5AG31,A0A1D8PUA6,814
Q5AG31,Q5A462,780
Q5AG31,Q5AHZ7,832
Q5AG43,Q5A396,710
Q5AG43,Q5AJF7,832
Q5AG43,A0A1D8PCX8,925
Q5AG43,A0A1D8PEV4,852
Q5AG43,A0A1D8PL68,861
Q5AG43,A0A1D8PM75,925
Q5AG43,A0A1D8PRE0,782
Q5AG43,Q59T44,925
Q5AG43,A0A1D8PDL6,925
Q5AG43,A0A1D8PK61,861
Q5AG43,Q5ANA1,861
Q5AG43,A0A1D8PPT5,925
Q5AG43,A0A1D8PH21,925
Q5AG43,A0A1D8PQQ5,925
Q5AG43,A0A1D8PGM4,782
Q5AG43,A0A1D8PDU3,925
Q5AG43,Q59LS1,925
Q5AG43,Q5AEN2,925
Q5AG43,A0A1D8PHF5,925
Q5AG43,A0A1D8PDT4,925
Q5AG43,A0A1D8PF08,925
Q5AG43,A0A1D8PFV1,925
Q5AG43,Q5AGZ7,925
Q5AG43,A0A1D8PGY0,925
Q5AG43,Q59TE0,925
Q5AG43,Q5ADQ6,925
Q5AG43,Q5AJ93,925
Q5AG43,A0A1D8PSK2,925
Q5AG43,P25997,921
Q5AG43,A0A1D8PFG4,925
Q5AG43,A0A1D8PEY9,925
Q5AG43,P83774,925
Q5AG43,A0A1D8PN83,925
Q5AG43,A0A1D8PLC9,925
Q5AG43,A0A1D8PCG7,925
Q5AG43,O59931,925
Q5AG43,A0A1D8PCI6,862
Q5AG43,A0A1D8PF57,861
Q5AG43,A0A1D8PDT3,925
Q5AG43,A0A1D8PK43,925
Q5AG43,A0A1D8PPN6,925
Q5AG43,A0A1D8PTI7,861
Q5AG43,A0A1D8PK71,816
Q5AG43,Q5ACL9,747
Q5AG43,A0A1D8PPE0,925
Q5AG43,Q5A6R1,925
Q5AG43,A0A1D8PK40,925
Q5AG43,Q5A109,925
Q5AG43,A0A1D8PGY8,925
Q5AG43,Q5ALV6,925
Q5AG43,Q96W54,862
Q5AG43,Q5AB87,925
Q5AG43,A0A1D8PL99,925
Q5AG43,P0CU35,862
Q5AG43,A0A1D8PG16,925
Q5AG43,A0A1D8PM41,925
Q5AG43,Q5A900,925
Q5AG43,A0A1D8PCQ5,925
Q5AG43,Q5A7K0,925
Q5AG43,A0A1D8PPS1,925
Q5AG43,A0A1D8PSC5,925
Q5AG43,Q59W63,797
Q5AG43,Q5A389,925
Q5AG43,Q5A0M4,832
Q5AG43,Q9UVJ4,832
Q5AG43,Q5A6A1,925
Q5AG43,A0A1D8PHW1,925
Q5AG43,A0A1D8PQN0,925
Q5AG43,A0A1D8PI15,925
Q5AG43,A0A1D8PDZ1,925
Q5AG43,A0A1D8PK22,925
Q5AG43,A0A1D8PP14,925
Q5AG43,A0A1D8PSV5,925
Q5AG43,A0A1D8PTY4,921
Q5AG43,A0A1D8PF45,925
Q5AG43,A0A1D8PHH4,925
Q5AG43,A0A1D8PQS0,832
Q5AG43,Q5AIB8,925
Q5AG43,P40910,925
Q5AG43,A0A1D8PCW6,925
Q5AG43,Q5A213,747
Q5AG43,A0A1D8PJ43,747
Q5AG43,A0A1D8PFL9,925
Q5AG43,A0A1D8PNQ6,925
Q5AG43,A0A1D8PK30,925
Q5AG43,A0A1D8PTR4,925
Q5AG43,O42817,925
Q5AG86,Q5AH78,785
Q5AGC6,A0A1D8PM68,797
Q5AGC7,Q5A519,819
Q5AGF6,A0A1D8PK22,832
Q5AGF6,A0A1D8PNF5,832
Q5AGF6,A0A1D8PSV5,832
Q5AGF6,A0A1D8PRJ6,832
Q5AGF6,Q59PL9,785
Q5AGF6,Q5AAU7,832
Q5AGF6,Q5AML1,782
Q5AGV4,Q5AI86,832
Q5AGV4,Q59PL9,832
Q5AGV4,Q5AML1,832
Q5AGV4,Q59ZV5,830
Q5AGX1,Q59UE8,832
Q5AGZ7,A0A1D8PFG4,925
Q5AGZ7,A0A1D8PEY9,925
Q5AGZ7,P83774,925
Q5AGZ7,Q5A6A1,925
Q5AGZ7,P25997,921
Q5AGZ7,Q5AJ93,925
Q5AGZ7,Q59VH3,832
Q5AGZ7,A0A1D8PSK2,925
Q5AGZ7,Q5ADQ6,925
Q5AGZ7,A0A1D8PSV5,925
Q5AGZ7,A0A1D8PK22,925
Q5AGZ7,A0A1D8PCI6,861
Q5AGZ7,A0A1D8PP14,925
Q5AGZ7,A0A1D8PI15,925
Q5AGZ7,A0A1D8PCG7,925
Q5AGZ7,O59931,925
Q5AGZ7,A0A1D8PDZ1,925
Q5AGZ7,A0A1D8PHW1,925
Q5AGZ7,A0A1D8PN83,921
Q5AGZ7,A0A1D8PQN0,925
Q5AGZ7,A0A1D8PLC9,925
Q5AGZ7,Q5AHG8,832
Q5AGZ7,A0A1D8PCW6,925
Q5AGZ7,A0A1D8PPN6,925
Q5AGZ7,A0A1D8PTI7,861
Q5AGZ7,A0A1D8PK43,925
Q5AGZ7,P40910,925
Q5AGZ7,Q5AIB8,925
Q5AGZ7,A0A1D8PDT3,925
Q5AGZ7,A0A1D8PQS0,832
Q5AGZ7,Q5AG43,925
Q5AGZ7,A0A1D8PHH4,925
Q5AGZ7,A0A1D8PTY4,921
Q5AGZ7,A0A1D8PN49,832
Q5AGZ7,A0A1D8PF45,925
Q5AGZ7,A0A1D8PF57,861
Q5AGZ7,A0A1D8PK40,925
Q5AGZ7,Q5A109,925
Q5AGZ7,A0A1D8PGY8,925
Q5AGZ7,O42817,925
Q5AGZ7,A0A1D8PPE0,925
Q5AGZ7,Q5A6R1,925
Q5AGZ7,Q5A6K5,832
Q5AGZ7,A0A1D8PK30,925
Q5AGZ7,A0A1D8PTR4,925
Q5AGZ7,O94150,832
Q5AGZ7,A0A1D8PK71,816
Q5AGZ7,Q5ABC3,791
Q5AGZ7,A0A1D8PFL9,925
Q5AGZ7,A0A1D8PNQ6,925
Q5AGZ7,A0A1D8PL99,925
Q5AGZ7,A0A1D8PL68,861
Q5AGZ7,A0A1D8PKF3,832
Q5AGZ7,P0CU35,861
Q5AGZ7,A0A1D8PEV4,833
Q5AGZ7,A0A1D8PCX8,925
Q5AGZ7,Q59L13,798
Q5AGZ7,Q5AJF7,832
Q5AGZ7,Q5ALV6,925
Q5AGZ7,Q96W54,861
Q5AGZ7,Q5AB87,925
Q5AGZ7,A0A1D8PCQ5,925
Q5AGZ7,A0A1D8PH21,925
Q5AGZ7,Q59T44,925
Q5AGZ7,A0A1D8PK61,861
Q5AGZ7,A0A1D8PDL6,925
Q5AGZ7,A0A1D8PM41,925
Q5AGZ7,A0A1D8PPT5,925
Q5AGZ7,Q5ANA1,861
Q5AGZ7,A0A1D8PQR2,832
Q5AGZ7,Q5A900,925
Q5AGZ7,A0A1D8PG16,925
Q5AGZ7,A0A1D8PM75,925
Q5AGZ7,Q59RQ4,832
Q5AGZ7,A0A1D8PHF5,925
Q5AGZ7,A0A1D8PPS1,925
Q5AGZ7,A0A1D8PSC5,925
Q5AGZ7,A0A1D8PDU3,925
Q5AGZ7,Q59LS1,925
Q5AGZ7,Q5AEN2,925
Q5AGZ7,Q59SI1,803
Q5AGZ7,A0A1D8PQQ5,925
Q5AGZ7,Q5A7K0,925
Q5AGZ7,Q59Z25,789
Q5AGZ7,O94083,832
Q5AGZ7,Q5A0M4,832
Q5AGZ7,Q5A4Z9,832
Q5AGZ7,Q9UVJ4,832
Q5AGZ7,Q5A885,784
Q5AGZ7,Q5A389,925
Q5AGZ7,A0A1D8PFV1,925
Q5AGZ7,A0A1D8PGY0,925
Q5AGZ7,A0A1D8PRG0,832
Q5AGZ7,Q59TE0,925
Q5AGZ7,A0A1D8PDT4,925
Q5AGZ7,A0A1D8PF08,925
Q5AGZ9,Q5A6Q0,832
Q5AGZ9,Q5A0W7,832
Q5AH07,Q59Y38,832
Q5AH07,A0A1D8PG37,832
Q5AH07,A0A1D8PU51,832
Q5AH07,A0A1D8PDI3,832
Q5AH07,Q5ADP7,832
Q5AH07,Q5AJG7,832
Q5AH07,A0A1D8PPZ0,832
Q5AH07,Q5A222,832
Q5AH07,A0A1D8PCD3,832
Q5AH07,A0A1D8PHY0,786
Q5AH07,Q5ABD5,832
Q5AH07,Q59TD5,832
Q5AH07,Q9B8D2,832
Q5AH07,A0A1D8PQU3,832
Q5AH07,A0A1D8PEH4,832
Q5AH07,A0A1D8PE69,832
Q5AH07,A0A1D8PJ73,832
Q5AH07,A0A1D8PJA6,832
Q5AH07,Q9B8C9,832
Q5AH07,Q9B8C8,832
Q5AH07,A0A1D8PRX9,832
Q5AH07,A0A1D8PEJ9,819
Q5AH07,Q9B8D1,832
Q5AH07,Q9B8D6,832
Q5AH07,A0A1D8PJS2,783
Q5AH09,A0A1D8PKJ3,800
Q5AH35,A0A1D8PEV9,798
Q5AH35,A0A1D8PQR2,785
Q5AH42,A0A1D8PGS6,832
Q5AH42,Q59VY5,721
Q5AH42,Q5AEG6,832
Q5AH42,A0A1D8PMJ9,783
Q5AH58,Q59YF0,832
Q5AH60,Q5A692,805
Q5AH78,Q5AG86,785
Q5AHG8,Q5A6K5,832
Q5AHG8,A0A1D8PK30,832
Q5AHG8,Q5ABC3,791
Q5AHG8,O94150,832
Q5AHG8,A0A1D8PN49,832
Q5AHG8,A0A1D8PRY0,786
Q5AHG8,A0A1D8PRP6,832
Q5AHG8,Q5A3J1,786
Q5AHG8,A0A1D8PSV5,832
Q5AHG8,A0A1D8PK22,832
Q5AHG8,A0A1D8PQQ9,832
Q5AHG8,Q59VH3,832
Q5AHG8,Q5A6S7,795
Q5AHG8,Q59RP7,786
Q5AHG8,Q5A4Z9,832
Q5AHG8,A0A1D8PRG0,832
Q5AHG8,Q5AGZ7,832
Q5AHG8,Q5A8Y6,786
Q5AHG8,A0A1D8PPS1,832
Q5AHG8,Q59Z25,832
Q5AHG8,A0A1D8PCQ5,832
Q5AHG8,A0A1D8PQR2,832
Q5AHG8,Q59RQ4,832
Q5AHG8,A0A1D8PKF3,832
Q5AHG8,Q59ZI7,832
Q5AHK2,Q5A4H9,832
Q5AHY8,Q5A8Y6,832
Q5AHY8,Q5AA46,819
Q5AHY8,Q5AI30,820
Q5AHY8,A0A1D8PLT6,832
Q5AHY8,Q59KY7,823
Q5AHY8,Q59RP7,832
Q5AHY8,Q5A4Z9,832
Q5AHY8,A0A1D8PRG0,785
Q5AHY8,Q59X93,832
Q5AHY8,A0A1D8PKF3,832
Q5AHY8,Q59ZI7,832
Q5AHY8,Q5A798,785
Q5AHY8,A0A1D8PQR2,820
Q5AHY8,A0A1D8PM86,793
Q5AHY8,Q59RQ4,832
Q5AHY8,Q5AJZ7,820
Q5AHY8,Q5A7P6,796
Q5AHY8,A0A1D8PN49,832
Q5AHY8,A0A1D8PCJ1,832
Q5AHY8,A0A1D8PMX3,801
Q5AHY8,Q5A3J1,832
Q5AHY8,A0A1D8PRP6,832
Q5AHY8,A0A1D8PRY0,820
Q5AHY8,A0A1D8PPW1,832
Q5AHY8,A0A1D8PG94,832
Q5AHY8,Q5A6K5,785
Q5AHY8,A0A1D8PEV9,832
Q5AHY8,A0A1D8PJ23,785
Q5AHY8,O94150,832
Q5AHY8,A0A1D8PQ89,832
Q5AHY8,Q59VH3,832
Q5AHY8,Q59QC1,793
Q5AHY8,A0A1D8PQQ9,832
Q5AHZ2,A0A1D8PF22,832
Q5AHZ2,A0A1D8PK87,828
Q5AHZ2,A0A1D8PIN6,798
Q5AHZ7,Q59P87,832
Q5AHZ7,A0A1D8PH80,832
Q5AHZ7,Q5A3K2,832
Q5AHZ7,Q5A8Y7,757
Q5AHZ7,Q5AEN6,858
Q5AHZ7,Q5A462,742
Q5AHZ7,Q5ACU4,832
Q5AHZ7,Q5A917,832
Q5AHZ7,Q5AG31,832
Q5AI00,Q9B8C8,832
Q5AI24,A0A1D8PEV9,752
Q5AI30,Q5A8Y6,806
Q5AI30,Q5AA46,832
Q5AI30,Q59KY7,832
Q5AI30,A0A1D8PLT6,801
Q5AI30,Q59RP7,820
Q5AI30,Q5A4Z9,832
Q5AI30,A0A1D8PPR6,832
Q5AI30,Q59X93,820
Q5AI30,A0A1D8PKF3,820
Q5AI30,Q59ZI7,802
Q5AI30,A0A1D8PQR2,832
Q5AI30,Q59RQ4,832
Q5AI30,Q5AJZ7,832
Q5AI30,Q5ADT9,832
Q5AI30,A0A1D8PRY0,832
Q5AI30,A0A1D8PRP6,806
Q5AI30,Q5A3J1,820
Q5AI30,A0A1D8PCJ1,820
Q5AI30,A0A1D8PN49,801
Q5AI30,Q5A7P6,783
Q5AI30,A0A1D8PG94,801
Q5AI30,A0A1D8PPW1,832
Q5AI30,A0A1D8PEV9,832
Q5AI30,O94150,832
Q5AI30,A0A1D8PQ89,832
Q5AI30,Q59VH3,820
Q5AI30,A0A1D8PQQ9,806
Q5AI30,Q5AHY8,820
Q5AI86,Q59ZV5,832
Q5AI86,Q5AML1,780
Q5AI86,Q5AGV4,832
Q5AI86,Q59PL9,832
Q5AIA4,Q5A319,820
Q5AIA4,A0A1D8PJR5,820
Q5AIB8,A0A1D8PK71,816
Q5AIB8,Q5A109,925
Q5AIB8,A0A1D8PK40,925
Q5AIB8,A0A1D8PGY8,925
Q5AIB8,A0A1D8PPE0,925
Q5AIB8,Q5A6R1,925
Q5AIB8,A0A1D8PDT3,925
Q5AIB8,A0A1D8PF57,861
Q5AIB8,A0A1D8PPN6,925
Q5AIB8,A0A1D8PTI7,861
Q5AIB8,A0A1D8PK43,925
Q5AIB8,A0A1D8PCG7,925
Q5AIB8,O59931,925
Q5AIB8,A0A1D8PN83,921
Q5AIB8,A0A1D8PLC9,925
Q5AIB8,A0A1D8PCI6,861
Q5AIB8,A0A1D8PSK2,925
Q5AIB8,Q5AJ93,925
Q5AIB8,Q5ADQ6,925
Q5AIB8,A0A1D8PEY9,925
Q5AIB8,A0A1D8PFG4,925
Q5AIB8,P83774,925
Q5AIB8,P25997,921
Q5AIB8,A0A1D8PGY0,925
Q5AIB8,Q5AGZ7,925
Q5AIB8,A0A1D8PFV1,925
Q5AIB8,Q59TE0,925
Q5AIB8,A0A1D8PDT4,925
Q5AIB8,A0A1D8PF08,925
Q5AIB8,A0A1D8PQQ5,925
Q5AIB8,A0A1D8PHF5,925
Q5AIB8,A0A1D8PDU3,925
Q5AIB8,Q5AEN2,925
Q5AIB8,Q59LS1,925
Q5AIB8,A0A1D8PM75,925
Q5AIB8,A0A1D8PH21,925
Q5AIB8,A0A1D8PK61,861
Q5AIB8,A0A1D8PDL6,925
Q5AIB8,Q59T44,925
Q5AIB8,Q5ANA1,861
Q5AIB8,A0A1D8PPT5,925
Q5AIB8,Q5AJF7,832
Q5AIB8,A0A1D8PCX8,925
Q5AIB8,A0A1D8PL68,861
Q5AIB8,A0A1D8PEV4,833
Q5AIB8,A0A1D8PK30,925
Q5AIB8,A0A1D8PTR4,925
Q5AIB8,A0A1D8PFL9,925
Q5AIB8,A0A1D8PNQ6,925
Q5AIB8,O42817,925
Q5AIB8,A0A1D8PQS0,832
Q5AIB8,A0A1D8PHH4,925
Q5AIB8,Q5AG43,925
Q5AIB8,A0A1D8PTY4,921
Q5AIB8,A0A1D8PF45,925
Q5AIB8,A0A1D8PCW6,925
Q5AIB8,P40910,925
Q5AIB8,A0A1D8PI15,925
Q5AIB8,A0A1D8PDZ1,925
Q5AIB8,A0A1D8PHW1,925
Q5AIB8,A0A1D8PQN0,925
Q5AIB8,A0A1D8PSV5,925
Q5AIB8,A0A1D8PK22,925
Q5AIB8,A0A1D8PP14,925
Q5AIB8,Q5A6A1,925
Q5AIB8,Q5A389,925
Q5AIB8,A0A1D8PP79,758
Q5AIB8,Q9UVJ4,832
Q5AIB8,Q5A0M4,832
Q5AIB8,Q5A7K0,925
Q5AIB8,A0A1D8PSC5,925
Q5AIB8,A0A1D8PPS1,925
Q5AIB8,A0A1D8PG16,925
Q5AIB8,A0A1D8PCQ5,925
Q5AIB8,Q5A900,925
Q5AIB8,A0A1D8PM41,925
Q5AIB8,Q59L13,832
Q5AIB8,Q96W54,861
Q5AIB8,Q5ALV6,925
Q5AIB8,Q5AB87,925
Q5AIB8,A0A1D8PL99,925
Q5AIB8,P0CU35,861
Q5AJ84,O74711,921
Q5AJ93,A0A1D8PK30,925
Q5AJ93,A0A1D8PTR4,925
Q5AJ93,A0A1D8PFL9,925
Q5AJ93,A0A1D8PK71,816
Q5AJ93,A0A1D8PNQ6,925
Q5AJ93,A0A1D8PK40,925
Q5AJ93,Q5A109,925
Q5AJ93,A0A1D8PGY8,925
Q5AJ93,O42817,925
Q5AJ93,A0A1D8PPE0,925
Q5AJ93,Q5A6R1,925
Q5AJ93,A0A1D8PDT3,925
Q5AJ93,A0A1D8PHH4,925
Q5AJ93,Q5AG43,925
Q5AJ93,A0A1D8PQS0,832
Q5AJ93,A0A1D8PTY4,921
Q5AJ93,A0A1D8PF45,925
Q5AJ93,A0A1D8PF57,861
Q5AJ93,A0A1D8PCW6,925
Q5AJ93,A0A1D8PPN6,925
Q5AJ93,A0A1D8PTI7,861
Q5AJ93,Q5AIB8,925
Q5AJ93,P40910,925
Q5AJ93,A0A1D8PK43,925
Q5AJ93,A0A1D8PCG7,925
Q5AJ93,A0A1D8PI15,925
Q5AJ93,O59931,925
Q5AJ93,A0A1D8PDZ1,925
Q5AJ93,A0A1D8PHW1,925
Q5AJ93,A0A1D8PN83,921
Q5AJ93,A0A1D8PQN0,925
Q5AJ93,A0A1D8PLC9,925
Q5AJ93,A0A1D8PSV5,925
Q5AJ93,A0A1D8PK22,925
Q5AJ93,A0A1D8PCI6,861
Q5AJ93,A0A1D8PP14,925
Q5AJ93,A0A1D8PSK2,925
Q5AJ93,Q5ADQ6,925
Q5AJ93,A0A1D8PFG4,925
Q5AJ93,A0A1D8PEY9,925
Q5AJ93,P83774,925
Q5AJ93,Q5A6A1,925
Q5AJ93,P25997,921
Q5AJ93,Q5AGZ7,925
Q5AJ93,A0A1D8PFV1,925
Q5AJ93,Q5A389,925
Q5AJ93,A0A1D8PGY0,925
Q5AJ93,Q59TE0,925
Q5AJ93,A0A1D8PDT4,925
Q5AJ93,A0A1D8PF08,925
Q5AJ93,Q5A0M4,832
Q5AJ93,Q9UVJ4,832
Q5AJ93,A0A1D8PQQ5,925
Q5AJ93,Q5A7K0,925
Q5AJ93,A0A1D8PHF5,925
Q5AJ93,A0A1D8PPS1,925
Q5AJ93,A0A1D8PDU3,925
Q5AJ93,A0A1D8PSC5,925
Q5AJ93,Q59LS1,925
Q5AJ93,Q5AEN2,925
Q5AJ93,A0A1D8PG16,925
Q5AJ93,A0A1D8PM75,925
Q5AJ93,A0A1D8PCQ5,925
Q5AJ93,A0A1D8PH21,925
Q5AJ93,Q5A5P8,832
Q5AJ93,Q59T44,925
Q5AJ93,A0A1D8PDL6,925
Q5AJ93,A0A1D8PK61,861
Q5AJ93,A0A1D8PPT5,925
Q5AJ93,Q5ANA1,861
Q5AJ93,A0A1D8PM41,925
Q5AJ93,Q5A900,925
Q5AJ93,A0A1D8PCX8,925
Q5AJ93,Q5AJF7,832
Q5AJ93,Q5ALV6,925
Q5AJ93,Q96W54,862
Q5AJ93,Q5AB87,925
Q5AJ93,A0A1D8PL68,861
Q5AJ93,A0A1D8PL99,925
Q5AJ93,P0CU35,862
Q5AJ93,A0A1D8PEV4,833
Q5AJB1,A0A1D8PK00,832
Q5AJB1,Q5A2U9,832
Q5AJB1,Q59U85,832
Q5AJB1,P87220,832
Q5AJB1,A0A1D8PSX0,832
Q5AJB1,A0A1D8PH17,832
Q5AJB1,A0A1D8PFL8,832
Q5AJB1,Q59PT0,832
Q5AJB1,A0A1D8PKX3,832
Q5AJB1,A0A1D8PS38,832
Q5AJF7,Q5A6R1,832
Q5AJF7,A0A1D8PPE0,832
Q5AJF7,A0A1D8PGY8,832
Q5AJF7,A0A1D8PK40,832
Q5AJF7,Q5A109,832
Q5AJF7,A0A1D8PK43,832
Q5AJF7,A0A1D8PPN6,832
Q5AJF7,A0A1D8PDT3,832
Q5AJF7,A0A1D8PLC9,832
Q5AJF7,O59931,832
Q5AJF7,A0A1D8PCG7,832
Q5AJF7,P83774,832
Q5AJF7,A0A1D8PFG4,832
Q5AJF7,A0A1D8PEY9,832
Q5AJF7,Q5ADQ6,832
Q5AJF7,Q5AJ93,832
Q5AJF7,A0A1D8PSK2,832
Q5AJF7,A0A1D8PF08,832
Q5AJF7,A0A1D8PDT4,832
Q5AJF7,Q59TE0,832
Q5AJF7,A0A1D8PFV1,832
Q5AJF7,Q5AGZ7,832
Q5AJF7,A0A1D8PGY0,832
Q5AJF7,Q59LS1,832
Q5AJF7,Q5AEN2,832
Q5AJF7,A0A1D8PDU3,832
Q5AJF7,A0A1D8PHF5,832
Q5AJF7,A0A1D8PQQ5,832
Q5AJF7,A0A1D8PPT5,832
Q5AJF7,Q59T44,832
Q5AJF7,A0A1D8PDL6,832
Q5AJF7,A0A1D8PH21,832
Q5AJF7,A0A1D8PM75,832
Q5AJF7,A0A1D8PCX8,832
Q5AJF7,O42817,832
Q5AJF7,A0A1D8PNQ6,832
Q5AJF7,A0A1D8PFL9,832
Q5AJF7,A0A1D8PTR4,832
Q5AJF7,A0A1D8PK30,832
Q5AJF7,Q5AIB8,832
Q5AJF7,P40910,832
Q5AJF7,A0A1D8PCW6,832
Q5AJF7,A0A1D8PF45,832
Q5AJF7,Q5AG43,832
Q5AJF7,A0A1D8PHH4,832
Q5AJF7,A0A1D8PQS0,832
Q5AJF7,A0A1D8PP14,832
Q5AJF7,A0A1D8PK22,832
Q5AJF7,A0A1D8PSV5,832
Q5AJF7,A0A1D8PQN0,832
Q5AJF7,A0A1D8PHW1,832
Q5AJF7,A0A1D8PDZ1,832
Q5AJF7,A0A1D8PI15,832
Q5AJF7,Q5A6A1,832
Q5AJF7,Q5A0M4,832
Q5AJF7,Q9UVJ4,832
Q5AJF7,Q5A389,832
Q5AJF7,A0A1D8PPS1,832
Q5AJF7,A0A1D8PSC5,832
Q5AJF7,Q5A7K0,832
Q5AJF7,A0A1D8PM41,832
Q5AJF7,Q5A900,832
Q5AJF7,A0A1D8PCQ5,832
Q5AJF7,A0A1D8PG16,832
Q5AJF7,A0A1D8PL99,832
Q5AJF7,Q5AB87,832
Q5AJF7,Q5ALV6,832
Q5AJG7,Q9B8C8,832
Q5AJG7,A0A1D8PRX9,832
Q5AJG7,A0A1D8PEJ9,832
Q5AJG7,Q9B8D1,832
Q5AJG7,Q9B8D6,832
Q5AJG7,Q9B8C9,832
Q5AJG7,A0A1D8PE69,832
Q5AJG7,A0A1D8PJA6,832
Q5AJG7,A0A1D8PJ73,832
Q5AJG7,Q59TD5,832
Q5AJG7,Q9B8D2,786
Q5AJG7,A0A1D8PEH4,832
Q5AJG7,A0A1D8PQU3,832
Q5AJG7,A0A1D8PCD3,832
Q5AJG7,A0A1D8PHY0,832
Q5AJG7,Q5AH07,832
Q5AJG7,Q5ABD5,832
Q5AJG7,Q5A222,832
Q5AJG7,A0A1D8PPZ0,832
Q5AJG7,A0A1D8PJX3,832
Q5AJG7,Q59Y38,832
Q5AJG7,A0A1D8PHA3,819
Q5AJG7,A0A1D8PG37,832
Q5AJG7,A0A1D8PU51,832
Q5AJG7,A0A1D8PDI3,832
Q5AJG7,Q5ADP7,832
Q5AJY4,Q59KJ6,784
Q5AJY4,A0A1D8PSB0,823
Q5AJZ5,A0A1D8PLK1,832
Q5AJZ5,A0A1D8PFL7,784
Q5AJZ5,A0A1D8PFZ8,807
Q5AJZ5,A0A1D8PU67,832
Q5AJZ5,A0A1D8PRB6,832
Q5AJZ5,A0A1D8PQW1,832
Q5AJZ5,A0A1D8PJ20,832
Q5AJZ5,Q5AEB8,832
Q5AJZ5,Q59Z65,832
Q5AJZ5,Q59X29,818
Q5AJZ5,Q59PZ1,832
Q5AJZ5,A0A1D8PTY6,832
Q5AJZ5,A0A1D8PK85,832
Q5AJZ5,A0A1D8PSS4,832
Q5AJZ5,A0A1D8PNC8,832
Q5AJZ5,A0A1D8PRH6,832
Q5AJZ5,A0A1D8PP77,779
Q5AJZ5,A0A1D8PIV7,788
Q5AJZ5,Q5A6S2,832
Q5AJZ7,O94150,832
Q5AJZ7,A0A1D8PPW1,832
Q5AJZ7,A0A1D8PCJ1,818
Q5AJZ7,Q5A3J1,820
Q5AJZ7,A0A1D8PTY4,921
Q5AJZ7,Q5A7P6,832
Q5AJZ7,A0A1D8PN49,832
Q5AJZ7,Q5AAS9,832
Q5AJZ7,A0A1D8PQQ9,832
Q5AJZ7,Q5AHY8,820
Q5AJZ7,A0A1D8PHY2,785
Q5AJZ7,Q59VH3,832
Q5AJZ7,A0A1D8PQ89,832
Q5AJZ7,A0A1D8PPR6,832
Q5AJZ7,Q59RP7,820
Q5AJZ7,Q5A4Z9,832
Q5AJZ7,A0A1D8PTL2,816
Q5AJZ7,Q59ZI7,832
Q5AJZ7,A0A1D8PKF3,820
Q5AJZ7,A0A1D8PRP9,831
Q5AJZ7,Q5AK02,828
Q5AJZ7,A0A1D8PEV9,832
Q5AJZ7,A0A1D8PG94,832
Q5AJZ7,A0A1D8PRP6,832
Q5AJZ7,A0A1D8PRY0,832
Q5AJZ7,Q5ADT9,832
Q5AJZ7,Q59SJ6,827
Q5AJZ7,P25997,921
Q5AJZ7,Q59X93,820
Q5AJZ7,A0A1D8PRG0,832
Q5AJZ7,Q59KY7,832
Q5AJZ7,Q5AI30,832
Q5AJZ7,A0A1D8PLT6,832
Q5AJZ7,Q5AA46,832
Q5AJZ7,Q5A8Y6,832
Q5AJZ7,Q59RQ4,832
Q5AJZ7,A0A1D8PQR2,832
Q5AK02,P25997,921
Q5AK02,A0A1D8PRY0,832
Q5AK02,Q5AJZ7,828
Q5AK02,A0A1D8PEV9,832
Q5AK02,Q59RQ4,797
Q5AK02,A0A1D8PQR2,832
Q5AK02,Q5AA46,832
Q5AK02,A0A1D8PQ89,832
Q5AK02,A0A1D8PTY4,921
Q5AK02,O94150,832
Q5AK02,A0A1D8PPW1,832
Q5AK10,Q5APK0,832
Q5AK16,Q59Z12,823
Q5AK16,Q5AB74,829
Q5AK16,A0A1D8PMN9,800
Q5AK16,Q59QB7,832
Q5AK16,Q59YH4,783
Q5AK30,Q5A298,832
Q5AK30,A0A1D8PMS1,832
Q5AK30,Q59M52,783
Q5AK56,Q5A7S8,832
Q5AK56,Q5ABG1,798
Q5AK56,A0A1D8PNX3,832
Q5AK59,A0A1D8PPJ1,748
Q5AK60,Q5AMN0,832
Q5AK60,A0A1D8PR64,832
Q5AK73,Q5A8Y5,801
Q5AK73,A0A1D8PH80,733
Q5AK73,Q5A8Y7,733
Q5AK73,A0A1D8PUA6,797
Q5AK73,Q59QT0,784
Q5AK73,Q5ALX3,832
Q5AK73,A0A1D8PFX2,781
Q5AK78,A0A1D8PH22,832
Q5AK78,Q59N31,832
Q5AKU4,Q59VY1,832
Q5AL13,Q59VP9,832
Q5AL13,Q5APG6,764
Q5ALI9,A0A1D8PTY4,921
Q5ALI9,P25997,921
Q5ALL8,Q5A1D5,832
Q5ALN2,A0A1D8PTY4,921
Q5ALN2,P25997,921
Q5ALU6,Q59QN7,832
Q5ALU8,A0A1D8PK87,803
Q5ALU8,A0A1D8PF22,798
Q5ALV5,P0C8K9,783
Q5ALV5,Q5APK5,832
Q5ALV5,P0C8L0,796
Q5ALV5,A0A1D8PHA3,832
Q5ALV5,A0A1D8PHA2,802
Q5ALV5,Q9B8D8,832
Q5ALV5,A0A1D8PLP3,797
Q5ALV5,A0A1D8PHJ3,799
Q5ALV5,P83782,813
Q5ALV5,Q9B1P9,832
Q5ALV5,A0A1D8PH08,832
Q5ALV5,Q5ABS1,795
Q5ALV5,A0A1D8PJX3,823
Q5ALV5,Q5ALV9,832
Q5ALV5,A0A1D8PQD5,832
Q5ALV6,P25997,921
Q5ALV6,Q5A6A1,925
Q5ALV6,P83774,925
Q5ALV6,A0A1D8PFG4,925
Q5ALV6,A0A1D8PEY9,925
Q5ALV6,Q5ADQ6,925
Q5ALV6,Q5AJ93,925
Q5ALV6,A0A1D8PSK2,925
Q5ALV6,A0A1D8PCI6,861
Q5ALV6,A0A1D8PP14,925
Q5ALV6,A0A1D8PK22,925
Q5ALV6,A0A1D8PSV5,925
Q5ALV6,A0A1D8PQN0,925
Q5ALV6,A0A1D8PLC9,925
Q5ALV6,A0A1D8PHW1,925
Q5ALV6,A0A1D8PN83,920
Q5ALV6,O59931,925
Q5ALV6,A0A1D8PDZ1,925
Q5ALV6,A0A1D8PCG7,925
Q5ALV6,A0A1D8PI15,925
Q5ALV6,P40910,925
Q5ALV6,Q5AIB8,925
Q5ALV6,A0A1D8PK43,925
Q5ALV6,A0A1D8PTI7,861
Q5ALV6,A0A1D8PCW6,925
Q5ALV6,A0A1D8PPN6,925
Q5ALV6,A0A1D8PF45,925
Q5ALV6,A0A1D8PF57,861
Q5ALV6,A0A1D8PTY4,921
Q5ALV6,A0A1D8PHH4,925
Q5ALV6,Q5AG43,925
Q5ALV6,A0A1D8PQS0,832
Q5ALV6,A0A1D8PDT3,925
Q5ALV6,Q5A6R1,925
Q5ALV6,A0A1D8PPE0,925
Q5ALV6,A0A1D8PGY8,925
Q5ALV6,O42817,925
Q5ALV6,A0A1D8PK40,925
Q5ALV6,Q5A109,925
Q5ALV6,A0A1D8PNQ6,925
Q5ALV6,A0A1D8PFL9,925
Q5ALV6,A0A1D8PK71,816
Q5ALV6,A0A1D8PTR4,925
Q5ALV6,A0A1D8PK30,925
Q5ALV6,A0A1D8PEV4,833
Q5ALV6,P0CU35,861
Q5ALV6,A0A1D8PL68,861
Q5ALV6,A0A1D8PL99,925
Q5ALV6,Q5AB87,925
Q5ALV6,Q96W54,861
Q5ALV6,A0A1D8PCX8,925
Q5ALV6,Q5AJF7,832
Q5ALV6,A0A1D8PPT5,925
Q5ALV6,Q5ANA1,861
Q5ALV6,A0A1D8PM41,925
Q5ALV6,Q5A900,925
Q5ALV6,Q59T44,925
Q5ALV6,A0A1D8PDL6,925
Q5ALV6,A0A1D8PK61,861
Q5ALV6,Q5A5P8,746
Q5ALV6,A0A1D8PCQ5,925
Q5ALV6,A0A1D8PH21,925
Q5ALV6,A0A1D8PM75,925
Q5ALV6,A0A1D8PG16,925
Q5ALV6,Q59LS1,925
Q5ALV6,Q5AEN2,925
Q5ALV6,A0A1D8PPS1,925
Q5ALV6,A0A1D8PDU3,925
Q5ALV6,A0A1D8PSC5,925
Q5ALV6,A0A1D8PHF5,925
Q5ALV6,Q5A7K0,925
Q5ALV6,A0A1D8PQQ5,925
Q5ALV6,Q5A0M4,832
Q5ALV6,Q9UVJ4,832
Q5ALV6,A0A1D8PF08,925
Q5ALV6,A0A1D8PDT4,925
Q5ALV6,Q59TE0,925
Q5ALV6,Q5AGZ7,925
Q5ALV6,A0A1D8PFV1,925
Q5ALV6,Q5A389,925
Q5ALV6,A0A1D8PGY0,925
Q5ALV9,A0A1D8PQD5,832
Q5ALV9,Q5ALV5,832
Q5ALV9,Q9B1P9,832
Q5ALV9,A0A1D8PJX3,826
Q5ALV9,A0A1D8PH08,832
Q5ALV9,Q9B8D8,823
Q5ALV9,P83782,799
Q5ALV9,A0A1D8PHA2,822
Q5ALV9,P0C8K9,783
Q5ALV9,P0C8L0,795
Q5ALV9,Q5APK5,832
Q5ALX3,Q5AK73,832
Q5ALX3,A0A1D8PFX2,832
Q5ALX3,Q59MZ8,715
Q5ALX3,A0A1D8PH80,803
Q5ALX3,Q5A8Y7,832
Q5ALX3,A0A1D8PUA6,832
Q5ALX3,A0A1D8PCD0,832
Q5ALX3,Q5A462,832
Q5ALX3,Q59Z24,781
Q5ALX3,A0A1D8PFJ8,783
Q5ALX3,Q59QT0,816
Q5ALX3,Q5A8Y5,832
Q5AMG5,Q5AAT0,768
Q5AMH0,A0A1D8PU11,794
Q5AML1,A0A1D8PSV5,781
Q5AML1,Q5AGF6,782
Q5AML1,P83774,781
Q5AML1,Q59ZV5,781
Q5AML1,Q5AGV4,832
Q5AML1,Q59PL9,832
Q5AML1,Q5AI86,780
Q5AMM1,O43133,798
Q5AMM1,Q5AFC5,829
Q5AMM9,A0A1D8PJE3,832
Q5AMN0,Q5AK60,832
Q5AMN0,A0A1D8PR64,781
Q5AMN0,A0A1D8PJ08,832
Q5AMN0,A0A1D8PHI0,832
Q5AMN0,A0A1D8PU93,804
Q5AMN0,A0A1D8PNV1,811
Q5AMN0,A0A1D8PQP2,781
Q5AMR1,A0A1D8PG13,832
Q5AMR1,Q59Z24,782
Q5AMR1,Q5A8Y5,823
Q5AMR4,Q59TN2,832
Q5AMR4,A0A1D8PDF4,801
Q5AMR4,A0A1D8PD51,801
Q5AMR4,A0A1D8PDW1,832
Q5AMR4,Q59X53,832
Q5ANA1,Q5A6A1,861
Q5ANA1,A0A1D8PI15,861
Q5ANA1,A0A1D8PDZ1,861
Q5ANA1,A0A1D8PHW1,861
Q5ANA1,A0A1D8PQN0,861
Q5ANA1,A0A1D8PSV5,861
Q5ANA1,A0A1D8PK22,861
Q5ANA1,A0A1D8PP14,861
Q5ANA1,A0A1D8PHH4,861
Q5ANA1,Q5AG43,861
Q5ANA1,A0A1D8PTY4,921
Q5ANA1,A0A1D8PF45,861
Q5ANA1,A0A1D8PCW6,861
Q5ANA1,Q5AIB8,861
Q5ANA1,P40910,861
Q5ANA1,A0A1D8PK30,861
Q5ANA1,A0A1D8PTR4,861
Q5ANA1,A0A1D8PFL9,861
Q5ANA1,A0A1D8PNQ6,861
Q5ANA1,O42817,861
Q5ANA1,Q5ALV6,861
Q5ANA1,Q96W54,831
Q5ANA1,Q5AB87,861
Q5ANA1,A0A1D8PL99,861
Q5ANA1,P0CU35,831
Q5ANA1,A0A1D8PG16,861
Q5ANA1,A0A1D8PCQ5,861
Q5ANA1,A0A1D8PM41,861
Q5ANA1,Q5A900,861
Q5ANA1,Q5A7K0,861
Q5ANA1,A0A1D8PPS1,861
Q5ANA1,A0A1D8PSC5,861
Q5ANA1,Q5A389,861
Q5ANA1,Q5AJ93,861
Q5ANA1,A0A1D8PSK2,861
Q5ANA1,Q5ADQ6,861
Q5ANA1,A0A1D8PFG4,861
Q5ANA1,A0A1D8PEY9,861
Q5ANA1,P83774,861
Q5ANA1,P25997,921
Q5ANA1,A0A1D8PCG7,861
Q5ANA1,O59931,861
Q5ANA1,A0A1D8PN83,856
Q5ANA1,A0A1D8PLC9,861
Q5ANA1,A0A1D8PCI6,831
Q5ANA1,A0A1D8PDT3,861
Q5ANA1,A0A1D8PF57,831
Q5ANA1,A0A1D8PPN6,861
Q5ANA1,A0A1D8PTI7,831
Q5ANA1,A0A1D8PK43,861
Q5ANA1,A0A1D8PK71,814
Q5ANA1,A0A1D8PK40,861
Q5ANA1,Q5A109,861
Q5ANA1,A0A1D8PGY8,861
Q5ANA1,A0A1D8PPE0,861
Q5ANA1,Q5A6R1,861
Q5ANA1,A0A1D8PCX8,861
Q5ANA1,A0A1D8PL68,831
Q5ANA1,A0A1D8PEV4,821
Q5ANA1,A0A1D8PM75,861
Q5ANA1,A0A1D8PH21,861
Q5ANA1,Q59T44,861
Q5ANA1,A0A1D8PK61,831
Q5ANA1,A0A1D8PDL6,861
Q5ANA1,A0A1D8PPT5,861
Q5ANA1,A0A1D8PQQ5,861
Q5ANA1,A0A1D8PHF5,861
Q5ANA1,A0A1D8PDU3,861
Q5ANA1,Q59LS1,861
Q5ANA1,Q5AEN2,861
Q5ANA1,A0A1D8PFV1,861
Q5ANA1,Q5AGZ7,861
Q5ANA1,A0A1D8PGY0,861
Q5ANA1,Q59TE0,861
Q5ANA1,A0A1D8PDT4,861
Q5ANA1,A0A1D8PF08,861
Q5ANC3,A0A1D8PTY4,921
Q5ANC3,P25997,921
Q5ANE2,Q5A0L8,832
Q5ANH3,A0A1D8PGV7,921
Q5ANK4,Q5A2S9,797
Q5ANK4,Q5ACL4,810
Q5ANK4,Q5A887,817
Q5ANK4,Q5AEF2,782
Q5ANL4,Q5AEF2,799
Q5ANL4,A0A1D8PLW7,832
Q5ANL4,Q5A2S9,832
Q5ANL4,A0A1D8PGV7,921
Q5ANL4,A0A1D8PNP6,921
Q5ANL6,A0A1D8PJD3,799
Q5ANL6,Q5ACL9,747
Q5ANL6,P25997,921
Q5ANL6,A0A1D8PU46,832
Q5ANL6,A0A1D8PJ43,747
Q5ANL6,A0A1D8PTY4,921
Q5ANL6,A0A1D8PFZ9,747
Q5ANL6,Q59S06,832
Q5ANL6,Q5A0V9,799
Q5ANL6,A0A1D8PI20,702
Q5AP59,Q59U81,783
Q5AP59,Q5A0W7,795
Q5AP67,A0A1D8PQM4,812
Q5AP67,A0A1D8PHD8,799
Q5AP67,A0A1D8PLR5,716
Q5AP67,Q5AD50,832
Q5AP83,Q5APB4,832
Q5AP83,A0A1D8PN00,783
Q5AP89,Q5A322,781
Q5AP89,A0A1D8PH71,779
Q5APB0,Q5A5N5,832
Q5APB0,Q59PD3,822
Q5APB0,Q5ADV1,832
Q5APB0,A0A1D8PUC1,749
Q5APB0,Q5APG6,764
Q5APB0,Q5A322,832
Q5APB0,A0A1D8PRK3,785
Q5APB0,A0A1D8PMR5,775
Q5APB0,Q5AED6,832
Q5APB0,A0A1D8PH71,832
Q5APB0,A0A1D8PPC8,822
Q5APB0,A0A1D8PMK6,832
Q5APB0,A0A1D8PFH7,832
Q5APB0,Q59W50,785
Q5APB0,A0A1D8PHP3,822
Q5APB0,A0A1D8PH20,822
Q5APB0,Q5A449,832
Q5APB0,A0A1D8PNM3,822
Q5APB0,Q5A7Q3,822
Q5APB0,Q5AC37,832
Q5APB4,A0A1D8PQH0,785
Q5APB4,Q59M53,832
Q5APB4,A0A1D8PN00,783
Q5APB4,A0A1D8PGC3,783
Q5APB4,Q5AP83,832
Q5APB4,A0A1D8PUA6,803
Q5APB4,A0A1D8PLZ6,832
Q5APB4,A0A1D8PSC6,820
Q5APB7,Q5A8I4,832
Q5APB7,Q5A337,781
Q5APD0,A0A1D8PNG5,747
Q5APD0,A0A1D8PFZ9,747
Q5APD0,A0A1D8PF14,810
Q5APD0,Q59S06,747
Q5APD0,Q59MK3,717
Q5APD0,Q5A852,798
Q5APD0,A0A1D8PJD3,747
Q5APD0,A0A1D8PU59,783
Q5APD0,Q5A7Q9,724
Q5APD0,A0A1D8PI20,702
Q5APD0,A0A1D8PGP2,747
Q5APD0,Q5A6P2,747
Q5APD0,Q59Y40,747
Q5APD0,A0A1D8PRE0,747
Q5APD0,A0A1D8PJ43,747
Q5APD0,A0A1D8PLN1,781
Q5APD0,Q5A213,747
Q5APD0,A0A1D8PU46,747
Q5APD0,A0A1D8PGM4,789
Q5APD0,Q5A0H6,787
Q5APD0,Q5A756,747
Q5APD0,Q5AFB9,747
Q5APD0,Q59ZX6,810
Q5APD0,Q59W63,785
Q5APD0,Q5ACL9,747
Q5APD0,A0A1D8PJ54,747
Q5APF0,Q59VP7,832
Q5APG6,A0A1D8PRK3,832
Q5APG6,Q5A322,832
Q5APG6,Q5A7Q3,832
Q5APG6,A0A1D8PHP3,826
Q5APG6,Q5A449,800
Q5APG6,Q5AC37,832
Q5APG6,Q5A7K1,832
Q5APG6,A0A1D8PH71,802
Q5APG6,Q5AED6,832
Q5APG6,A0A1D8PFH7,832
Q5APG6,Q5APP1,832
Q5APG6,A0A1D8PUC1,819
Q5APG6,A0A1D8PS92,724
Q5APG6,Q59XY0,743
Q5APG6,Q5AL13,764
Q5APG6,A0A1D8PMR5,832
Q5APG6,A0A1D8PL91,798
Q5APG6,Q5A7S5,793
Q5APG6,Q5A5N5,832
Q5APG6,Q5ADV1,832
Q5APG6,Q59PD3,825
Q5APG6,Q59LQ5,764
Q5APG6,A0A1D8PNM3,731
Q5APG6,Q59R35,826
Q5APG6,Q5AFD2,832
Q5APG6,Q5APB0,764
Q5APG6,A0A1D8PMK6,832
Q5APG6,A0A1D8PPC8,780
Q5APK0,Q5AK10,832
Q5APK5,Q5ALV9,832
Q5APK5,Q9B1P9,792
Q5APK5,Q5ALV5,832
Q5APK5,A0A1D8PH08,832
Q5APK5,A0A1D8PJX3,789
Q5APK5,Q9B8D8,832
Q5APK5,A0A1D8PHA2,793
Q5APK5,A0A1D8PHA3,815
Q5APP1,A0A1D8PU52,832
Q5APP1,Q5AFD2,832
Q5APP1,A0A1D8PNA1,832
Q5APP1,Q5ADV1,723
Q5APP1,A0A1D8PL91,832
Q5APP1,Q5APG6,832
Q5APP1,A0A1D8PHX6,802
Q5APS5,A0A1D8PIE9,820
Q5APS5,Q59RI7,802
Q96W54,O42817,861
Q96W54,A0A1D8PFL9,861
Q96W54,A0A1D8PNQ6,861
Q96W54,A0A1D8PK30,861
Q96W54,A0A1D8PTR4,861
Q96W54,Q5AIB8,861
Q96W54,P40910,861
Q96W54,A0A1D8PCW6,861
Q96W54,A0A1D8PTY4,921
Q96W54,A0A1D8PF45,861
Q96W54,A0A1D8PHH4,861
Q96W54,Q5AG43,862
Q96W54,A0A1D8PK22,861
Q96W54,A0A1D8PP14,861
Q96W54,A0A1D8PSV5,861
Q96W54,A0A1D8PHW1,861
Q96W54,A0A1D8PQN0,861
Q96W54,A0A1D8PI15,861
Q96W54,A0A1D8PDZ1,861
Q96W54,Q5A6A1,861
Q96W54,Q5A389,861
Q96W54,A0A1D8PSC5,861
Q96W54,A0A1D8PPS1,861
Q96W54,Q5A7K0,861
Q96W54,Q5A900,862
Q96W54,A0A1D8PM41,861
Q96W54,A0A1D8PCQ5,861
Q96W54,A0A1D8PG16,861
Q96W54,A0A1D8PL99,861
Q96W54,P0CU35,800
Q96W54,Q5ALV6,861
Q96W54,Q5AB87,861
Q96W54,A0A1D8PPE0,862
Q96W54,Q5A6R1,861
Q96W54,Q5A109,861
Q96W54,A0A1D8PK40,861
Q96W54,A0A1D8PGY8,862
Q96W54,A0A1D8PK71,814
Q96W54,A0A1D8PK43,861
Q96W54,A0A1D8PPN6,861
Q96W54,A0A1D8PTI7,831
Q96W54,A0A1D8PF57,831
Q96W54,A0A1D8PDT3,861
Q96W54,A0A1D8PCI6,831
Q96W54,A0A1D8PN83,862
Q96W54,A0A1D8PLC9,861
Q96W54,A0A1D8PCG7,861
Q96W54,O59931,861
Q96W54,P25997,921
Q96W54,A0A1D8PEY9,861
Q96W54,A0A1D8PFG4,861
Q96W54,P83774,861
Q96W54,Q5ADQ6,861
Q96W54,A0A1D8PSK2,852
Q96W54,Q5AJ93,862
Q96W54,A0A1D8PDT4,861
Q96W54,A0A1D8PF08,861
Q96W54,A0A1D8PGY0,861
Q96W54,A0A1D8PFV1,861
Q96W54,Q5AGZ7,861
Q96W54,Q59TE0,861
Q96W54,A0A1D8PDU3,862
Q96W54,Q5AEN2,861
Q96W54,Q59LS1,861
Q96W54,A0A1D8PHF5,861
Q96W54,A0A1D8PQQ5,861
Q96W54,A0A1D8PDL6,861
Q96W54,A0A1D8PK61,831
Q96W54,Q59T44,861
Q96W54,A0A1D8PPT5,861
Q96W54,Q5ANA1,831
Q96W54,A0A1D8PH21,861
Q96W54,A0A1D8PM75,861
Q96W54,A0A1D8PEV4,821
Q96W54,A0A1D8PL68,831
Q96W54,A0A1D8PCX8,861
Q9B1P9,Q5ALV5,832
Q9B1P9,A0A1D8PJX3,832
Q9B1P9,A0A1D8PH08,795
Q9B1P9,Q5ALV9,832
Q9B1P9,A0A1D8PQD5,832
Q9B1P9,A0A1D8PHA3,832
Q9B1P9,P0C8K9,832
Q9B1P9,P0C8L0,832
Q9B1P9,Q5APK5,792
Q9B1P9,A0A1D8PHJ3,780
Q9B1P9,Q9B8D8,832
Q9B8C8,Q9B8D1,832
Q9B8C8,A0A1D8PEJ9,818
Q9B8C8,A0A1D8PRX9,832
Q9B8C8,Q9B8D6,832
Q9B8C8,A0A1D8PJS2,832
Q9B8C8,Q9B8C9,832
Q9B8C8,A0A1D8PE69,832
Q9B8C8,A0A1D8PJ73,832
Q9B8C8,A0A1D8PJA6,832
Q9B8C8,Q5AI00,832
Q9B8C8,Q59TD5,832
Q9B8C8,Q9B8D2,832
Q9B8C8,A0A1D8PQU3,832
Q9B8C8,A0A1D8PEH4,832
Q9B8C8,A0A1D8PHY0,832
Q9B8C8,A0A1D8PCD3,832
Q9B8C8,Q5AH07,832
Q9B8C8,Q5ABD5,832
Q9B8C8,A0A1D8PPZ0,832
Q9B8C8,Q5A222,832
Q9B8C8,A0A1D8PG37,832
Q9B8C8,A0A1D8PU51,832
Q9B8C8,Q59Y38,832
Q9B8C8,Q5AJG7,832
Q9B8C8,A0A1D8PDI3,832
Q9B8C8,Q5ADP7,832
Q9B8C9,A0A1D8PPZ0,832
Q9B8C9,Q5A222,832
Q9B8C9,A0A1D8PCD3,832
Q9B8C9,Q5ABD5,832
Q9B8C9,Q5AH07,832
Q9B8C9,A0A1D8PG37,832
Q9B8C9,A0A1D8PU51,786
Q9B8C9,Q59Y38,801
Q9B8C9,Q5AJG7,832
Q9B8C9,Q5ADP7,819
Q9B8C9,A0A1D8PDI3,832
Q9B8C9,Q9B8D1,786
Q9B8C9,Q9B8C8,832
Q9B8C9,Q9B8D6,709
Q9B8C9,Q59TD5,832
Q9B8C9,A0A1D8PQU3,786
Q9B8C9,A0A1D8PEH4,832
Q9B8C9,Q9B8D2,832
Q9B8C9,A0A1D8PE69,709
Q9B8C9,A0A1D8PJ73,832
Q9B8C9,A0A1D8PJA6,832
Q9B8D1,A0A1D8PCD3,832
Q9B8D1,A0A1D8PHY0,786
Q9B8D1,Q5ABD5,832
Q9B8D1,Q5AH07,832
Q9B8D1,A0A1D8PPZ0,832
Q9B8D1,Q5A222,832
Q9B8D1,Q59Y38,832
Q9B8D1,A0A1D8PG37,832
Q9B8D1,A0A1D8PU51,832
Q9B8D1,Q5ADP7,832
Q9B8D1,A0A1D8PDI3,832
Q9B8D1,Q5AJG7,832
Q9B8D1,A0A1D8PRX9,832
Q9B8D1,Q9B8C8,832
Q9B8D1,A0A1D8PEJ9,786
Q9B8D1,Q9B8D6,832
Q9B8D1,Q9B8C9,786
Q9B8D1,A0A1D8PE69,832
Q9B8D1,A0A1D8PJ73,832
Q9B8D1,A0A1D8PJA6,832
Q9B8D1,Q59TD5,832
Q9B8D1,A0A1D8PQU3,832
Q9B8D1,A0A1D8PEH4,832
Q9B8D1,Q9B8D2,832
Q9B8D2,Q9B8C9,832
Q9B8D2,Q9B8D6,709
Q9B8D2,Q9B8D1,832
Q9B8D2,Q9B8C8,832
Q9B8D2,A0A1D8PQU3,786
Q9B8D2,A0A1D8PEH4,832
Q9B8D2,Q59TD5,786
Q9B8D2,A0A1D8PJA6,832
Q9B8D2,A0A1D8PJ73,809
Q9B8D2,A0A1D8PE69,709
Q9B8D2,Q5A222,832
Q9B8D2,A0A1D8PPZ0,786
Q9B8D2,Q5ABD5,832
Q9B8D2,Q5AH07,832
Q9B8D2,A0A1D8PCD3,786
Q9B8D2,Q5AJG7,786
Q9B8D2,Q5ADP7,786
Q9B8D2,A0A1D8PDI3,786
Q9B8D2,A0A1D8PU51,786
Q9B8D2,A0A1D8PG37,786
Q9B8D2,Q59Y38,813
Q9B8D4,Q5A7P7,832
Q9B8D4,Q59ZE0,832
Q9B8D4,A0A1D8PRY3,832
Q9B8D4,Q59PV8,832
Q9B8D4,A0A1D8PKZ9,832
Q9B8D4,A0A1D8PQ38,792
Q9B8D4,A0A1D8PDC4,832
Q9B8D4,Q59M30,796
Q9B8D4,Q9B8D5,832
Q9B8D4,A0A1D8PUD2,832
Q9B8D5,Q9B8D4,832
Q9B8D5,A0A1D8PKZ9,832
Q9B8D5,A0A1D8PQ38,832
Q9B8D5,A0A1D8PUD2,832
Q9B8D5,A0A1D8PDC4,832
Q9B8D5,Q5A7P7,832
Q9B8D5,A0A1D8PRY3,832
Q9B8D5,Q59PV8,832
Q9B8D5,Q59ZE0,832
Q9B8D6,A0A1D8PCD3,832
Q9B8D6,A0A1D8PHY0,709
Q9B8D6,Q5ABD5,832
Q9B8D6,Q5AH07,832
Q9B8D6,A0A1D8PPZ0,832
Q9B8D6,Q5A222,832
Q9B8D6,Q59Y38,832
Q9B8D6,A0A1D8PG37,832
Q9B8D6,A0A1D8PU51,832
Q9B8D6,Q5ADP7,832
Q9B8D6,A0A1D8PDI3,832
Q9B8D6,Q5AJG7,832
Q9B8D6,A0A1D8PRX9,832
Q9B8D6,Q9B8C8,832
Q9B8D6,Q9B8D1,832
Q9B8D6,A0A1D8PEJ9,784
Q9B8D6,Q9B8C9,709
Q9B8D6,A0A1D8PE69,832
Q9B8D6,A0A1D8PJ73,832
Q9B8D6,A0A1D8PJA6,832
Q9B8D6,Q59TD5,832
Q9B8D6,A0A1D8PEH4,832
Q9B8D6,A0A1D8PQU3,832
Q9B8D6,Q9B8D2,709
Q9B8D8,A0A1D8PHJ3,832
Q9B8D8,P0C8K9,832
Q9B8D8,Q5APK5,832
Q9B8D8,P0C8L0,832
Q9B8D8,A0A1D8PHA3,783
Q9B8D8,A0A1D8PQD5,832
Q9B8D8,Q5ALV9,823
Q9B8D8,Q9B1P9,832
Q9B8D8,Q5ALV5,832
Q9B8D8,A0A1D8PH08,832
Q9B8D8,A0A1D8PJX3,832
Q9P8E3,A0A1D8PKK1,815
Q9P8E3,A0A1D8PRY9,832
Q9P975,A0A1D8PI73,832
Q9UVJ4,A0A1D8PCW6,832
Q9UVJ4,A0A1D8PPN6,832
Q9UVJ4,A0A1D8PK43,832
Q9UVJ4,Q5AIB8,832
Q9UVJ4,P40910,832
Q9UVJ4,A0A1D8PDT3,832
Q9UVJ4,A0A1D8PQS0,832
Q9UVJ4,Q5AG43,832
Q9UVJ4,A0A1D8PHH4,832
Q9UVJ4,A0A1D8PF45,832
Q9UVJ4,A0A1D8PK40,832
Q9UVJ4,Q5A109,832
Q9UVJ4,A0A1D8PGY8,832
Q9UVJ4,O42817,832
Q9UVJ4,A0A1D8PPE0,832
Q9UVJ4,Q5A6R1,832
Q9UVJ4,A0A1D8PK30,832
Q9UVJ4,A0A1D8PTR4,832
Q9UVJ4,A0A1D8PFL9,832
Q9UVJ4,A0A1D8PNQ6,832
Q9UVJ4,A0A1D8PFG4,832
Q9UVJ4,A0A1D8PEY9,832
Q9UVJ4,P83774,832
Q9UVJ4,Q5A6A1,832
Q9UVJ4,Q5AJ93,832
Q9UVJ4,A0A1D8PSK2,832
Q9UVJ4,Q5ADQ6,832
Q9UVJ4,A0A1D8PSV5,832
Q9UVJ4,A0A1D8PK22,832
Q9UVJ4,A0A1D8PP14,832
Q9UVJ4,A0A1D8PI15,832
Q9UVJ4,A0A1D8PCG7,832
Q9UVJ4,O59931,832
Q9UVJ4,A0A1D8PDZ1,832
Q9UVJ4,A0A1D8PHW1,832
Q9UVJ4,A0A1D8PQN0,832
Q9UVJ4,A0A1D8PLC9,832
Q9UVJ4,A0A1D8PHF5,832
Q9UVJ4,A0A1D8PPS1,832
Q9UVJ4,A0A1D8PSC5,832
Q9UVJ4,A0A1D8PDU3,832
Q9UVJ4,Q59LS1,832
Q9UVJ4,Q5AEN2,832
Q9UVJ4,A0A1D8PQQ5,832
Q9UVJ4,Q5A7K0,832
Q9UVJ4,Q5A389,832
Q9UVJ4,Q5AGZ7,832
Q9UVJ4,A0A1D8PFV1,832
Q9UVJ4,A0A1D8PGY0,832
Q9UVJ4,Q59TE0,832
Q9UVJ4,A0A1D8PDT4,832
Q9UVJ4,A0A1D8PF08,832
Q9UVJ4,A0A1D8PL99,832
Q9UVJ4,A0A1D8PCX8,832
Q9UVJ4,Q5AJF7,832
Q9UVJ4,Q5ALV6,832
Q9UVJ4,Q5AB87,832
Q9UVJ4,A0A1D8PCQ5,832
Q9UVJ4,A0A1D8PH21,832
Q9UVJ4,Q59T44,832
Q9UVJ4,A0A1D8PDL6,832
Q9UVJ4,A0A1D8PM41,832
Q9UVJ4,A0A1D8PPT5,832
Q9UVJ4,Q5A900,832
Q9UVJ4,A0A1D8PG16,832
Q9UVJ4,A0A1D8PM75,832
Q9UW24,A0A1D8PTI2,832
